player,season,mp,y_offense,y_defense,y_total,ours_offense,direct_defense,selected_defense,rank_first_defense,ours_total,old_total,selected_total,rank_first_total,eRD,eRT
Kevin Durant,2013-14,3122.0,7.599999904632568,-0.6000000238418579,7.099999904632568,6.794998251765283,-0.0973572647693586,-0.1578305461712831,-0.14271222582080195,6.637167705594,6.697640986995924,6.637167705594,6.652286025944481,-0.196188377,7.21272137
Chris Paul,2013-14,2171.0,7.099999904632568,3.900000095367432,11.0,6.087177547066031,2.2798608998536647,2.1693721341772143,2.196994325596327,8.256549681243246,8.367038446919697,8.256549681243246,8.284171872662359,2.001470813,8.789732227
Kevin Love,2013-14,2797.0,5.699999809265137,0.8999999761581421,6.599999904632568,5.735227339191354,-0.1125992330538492,-0.06384485131875331,-0.07603344675252728,5.6713824878726005,5.622628106137505,5.6713824878726005,5.659193892438827,0.096116361,4.860856293
James Harden,2013-14,2777.0,6.300000190734863,-0.3000000119209289,6.099999904632568,6.476165331825404,-0.0590805944552517,-0.005098550365190815,-0.01859406138770604,6.4710667814602125,6.4170847373701525,6.471066781460213,6.457571270437699,0.2088589699999999,5.49736804
Kyle Lowry,2013-14,2862.0,4.400000095367432,1.2999999523162842,5.699999809265137,4.345676957163371,0.5878964048666576,0.7028159633534892,0.6740860737317811,5.0484929205168605,4.933573362030028,5.0484929205168605,5.019763030895152,0.558947893,4.268853534
Joakim Noah,2013-14,2820.0,1.5,4.5,5.900000095367432,0.6426727462915913,3.1298828498705262,3.399289989645519,3.3319382047017703,4.04196273593711,3.7725555961621176,4.04196273593711,3.9746109509933616,3.050231063,4.221388071
Paul George,2013-14,2898.0,2.5999999046325684,2.900000095367432,5.599999904632568,2.9540785561668144,2.773297927737938,2.8811356311630356,2.8541762053067607,5.83521418732985,5.727376483904752,5.83521418732985,5.8082547614735756,2.624825375,5.083641651
LeBron James,2013-14,2902.0,5.800000190734863,-1.2999999523162842,4.599999904632568,6.884552510934516,-0.2878174926741108,-0.3630377725162661,-0.34423270255572724,6.52151473841825,6.596735018260405,6.52151473841825,6.540319808378789,-0.032012307,6.770143791
Goran Dragic,2013-14,2668.0,4.800000190734863,0.2000000029802322,5.0,4.9395190458847855,-0.560227003292905,-0.6081187280915391,-0.5961457968918805,4.331400317793246,4.379292042591881,4.331400317793246,4.343373248992905,-0.166298167,4.708336335
Dirk Nowitzki,2013-14,2628.0,4.400000095367432,0.4000000059604645,4.699999809265137,4.174987689986993,0.3298555694825694,0.33769499468850495,0.335735138387021,4.5126826846754975,4.504843259469562,4.5126826846754975,4.510722828374013,-0.528633181,3.805619889
Carmelo Anthony,2013-14,2982.0,4.199999809265137,-0.4000000059604645,3.799999952316284,4.492742848002125,-0.2010021475372261,-0.2002882967672755,-0.2004667594597631,4.29245455123485,4.291740700464899,4.29245455123485,4.292276088542362,-0.516875534,3.283112554
Kawhi Leonard,2013-14,1923.0,1.7000000476837158,5.0,6.699999809265137,1.2334272241452016,3.774599239903571,3.9187438725713806,3.882707714404428,5.152171096716582,5.008026464048773,5.152171096716582,5.11613493854963,3.439128243,5.952502444
DeMarcus Cousins,2013-14,2298.0,1.7000000476837158,3.299999952316284,5.0,0.483756476481154,2.509863327593982,2.5877152748596246,2.568252288043214,3.0714717513407783,2.993619804075136,3.0714717513407788,3.052008764524368,1.452255703,3.601512599
Ricky Rubio,2013-14,2638.0,1.899999976158142,1.7999999523162842,3.700000047683716,2.2644643565639773,1.4074385619155727,1.4150390945587485,1.4131389613979546,3.679503451122726,3.67190291847955,3.679503451122726,3.677603317961932,2.788866443,3.907067603
Jimmy Butler,2013-14,2591.0,0.5,3.400000095367432,3.900000095367432,0.5881764594142048,2.6285245729804907,2.7183504478150353,2.6958939791063994,3.30652690722924,3.2167010323946954,3.30652690722924,3.284070438520604,3.17006237,3.30933675
Blake Griffin,2013-14,2863.0,2.900000095367432,0.3000000119209289,3.200000047683716,3.4528296359134063,1.7592434591550312,1.705714439588891,1.719096694480426,5.158544075502297,5.212073095068438,5.158544075502297,5.171926330393832,0.429203318,3.999632851
Kemba Walker,2013-14,2614.0,1.399999976158142,2.299999952316284,3.799999952316284,1.4876127061433717,2.2049559589048746,2.1240126438178155,2.14424847258958,3.6116253499611872,3.6925686650482463,3.6116253499611872,3.631861178732952,1.076624653,1.575088459
Isaiah Thomas,2013-14,2497.0,3.5,0.4000000059604645,3.900000095367432,4.120200815737944,-0.2185732870964823,-0.22748870796562548,-0.22525985274833968,3.892712107772319,3.901627528641462,3.892712107772319,3.8949409629896046,-0.801645379,2.67564464
Klay Thompson,2013-14,2868.0,2.0999999046325684,0.800000011920929,2.900000095367432,2.164048952753879,1.3526808601938842,1.3419137212682397,1.3446055059996507,3.505962674022119,3.516729812947763,3.505962674022119,3.5086544587535298,0.910559888,2.363586976
Mike Conley,2013-14,2446.0,3.5,0.4000000059604645,3.799999952316284,3.379236616278334,0.2015069327907305,0.21784407371911696,0.21375978848702032,3.597080689997451,3.5807435490690644,3.597080689997451,3.592996404765354,0.318132963,3.116564953
LaMarcus Aldridge,2013-14,2498.0,1.100000023841858,2.200000047683716,3.400000095367432,1.344343269346952,1.5278737524907473,1.425694493072871,1.45123930792734,2.7700377624198227,2.8722170218376992,2.7700377624198227,2.795582577274292,1.260350406,3.121173181
Wesley Matthews,2013-14,2780.0,2.799999952316284,-0.1000000014901161,2.5999999046325684,2.278466543156941,0.1630246663262945,0.25614097003909675,0.23286189411089614,2.5346075131960384,2.4414912094832357,2.534607513196038,2.5113284372678373,-0.119793397,2.557432761
Mario Chalmers,2013-14,2178.0,1.5,2.5,4.0,0.9108809228772128,1.8346435133388448,1.7205134460365121,1.7490459628620951,2.6313943689137247,2.7455244362160576,2.6313943689137247,2.659926885739308,1.165950911,1.322767418
Anthony Davis,2013-14,2358.0,1.2000000476837158,2.299999952316284,3.5,0.6553861878599062,1.06352742177884,1.1023984451529067,1.09268068930939,1.7577846330128128,1.7189136096387463,1.7577846330128128,1.7480668771692964,1.652440338,4.177110951
Robin Lopez,2013-14,2603.0,1.0,2.0,2.900000095367432,0.4567724179911747,2.1776903447002134,2.150842549277778,2.1575544981333867,2.6076149672689533,2.634462762691388,2.6076149672689524,2.6143269161245613,0.180420225,2.04207377
Damian Lillard,2013-14,2937.0,3.5999999046325684,-1.5,2.0999999046325684,3.4956708325208936,-0.6741768810935337,-0.7191715090064483,-0.7079228520282196,2.7764993235144453,2.82149395142736,2.7764993235144453,2.787747980492674,-0.8809285479999999,2.145663839
Paul Millsap,2013-14,2482.0,0.4000000059604645,2.700000047683716,3.0999999046325684,0.4143961045436404,2.1754897757871685,2.198037565553863,2.1924006181121896,2.612433670097504,2.589885880330809,2.6124336700975035,2.60679672265583,2.199708101,2.911380761
DeMarre Carroll,2013-14,2341.0,0.699999988079071,2.5999999046325684,3.299999952316284,0.3205039137458501,1.8479410217848748,1.8191067804121346,1.8263153407553196,2.1396106941579847,2.168444935530725,2.1396106941579847,2.1468192545011697,1.353226241,2.427282002
Nicolas Batum,2013-14,2956.0,1.899999976158142,0.0,1.899999976158142,1.7863658683143306,0.2936947837273763,0.2718758050823471,0.2773305497436044,2.0582416733966777,2.080060652041707,2.0582416733966777,2.063696418057935,0.653452395,2.493625326
John Wall,2013-14,2980.0,1.899999976158142,-0.2000000029802322,1.7000000476837158,2.421109308087111,0.3205219917564257,0.32433909053488075,0.323384815840267,2.7454483986219915,2.7416312998435366,2.7454483986219915,2.744494123927378,1.161724206,2.73059256
Andre Iguodala,2013-14,2040.0,1.2000000476837158,2.5999999046325684,3.799999952316284,1.8718356163962344,2.86118291667442,2.8719807590296456,2.869281298440839,4.74381637542588,4.733018533070654,4.7438163754258795,4.7411169148370735,2.687193912,4.52857175
DeAndre Jordan,2013-14,2870.0,0.699999988079071,1.100000023841858,1.7999999523162842,1.000268783177232,2.316458511150763,2.1776098217862234,2.2123219941273584,3.177878604963456,3.316727294327995,3.177878604963455,3.21259077730459,3.1856490299999995,3.187745218
Ty Lawson,2013-14,2222.0,3.200000047683716,-0.3000000119209289,2.900000095367432,2.9247393909395427,-1.9171411276487191,-1.8339147582824369,-1.8547213506240072,1.0908246326571056,1.0075982632908236,1.0908246326571058,1.0700180403155355,-0.459009263,2.345014022
Chandler Parsons,2013-14,2783.0,2.5999999046325684,-0.800000011920929,1.7999999523162842,1.7916044440594738,-0.0818600912003573,-0.15202134759264493,-0.13448103349457302,1.6395830964668288,1.7097443528591165,1.639583096466829,1.6571234105649009,-0.083793883,2.384580317
Manu Ginobili,2013-14,1550.0,4.0,1.100000023841858,5.099999904632568,4.242741322613573,1.6010935044006327,1.6794536484381886,1.6598636124287993,5.922194971051761,5.843834827014206,5.922194971051761,5.902604935042373,1.737328245,4.985964342
Marcin Gortat,2013-14,2655.0,-0.6000000238418579,2.5,2.0,-0.7543605259262917,2.811882392510039,2.8872017200438154,2.868371888160371,2.1328411941175243,2.0575218665837474,2.132841194117524,2.1140113622340793,1.341667049,1.625979042
George Hill,2013-14,2434.0,0.3000000119209289,2.0999999046325684,2.5,1.4977385066630289,1.23256652347581,1.5010574531028738,1.4339347206961075,2.998795959765902,2.730305030138839,2.9987959597659026,2.9316732273591364,1.7244229239999995,1.945466249
Danny Green,2013-14,1651.0,0.699999988079071,4.0,4.699999809265137,0.4787081011650725,2.614641151836647,2.696198610572168,2.6758092458882876,3.1749067117372403,3.0933492530017195,3.1749067117372403,3.15451734705336,2.81639927,2.634983463
Serge Ibaka,2013-14,2666.0,-0.3000000119209289,2.299999952316284,1.899999976158142,-0.8698041493799847,1.422421177035574,1.4314095003383183,1.4291624195126322,0.5616053509583337,0.5526170276555892,0.5616053509583335,0.5593582701326475,1.695491585,1.9712951620000003
Trevor Ariza,2013-14,2723.0,1.0,0.699999988079071,1.7000000476837158,1.515299908515212,0.9147354208120188,0.9356914956055347,0.9304524769071556,2.450991404120747,2.4300353293272305,2.450991404120747,2.4457523854223675,1.421303719,3.031011348
Anderson Varejao,2013-14,1800.0,0.5,3.5999999046325684,4.099999904632568,0.0087086551864741,2.081273964873028,2.0372338787474806,2.0482439002788673,2.0459425339339545,2.089982620059502,2.0459425339339545,2.056952555465341,2.07546269,2.812797367
David West,2013-14,2472.0,0.6000000238418579,1.5,2.200000047683716,0.6690123682937142,2.1980808348338976,2.341695899281257,2.3057921331694176,3.010708267574972,2.8670932031276117,3.0107082675749712,2.9748045014631317,2.32410018,2.82708641
Deron Williams,2013-14,2059.0,2.5999999046325684,0.6000000238418579,3.200000047683716,2.8055527616410827,1.179432547121366,1.095759326281304,1.1166776314913196,3.9013120879223866,3.9849853087624485,3.9013120879223866,3.922230393132402,0.521043508,2.857465108
Patrick Beverley,2013-14,1751.0,2.200000047683716,1.899999976158142,4.099999904632568,1.826333308894749,1.5640270401152854,1.5276148344726819,1.5367178858833326,3.353948143367432,3.3903603490100345,3.3539481433674307,3.3630511947780817,0.995844228,1.45734344
Channing Frye,2013-14,2312.0,2.0,0.4000000059604645,2.400000095367432,1.6929314478580002,0.5068378059689851,0.5573546715927942,0.5447254551868419,2.250286119450794,2.199769253826985,2.250286119450794,2.237656903044842,0.622148429,0.617860494
Patty Mills,2013-14,1527.0,3.900000095367432,0.8999999761581421,4.800000190734863,3.007043541959592,1.1702751610294173,1.2868316509440492,1.257692528465391,4.2938751929036405,4.177318702989009,4.293875192903641,4.264736070424982,0.915911033,3.501660779
Dwight Howard,2013-14,2396.0,-0.4000000059604645,2.400000095367432,2.0,0.6238386134902708,1.824917824042083,1.5670472414214722,1.631514887076625,2.190885854911743,2.448756437532354,2.190885854911743,2.255353500566896,1.346513311,2.349794678
Vince Carter,2013-14,1973.0,2.400000095367432,0.4000000059604645,2.900000095367432,1.5035100321679211,0.1652326049375675,0.09312951862463023,0.11115529020286452,1.5966395507925517,1.6687426371054885,1.5966395507925513,1.6146653223707856,-0.629076745,0.384430506
Darren Collison,2013-14,2069.0,1.100000023841858,1.600000023841858,2.700000047683716,0.8828015223821493,-0.4043273931894711,-0.2467498893733578,-0.2861442653273861,0.6360516330087915,0.4784741291926782,0.6360516330087915,0.5966572570547631,-0.291639137,0.786478654
Andre Drummond,2013-14,2619.0,1.2999999523162842,0.2000000029802322,1.5,0.9233241465240898,0.0453913037753583,0.11776730629699646,0.09967330566658691,1.0410914528210862,0.968715450299448,1.0410914528210862,1.0229974521906766,0.8595883660000001,2.769921062
PJ Tucker,2013-14,2490.0,0.800000011920929,0.8999999761581421,1.7000000476837158,0.3778592904256676,0.7667935601975242,0.7168957573081272,0.7293702080304764,1.0947550477337948,1.1446528506231919,1.0947550477337948,1.107229498456144,0.627936996,1.081133923
Draymond Green,2013-14,1797.0,-1.2000000476837158,4.599999904632568,3.400000095367432,-1.390620719262618,3.2993932297615736,3.4760661770296513,3.4318979402126315,2.085445457767034,1.9087725104989555,2.085445457767033,2.0412772209500134,3.318872496,1.648888842
Roy Hibbert,2013-14,2409.0,-1.7000000476837158,3.400000095367432,1.7999999523162842,-1.524623648513492,3.2627422957945704,3.4589960690225676,3.4099326257155678,1.934372420509075,1.7381186472810783,1.9343724205090755,1.8853089772020757,2.42918143,0.13917591
Andrew Bogut,2013-14,1769.0,-1.399999976158142,4.400000095367432,3.0999999046325684,-0.5097521306017296,3.8861659307940086,3.940655190844578,3.9270328758319355,3.4309030602428483,3.376413800192279,3.4309030602428483,3.417280745230206,3.581236873,2.742375568
Al Jefferson,2013-14,2553.0,-0.5,1.7999999523162842,1.2999999523162842,-0.0370613852894272,1.843373231114416,1.807663189734945,1.8165907000798127,1.7706018044455178,1.8063118458249887,1.7706018044455178,1.7795293147903855,1.399330945,2.985243871
David Lee,2013-14,2288.0,0.3000000119209289,1.2000000476837158,1.600000023841858,0.7067927178832498,1.8991495304425796,1.827498735020012,1.845411433875654,2.5342914529032616,2.6059422483258294,2.534291452903262,2.552204151758904,0.758006095,2.08730916
Nikola Pekovic,2013-14,1663.0,1.100000023841858,2.200000047683716,3.299999952316284,1.0161020173924575,0.58830232687186,0.6022924860715932,0.5987949462716599,1.6183945034640508,1.6044043442643177,1.6183945034640508,1.6148969636641173,-1.024071965,2.079391511
Corey Brewer,2013-14,2609.0,0.3000000119209289,0.699999988079071,1.0,0.8261576950066739,1.323936633475317,1.1996612507460989,1.2307300964284034,2.0258189457527727,2.150094328481991,2.0258189457527727,2.056887791435077,1.379693868,2.495972779
Tim Duncan,2013-14,2158.0,-1.2999999523162842,3.0,1.7000000476837158,-1.111239500597072,2.3613112077300378,2.4985742288213633,2.464258473548532,1.3873347282242914,1.2500717071329657,1.3873347282242912,1.35301897295146,2.052280895,2.200307484
Kyrie Irving,2013-14,2496.0,2.299999952316284,-1.2000000476837158,1.2000000476837158,2.519811925281919,-1.7593506357490896,-1.611656081112284,-1.6485797197714853,0.9081558441696348,0.7604612895328293,0.9081558441696349,0.8712322055104336,-0.494995933,1.434166483
Kyle Korver,2013-14,2408.0,1.899999976158142,-0.6000000238418579,1.2999999523162842,1.9153620804168303,0.4714196994052937,0.46976501482149025,0.4701786859674411,2.385127095238321,2.3867817798221242,2.3851270952383206,2.3855407663842714,0.774511348,1.938728594
Paul Pierce,2013-14,2098.0,0.1000000014901161,1.7999999523162842,1.899999976158142,0.4956897045014898,2.167090847466415,2.18260402597359,2.1787257313467965,2.67829373047508,2.6627805519679044,2.6782937304750796,2.674415435848286,0.4913534779999999,1.595554661
Gordon Hayward,2013-14,2800.0,0.699999988079071,-0.1000000014901161,0.6000000238418579,0.4473857570779277,-0.1853295474346154,-0.330720139239023,-0.2943724912879211,0.1166656178389047,0.26205620964331233,0.11666561783890472,0.15301326579000663,-0.569803321,0.361076477
Eric Bledsoe,2013-14,1416.0,1.5,2.200000047683716,3.700000047683716,1.025445905220585,1.4109388984705642,1.326953344935805,1.3479497333194947,2.352399250156391,2.4363848036911495,2.35239925015639,2.37339563854008,0.49999753,2.169753275
Chris Bosh,2013-14,2531.0,-0.1000000014901161,1.0,0.8999999761581421,0.1813129388856618,2.132940516745377,2.1880661781420807,2.1742847627929045,2.369379117027742,2.314253455631039,2.3693791170277425,2.3555977016785663,0.913422521,2.905188303
DeMar DeRozan,2013-14,3017.0,1.7000000476837158,-1.2999999523162842,0.4000000059604645,1.60458811078115,-1.2192234961038046,-1.10814602170041,-1.1359153903012587,0.4964420890807401,0.3853646146773453,0.49644208908073995,0.4686727204798913,-0.044248185,2.259483807
Reggie Jackson,2013-14,2277.0,0.8999999761581421,0.4000000059604645,1.2999999523162842,1.234046334356431,-0.1064672204585545,-0.03761455732994533,-0.05482772311209763,1.1964317770264856,1.1275791138978764,1.1964317770264856,1.1792186112443332,0.175567166,0.5455619
Russell Westbrook,2013-14,1412.0,3.299999952316284,0.4000000059604645,3.700000047683716,2.983508417114813,-0.8455324209352693,-0.6664398062038575,-0.7112129598867103,2.3170686109109555,2.1379759961795437,2.3170686109109555,2.2722954572281027,0.941295817,4.177540234
Monta Ellis,2013-14,3023.0,1.0,-0.800000011920929,0.2000000029802322,0.4470927466144083,-1.327863997543879,-1.1964017740429438,-1.2292673299181773,-0.7493090274285354,-0.8807712509294707,-0.7493090274285354,-0.782174583303769,-0.381528108,0.73438399
Bradley Beal,2013-14,2530.0,0.3000000119209289,0.4000000059604645,0.699999988079071,0.8257518058444931,0.1394783209865597,0.1734291566750277,0.1649414477529107,0.9991809625195208,0.9652301268310528,0.9991809625195208,0.9906932535974038,0.017735163,0.307214347
Marc Gasol,2013-14,1970.0,-1.100000023841858,2.799999952316284,1.7999999523162842,-1.0293484907299644,1.599734465907309,1.5692681658321521,1.576884740850941,0.5399196751021882,0.5703859751773446,0.5399196751021877,0.5475362501209766,1.050401501,1.66293096
Josh McRoberts,2013-14,2360.0,2.0,-1.0,1.0,0.5080971689568772,0.4193108912550465,0.47330856353419615,0.45980914546440876,0.9814057324910732,0.9274080602119237,0.9814057324910733,0.9679063144212859,0.949281073,1.457007344
Jared Sullinger,2013-14,2041.0,0.5,1.100000023841858,1.5,0.1996266911460879,0.8729132966959424,0.8503124275848621,0.8559626448626321,1.04993911873095,1.0725399878420303,1.0499391187309501,1.0555893360087198,-0.347211224,-0.943854191
Marco Belinelli,2013-14,2016.0,2.799999952316284,-1.2999999523162842,1.5,2.0694979015500974,-1.333370553077731,-1.199893710569357,-1.2332629211964503,0.8696041909807404,0.7361273484723665,0.8696041909807404,0.8362349803536471,-0.378026714,1.566018687
Randy Foye,2013-14,2485.0,2.0999999046325684,-1.399999976158142,0.699999988079071,1.5015077787543054,-1.859417807595933,-1.8981828251871682,-1.888491570789359,-0.3966750464328628,-0.3579100288416275,-0.3966750464328628,-0.3869837920350536,-0.804177641,-0.024105237
Courtney Lee,2013-14,1973.0,0.699999988079071,1.0,1.600000023841858,0.3649740813254574,0.9380702351114508,0.9410157462551318,0.9402793684692117,1.3059898275805892,1.303044316436908,1.3059898275805892,1.305253449794669,0.6896416557126205,1.2302008702067917
Rudy Gay,2013-14,2531.0,1.100000023841858,-0.5,0.6000000238418579,1.5541711575785258,-0.5684426768006696,-0.631389184512422,-0.6156525575844838,0.9227819730661038,0.9857284807778561,0.9227819730661038,0.938518599994042,-0.1390798518012643,0.9032108721050968
Jeremy Lin,2013-14,2054.0,-0.5,1.7999999523162842,1.2999999523162842,-0.3563443494857347,0.8599128314602683,0.801603388317101,0.8161807491028927,0.4452590388313662,0.5035684819745336,0.4452590388313663,0.45983639961715805,-0.635246536,-0.507387183
Mike Dunleavy,2013-14,2584.0,0.3000000119209289,0.1000000014901161,0.4000000059604645,0.1275061723827431,0.879225293947249,1.0239164069459474,0.9877436286962726,1.1514225793286903,1.0067314663299922,1.1514225793286905,1.1152498010790157,1.048035107,0.8755368250000001
Amir Johnson,2013-14,2214.0,-0.3000000119209289,1.2000000476837158,1.0,-0.1408317208824462,1.5710102899084692,1.4866279933881028,1.5077235675181944,1.3457962725056565,1.4301785690260231,1.3457962725056567,1.3668918466357483,1.120487527,1.022622432
Shane Battier,2013-14,1468.0,0.1000000014901161,2.700000047683716,2.700000047683716,-0.6908119460038882,1.6320156524700404,1.8637091374882664,1.8057857662337096,1.1728971914843782,0.9412037064661523,1.1728971914843782,1.1149738202298214,0.636860626,-0.403164189
Luol Deng,2013-14,2213.0,0.3000000119209289,0.6000000238418579,0.8999999761581421,0.7597372354406794,0.1700692044550521,0.22037285598303508,0.2077969431010393,0.9801100914237144,0.9298064398957315,0.9801100914237144,0.9675341785417186,-0.1745887736764572,0.7028947092381382
Kris Humphries,2013-14,1376.0,0.0,3.0,3.0,-1.9471690284738363,0.8232403358455324,0.9367419939903594,0.9083665794541527,-1.010427034483477,-1.1239286926283039,-1.010427034483477,-1.0388024490196837,0.3938568469999999,-0.216262631
Tiago Splitter,2013-14,1271.0,-0.8999999761581421,4.199999809265137,3.299999952316284,-0.8787255037055147,4.101278963792667,4.071765268713909,4.079143692483598,3.193039765008394,3.222553460087152,3.193039765008394,3.200418188778083,0.855910855,1.432245666
Boris Diaw,2013-14,1974.0,0.800000011920929,0.3000000119209289,1.0,0.7201374138794071,0.3779909943893262,0.39218039754488876,0.3886330467559981,1.1123178114242958,1.0981284082687333,1.1123178114242958,1.1087704606354052,0.46608806,0.654818967
Shaun Livingston,2013-14,1974.0,0.2000000029802322,0.8999999761581421,1.100000023841858,-0.2079939774704546,1.6059396993831605,1.532291245367682,1.5507033588715515,1.3242972678972271,1.3979457219127058,1.3242972678972273,1.3427093814010969,0.847227865,0.648209095
Greg Monroe,2013-14,2690.0,0.3000000119209289,-0.3000000119209289,0.0,-0.1934532323171018,-0.4469518181838207,-0.3720543476191636,-0.39077871526032787,-0.5655075799362654,-0.6404050505009224,-0.5655075799362654,-0.5842319475774297,-0.358917967,0.003525716
Derek Fisher,2013-14,1428.0,0.3000000119209289,2.0,2.299999952316284,0.8825475095861117,1.4703357959683074,1.5767736802476033,1.5501642091777792,2.459321189833715,2.3528833055544194,2.459321189833715,2.432711718763891,1.173582171,1.358937317
Michael KiddGilchrist,2013-14,1502.0,-2.299999952316284,4.400000095367432,2.0999999046325684,-1.935766686891938,2.021421163230932,1.893504113945244,1.9254833762666659,-0.0422625729466941,0.08565447633899392,-0.04226257294669411,-0.010283310625272213,1.224835521,-0.497435087
Zach Randolph,2013-14,2705.0,1.2999999523162842,-1.2999999523162842,0.0,1.098774390478387,0.2341903425171861,0.248308428987021,0.24477890736956226,1.347082819465408,1.3329647329955732,1.347082819465408,1.3435532978479494,-0.080092091,-0.012151938
Jeff Teague,2013-14,2542.0,0.6000000238418579,-0.5,0.1000000014901161,0.9683369789203032,-0.3982121552808557,-0.5502659556120284,-0.5122525055292351,0.418071023308275,0.5701248236394476,0.41807102330827484,0.45608447339106817,-0.557414572,0.525964781
Dwyane Wade,2013-14,1775.0,1.5,-0.2000000029802322,1.2000000476837158,0.9116306896736992,0.7871102561118283,0.6039638157984297,0.6497504258767794,1.515594505472129,1.6987409457855276,1.515594505472129,1.5613811155504786,0.196900391,3.012207227
Michael CarterWilliams,2013-14,2414.0,-0.5,0.6000000238418579,0.1000000014901161,0.2718020291309364,0.0614149117908595,0.15667561158942367,0.13286043663978261,0.4284776407203601,0.3332169409217959,0.42847764072036004,0.40466246577071896,0.497198244,-1.137528794
Jae Crowder,2013-14,1254.0,-0.1000000014901161,3.0,2.900000095367432,-0.2369755737415911,2.0915601599724707,2.2103969920458275,2.180687784027488,1.973421418304236,1.8545845862308796,1.9734214183042365,1.943712210285897,1.406441572,1.675705269
Joe Johnson,2013-14,2575.0,2.700000047683716,-2.700000047683716,0.0,2.780349975193696,-1.610365949427108,-1.512940131924653,-1.5372965863002668,1.2674098432690435,1.169984025766588,1.2674098432690433,1.2430533888934294,-1.283370821,0.331412074
Lance Stephenson,2013-14,2752.0,0.6000000238418579,-0.800000011920929,-0.2000000029802322,1.0865244606829478,-0.0230902735659137,0.16758145195603363,0.11991352057554677,1.2541059126389815,1.063434187117034,1.2541059126389815,1.2064379812584947,1.44688107,1.6644500200000003
Tony Allen,2013-14,1278.0,0.2000000029802322,2.400000095367432,2.5999999046325684,-0.3619979274340821,2.8774383977509927,2.855276399235039,2.8608168988640275,2.493278471800957,2.5154404703169106,2.493278471800957,2.4988189714299454,3.07422854,2.971626302
Nene,2013-14,1560.0,-2.200000047683716,3.799999952316284,1.600000023841858,-1.8571564901859856,2.731930219304957,2.6945471662402927,2.703892929506458,0.8373906760543071,0.8747737291189714,0.8373906760543071,0.8467364393204726,1.438739445,0.868188422
Terrence Ross,2013-14,2159.0,0.5,-0.1000000014901161,0.4000000059604645,1.1122441823147775,-0.4895794526253182,-0.40890695089387985,-0.42907507632673936,0.7033372314208979,0.6226647296894593,0.7033372314208977,0.6831691059880382,0.407913916,0.321880003
Chris Andersen,2013-14,1396.0,0.5,1.600000023841858,2.0999999046325684,-0.0556535830352918,2.1509119617078123,1.9693487437806716,2.014739548262457,1.91369516074538,2.0952583786725203,1.9136951607453798,1.959085965227165,1.192050141,1.4988828520000002
Kirk Hinrich,2013-14,2116.0,-1.7000000476837158,2.0999999046325684,0.4000000059604645,-0.621563443447294,2.2322197396540693,2.307285124686958,2.2885187784287355,1.6857216812396638,1.6106562962067752,1.6857216812396638,1.6669553349814414,1.556570818,-0.233711092
Iman Shumpert,2013-14,1962.0,-0.4000000059604645,1.0,0.699999988079071,-0.2413622985187127,1.9651976331054823,1.876891516273657,1.8989680454816131,1.6355292177549443,1.7238353345867696,1.6355292177549443,1.6576057469629004,1.699712297,0.612946683
Nick Young,2013-14,1810.0,2.400000095367432,-1.5,0.8999999761581421,2.499104618785891,-1.720117350983826,-1.8367938937787436,-1.807624758080014,0.6623107250071478,0.7789872678020651,0.6623107250071474,0.691479860705877,-1.611384819,-0.060922133
Alec Burks,2013-14,2193.0,0.8999999761581421,-0.699999988079071,0.2000000029802322,0.8241391557693203,-0.9394213037213012,-0.9104514421607363,-0.9176939075508774,-0.0863122863914159,-0.11528214795198088,-0.08631228639141597,-0.09355475178155714,-1.310785828,-0.626392891
Jamal Crawford,2013-14,2094.0,2.799999952316284,-2.5,0.3000000119209289,2.427865538143521,-2.100186973469255,-2.1035754300717215,-2.102728315921105,0.324290108071799,0.32767856467426615,0.3242901080717995,0.3251372222224158,-1.324482002,0.951516771
Tyreke Evans,2013-14,2028.0,1.2000000476837158,-0.800000011920929,0.4000000059604645,0.1018846181479643,-1.2729569804019214,-1.3394139781167567,-1.3227997286880477,-1.2375293599687922,-1.1710723622539572,-1.2375293599687924,-1.2209151105400835,-1.48027177,-0.083597134
Spencer Hawes,2013-14,2470.0,-0.699999988079071,0.5,-0.2000000029802322,-0.6272545800769503,-0.4789176718196097,-0.4139136830928485,-0.4301646802745388,-1.041168263169799,-1.10617225189656,-1.0411682631697987,-1.0574192603514891,-0.6437596629854252,-1.336541183398381
Wilson Chandler,2013-14,1927.0,0.5,0.0,0.5,0.182487333484612,-1.16410109779033,-1.1810321965645372,-1.1767994218709854,-0.9985448630799252,-0.9816137643057181,-0.9985448630799252,-0.9943120883863734,-1.260877676,-1.222173948
Gerald Green,2013-14,2330.0,1.2999999523162842,-1.2999999523162842,-0.1000000014901161,1.5330878805564871,-1.0905905368355586,-1.102049323185282,-1.099184626597851,0.4310385573712052,0.4424973437209285,0.4310385573712052,0.43390325395863605,-0.828646304,0.306062885
CJ Watson,2013-14,1193.0,-1.100000023841858,3.200000047683716,2.0999999046325684,-0.9880745026548036,2.6936717646800825,2.7668985056488404,2.7485918204066504,1.7788240029940368,1.7055972620252788,1.7788240029940368,1.7605173177518467,2.027063431,1.544862325
Matt Barnes,2013-14,1735.0,0.800000011920929,-0.3000000119209289,0.5,0.6101880938964966,-0.2973667193898839,-0.4142691185813599,-0.38504351878349086,0.1959189753151367,0.31282137450661274,0.19591897531513675,0.22514457511300578,0.548665465,0.52149048
Jose Calderon,2013-14,2468.0,1.600000023841858,-2.0,-0.4000000059604645,1.95236230657315,-2.225730677539109,-2.192361554531577,-2.2007038352834605,-0.2399992479584269,-0.2733683709659589,-0.2399992479584272,-0.24834152871031057,-1.903028792,-0.295771273
Jrue Holiday,2013-14,1143.0,2.200000047683716,-0.1000000014901161,2.200000047683716,1.2630945513447236,-0.3270428808874622,-0.3349148098997559,-0.3329468276466825,0.9281797414449676,0.9360516704572615,0.9281797414449677,0.9301477236980411,0.118553527,1.2351357
Brandon Jennings,2013-14,2728.0,2.200000047683716,-2.799999952316284,-0.699999988079071,1.918021508363504,-2.322774251020886,-2.353898950532894,-2.3461177756548923,-0.4358774421693914,-0.40475274265738226,-0.4358774421693903,-0.4280962672913884,-1.438869493,-0.602206364
Jodie Meeks,2013-14,2556.0,0.699999988079071,-1.2999999523162842,-0.6000000238418579,0.1271572910517694,-1.9891935147401936,-1.986364004867533,-1.987071382335698,-1.859206713815764,-1.8620362236884243,-1.8592067138157637,-1.8599140912839287,-1.231699181,-0.086937812
Kyle Singler,2013-14,2337.0,0.0,-0.3000000119209289,-0.3000000119209289,-0.3304734024947564,-0.718396207368105,-0.6344585634153586,-0.655442974403545,-0.964931965910115,-1.0488696098628614,-0.964931965910115,-0.9859163768983015,-1.624020624,-1.516076504
Matthew Dellavedova,2013-14,1271.0,0.8999999761581421,0.6000000238418579,1.5,1.04174505402598,0.1262786211628771,0.09025818481608794,0.09926329390278522,1.132003238842068,1.168023675188857,1.132003238842068,1.1410083479287654,0.201728178,0.529624604
Pablo Prigioni,2013-14,1283.0,1.7000000476837158,0.0,1.600000023841858,2.01821394140813,0.7198301076262262,0.7224320148131285,0.7217815380164029,2.7406459562212584,2.738044049034356,2.7406459562212584,2.739995479424533,0.376384239,1.427705311
Jonas Valanciunas,2013-14,2282.0,-0.4000000059604645,0.1000000014901161,-0.3000000119209289,-0.7267271030211199,0.7887051094497135,0.7903643830326083,0.7899495646368846,0.0636372800114883,0.061978006428593635,0.06363728001148838,0.06322246161576472,-0.231376669,-0.504588861
Nick Collison,2013-14,1353.0,0.5,0.699999988079071,1.2000000476837158,0.1887361654932509,1.806302618238608,1.6863609119634897,1.7163463385322693,1.8750970774567408,1.9950387837318588,1.8750970774567406,1.9050825040255202,0.3129231,-0.068377496
Tony Parker,2013-14,1997.0,0.8999999761581421,-1.0,-0.1000000014901161,0.7557447484159323,-1.3690340052339434,-1.1969961594259781,-1.2400056208779693,-0.441251411010046,-0.613289256818011,-0.44125141101004584,-0.484260872462037,-1.245956352,0.920654628
Thabo Sefolosha,2013-14,1584.0,-1.7999999523162842,2.299999952316284,0.5,-2.013436626724011,1.4328175114013255,1.4796982155693557,1.467978039527348,-0.533738411154655,-0.5806191153226854,-0.5337384111546553,-0.5454585871966628,1.508701408,0.687879077
Nikola Vucevic,2013-14,1812.0,-0.800000011920929,0.8999999761581421,0.1000000014901161,-1.1722187572732965,0.1814895412573146,0.3876736097890528,0.33612759265611825,-0.7845451474842434,-0.990729216015982,-0.7845451474842438,-0.8360911646171783,0.696924011,0.728936205
DJ Augustin,2013-14,1939.0,2.0999999046325684,-2.0999999046325684,-0.1000000014901161,1.8251530095127464,-0.7519869659457573,-0.7397179377533951,-0.7427851948014856,1.0854350717593513,1.0731660435669892,1.0854350717593513,1.0823678147112608,-0.5039669065461578,0.780596785067045
Avery Bradley,2013-14,1855.0,-0.8999999761581421,0.8999999761581421,0.0,-0.8373841498137921,-0.3063704131142866,-0.3094169950194904,-0.3086553495431894,-1.1468011448332824,-1.1437545629280788,-1.1468011448332824,-1.1460394993569816,0.160557397,-0.391569704
Taj Gibson,2013-14,2351.0,-1.399999976158142,0.800000011920929,-0.6000000238418579,-1.619608949717171,1.746884623341919,1.8194992606427913,1.8013456013175733,0.1998903109256202,0.127275673624748,0.19989031092562026,0.1817366516004022,1.459987437,-0.231970369
Khris Middleton,2013-14,2460.0,0.2000000029802322,-0.8999999761581421,-0.699999988079071,0.3779412890085698,-0.9835117599037784,-1.0601283195617883,-1.0409741796472858,-0.6821870305532185,-0.6055704708952085,-0.6821870305532185,-0.663032890638716,-1.110956638,-0.91021719
Victor Oladipo,2013-14,2487.0,-3.200000047683716,2.400000095367432,-0.699999988079071,-1.932581552000972,1.5658798714713371,1.503386162083161,1.519009589430205,-0.4291953899178109,-0.3667016805296348,-0.4291953899178109,-0.413571962570767,0.853503425,-1.54552985
Nate Wolters,2013-14,1309.0,-0.2000000029802322,1.2999999523162842,1.2000000476837158,-0.7178876452004417,0.4264112271889778,0.5272709655809509,0.5020560309829576,-0.1906166796194909,-0.2914764180114639,-0.1906166796194908,-0.2158316142174841,-0.500277136,-0.8934171749999998
Ray Allen,2013-14,1936.0,1.399999976158142,-1.600000023841858,-0.2000000029802322,1.1879980479280527,-1.594444059742823,-1.569878321591909,-1.5760197561296374,-0.3818802736638564,-0.40644601181477036,-0.38188027366385624,-0.38802170820158466,-0.5776487490000001,-0.363861396
Andray Blatche,2013-14,1618.0,-0.8999999761581421,1.100000023841858,0.2000000029802322,-0.3064731144044723,0.2327685030086013,0.37616924497750215,0.3403190594852769,0.0696961305730298,-0.07370461139587098,0.06969613057302987,0.03384594508080463,0.689023496,0.816994195
Samuel Dalembert,2013-14,1614.0,-2.200000047683716,2.5,0.3000000119209289,-1.8143078537789616,1.2324417809293071,1.071588928300683,1.111802141457839,-0.7427189254782784,-0.5818660728496545,-0.7427189254782787,-0.7025057123211227,0.254851025,-0.659146359
Jeremy Evans,2013-14,1209.0,0.2000000029802322,1.100000023841858,1.2999999523162842,-0.5962686738772652,0.9199260528404472,0.8457759944521197,0.8643135090492015,0.2495073205748543,0.3236573789631819,0.24950732057485447,0.2680448351719362,0.0818928,-0.000473409
Derrick Favors,2013-14,2201.0,-1.0,0.4000000059604645,-0.5,-1.216232325668232,0.3046502615548134,0.21859371663814342,0.2401078528673109,-0.9976386090300884,-0.9115820641134185,-0.9976386090300885,-0.9761244728009211,0.749829713,0.188363951
Jeremy Lamb,2013-14,1538.0,0.5,0.0,0.5,0.4815798872009787,0.6665452645383272,0.6171439088473887,0.6294942477701233,1.0987237960483671,1.1481251517393058,1.0987237960483673,1.111074134971102,0.69910332,1.026257363
Shelvin Mack,2013-14,1490.0,0.8999999761581421,-0.5,0.4000000059604645,-0.0221829475623934,-1.5330338625749511,-1.4287558519082468,-1.4548253545749228,-1.4509387994706402,-1.5552168101373445,-1.4509387994706402,-1.4770083021373162,-0.755773896,-1.4083469380000002
Patrick Patterson,2013-14,1533.0,-0.5,0.800000011920929,0.4000000059604645,-0.409247481158125,1.4344450726640463,1.468009988162199,1.4596187592876606,1.058762507004074,1.0251975915059213,1.058762507004074,1.0503712781295356,1.2259952767534246,1.3339350136053487
Greivis Vasquez,2013-14,1779.0,0.3000000119209289,-0.4000000059604645,0.0,1.4301525184899984,-0.2012470129892081,-0.20073648339915726,-0.20086411579666996,1.229416035090841,1.2289055055007903,1.2294160350908412,1.2292884026933284,-1.23931581572344,-0.6059949148431703
Nick Calathes,2013-14,1173.0,-2.400000095367432,3.5,1.100000023841858,-1.7299933959841332,2.2758294865160207,2.3247575503968685,2.312525534426656,0.5947641544127362,0.5458360905318875,0.5947641544127353,0.582532138442523,1.653807733,0.650007878
Omri Casspi,2013-14,1283.0,-0.5,1.2999999523162842,0.800000011920929,-0.8395787804417804,1.137149344581301,1.0717356179174566,1.0880890495834177,0.2321568374756765,0.29757056413952065,0.23215683747567628,0.24851026914163732,-0.017586925,-0.687623749
Raymond Felton,2013-14,2017.0,0.0,-0.6000000238418579,-0.5,0.0236846319406066,-0.0213476582381708,-0.04632552195849796,-0.04008105602841617,-0.0226408900178913,0.0023369737024357996,-0.022640890017891362,-0.01639642408780957,-0.178388013,-0.672685352
Markieff Morris,2013-14,2153.0,0.0,-0.6000000238418579,-0.699999988079071,-0.0239752880382781,0.0223732803076546,0.01673813549295104,0.01814692169662693,-0.007237152545327,-0.0016020077306235017,-0.0072371525453270615,-0.005828366341651171,-0.157496228,0.733118924
Anthony Morrow,2013-14,1426.0,1.2999999523162842,-0.8999999761581421,0.4000000059604645,1.0095664346205353,-1.158808325311863,-1.2294125395945676,-1.2117614860238912,-0.2198461049740323,-0.14924189069132776,-0.21984610497403234,-0.20219505140335592,-1.562141866,-0.693633835
Timofey Mozgov,2013-14,1770.0,-1.2999999523162842,1.100000023841858,-0.2000000029802322,-1.438902554405436,1.212345916513723,1.1316970351232722,1.1518592554708849,-0.3072055192821634,-0.226556637891713,-0.30720551928216366,-0.28704329893455105,0.079815209,-0.229848602
Josh Smith,2013-14,2730.0,-1.899999976158142,0.800000011920929,-1.100000023841858,-1.208225535650665,0.466559681760445,0.5444440013716499,0.5249729214688487,-0.6637815342790151,-0.7416658538902201,-0.6637815342790151,-0.6832526141818164,0.521852338,-1.124986847
Terrence Jones,2013-14,2078.0,0.8999999761581421,-1.600000023841858,-0.699999988079071,0.1067107345863861,-0.0434846635245939,-0.050400223487591225,-0.048671333496841884,0.0563105110987948,0.06322607106179219,0.05631051109879487,0.05803940108954421,0.530028869,1.719311565
Kosta Koufos,2013-14,1349.0,-1.600000023841858,2.0999999046325684,0.5,-2.2776739121507545,2.166365209689563,2.014099219365365,2.0521657169464147,-0.2635746927853901,-0.11130870246119162,-0.2635746927853897,-0.22550819520433985,0.94772349,-0.485508253
Marcus Thornton,2013-14,1741.0,0.6000000238418579,-0.8999999761581421,-0.3000000119209289,-0.0930773642412539,-1.4209006905697248,-1.3301428298441118,-1.352832295025515,-1.423220194085366,-1.5139780548109787,-1.4232201940853657,-1.4459096592667688,-0.2316194485726594,-0.4822572563710511
Tyson Chandler,2013-14,1662.0,-1.2999999523162842,1.100000023841858,-0.3000000119209289,-0.3292380897381704,0.1934213904120256,0.26663756457658994,0.24833352103544887,-0.0626005251615804,-0.13581669932614482,-0.06260052516158049,-0.08090456870272156,0.570464733,0.661020867
Jared Dudley,2013-14,1729.0,-0.6000000238418579,0.2000000029802322,-0.4000000059604645,-0.9446277037996864,-0.0548594836586593,-0.09192092432719742,-0.0826555641600629,-1.036548628126884,-0.9994871874583457,-1.0365486281268839,-1.0272832679597492,-1.134092223,-1.704918346
ETwaun Moore,2013-14,1506.0,-1.0,1.0,0.0,-1.7225368262406793,1.169989953254962,1.0630107282952408,1.089755534535171,-0.6595260979454387,-0.5525468729857173,-0.6595260979454385,-0.6327812917055082,0.124874249,-0.7366648250000001
AlFarouq Aminu,2013-14,2045.0,-1.2999999523162842,0.5,-0.8999999761581421,-1.4867774038909884,0.0475762498990986,0.18864606879480864,0.15337861407088113,-1.2981313350961798,-1.4392011539918899,-1.2981313350961798,-1.3333987898201074,-0.029692028,-1.009557956
Anthony Tolliver,2013-14,1298.0,0.5,-0.3000000119209289,0.2000000029802322,0.6805389702985037,0.0054118861518625,0.010461954028683142,0.00919943705947798,0.691000924327187,0.6859508564503662,0.6910009243271868,0.6897384073579818,-0.050096984,-0.506718033
Giannis Antetokounmpo,2013-14,1897.0,-1.100000023841858,0.2000000029802322,-0.8999999761581421,-0.4279442330027231,0.2704908467234116,0.3423662486277136,0.3243973981516381,-0.0855779843750094,-0.1574533862793115,-0.08557798437500952,-0.10354683485108501,0.356397392,-1.510677763
Alan Anderson,2013-14,1773.0,-0.800000011920929,-0.1000000014901161,-0.8999999761581421,-1.056741187260967,-0.4889146893444572,-0.430852511086644,-0.4453680556510973,-1.4875936983476112,-1.5456558766054243,-1.4875936983476112,-1.5021092429120644,-1.17149387,-2.056705959
Kentavious CaldwellPope,2013-14,1583.0,-0.8999999761581421,0.2000000029802322,-0.699999988079071,-1.417837898884877,1.3251664131811596,1.2309659476941537,1.2545160640659052,-0.1868719511907233,-0.09267148570371742,-0.1868719511907233,-0.16332183481897178,0.330382394,-0.698651353
Kenneth Faried,2013-14,2178.0,1.2000000476837158,-2.400000095367432,-1.2000000476837158,0.6386541546364949,-0.3780309339303635,-0.3992460088101078,-0.39394224009017176,0.239408145826387,0.26062322070613136,0.2394081458263871,0.24471191454632313,-0.003391019,0.851515057
Maurice Harkless,2013-14,1950.0,-1.399999976158142,0.4000000059604645,-1.0,-0.9839197109689444,0.3512805966487487,0.3934027892178632,0.38287224107558454,-0.5905169217510813,-0.6326391143201957,-0.5905169217510812,-0.6010474698933599,0.677705426,-0.659783881
Brandon Knight,2013-14,2400.0,0.8999999761581421,-2.299999952316284,-1.2999999523162842,1.1089100958661435,-2.114232533292061,-2.164754670293178,-2.152124136042899,-1.0558445744270346,-1.0053224374259175,-1.0558445744270346,-1.0432140401767553,-1.936669935,-1.63259572
Ian Mahinmi,2013-14,1248.0,-3.700000047683716,3.5,-0.2000000029802322,-3.216418849199776,3.301497448713461,3.4249317394803973,3.3940731667886634,0.2085128902806219,0.08507859951368513,0.20851289028062148,0.1776543175888876,2.141641448,-0.9016805409999998
JR Smith,2013-14,2421.0,1.7999999523162842,-3.0999999046325684,-1.399999976158142,1.8603273098726243,-1.9833045729755423,-2.0873655722929847,-2.061350322463624,-0.2270382624203613,-0.12297726310291801,-0.2270382624203604,-0.20102301259099953,-1.243672178,-0.196800988
Kyle OQuinn,2013-14,1188.0,-1.7000000476837158,1.600000023841858,-0.1000000014901161,-1.8589988227704064,1.77895426309394,1.5010531547157027,1.570528431810262,-0.3579456680547035,-0.08004455967646651,-0.35794566805470374,-0.2884703909601445,2.431897916,0.409689722
Gerald Wallace,2013-14,1416.0,-2.0999999046325684,1.600000023841858,-0.5,-1.816361581194519,1.7620250466910827,1.7435625412148066,1.7481781675838755,-0.0727990399797124,-0.05433653450343634,-0.07279903997971249,-0.06818341361064362,1.141583034,-0.394508124
Marvin Williams,2013-14,1674.0,0.800000011920929,-1.7000000476837158,-0.8999999761581421,0.7353347071504235,-0.7430549308545066,-0.6581540075280159,-0.6793792383596385,0.0771806996224077,-0.007720223704083096,0.07718069962240759,0.055955468790784946,-0.129843349,-0.35733735
Brandan Wright,2013-14,1077.0,1.7000000476837158,-1.399999976158142,0.3000000119209289,1.1935001586433407,-0.7619798205260886,-0.8431698628737598,-0.822872352286842,0.3503302957695808,0.4315203381172521,0.35033029576958086,0.3706278063564987,-0.300952618,3.891919807
Jordan Hill,2013-14,1500.0,-0.5,-0.3000000119209289,-0.800000011920929,-1.5976977433564492,-0.3003395254716039,-0.4198638759776644,-0.38998278835114925,-2.017561619334113,-1.8980372688280531,-2.0175616193341135,-1.9876805317075985,-1.170471245,-1.6207042930000002
Kevin Martin,2013-14,2177.0,0.699999988079071,-2.0999999046325684,-1.399999976158142,1.9136241949558968,-1.5224416208465783,-1.5662094188213507,-1.5552674693276574,0.3474147761345465,0.39118257410931845,0.3474147761345461,0.3583567256282394,-0.697320826,0.944541854
Mirza Teletovic,2013-14,1396.0,1.600000023841858,-2.200000047683716,-0.6000000238418579,1.0498821158693488,-1.9273074110635509,-1.9091128044202188,-1.9136614560810519,-0.85923068855087,-0.8774252951942021,-0.85923068855087,-0.8637793402117031,-1.541416778,-1.5527113910000003
Jason Thompson,2013-14,2007.0,-1.5,0.3000000119209289,-1.2999999523162842,-1.7473656213569777,0.6342343234305217,0.5912834039480562,0.6020211338186725,-1.1560822174089211,-1.113131297926456,-1.1560822174089216,-1.1453444875383052,0.25703544,-1.990570293
Dion Waiters,2013-14,2072.0,-0.5,-0.800000011920929,-1.2999999523162842,-0.1904321822225172,-0.5074087864324759,-0.5490011589126768,-0.5386030657926265,-0.7394333411351941,-0.6978409686549931,-0.739433341135194,-0.7290352480151437,-0.444933552,-0.630747767
Elton Brand,2013-14,1414.0,-1.600000023841858,0.800000011920929,-0.800000011920929,-2.7060350222823657,0.4785656939376553,0.39332995945925076,0.41463889307885193,-2.312705062823115,-2.2274693283447102,-2.312705062823115,-2.291396129203514,1.31845448,-0.575502455
Steve Blake,2013-14,1498.0,-0.699999988079071,-0.3000000119209289,-1.0,-1.4799302840206856,-0.9693124606365408,-0.8303584973113906,-0.8650969881426781,-2.3102887813320763,-2.4492427446572265,-2.3102887813320763,-2.345027272163364,-0.5462811722923899,-1.900849942769693
Shawn Marion,2013-14,2409.0,-1.5,-0.2000000029802322,-1.7000000476837158,-1.3273235749004968,-0.5160637536085296,-0.5387657437753313,-0.5330902462336309,-1.866089318675828,-1.8433873285090265,-1.866089318675828,-1.8604138211341277,-0.363106033,-0.618817073
Arron Afflalo,2013-14,2552.0,1.2000000476837158,-3.0,-1.7999999523162842,1.0386366292497824,-2.9028886972131414,-2.7967532953389345,-2.8232871458074857,-1.7581166660891516,-1.864252067963359,-1.758116666089152,-1.7846505165577033,-2.081711931,-0.872314803
Aaron Brooks,2013-14,1557.0,0.5,-1.7999999523162842,-1.2999999523162842,0.040925574908043,-1.6180005327116065,-1.547415385097045,-1.5650616720006854,-1.506489810189002,-1.5770749578035634,-1.5064898101890019,-1.5241360970926423,-1.5544285430462428,-2.255090893637123
Jordan Crawford,2013-14,1859.0,0.4000000059604645,-1.899999976158142,-1.5,-0.387017854760552,-2.015954111316079,-1.9344156758967253,-1.9548002847515638,-2.321433530657277,-2.4029719660766307,-2.321433530657277,-2.3418181395121156,-1.4980699947649272,-1.7561667785728887
Dante Cunningham,2013-14,1635.0,-1.5,0.2000000029802322,-1.2999999523162842,-1.8987785019690864,0.191284446065718,0.28608224346825245,0.2623827941176188,-1.6126962585008338,-1.7074940559033684,-1.612696258500834,-1.6363957078514675,0.64342481,-1.15459215
Kevin Garnett,2013-14,1109.0,-4.199999809265137,3.5,-0.699999988079071,-4.380365145311322,3.1270379380665005,3.200109537737145,3.1818416378194834,-1.1802556075741777,-1.2533272072448218,-1.1802556075741775,-1.198523507491839,1.758557208,-1.348938231
Amare Stoudemire,2013-14,1466.0,-0.8999999761581421,-0.2000000029802322,-1.2000000476837158,-0.9599561865601092,-1.386567967949567,-1.4532639641479133,-1.4365899650983267,-2.4132201507080224,-2.346524154509676,-2.4132201507080224,-2.396546151658436,-2.846715146,-1.991089864
Martell Webster,2013-14,2157.0,0.8999999761581421,-2.5,-1.600000023841858,0.9046749436826864,-1.5376576288077883,-1.524892798711242,-1.5280840062353782,-0.6202178550285556,-0.6329826851251019,-0.6202178550285555,-0.6234090625526918,-1.159056499,-0.988119586
Steven Adams,2013-14,1197.0,-1.0,0.1000000014901161,-1.0,-1.3730835204098617,1.204710968172326,1.2084673599757911,1.2075282620249248,-0.1646161604340701,-0.16837255223753567,-0.16461616043407057,-0.1655552583849369,0.646102609,-1.627972445
Trey Burke,2013-14,2262.0,0.4000000059604645,-2.200000047683716,-1.7999999523162842,1.4604188611938105,-2.4743306797945617,-2.491055045009576,-2.486873953705822,-1.0306361838157654,-1.0139118186007512,-1.0306361838157654,-1.0264550925120115,-1.984551586,-2.416007018
Gerald Henderson,2013-14,2461.0,-1.600000023841858,-0.2000000029802322,-1.7999999523162842,-1.3911944360531276,0.1443380083054602,0.2829495313131801,0.2482966505612501,-1.1082449047399474,-1.2468564277476675,-1.1082449047399474,-1.1428977854918776,0.343029088,-0.721064597
Kelly Olynyk,2013-14,1400.0,0.0,-1.2000000476837158,-1.2000000476837158,-0.1015751224619333,-0.2068015231320686,-0.2943945758001725,-0.27249631263314644,-0.3959696982621059,-0.3083766455940019,-0.39596969826210576,-0.37407143509507973,-0.589569227,-0.632382371
Zaza Pachulia,2013-14,1325.0,-1.5,0.3000000119209289,-1.2000000476837158,-1.1840537036596228,-0.428775279754891,-0.3780238905744098,-0.3907117378695301,-1.5620775942340326,-1.6128289834145138,-1.5620775942340326,-1.574765441529153,-1.096241953,-1.326006142
Phil Pressey,2013-14,1132.0,-1.899999976158142,0.8999999761581421,-1.0,-2.610660931473995,0.8273628159859759,0.7887205439320057,0.7983811119454982,-1.8219403875419893,-1.783298115488019,-1.8219403875419893,-1.8122798195284968,1.553010437,-0.916742132
Austin Rivers,2013-14,1339.0,-0.3000000119209289,-0.8999999761581421,-1.2000000476837158,-0.0302707517122534,-1.4739503042392608,-1.5425803781815846,-1.5254228596960033,-1.572851129893838,-1.5042210559515141,-1.572851129893838,-1.5556936114082567,-1.245879826,-2.620446027
Brian Roberts,2013-14,1667.0,-0.699999988079071,-0.800000011920929,-1.5,-0.1866024584306892,-1.8564836496477275,-1.791170881550453,-1.8074990735747716,-1.9777733399811424,-2.0430861080784166,-1.9777733399811421,-1.9941015320054607,-2.5490417459999994,-2.812422822
Ramon Sessions,2013-14,2214.0,0.6000000238418579,-2.400000095367432,-1.7999999523162842,0.5309624242544145,-2.66449930113812,-2.456218626589618,-2.5082887952267434,-1.925256202335204,-2.1335368768837055,-1.9252562023352038,-1.977326370972329,-1.4980876827682923,-1.148443424585366
Thaddeus Young,2013-14,2718.0,-0.800000011920929,-1.2000000476837158,-2.0,-0.4037471230192551,-0.4380688021257557,-0.43852053027250026,-0.4384075982358141,-0.8422676532917552,-0.8418159251450108,-0.8422676532917553,-0.8421547212550692,0.010142502,0.043654626
Richard Jefferson,2013-14,2213.0,-0.3000000119209289,-1.600000023841858,-2.0,-0.3861866478417193,-1.9766595435165173,-2.077823190480707,-2.0525322787396596,-2.4640098383224265,-2.3628461913582366,-2.4640098383224265,-2.438718926581379,-2.048010887,-2.015715136
Ryan Kelly,2013-14,1312.0,0.5,-1.899999976158142,-1.2999999523162842,-0.5521300126003913,-0.6617221700964199,-0.5873375133017449,-0.6059336775004136,-1.1394675259021363,-1.2138521826968112,-1.1394675259021363,-1.1580636901008048,-0.400471252,-1.392954319
Miles Plumlee,2013-14,1964.0,-3.400000095367432,1.600000023841858,-1.7999999523162842,-3.7673538932283663,1.8123899377600288,1.7522584367298841,1.7672913119874203,-2.0150954564984818,-1.9549639554683376,-2.015095456498482,-2.000062581240946,0.59012097,-0.986974248
Tayshaun Prince,2013-14,1948.0,-3.0999999046325684,1.2999999523162842,-1.7999999523162842,-2.296806543690168,0.444061479057082,0.48877009371055613,0.47759294004718755,-1.808036449979612,-1.852745064633086,-1.808036449979612,-1.8192136036429805,-0.22282113,-2.219984653
Cody Zeller,2013-14,1416.0,-1.399999976158142,-0.2000000029802322,-1.600000023841858,-2.5899847391290454,0.5803524478670227,0.5652025373123856,0.5689900149510448,-2.02478220181666,-2.009632291262023,-2.02478220181666,-2.0209947241780006,0.377519721,-1.898003305
Tobias Harris,2013-14,1850.0,0.0,-1.899999976158142,-1.899999976158142,0.0818382765356675,-1.1186114097118636,-0.9906284066062895,-1.0226241573826829,-0.908790130070622,-1.036773133176196,-0.908790130070622,-0.9407858808470153,-0.660348473,-0.90225088
Ersan Ilyasova,2013-14,1478.0,-2.400000095367432,0.699999988079071,-1.7000000476837158,-1.9300380265758768,0.7340430169816953,0.7321473205688045,0.7326212446720272,-1.197890706007073,-1.1959950095941814,-1.1978907060070723,-1.1974167819038497,-1.086715949,-2.011295002
DeJuan Blair,2013-14,1214.0,-1.600000023841858,-0.1000000014901161,-1.600000023841858,-1.5790725439399411,0.7155425571814823,0.6825983323830203,0.6908343885826357,-0.8964742115569211,-0.8635299867584588,-0.8964742115569209,-0.8882381553573054,0.164337433,-0.040614045
Darrell Arthur,2013-14,1161.0,-3.5999999046325684,1.899999976158142,-1.7000000476837158,-2.88142372513684,1.7958402550545467,1.5780077345277805,1.6324658646594719,-1.3034159906090592,-1.0855834700822935,-1.3034159906090597,-1.2489578604773683,0.882476579,-1.675128484
Francisco Garcia,2013-14,1083.0,-0.4000000059604645,-1.399999976158142,-1.7999999523162842,-1.3960563480573656,0.0673432706280164,-0.12497202875317605,-0.07689320390787793,-1.5210283768105417,-1.3287130774293492,-1.5210283768105417,-1.4729495519652436,-0.53413478,-1.479490738
Mason Plumlee,2013-14,1275.0,-1.100000023841858,-0.8999999761581421,-2.0,-0.4345070703055945,-0.9337102832862186,-0.873517419245353,-0.8885656352555693,-1.3080244895509472,-1.3682173535918132,-1.3080244895509474,-1.3230727055611637,0.2438249229999999,1.234547843
Norris Cole,2013-14,2014.0,-2.0,-0.3000000119209289,-2.400000095367432,-2.0787145136667013,-1.1410321964920482,-1.1705751125254724,-1.1631893835171163,-3.2492896261921738,-3.2197467101587494,-3.2492896261921738,-3.2419038971838177,-0.324762405,-2.919598225
Evan Fournier,2013-14,1503.0,-1.399999976158142,-0.800000011920929,-2.200000047683716,-0.9759445231740406,-0.9817313593482804,-1.0812039374772955,-1.0563357929450417,-2.057148460651336,-1.957675882522321,-2.057148460651336,-2.032280316119082,-0.93360666,-2.058063813
Mo Williams,2013-14,1834.0,-0.800000011920929,-1.600000023841858,-2.299999952316284,0.0573157935870937,-1.3564592280373322,-1.3806808292229737,-1.3746254289265636,-1.3233650356358797,-1.2991434344502386,-1.3233650356358801,-1.31730963533947,-1.218489852,-1.985711417
Andrea Bargnani,2013-14,1257.0,-2.900000095367432,0.6000000238418579,-2.299999952316284,-2.8617983878720508,-0.7927408077635096,-0.714722400337056,-0.7342270021936694,-3.576520788209107,-3.6545391956355604,-3.576520788209107,-3.59602539006572,-2.093255951,-3.11713071
Jerryd Bayless,2013-14,1686.0,0.1000000014901161,-2.400000095367432,-2.400000095367432,0.2404409320619761,-2.243044149134461,-2.2396640106583114,-2.240509045277349,-1.9992230785963356,-2.002603217072485,-1.9992230785963354,-2.000068113215373,-0.5174280962550415,-1.7105601405788848
Pau Gasol,2013-14,1884.0,-1.7000000476837158,-0.800000011920929,-2.400000095367432,-1.1144722930793494,-0.8432667358481956,-0.9070604831514947,-0.8911120463256699,-2.021532776230844,-1.957739028927545,-2.021532776230844,-2.0055843394050195,-1.058629036,-1.457513385
Jarrett Jack,2013-14,2252.0,-1.7000000476837158,-0.800000011920929,-2.5,-1.057831832246013,-1.415555394506166,-1.3530518390409227,-1.3686777279072335,-2.4108836712869355,-2.473387226752179,-2.4108836712869355,-2.4265095601532467,-0.858768673,-2.52023484
Mike Miller,2013-14,1707.0,0.6000000238418579,-3.0,-2.400000095367432,0.4614119137127752,-2.624159506119646,-2.566935443560845,-2.581241459200545,-2.105523529848069,-2.1627475924068706,-2.1055235298480697,-2.11982954548777,-1.90527822,-1.697633365
Jameer Nelson,2013-14,2179.0,1.2000000476837158,-3.700000047683716,-2.400000095367432,1.2243263819128052,-2.9464055185493554,-2.904812728855812,-2.915210926279198,-1.6804863469430071,-1.7220791366365502,-1.6804863469430067,-1.6908845443663927,-1.41443945,-1.645087951
JJ Barea,2013-14,1471.0,-0.8999999761581421,-1.7000000476837158,-2.5,-1.5921099986935554,-1.119790747541691,-1.1801517491156268,-1.1650614987221428,-2.7722617478091824,-2.7119007462352465,-2.772261747809182,-2.7571714974156984,-2.647964121,-4.811058425
Bismack Biyombo,2013-14,1072.0,-3.400000095367432,1.100000023841858,-2.400000095367432,-2.9948168374285538,1.485699915377423,1.3372637358811983,1.3743727807552544,-1.6575531015473557,-1.5091169220511307,-1.6575531015473555,-1.6204440566732994,1.843950581,-1.869817851
Trevor Booker,2013-14,1553.0,0.2000000029802322,-2.700000047683716,-2.5,0.4139964142829234,-1.0430713454978795,-1.0748303867385711,-1.0668906264283982,-0.6608339724556476,-0.6290749312149562,-0.6608339724556478,-0.6528942121454748,0.0910009739999999,-0.930446606
John Salmons,2013-14,1726.0,-2.299999952316284,-0.2000000029802322,-2.5,-1.996126676913154,0.0298264274175163,0.06271702842214966,0.054494378170991314,-1.9334096484910044,-1.9663002494956376,-1.9334096484910044,-1.9416322987421628,-0.0287883927728853,-1.6475246234084588
Travis Outlaw,2013-14,1065.0,-1.399999976158142,-1.2999999523162842,-2.700000047683716,-1.9179976894236928,-1.2810631654903288,-1.2210596133366407,-1.2360605013750627,-3.139057302760334,-3.1990608549140216,-3.1390573027603335,-3.1540581907987555,-1.283248548,-2.493712599
Lou Williams,2013-14,1445.0,1.2000000476837158,-4.0,-2.799999952316284,1.0177495606697844,-3.215827880010138,-3.1758290968226452,-3.185828792619518,-2.1580795361528606,-2.198078319340354,-2.1580795361528606,-2.1680792319497337,-1.680135857,-2.279919823
Glen Davis,2013-14,1662.0,-3.299999952316284,0.4000000059604645,-2.900000095367432,-3.0678529956589777,-0.0812051792234296,0.17830341075705633,0.11342626326193483,-2.8895495849019213,-3.1490581748824074,-2.8895495849019213,-2.954426732397043,-0.0301253119482551,-1.818474621551143
Lavoy Allen,2013-14,1072.0,-2.700000047683716,-0.4000000059604645,-3.0999999046325684,-3.918314282091613,-1.607657647010053,-1.6543141568383082,-1.6426500293812443,-5.572628438929922,-5.525971929101666,-5.572628438929921,-5.560964311472857,-0.5745763874029852,-3.06237267338806
Kendrick Perkins,2013-14,1207.0,-4.800000190734863,1.7000000476837158,-3.0999999046325684,-3.931447937341815,2.043353439332838,1.7933331090884672,1.8558381916495599,-2.138114828253348,-1.8880944980089773,-2.138114828253348,-2.0756097456922555,-0.123642964,-4.423085708
JJ Hickson,2013-14,1859.0,-3.0999999046325684,-0.1000000014901161,-3.200000047683716,-2.4707045964801804,-0.4953013501139827,-0.4328081149033933,-0.4484314237060407,-2.903512711383573,-2.966005946594163,-2.9035127113835735,-2.919136020186221,-0.369788283,-1.671841717
OJ Mayo,2013-14,1346.0,-1.2999999523162842,-2.0999999046325684,-3.400000095367432,-2.329671123331725,-1.890322951347696,-2.025486779408687,-1.9916958223934391,-4.355157902740412,-4.219994074679422,-4.355157902740412,-4.321366945725164,-2.59320623,-4.218849451
Brandon Bass,2013-14,2266.0,-2.0999999046325684,-1.2000000476837158,-3.200000047683716,-1.9985260831716691,-0.7658447474204979,-0.7454670435794906,-0.7505614695397423,-2.74399312675116,-2.764370830592167,-2.7439931267511595,-2.7490875527114116,-0.922113358,-1.872958731
Luis Scola,2013-14,1399.0,-3.299999952316284,0.0,-3.400000095367432,-3.048744500175632,0.9517497265553048,1.1598586916219704,1.107831450355304,-1.8888858085536613,-2.0969947736203274,-1.8888858085536617,-1.9409130498203282,0.327041211,-2.795013728
Tony Snell,2013-14,1231.0,-2.799999952316284,-0.800000011920929,-3.5999999046325684,-2.614250854710783,-1.1535064848642895,-1.106684959504883,-1.1183903408447347,-3.7209358142156654,-3.7677573395750725,-3.720935814215666,-3.7326411955555177,-0.087739146,-3.293141559
Caron Butler,2013-14,1419.0,-1.399999976158142,-2.0999999046325684,-3.5999999046325684,-0.415157814977179,-1.640669673054204,-1.5059236364923079,-1.5396101456327818,-1.921081451469487,-2.055827488031383,-1.921081451469487,-1.9547679606099608,-0.7548934234897815,-1.4798630836906272
Eric Gordon,2013-14,2057.0,0.6000000238418579,-3.900000095367432,-3.299999952316284,-0.3353496243124937,-3.563390165659816,-3.756081510104238,-3.7079086739931326,-4.091431134416731,-3.8987397899723097,-4.091431134416732,-4.043258298305626,-1.820686876,-1.103291481
John Henson,2013-14,1856.0,-2.400000095367432,-1.0,-3.400000095367432,-2.495290962624933,-0.9555452600642028,-0.9686207798656017,-0.9653518999152519,-3.4639117424905344,-3.450836222689136,-3.4639117424905344,-3.460642862540185,-0.269770975,-1.551308475
Luke Ridnour,2013-14,1141.0,-1.600000023841858,-2.200000047683716,-3.799999952316284,-0.4641052196498463,-2.782436207952108,-2.814485173897845,-2.8064729324114106,-3.278590393547691,-3.2465414276019544,-3.278590393547691,-3.270578152061257,-1.5349438529386503,-4.226482119674847
Robert Sacre,2013-14,1089.0,-4.0,0.2000000029802322,-3.799999952316284,-4.345648745838321,-0.1669631403951631,-0.2901862183925958,-0.2593804488932376,-4.6358349642309165,-4.512611886233484,-4.6358349642309165,-4.605029194731558,-0.894070645,-2.832037994
Hollis Thompson,2013-14,1742.0,-0.4000000059604645,-3.0,-3.400000095367432,-0.165958275782814,-1.7704411458751157,-1.8017103532896683,-1.7938930514360298,-1.9676686290724823,-1.9363994216579297,-1.9676686290724823,-1.9598513272188438,-1.474867542,-2.693281292
James Anderson,2013-14,2309.0,-2.0,-1.399999976158142,-3.400000095367432,-1.3091424592233107,-1.461519173048921,-1.5012521733821185,-1.4913189232988189,-2.810394632605429,-2.7706616322722315,-2.810394632605429,-2.80046138252213,-0.70598685,-2.177500054
Wesley Johnson,2013-14,2240.0,-2.200000047683716,-1.2000000476837158,-3.400000095367432,-2.2402467961234587,-0.6479181667889716,-0.6565691911086053,-0.6544064350286969,-2.896815987232064,-2.8881649629124304,-2.8968159872320642,-2.8946532311521556,-0.070877012,-1.729171757
Rodney Stuckey,2013-14,1950.0,-1.0,-2.400000095367432,-3.400000095367432,-0.2622505018701676,-2.7337795616560228,-2.8301698261319324,-2.806072260012955,-3.0924203280021,-2.9960300635261903,-3.0924203280021,-3.0683227618831226,-1.972379304,-2.159445718
Kendall Marshall,2013-14,1564.0,0.5,-4.300000190734863,-3.799999952316284,-0.5357104883763696,-3.507343298319474,-3.4765786402171104,-3.484269804742701,-4.01228912859348,-4.043053786695844,-4.01228912859348,-4.019980293119071,-1.421843486,-1.791712463
Tony Wroten,2013-14,1765.0,-2.299999952316284,-1.5,-3.799999952316284,-2.4951440552073545,-1.4601143202641769,-1.6346832957973798,-1.591041051914079,-4.129827351004733,-3.9552583754715314,-4.129827351004734,-4.086185107121434,-1.559211525,-4.761484226
Tristan Thompson,2013-14,2594.0,-0.699999988079071,-2.799999952316284,-3.5,-0.7684013455923578,-1.1736846702965833,-1.126585018229339,-1.13835993124615,-1.894986363821697,-1.942086015888941,-1.894986363821697,-1.906761276838508,-0.645710442,-1.558320752
Andrew Nicholson,2013-14,1174.0,-3.700000047683716,-0.800000011920929,-4.5,-3.669018427417648,0.1637776586489145,0.1343236690744744,0.14168716646808444,-3.534694758343173,-3.5052407687687333,-3.5346947583431736,-3.5273312609495635,-0.995836646,-4.750276089
Gary Neal,2013-14,1114.0,-0.3000000119209289,-4.699999809265137,-5.0,-0.1919728842981483,-3.4779538976651714,-3.5600069046334664,-3.539493652891392,-3.751979788931615,-3.6699267819633197,-3.7519797889316147,-3.73146653718954,-2.455664379884201,-3.150059690150808
Derrick Williams,2013-14,1820.0,-2.0,-2.200000047683716,-4.199999809265137,-1.6250421524321286,-1.308434267092509,-1.2189990116199505,-1.24135782548809,-2.8440411640520797,-2.933476419524638,-2.8440411640520793,-2.8663999779202185,-0.7790221729879121,-1.87044310229011
Jeff Green,2013-14,2805.0,-1.600000023841858,-2.200000047683716,-3.799999952316284,-0.8942773953517569,-1.0680462262077646,-1.10141338401707,-1.0930715945647436,-1.9956907793688263,-1.9623236215595214,-1.9956907793688268,-1.9873489899165004,-1.108074065,-1.91420461
Mike Scott,2013-14,1482.0,-1.7999999523162842,-2.900000095367432,-4.699999809265137,-1.313642158912922,-2.265200809118007,-2.2743217029740777,-2.27204147951006,-3.587963861887,-3.578842968030929,-3.5879638618869993,-3.5856836384229815,-2.233814236,-2.889286895
Harrison Barnes,2013-14,2204.0,-3.5999999046325684,-0.6000000238418579,-4.199999809265137,-2.520075546061613,-0.3588411677872163,-0.2514344122689769,-0.27828610114853675,-2.7715099583305904,-2.878916713848829,-2.77150995833059,-2.79836164721015,-0.478059229,-2.392019042
Evan Turner,2013-14,2457.0,-2.0999999046325684,-1.899999976158142,-4.0,-1.806269755270068,-2.403441741939768,-2.384556986513878,-2.3892781753703503,-4.190826741783947,-4.2097114972098355,-4.190826741783946,-4.195547930640418,-1.1042943907269027,-2.3087231900170937
Tim Hardaway Jr.,2013-14,1875.0,0.0,-5.5,-5.599999904632568,0.0028463462810064,-3.176846528224429,-3.186025043786736,-3.183730414896159,-3.183178697505729,-3.1740001819434225,-3.1831786975057295,-3.1808840686151525,-2.438640137,-2.111906383
Elliot Williams,2013-14,1157.0,-3.5,-3.700000047683716,-7.199999809265137,-3.626649809122292,-2.1881799295813167,-2.3289629139563477,-2.29376716786259,-5.955612723078639,-5.814829738703608,-5.955612723078639,-5.920416976984882,-2.086981539,-4.957782558
Carlos Boozer,2013-14,2141.0,-4.300000190734863,-1.2999999523162842,-5.699999809265137,-2.6752643934867635,-0.256820616788181,-0.13829702581289102,-0.1679279235567135,-2.8135614192996545,-2.9320850102749443,-2.8135614192996545,-2.843192317043477,0.708762389,-2.301625908
Ben McLemore,2013-14,2187.0,-1.899999976158142,-3.700000047683716,-5.599999904632568,-1.7418981611520794,-1.828478028130692,-1.9085349852692608,-1.8885207459846183,-3.65043314642134,-3.5703761892827712,-3.6504331464213404,-3.630418907136698,-1.144964055,-3.610702839
Chris Paul,2014-15,2857.0,8.5,2.0999999046325684,10.600000381469728,7.350979193064188,0.6317778921691652,0.5390245191513023,0.562212862405768,7.89000371221549,7.982757085233354,7.89000371221549,7.913192055469956,1.282256462,8.273711245
James Harden,2014-15,2981.0,7.699999809265137,0.1000000014901161,7.699999809265137,7.686357769829812,0.1272155080888441,-0.00696899698020223,0.02657712928705936,7.6793887728496095,7.813573277918656,7.6793887728496095,7.712934899116871,0.839636712,6.550966719
Anthony Davis,2014-15,2455.0,4.300000190734863,4.5,8.800000190734863,3.3628954502862545,3.307800719478778,3.219404026176783,3.241503199502281,6.582299476463038,6.670696169765033,6.582299476463037,6.604398649788536,2.860051804,7.966585197
Kawhi Leonard,2014-15,2033.0,3.700000047683716,5.199999809265137,8.899999618530273,2.6738849536333515,3.4230452292224327,3.5904172765922135,3.5485742647497682,6.2643022302255655,6.096930182855784,6.2643022302255655,6.22245921838312,4.469232873,7.908036111
Draymond Green,2014-15,2490.0,1.5,5.099999904632568,6.5,1.5568709761859687,4.853110927297028,4.871337608361049,4.866780938095043,6.428208584547017,6.409981903482996,6.428208584547018,6.423651914281011,3.750312785,4.548265131
Danny Green,2014-15,2312.0,3.0999999046325684,3.0,6.099999904632568,1.92401311845632,2.50024667193504,2.4805571811044502,2.4854795538120977,4.40457029956077,4.42425979039136,4.4045702995607705,4.409492672268418,2.717615925,4.232799704
Kyrie Irving,2014-15,2730.0,5.5,-0.8999999761581421,4.599999904632568,5.233815098411047,-0.9948563835787207,-0.9873610023398772,-0.989234847649588,4.24645409607117,4.238958714832327,4.24645409607117,4.244580250761459,-0.136340844,3.99693864
DeAndre Jordan,2014-15,2820.0,3.400000095367432,1.2000000476837158,4.599999904632568,2.3676034843294507,2.1799191992561537,2.0540727612050893,2.0855343707178555,4.42167624553454,4.547522683585605,4.42167624553454,4.453137855047306,3.154767515,4.309515758
Klay Thompson,2014-15,2455.0,4.300000190734863,1.0,5.300000190734863,4.379856683434344,1.2331936943241402,1.2490120723348621,1.2450574778321815,5.628868755769206,5.613050377758484,5.628868755769206,5.624914161266526,0.73681095,4.739278618
LeBron James,2014-15,2493.0,5.300000190734863,-0.1000000014901161,5.099999904632568,6.410413829628936,0.4538360564698644,0.22671879564892103,0.2834981108541569,6.637132625277857,6.864249886098801,6.637132625277857,6.693911940483093,1.0405244,6.663985405
Russell Westbrook,2014-15,2302.0,6.099999904632568,-0.5,5.599999904632568,6.115104127630379,-0.6029441234295517,-0.5952513543444711,-0.5971745466157412,5.519852773285908,5.512160004200827,5.5198527732859075,5.517929581014638,0.68595289,5.707783139
Marc Gasol,2014-15,2687.0,1.399999976158142,2.5999999046325684,4.0,1.388193999977755,1.3318140825906208,1.2460906454773935,1.2675215047557002,2.634284645455149,2.720008082568376,2.6342846454551485,2.6557155047334553,1.307330595,2.798740454
Kyle Korver,2014-15,2418.0,4.599999904632568,0.1000000014901161,4.599999904632568,2.577026306803406,0.552003260902763,0.6071161063260821,0.5933378949702524,3.184142413129488,3.129029567706169,3.184142413129488,3.1703642017736584,0.826868267,2.826951998
Khris Middleton,2014-15,2378.0,1.7000000476837158,3.0999999046325684,4.800000190734863,1.8114777875107428,2.54616989600866,2.5300826925339575,2.534104493402633,4.3415604800447,4.357647683519403,4.3415604800447,4.345582280913376,2.071061171,3.913144904
LaMarcus Aldridge,2014-15,2512.0,2.400000095367432,1.899999976158142,4.300000190734863,2.044929662711207,0.4721334750446792,0.3936927766702441,0.4133029512638528,2.4386224393814517,2.517063137755886,2.4386224393814513,2.45823261397506,0.639336579,2.972893317
DeMarcus Cousins,2014-15,2013.0,0.8999999761581421,4.400000095367432,5.400000095367432,-0.185576060533199,3.739099637204709,3.8050457606483503,3.7885592297874395,3.6194697001151512,3.55352357667151,3.6194697001151512,3.6029831692542404,1.951034212,3.154027867
Gordon Hayward,2014-15,2618.0,3.200000047683716,0.2000000029802322,3.400000095367432,3.214824317607849,-0.0476483227320971,-0.018665583921428936,-0.025911268624095977,3.196158733686421,3.167175994875752,3.19615873368642,3.188913048983753,0.279085933,3.288464146
Kyle Lowry,2014-15,2414.0,3.299999952316284,0.6000000238418579,3.900000095367432,2.8234359953379644,0.7668957840098422,0.7965544771072024,0.7891398038328623,3.619990472445167,3.5903317793478067,3.619990472445167,3.612575799170827,-0.004920027,2.474614269
Eric Bledsoe,2014-15,2800.0,1.7000000476837158,1.2000000476837158,2.900000095367432,1.4323707848789615,1.408480697208503,1.317524882238727,1.3402638359811712,2.7498956671176886,2.840851482087465,2.7498956671176886,2.7726346208601327,0.58841201,1.417855959
Damian Lillard,2014-15,2925.0,4.0,-1.2999999523162842,2.700000047683716,4.403613863263942,-0.9042596182190744,-0.9495013650940144,-0.9381909283752794,3.454112498169928,3.499354245044868,3.454112498169928,3.4654229348886627,0.140815764,3.063340059
Kevin Love,2014-15,2532.0,1.7000000476837158,1.600000023841858,3.200000047683716,1.616276303622585,1.2469167616996188,1.1261466522851356,1.1563391796387563,2.7424229559077204,2.8631930653222035,2.7424229559077204,2.772615483261341,0.423719992,2.339763894
Rudy Gobert,2014-15,2158.0,-0.699999988079071,4.800000190734863,4.099999904632568,-0.6710438247099327,4.411509857895102,4.363482295213953,4.37548918588424,3.69243847050402,3.7404660331851693,3.6924384705040203,3.7044453611743076,2.77901137,3.081511344
Paul Millsap,2014-15,2390.0,1.0,2.400000095367432,3.299999952316284,1.2946906586340086,1.7359559931439266,1.7003317730195049,1.7092378280506102,2.995022431653513,3.030646651777935,2.9950224316535135,3.003928486684619,2.351143666,4.009395551
Jimmy Butler,2014-15,2513.0,3.200000047683716,-0.2000000029802322,3.0,2.894109476570064,1.2950321200746502,1.283663603995692,1.2865057330154315,4.177773080565755,4.189141596644714,4.177773080565756,4.180615209585495,1.204255237,5.58212498
Marcin Gortat,2014-15,2453.0,-0.4000000059604645,3.5999999046325684,3.200000047683716,-1.0829689226170445,3.0629208120997355,3.0424753675891756,3.0475867287168152,1.9595064449721311,1.979951889482691,1.9595064449721311,1.9646178060997708,1.932503913,2.444449363
JJ Redick,2014-15,2409.0,2.5,0.699999988079071,3.200000047683716,2.729781636609061,0.050119518367025,0.06648442538778221,0.06239319863259289,2.796266061996844,2.779901154976086,2.7962660619968434,2.7921748352416538,-1.366216267,1.989863598
John Wall,2014-15,2837.0,2.0999999046325684,0.0,2.0,2.02644528213906,1.3009227985233538,1.3168324592311529,1.312855044054203,3.343277741370213,3.3273680806624135,3.343277741370213,3.3393003261932632,1.968174584,3.815748485
Tim Duncan,2014-15,2227.0,-0.2000000029802322,3.5,3.299999952316284,-0.2432197152765539,2.884213520944828,3.0365472221576475,2.9984637968544425,2.7933275068810937,2.6409938056682742,2.7933275068810937,2.7552440815778887,2.494200413,3.721718447
Ty Lawson,2014-15,2665.0,3.799999952316284,-1.7999999523162842,2.0999999046325684,2.9096198630380097,-2.3773778694747865,-2.390814203692859,-2.3874551201383403,0.5188056593451513,0.5322419935632232,0.5188056593451509,0.5221647428996694,-0.773323406,2.40442725
Wesley Matthews,2014-15,2024.0,2.299999952316284,1.2999999523162842,3.5999999046325684,1.840126347276066,1.5141114109429736,1.6109108235186949,1.5867109703747642,3.451037170794761,3.35423775821904,3.451037170794761,3.42683731765083,0.857378733,3.638709385
Zach Randolph,2014-15,2304.0,1.600000023841858,1.2999999523162842,2.900000095367432,1.150216076789949,0.93346535671362,1.0404809681941831,1.0137270653240424,2.190697044984132,2.083681433503569,2.190697044984132,2.1639431421139914,0.979504365,1.98513918
Mike Conley,2014-15,2225.0,2.400000095367432,0.5,2.900000095367432,3.0197757919142507,0.1060146287907427,0.12271701562006412,0.11854141891273373,3.142492807534315,3.1257904207049934,3.142492807534315,3.1383172108269846,0.335661685,2.245729168
Rudy Gay,2014-15,2408.0,3.5,-1.100000023841858,2.400000095367432,2.4003463583315474,-1.1519661022393548,-1.238752918880217,-1.2170562147200017,1.16159343945133,1.2483802560921926,1.1615934394513303,1.1832901436115457,-0.754136206,1.899725142
DeMarre Carroll,2014-15,2189.0,1.899999976158142,1.0,2.900000095367432,1.2425485585989111,0.4933558006811053,0.5592602610993549,0.5427841459947924,1.801808819698266,1.7359043592800165,1.801808819698266,1.7853327045937035,0.767383245,2.514732501
Tyson Chandler,2014-15,2286.0,0.0,2.5999999046325684,2.5999999046325684,0.5755427978798883,2.037781958747377,1.9898984142897032,2.0018693004041213,2.565441212169592,2.6133247566272653,2.5654412121695915,2.5774120982840096,0.684496839,2.281202008
Jeff Teague,2014-15,2228.0,2.200000047683716,0.5,2.700000047683716,2.467837720237954,0.6751632331129968,0.6825084194888476,0.6806721228948848,3.1503461397268016,3.143000953350951,3.1503461397268016,3.148509843132839,1.039868674,3.759225759
Tony Allen,2014-15,1648.0,-0.5,4.800000190734863,4.300000190734863,-0.6218704608408556,4.165944570738653,4.277013124414742,4.249245985995719,3.655142663573886,3.5440741098977977,3.655142663573886,3.6273755251548634,4.324381442,4.574063226
Lou Williams,2014-15,2016.0,5.199999809265137,-2.200000047683716,3.0,5.262489103337599,-0.9146684185490948,-0.9108278736026327,-0.9117880098392481,4.351661229734965,4.347820684788505,4.351661229734967,4.350701093498351,-0.554042887,3.525353317
Nikola Mirotic,2014-15,1654.0,1.899999976158142,2.200000047683716,4.199999809265137,0.986957454775003,1.7587399738338183,1.7600050316145515,1.7596887671693682,2.7469624863895543,2.745697428608821,2.7469624863895543,2.746646221944371,1.343520624,1.97563029
Monta Ellis,2014-15,2699.0,0.699999988079071,0.800000011920929,1.399999976158142,0.7366867360194206,1.1070696287290038,1.144359569255294,1.1350370841237214,1.8810463052747144,1.8437563647484243,1.8810463052747144,1.871723820143142,0.298380915,1.816526014
Derrick Favors,2014-15,2280.0,0.1000000014901161,2.0999999046325684,2.299999952316284,-0.5165352875983156,2.326355573047899,2.1976555720430113,2.229830572294233,1.6811202844446955,1.8098202854495833,1.6811202844446957,1.7132952846959175,0.982878618,2.501493333
Blake Griffin,2014-15,2356.0,3.200000047683716,-1.2000000476837158,2.0,3.686671785843053,-0.1130511975530505,-0.2212099521420653,-0.1941702634948116,3.465461833700988,3.5736205882900025,3.4654618337009877,3.4925015223482414,-0.173897767,4.019057333
Serge Ibaka,2014-15,2116.0,-0.4000000059604645,3.0,2.5999999046325684,-1.088131684526733,2.2466247889884783,2.0885917042380915,2.128099975425688,1.0004600197113585,1.1584931044617452,1.0004600197113585,1.039968290898955,1.333044502,1.207980344
Al Horford,2014-15,2318.0,0.4000000059604645,1.600000023841858,2.0,-0.3286629780298279,1.654549934121179,1.6933682047379535,1.6836636370837597,1.3647052267081252,1.325886956091351,1.3647052267081254,1.3550006590539319,0.89540685,3.23040431
Luol Deng,2014-15,2421.0,1.7999999523162842,-0.1000000014901161,1.7000000476837158,1.3633801370765564,-0.7811891872989389,-0.7526662190703588,-0.7597969611275037,0.6107139180061976,0.5821909497776174,0.6107139180061976,0.6035831759490526,-0.430817617,0.9363040179999998
Darren Collison,2014-15,1565.0,1.7000000476837158,2.299999952316284,4.0,1.4852170825770632,0.5043708955773007,0.47414668897162604,0.48170274062304463,1.9593637715486891,1.989587978154364,1.9593637715486891,1.966919823200108,0.211128641,2.518969384
Tyreke Evans,2014-15,2690.0,2.5999999046325684,-1.2999999523162842,1.2000000476837158,1.980219742178017,-0.6919683222493785,-0.7794047065984334,-0.7575456105111698,1.2008150355795837,1.2882514199286383,1.2008150355795837,1.2226741316668472,-0.000988306,1.543181202
George Hill,2014-15,1267.0,3.900000095367432,1.7000000476837158,5.599999904632568,3.6610192756717286,1.465545968477324,1.473365344399522,1.4714105004189726,5.13438462007125,5.126565244149052,5.13438462007125,5.132429776090701,1.274114472,5.082288527
Kemba Walker,2014-15,2119.0,1.2000000476837158,1.2000000476837158,2.400000095367432,0.7154990328993192,0.7096124252125676,0.8008723142377845,0.7780573419814802,1.516371347137104,1.4251114581118869,1.5163713471371036,1.4935563748807994,0.624152942,1.099943033
Andrew Bogut,2014-15,1583.0,-1.0,4.699999809265137,3.700000047683716,-0.3973424825730891,4.750224278554424,4.742177896024313,4.74418949165684,4.344835413451225,4.352881795981335,4.344835413451224,4.346847009083751,3.206753705,1.95977698
Joakim Noah,2014-15,2049.0,-0.4000000059604645,2.5999999046325684,2.200000047683716,-1.146827562040361,2.1363581381701158,1.9905476183632773,2.027000248314987,0.8437200563229161,0.9895305761297548,0.8437200563229164,0.880172686274626,1.010597748,0.787372123
Matt Barnes,2014-15,2271.0,1.0,0.699999988079071,1.600000023841858,1.085671831370906,0.9331829797318972,0.8077551501351875,0.8391121075343648,1.8934269815060931,2.0188548111028033,1.8934269815060936,1.9247839389052708,0.928146435,1.086391991
Anthony Morrow,2014-15,1806.0,2.700000047683716,0.1000000014901161,2.700000047683716,1.8535420951170003,0.2468124385004029,0.2653792896544873,0.2607375768659662,2.118921384771488,2.100354533617403,2.118921384771488,2.1142796719829664,-0.296995943,2.432672759
Chandler Parsons,2014-15,2186.0,2.5999999046325684,-0.800000011920929,1.7999999523162842,1.7829311771929934,-0.3642935737463451,-0.40624850276503566,-0.39575977051036293,1.3766826744279577,1.4186376034466484,1.3766826744279577,1.3871714066826306,-0.254948072,1.927507778
Pau Gasol,2014-15,2681.0,0.3000000119209289,0.5,0.800000011920929,0.6872974618023867,1.762093174758234,1.6476816470950983,1.676284529010882,2.334979108897485,2.449390636560621,2.334979108897485,2.3635819908132687,1.003375815,2.231100829
Manu Ginobili,2014-15,1587.0,1.7000000476837158,1.399999976158142,3.200000047683716,1.319412976942641,1.821729772598969,1.7384925388671386,1.759301847300096,3.05790551580978,3.14114274954161,3.0579055158097797,3.078714824242737,1.062327492,2.084593244
Zaza Pachulia,2014-15,1730.0,-0.5,3.200000047683716,2.700000047683716,-0.3016321658418737,2.9290108763874376,2.9282249778135774,2.9284214524570427,2.6265928119717032,2.627378710545564,2.6265928119717037,2.626789286615169,1.534720395,1.390395935
Patrick Patterson,2014-15,2156.0,2.400000095367432,-0.800000011920929,1.600000023841858,2.087245918317759,-0.1922210479722453,-0.21957795032181382,-0.21273872473442168,1.8676679679959447,1.8950248703455137,1.8676679679959451,1.8745071935833373,0.154555968,1.746154704
Devin Harris,2014-15,1685.0,2.0999999046325684,0.4000000059604645,2.5,1.6103118643930665,0.8537629572559414,0.8222817902594932,0.8301520820086052,2.4325936546525595,2.464074821649008,2.4325936546525595,2.440463946401672,-0.046103371,0.821540736
Reggie Jackson,2014-15,2268.0,2.0,-0.800000011920929,1.2999999523162842,2.3322388072101874,-0.4351163880470055,-0.5518775774402602,-0.5226872800919465,1.7803612297699272,1.897122419163182,1.7803612297699272,1.809551527118241,-0.812684754962963,0.2939203363280423
Thaddeus Young,2014-15,2434.0,0.5,0.4000000059604645,0.8999999761581421,0.238698244966118,0.165201731469977,0.1781360403633775,0.17490246314002733,0.4168342853294956,0.403899976436095,0.4168342853294955,0.41360070810614535,0.1346934521290057,0.9943738090612162
Trevor Ariza,2014-15,2930.0,-0.1000000014901161,0.3000000119209289,0.3000000119209289,0.103974549691435,0.7501965931765721,0.8066845545464854,0.7925625642040071,0.9106591042379204,0.8541711428680071,0.9106591042379204,0.8965371138954421,1.5069167609999998,1.99812178
Elfrid Payton,2014-15,2489.0,0.5,0.2000000029802322,0.800000011920929,-0.0157968255303916,-0.1730372823646016,-0.15628335790003614,-0.16047183901617748,-0.1720801834304277,-0.18883410789499322,-0.17208018343042775,-0.1762686645465691,1.157674046,0.332697949
Marcus Smart,2014-15,1808.0,0.3000000119209289,1.7999999523162842,2.0999999046325684,-0.1307358304108863,2.020656095134948,2.010395590204196,2.012960716436884,1.8796597597933096,1.8899202647240618,1.8796597597933098,1.8822248860259978,1.982254638,0.644648314
Bradley Beal,2014-15,2107.0,0.800000011920929,0.5,1.2999999523162842,0.8369504310684226,0.3741231849242898,0.2975016001877754,0.316656996371904,1.134452031256198,1.2110736159927125,1.134452031256198,1.1536074274403265,0.939213429,1.441519204
Andre Iguodala,2014-15,2069.0,-0.3000000119209289,1.600000023841858,1.2999999523162842,0.3547560393315795,1.8117394937886309,1.7715076622238128,1.7815656201150172,2.126263701555392,2.1664955331202105,2.1262637015553922,2.1363216594465966,1.215965712,1.780802704
Timofey Mozgov,2014-15,2045.0,-1.0,2.400000095367432,1.399999976158142,-0.8287254213956432,1.8047688856112327,1.6626906089151616,1.6982101780891794,0.8339651875195186,0.9760434642155895,0.8339651875195184,0.8694847566935362,0.3659089330220049,0.2858071885794622
Dirk Nowitzki,2014-15,2282.0,2.200000047683716,-1.2999999523162842,0.8999999761581421,2.5682562113491554,-0.5622082242831207,-0.6654863860029068,-0.6396668455729602,1.9027698253462488,2.006047987066035,1.9027698253462486,1.9285893657761952,-1.000132462,1.244304228
PJ Tucker,2014-15,2383.0,-0.5,1.2999999523162842,0.800000011920929,-0.7205575880447369,1.6180620475987302,1.626918435139782,1.624704338254519,0.9063608470950454,0.8975044595539933,0.9063608470950452,0.9041467502097821,1.027169595,0.709706991
Deron Williams,2014-15,2114.0,1.2000000476837158,0.0,1.2000000476837158,0.9807862544376555,-0.5099891649245504,-0.6374812361482453,-0.6056082183423215,0.3433050182894102,0.47079708951310517,0.3433050182894103,0.37517803609533407,-0.264967943,0.500106352
Mario Chalmers,2014-15,2368.0,-0.800000011920929,1.5,0.800000011920929,-1.4300554418000668,1.6066693655140305,1.467610938034715,1.502375544904544,0.0375554962346484,0.17661392371396367,0.03755549623464827,0.07232010310447712,0.35786245,-1.048582568
Goran Dragic,2014-15,2640.0,1.899999976158142,-1.600000023841858,0.3000000119209289,1.7650360093746122,-0.7912162374330091,-0.7595090404542847,-0.7674358396989658,1.0055269689203274,0.9738197719416032,1.0055269689203277,0.9976001696756465,-1.0809733611685606,1.245801256725379
Danilo Gallinari,2014-15,1426.0,2.799999952316284,0.2000000029802322,3.0,2.183916548225474,0.3740515807306033,0.3999709943478724,0.3934911409435552,2.583887542573346,2.557968128956077,2.583887542573346,2.577407689169029,-0.169098625,1.823375441
Kentavious CaldwellPope,2014-15,2587.0,0.800000011920929,-0.4000000059604645,0.3000000119209289,0.1414672778523959,-0.0959867330225382,-0.09437044878247962,-0.09477451984249424,0.0470968290699162,0.04548054482985771,0.04709682906991629,0.046692758009901664,0.213662958,-0.005097007
Jae Crowder,2014-15,1647.0,1.7999999523162842,0.3000000119209289,2.0999999046325684,0.561050419485094,0.557152623190197,0.630234126076143,0.6119637503546564,1.191284545561237,1.1182030426752911,1.191284545561237,1.1730141698397505,1.3600225598196722,1.6231858699987858
Jared Dudley,2014-15,1717.0,0.1000000014901161,1.7999999523162842,1.899999976158142,-0.1812249685951223,2.0003792870396526,2.0536511832027804,2.0403332091619983,1.872426214607658,1.8191543184445302,1.872426214607658,1.859108240566876,1.068132644,1.301025516
CJ Miles,2014-15,1841.0,1.399999976158142,0.2000000029802322,1.600000023841858,0.9584253012040332,0.9642992532424068,1.0351873215521583,1.0174653044747204,1.9936126227561912,1.92272455444644,1.9936126227561917,1.9758906056787535,1.160400839,1.790070212
Kelly Olynyk,2014-15,1423.0,0.800000011920929,2.0999999046325684,2.799999952316284,0.1994189808690198,2.0321166105401693,2.005877214884584,2.01243706379848,2.205296195753604,2.2315355914091892,2.2052961957536037,2.2118560446675,1.398344865,1.731144152
JR Smith,2014-15,2080.0,2.0999999046325684,-1.0,1.100000023841858,1.6064997909508156,-0.5775626887616309,-0.6127019120580114,-0.6039171062339163,0.9937978788928044,1.0289371021891847,0.9937978788928042,1.0025826847168995,0.3544235483875,1.4951592498980766
Jonas Valanciunas,2014-15,2096.0,-0.1000000014901161,1.2000000476837158,1.100000023841858,-0.571031547891011,0.6373927885823479,0.5469276803159047,0.5695439573825155,-0.0241038675751061,0.06636124069133698,-0.024103867575106297,-0.001487590508495451,-0.680314398,0.245672998
Ed Davis,2014-15,1840.0,1.2000000476837158,0.4000000059604645,1.600000023841858,0.4428235631880122,-0.3668897936127813,-0.47754946896185996,-0.4498845501245903,-0.0347259057738477,0.0759337695752309,-0.034725905773847765,-0.007060986936578084,0.12683076,1.179869761
Jonas Jerebko,2014-15,1230.0,0.800000011920929,2.799999952316284,3.5999999046325684,-0.0917828843027122,2.483179707556168,2.4623931199045073,2.4675897668174223,2.370610235601795,2.391396823253456,2.370610235601795,2.37580688251471,0.9248133171577236,1.6298554213780487
Jeremy Lin,2014-15,1907.0,0.8999999761581421,0.4000000059604645,1.399999976158142,0.2408915723183476,-0.054040648482396,-0.12477888244128654,-0.10709432395156387,0.1161126898770609,0.1868509238359516,0.11611268987706105,0.13379724836678372,-0.668702656,-0.840093172
Brook Lopez,2014-15,2100.0,0.2000000029802322,0.6000000238418579,0.8999999761581421,-0.0832394842544264,0.7076843774638201,0.6794484121375566,0.6865074034691224,0.5962089278831302,0.6244448932093937,0.5962089278831302,0.603267919214696,-0.296615245,1.288804626
Nicolas Batum,2014-15,2380.0,0.6000000238418579,-0.2000000029802322,0.3000000119209289,0.3930499338938736,0.2365149222486834,0.2509140492483836,0.24731426749845858,0.6439639831422572,0.629564856142557,0.6439639831422572,0.6403642013923322,1.547148278,1.972993187
Robert Covington,2014-15,1956.0,1.2000000476837158,-0.2000000029802322,1.0,0.6948412550530586,1.3732255122040755,1.386269172997145,1.3830082577988776,2.0811104280502035,2.0680667672571342,2.0811104280502035,2.077849512851936,1.123303421,1.236641164
Michael KiddGilchrist,2014-15,1587.0,-1.0,3.0,2.0,-1.228846833372888,2.002704086382878,1.8680219577044614,1.9016924898740653,0.6391751243315731,0.7738572530099899,0.6391751243315735,0.6728456565011773,1.736058939,1.339803171
Paul Pierce,2014-15,1914.0,1.0,0.2000000029802322,1.2000000476837158,0.9436886359105384,0.7703625472358624,0.7063263209007495,0.7223353774845277,1.6500149568112878,1.7140511831464007,1.650014956811288,1.6660240133950661,0.368324722,1.414349855
Isaiah Thomas,2014-15,1726.0,4.5,-2.900000095367432,1.600000023841858,5.5632668912832886,-0.9221398620014872,-1.2135890152214748,-1.1407267269164778,4.349677876061814,4.641127029281801,4.349677876061814,4.4225401643668105,-1.2095465868227115,1.7726504101865586
Jrue Holiday,2014-15,1303.0,3.299999952316284,-0.6000000238418579,2.700000047683716,2.109048582990224,-0.4355598978365334,-0.488111386275199,-0.4749735141655326,1.6209371967150252,1.6734886851536908,1.6209371967150252,1.6340750688246914,0.514242707,2.727309586
Ersan Ilyasova,2014-15,1319.0,2.0999999046325684,0.4000000059604645,2.5,0.4529416782846435,1.058255521146524,1.0800028896105522,1.074566047494545,1.5329445678951958,1.5111971994311677,1.5329445678951958,1.5275077257791887,-0.4045912119999999,0.640486176
Amir Johnson,2014-15,1979.0,-0.1000000014901161,0.800000011920929,0.800000011920929,-0.6862655694967549,0.7012576433062452,0.7132284008140821,0.7102357114371228,0.0269628313173272,0.014992073809490303,0.02696283131732724,0.02397014194036795,-0.588331286,-0.154528042
Iman Shumpert,2014-15,1545.0,-0.4000000059604645,2.299999952316284,1.899999976158142,-0.7762679462245972,1.5186576206831566,1.509472171220021,1.5117685335858049,0.7332042249954238,0.7423896744585594,0.7332042249954238,0.7355005873612077,1.4046460019061486,0.6947944174045307
Cody Zeller,2014-15,1487.0,-0.1000000014901161,2.0999999046325684,2.0,-1.5820117296180118,1.676797508107322,1.719363722668924,1.7087221690285235,0.1373519930509121,0.09478577848931025,0.13735199305091217,0.12671043941051163,1.399513441,0.545052816
Patrick Beverley,2014-15,1727.0,0.2000000029802322,1.0,1.2000000476837158,0.2493351826056148,0.3486643319816712,0.23703343766825527,0.2649411612466092,0.4863686202738702,0.597999514587286,0.48636862027387007,0.514276343852224,0.0945963649999999,-1.093626332
Kenneth Faried,2014-15,2086.0,0.6000000238418579,-0.1000000014901161,0.5,0.5601014575891206,-0.3365037885377558,-0.2717250966202476,-0.2879197695996246,0.2883763609688729,0.22359766905136474,0.288376360968873,0.27218168798949594,0.135043764,0.799545376
Brandon Jennings,2014-15,1173.0,3.0999999046325684,0.1000000014901161,3.200000047683716,2.443767583789283,-0.8279334605982663,-0.7506371172246037,-0.7699612030680192,1.6931304665646791,1.6158341231910165,1.6931304665646794,1.6738063807212638,-0.925275335,1.812557092
Josh Smith,2014-15,2300.0,-2.400000095367432,2.5999999046325684,0.2000000029802322,-1.1076820269892231,2.518961908143914,2.515370056524439,2.5162680194293072,1.4076880295352152,1.4112798811546907,1.4076880295352157,1.408585992440084,1.1160226395113042,-0.912304757881739
AlFarouq Aminu,2014-15,1366.0,-0.5,2.5999999046325684,2.0999999046325684,-1.3028613512891667,2.6122348391466663,2.4999882001596276,2.5280498599063876,1.197126848870461,1.3093734878574996,1.197126848870461,1.225188508617221,2.588153533,1.730704394
Corey Brewer,2014-15,2087.0,-0.5,0.8999999761581421,0.4000000059604645,-0.8058290473294795,1.1898819332909392,1.1778670294659335,1.1808707554221847,0.372037982136454,0.3840528859614597,0.372037982136454,0.3750417080927052,0.3700777086042165,0.3941583033205558
Gerald Henderson,2014-15,2315.0,-1.0,1.100000023841858,0.1000000014901161,-1.496675446542138,0.698752686904725,0.7945360402025718,0.7705902018781101,-0.7021394063395663,-0.7979227596374129,-0.7021394063395661,-0.7260852446640278,0.178381041,-0.016916546
Ben McLemore,2014-15,2670.0,0.2000000029802322,-0.4000000059604645,-0.2000000029802322,-0.1301068821371401,-0.2524448291488911,-0.5044393284473878,-0.44144070362276366,-0.6345462105845281,-0.3825517112860312,-0.6345462105845279,-0.5715475857599037,-0.417531293,-0.4020729760000001
Markieff Morris,2014-15,2581.0,-1.100000023841858,0.8999999761581421,-0.2000000029802322,-0.8304707367654723,1.6662706852266076,1.6093432966187513,1.623575143770715,0.778872559853279,0.8357999484611353,0.778872559853279,0.7931044070052428,0.430071677,0.775656836
James Johnson,2014-15,1370.0,0.699999988079071,1.2999999523162842,2.0,0.2105996999499762,1.4579437384443772,1.457085335987073,1.457299936601399,1.6676850359370492,1.6685434383943534,1.6676850359370492,1.6678996365513752,1.345873144,2.498718518
Andre Roberson,2014-15,1286.0,-1.100000023841858,3.400000095367432,2.200000047683716,-1.2635469306605016,2.631916295590347,2.509218543210419,2.539892981305401,1.2456716125499174,1.3683693649298452,1.2456716125499174,1.2763460506448994,2.048996607,0.666958385
Brandon Knight,2014-15,2035.0,0.5,-0.2000000029802322,0.3000000119209289,0.1960078244934933,0.2037513686276938,0.17824474670335466,0.18462140218443945,0.374252571196848,0.39975919312118713,0.37425257119684796,0.38062922667793275,-0.0518841970348894,0.3300641382653562
Brandan Wright,2014-15,1449.0,0.3000000119209289,1.2999999523162842,1.7000000476837158,-0.7215721625458092,1.7337763664146832,1.7330353104452945,1.7332205744376417,1.011463147899485,1.0122042038688739,1.011463147899485,1.0116484118918323,0.95938557042029,2.85085519184403
Andre Drummond,2014-15,2502.0,-0.800000011920929,0.4000000059604645,-0.3000000119209289,-0.6755592437501049,1.0838621564772268,0.9775587651654251,1.0041346129933755,0.3019995214153201,0.40830291272712194,0.30199952141532016,0.3285753692432706,1.497435389,1.218619784
Greg Monroe,2014-15,2137.0,-0.1000000014901161,0.2000000029802322,0.1000000014901161,-0.085367213907423,1.6666811070072312,1.667358912420249,1.6671894610669944,1.581991698512826,1.581313893099808,1.581991698512826,1.5818222471595713,0.410688569,1.826438484
Jared Sullinger,2014-15,1566.0,0.5,0.5,1.100000023841858,-0.5155699409477359,0.8135257353799844,0.9042905269385666,0.881599329048921,0.3887205859908307,0.2979557944322485,0.3887205859908307,0.3660293881011851,0.06631895,0.2427739
JJ Barea,2014-15,1362.0,1.899999976158142,-0.3000000119209289,1.600000023841858,0.8120709878342399,-0.8143171241625007,-0.8694723046215014,-0.8556835095067511,-0.0574013167872614,-0.0022461363282607616,-0.05740131678726146,-0.04361252167251117,-1.5751763280000002,-0.63038104
Marvin Williams,2014-15,2035.0,-0.800000011920929,0.8999999761581421,0.1000000014901161,-0.7338439372554828,0.8483847291258622,0.9304002479985067,0.9098963682803456,0.1965563107430239,0.11454079187037935,0.19655631074302393,0.1760524310248628,1.253387837,0.034551331
Alan Anderson,2014-15,1744.0,-0.800000011920929,1.399999976158142,0.5,-0.7951084593043299,0.8882555407392966,0.9789145502301,0.9562497978573992,0.1838060909257699,0.09314708143496664,0.18380609092577005,0.16114133855306922,-0.1986700789999999,-0.564725405
Carmelo Anthony,2014-15,1428.0,3.799999952316284,-2.5,1.2999999523162842,3.3778235792765643,-2.630847682845386,-2.518765805372239,-2.5467862747405254,0.8590577739043255,0.7469758964311781,0.8590577739043255,0.8310373045360389,-0.899442979,2.056593436
Cory Joseph,2014-15,1444.0,0.699999988079071,0.5,1.2000000476837158,0.4724395896667924,1.3861334993191068,1.2634850420346104,1.2941471563557345,1.735924631701403,1.8585730889858991,1.7359246317014028,1.7665867460225269,0.176506653,0.575115979
Donatas Motiejunas,2014-15,2037.0,-0.699999988079071,0.800000011920929,0.1000000014901161,-0.5633138822984415,1.277951737797791,1.30926775051854,1.3014387473383524,0.7459538682200982,0.7146378554993494,0.7459538682200985,0.7381248650399109,-0.526617243,-0.532323731
Nene,2014-15,1693.0,-2.0999999046325684,2.799999952316284,0.6000000238418579,-1.4705595912409184,2.189245593529641,2.155608463567808,2.164017746058266,0.6850488723268902,0.7186860022887227,0.6850488723268897,0.6934581548173477,1.282699353,0.539300624
Derrick Rose,2014-15,1530.0,0.1000000014901161,0.800000011920929,1.0,0.6059913981200751,-0.5241636142166445,-0.4780981371534293,-0.4896145064192331,0.1278932609666457,0.0818277839034306,0.12789326096664577,0.11637689170084198,-1.139386074,-1.721456709
Luis Scola,2014-15,1659.0,0.1000000014901161,0.6000000238418579,0.699999988079071,-1.1515498531269184,1.2248486508363072,1.198652529058608,1.2052015595030328,0.0471026759316897,0.07329879770938885,0.04710267593168971,0.05365170637611438,0.93917081,0.676678351
Rodney Stuckey,2014-15,1874.0,0.5,-0.2000000029802322,0.3000000119209289,-0.1690454521485245,0.0937451876564273,0.08938243941575061,0.09047312647591978,-0.0796630127327739,-0.07530026449209722,-0.0796630127327739,-0.07857232567260473,0.069466687,-0.049087834
CJ Watson,2014-15,1422.0,0.1000000014901161,1.100000023841858,1.2999999523162842,0.7132650606557299,0.6701240605588558,0.6095653129468429,0.6247049998498462,1.3228303736025728,1.3833891212145857,1.3228303736025728,1.337970060505576,0.710784284,1.236756206
Harrison Barnes,2014-15,2318.0,-0.3000000119209289,-0.1000000014901161,-0.4000000059604645,0.1101172661920862,0.6794117089073616,0.7939987245768589,0.7653519706594847,0.9041159907689452,0.7895289750994477,0.9041159907689451,0.8754692368515709,0.438894443,1.127227488
Mike Dunleavy,2014-15,1838.0,0.699999988079071,-0.5,0.3000000119209289,0.6038959106203631,0.9143827143147866,0.9119638143744463,0.9125685393595313,1.5158597249948094,1.5182786249351496,1.5158597249948094,1.5164644499798943,0.352480913,0.952977575
Robin Lopez,2014-15,1638.0,-0.699999988079071,1.399999976158142,0.699999988079071,-0.372317899263062,1.169690774362352,1.0102714939886954,1.0501263140821095,0.6379535947256336,0.7973728750992899,0.6379535947256334,0.6778084148190475,0.086709041,0.4674692839999999
Trevor Booker,2014-15,1564.0,-0.2000000029802322,0.8999999761581421,0.699999988079071,-0.2548743232244598,1.2856600866263934,1.201376702066722,1.22244754820664,0.9465023788422622,1.0307857634019335,0.9465023788422623,0.9675732249821801,-0.008278608,-0.482390175
Joe Johnson,2014-15,2791.0,1.7999999523162842,-2.5999999046325684,-0.800000011920929,1.094085447654112,-1.975359112749212,-1.95239084931425,-1.9581329151729905,-0.8583054016601379,-0.8812736650951001,-0.8583054016601381,-0.8640474675188785,-0.726060952,-0.010423645
Victor Oladipo,2014-15,2573.0,0.5,-1.100000023841858,-0.699999988079071,0.1184894868619896,-1.01115815974174,-1.0266804201112225,-1.0227998550188517,-0.908190933249233,-0.8926686728797505,-0.908190933249233,-0.9043103681568622,-0.103911536,0.234051513
Pablo Prigioni,2014-15,1197.0,-0.2000000029802322,1.7999999523162842,1.600000023841858,-0.4270015978822567,0.2473322289840399,0.5339575563292558,0.46230122449295175,0.106955958446999,-0.17966936889821683,0.10695595844699907,0.03529962661069502,1.1080684903659148,0.8672089106741854
Jason Terry,2014-15,1641.0,0.1000000014901161,0.3000000119209289,0.4000000059604645,0.6018276934088541,0.6939549549194761,0.642577317308936,0.655421726711571,1.24440501071779,1.2957826483283301,1.2444050107177902,1.257249420120425,0.027879703,0.361203256
Tristan Thompson,2014-15,2194.0,-0.3000000119209289,0.0,-0.3000000119209289,-0.3199772041338189,-0.2505212715805163,-0.2660278840313642,-0.26215123091865217,-0.5860050881651833,-0.5704984757143352,-0.586005088165183,-0.5821284350524711,-0.279916997,0.0206789
Steven Adams,2014-15,1771.0,-1.899999976158142,2.0,0.1000000014901161,-1.3243862207748072,1.4127502016340463,1.3717512593062793,1.3820009948882208,0.0473650385314721,0.08836398085923913,0.047365038531472115,0.05761477411341365,0.359455131,-0.649065342
Amare Stoudemire,2014-15,1245.0,1.100000023841858,0.2000000029802322,1.2999999523162842,-0.266771043790649,-1.2559873468395817,-1.3230219335067703,-1.3062632868399733,-1.5897929772974193,-1.5227583906302307,-1.5897929772974193,-1.5730343306306223,-0.8575227476907631,0.3619361110803213
Mo Williams,2014-15,1980.0,1.2000000476837158,-1.399999976158142,-0.2000000029802322,1.3272344770579103,-1.2913470627640802,-1.4393107406228047,-1.4023198211581236,-0.1120762635648942,0.03588741429383013,-0.11207626356489442,-0.07508534410021328,-1.5855570049060608,-1.2897502957242424
Wilson Chandler,2014-15,2471.0,0.800000011920929,-1.600000023841858,-0.699999988079071,0.1662763437114335,-1.4947325073622857,-1.508348309242705,-1.5049443587726001,-1.3420719655312712,-1.3284561636508523,-1.3420719655312716,-1.3386680150611667,-0.845525477,-1.052604216
Langston Galloway,2014-15,1457.0,-0.699999988079071,1.2999999523162842,0.699999988079071,-1.5151067339697768,0.1777808441160491,0.3677980218805735,0.32029372743944234,-1.1473087120892034,-1.3373258898537277,-1.1473087120892034,-1.1948130065303344,-0.466470504,-1.712406787
Tony Snell,2014-15,1412.0,0.1000000014901161,0.4000000059604645,0.6000000238418579,-0.4157267408672487,-0.3915956071257843,-0.34429816888315645,-0.3561225284438134,-0.7600249097504053,-0.8073223479930329,-0.7600249097504052,-0.7718492693110621,-0.4346129080000001,-0.91507549
Tyler Zeller,2014-15,1731.0,-0.4000000059604645,0.3000000119209289,0.0,-1.505783881628598,0.6211056100379957,0.5269248425132564,0.5504700343944412,-0.9788590391153416,-0.8846782715906023,-0.9788590391153416,-0.9553138472341568,-1.3048101510000003,-0.238466154
Roy Hibbert,2014-15,1926.0,-2.299999952316284,2.0,-0.4000000059604645,-2.413636184679447,1.7473543041257205,1.6525777025971706,1.676271852979308,-0.7610584820822766,-0.6662818805537267,-0.7610584820822766,-0.7373643317001393,0.996076008,-1.178946209
Dwight Howard,2014-15,1223.0,-1.0,1.899999976158142,0.8999999761581421,-1.4613070223489155,2.209463496534012,2.036926416481579,2.0800606864946873,0.5756193941326633,0.7481564741850966,0.5756193941326633,0.6187536641457718,1.306849112,1.173015703
Dwyane Wade,2014-15,1971.0,2.0,-2.5,-0.5,2.051746883239421,-1.2774747660539407,-1.481540439403633,-1.4305240210662098,0.5702064438357879,0.7742721171854801,0.5702064438357879,0.621222862173211,-1.273369334,0.943538784
Giannis Antetokounmpo,2014-15,2541.0,-0.6000000238418579,-0.4000000059604645,-1.100000023841858,-0.7156009459872262,0.6608018201119008,0.7483791477726114,0.7264848158574337,0.0327782017853851,-0.05479912587532543,0.03277820178538515,0.010883869870207508,1.260580697,0.002860444
Wayne Ellington,2014-15,1675.0,0.3000000119209289,-0.5,-0.2000000029802322,-0.4850241406361769,-0.9486812528090222,-1.0388882762195104,-1.0163365203668882,-1.5239124168556872,-1.433705393445199,-1.5239124168556872,-1.501360661003065,-1.508031165,-1.54687461
Gerald Green,2014-15,1446.0,2.200000047683716,-2.0,0.1000000014901161,2.200855932616945,-2.2314988921952925,-2.313108051188859,-2.2927057614404673,-0.1122521185719143,-0.030642959578347728,-0.1122521185719143,-0.09184982882352255,-1.493370499,-1.341988079
Ryan Anderson,2014-15,1675.0,1.5,-1.7999999523162842,-0.3000000119209289,0.9416465853933206,-2.3516082772780424,-2.3567869822483782,-2.355492306005794,-1.4151403968550569,-1.409961691884722,-1.4151403968550578,-1.4138457206124735,-2.20030332,-1.385078067
Chris Bosh,2014-15,1556.0,-0.5,0.4000000059604645,-0.1000000014901161,-0.0054544575850103,-0.164504541044765,-0.041202757417659996,-0.07202820332443624,-0.0466572150026703,-0.16995899862977532,-0.046657215002670296,-0.07748266090944654,-0.895768636,0.651083467
Michael CarterWilliams,2014-15,2149.0,-3.200000047683716,2.299999952316284,-0.8999999761581421,-0.9454620730138902,2.0652368168987683,2.0181782524707605,2.029942893577762,1.07271617945687,1.1197747438848782,1.0727161794568705,1.084480820563872,1.115525693060493,-1.4409444908338764
Tobias Harris,2014-15,2369.0,0.0,-1.0,-1.0,0.1625398599265916,-0.8955880100007363,-0.8595791838295682,-0.8685813903723602,-0.6970393239029766,-0.7330481500741447,-0.6970393239029766,-0.7060415304457686,-0.456350066,0.048044901
Alex Len,2014-15,1518.0,-2.5999999046325684,2.5,-0.1000000014901161,-2.1341196825667863,1.6263973957995663,1.451503910377927,1.4952272817333365,-0.6826157721888593,-0.50772228676722,-0.6826157721888593,-0.6388924008334498,1.217911432,-1.368081839
Jeff Green,2014-15,2454.0,-0.4000000059604645,-0.800000011920929,-1.2000000476837158,-0.5297295084190026,-0.9469089112215986,-0.807455787330087,-0.842319068302965,-1.3371852957490895,-1.4766384196406013,-1.3371852957490895,-1.3720485767219674,-0.9305225614995926,-0.8818847764111655
Taj Gibson,2014-15,1692.0,-1.2999999523162842,0.800000011920929,-0.5,-1.4369038260401583,1.1050310893623818,0.9257288388808784,0.9705544015012543,-0.51117498715928,-0.3318727366777765,-0.5111749871592799,-0.46634942453890404,0.244999067,0.186869534
Kris Humphries,2014-15,1345.0,-1.399999976158142,1.5,0.1000000014901161,-1.8072017661691289,0.9554219542865718,0.9739360387799644,0.9693075176566162,-0.8332657273891645,-0.851779811882557,-0.8332657273891645,-0.8378942485125127,0.450442717,-0.713768917
Kosta Koufos,2014-15,1348.0,-3.200000047683716,3.299999952316284,0.0,-2.971506409966024,2.9064657219264185,3.033746017920233,3.0019259439217794,0.0622396079542091,-0.0650406880396055,0.06223960795420913,0.030419533955755362,1.482275032,-1.008510781
Luc Mbah a Moute,2014-15,1916.0,-3.200000047683716,2.299999952316284,-1.0,-3.2615816632029784,1.6847989369272485,1.6747605419496385,1.677270140694041,-1.58682112125334,-1.57678272627573,-1.5868211212533399,-1.5843115225089375,0.099809196,-2.185940769
David West,2014-15,1895.0,-1.399999976158142,0.3000000119209289,-1.100000023841858,-1.3837433504917078,0.3246488147979317,0.30791252120673357,0.3120965946045331,-1.0758308292849743,-1.0590945356937762,-1.0758308292849743,-1.0716467558871747,0.8942629210000002,0.774197364
DeMar DeRozan,2014-15,2100.0,-0.2000000029802322,-1.2000000476837158,-1.399999976158142,-0.017213927588556,-0.7642928703188528,-0.84641019909681,-0.8258808669023205,-0.8636241266853659,-0.7815067979074088,-0.863624126685366,-0.8430947944908765,-0.708847739,0.77304946
Jodie Meeks,2014-15,1462.0,-0.1000000014901161,-0.6000000238418579,-0.800000011920929,-0.2909281021653463,-0.5987087093154577,-0.565610379060701,-0.5738849616243901,-0.8565384812260473,-0.889636811480804,-0.8565384812260473,-0.8648130637897364,-0.851571393,0.012426621
Aaron Brooks,2014-15,1885.0,1.600000023841858,-2.900000095367432,-1.2000000476837158,1.503190603142597,-0.4669707122890676,-0.4151286419600596,-0.4280891595423116,1.0880619611825373,1.0362198908535294,1.0880619611825373,1.0751014436002855,-0.828078304,-0.884119219
Rasual Butler,2014-15,1505.0,-0.1000000014901161,-0.800000011920929,-0.8999999761581421,-0.6871705063618512,-1.435886494539915,-1.257099065864118,-1.3017959230330671,-1.944269572225969,-2.123057000901766,-1.944269572225969,-1.9889664293949183,-0.61185182,-1.772713859
Boris Diaw,2014-15,1984.0,-0.699999988079071,-0.6000000238418579,-1.2999999523162842,-0.8105974601061209,0.1824546944511826,0.1944185221666831,0.19142756523780796,-0.6161789379394378,-0.6281427656549383,-0.6161789379394378,-0.6191698948683129,-0.249081893,-0.609246788
Eric Gordon,2014-15,2018.0,0.5,-1.899999976158142,-1.399999976158142,0.7570793117335116,-1.487601510618265,-1.5357751336329928,-1.5237317278793108,-0.7786958218994812,-0.7305221988847533,-0.7786958218994812,-0.7666524161457992,-1.320257839,-0.464400663
Joe Ingles,2014-15,1673.0,-1.2000000476837158,0.1000000014901161,-1.100000023841858,-1.1338953652229389,0.8023043503979369,0.6733939255383707,0.7056215317532624,-0.4605014396845681,-0.331591014825002,-0.46050143968456814,-0.4282738334696765,0.115229976,-0.763023924
Brian Roberts,2014-15,1330.0,-0.4000000059604645,-0.3000000119209289,-0.699999988079071,-0.9180839254654996,-0.3381589435933439,-0.3447134322343187,-0.34307481007407503,-1.2627973576998184,-1.2562428690588434,-1.2627973576998182,-1.2611587355395746,-0.702408779,-2.11718169
Rajon Rondo,2014-15,2018.0,-1.7000000476837158,0.4000000059604645,-1.399999976158142,-1.678471469474779,0.803567087974835,0.7805941061007757,0.7863373515692905,-0.8978773633740031,-0.8749043814999441,-0.8978773633740034,-0.8921341179054886,0.3355259940589693,-1.1867876487190288
Anthony Tolliver,2014-15,1432.0,0.699999988079071,-1.600000023841858,-0.8999999761581421,0.7861571443511486,0.3813488421074537,0.3451814718470483,0.3542233144121496,1.1313386161981969,1.1675059864586022,1.1313386161981969,1.1403804587632982,-0.8046985913072625,-1.1404396270837989
Beno Udrih,2014-15,1494.0,-0.2000000029802322,-0.699999988079071,-0.800000011920929,-0.2629385686779361,-0.8153542926745132,-0.7269260920130173,-0.7490331421783911,-0.9898646606909532,-1.0782928613524492,-0.9898646606909534,-1.011971710856327,-0.868309136,-0.882958809
Nikola Vucevic,2014-15,2529.0,-0.699999988079071,-1.0,-1.7000000476837158,-0.0911111103587945,-0.7127049784429301,-0.7181334388246771,-0.7167763237292403,-0.8092445491834717,-0.8038160888017246,-0.8092445491834716,-0.8078874340880348,-0.8791615620000001,0.304202395
Jamal Crawford,2014-15,1703.0,1.100000023841858,-2.299999952316284,-1.2000000476837158,1.6377739582936124,-2.523028240364025,-2.5441671965782264,-2.538882457524676,-0.906393238284614,-0.8852542820704128,-0.906393238284614,-0.9011084992310636,-1.840635023,-0.3950271669999999
Richard Jefferson,2014-15,1244.0,-0.800000011920929,0.1000000014901161,-0.6000000238418579,-0.8464485922352014,-0.2282808830437798,-0.25152180729751505,-0.24571157623408124,-1.0979703995327166,-1.074729475278981,-1.0979703995327164,-1.0921601684692828,-0.749525766,-1.189919614
Kevin Martin,2014-15,1302.0,1.7000000476837158,-2.5,-0.800000011920929,1.2398827938019543,-2.7976448269887197,-2.9916436247104876,-2.9431439252800455,-1.7517608309085333,-1.5577620331867654,-1.7517608309085333,-1.7032611314780912,-2.834269225,-1.478208137
Nerlens Noel,2014-15,2311.0,-4.300000190734863,2.700000047683716,-1.600000023841858,-3.379705793002873,2.9616685572134043,2.871637404682965,2.8941451928155746,-0.5080683883199084,-0.41803723578946883,-0.508068388319908,-0.4855606001872985,2.887385934,0.540091487
Terrence Ross,2014-15,2092.0,0.3000000119209289,-1.7999999523162842,-1.5,0.2466108588494514,-1.9453595527816037,-1.9362646718690615,-1.9385383920971968,-1.6896538130196097,-1.6987486939321523,-1.6896538130196102,-1.6919275332477455,-1.170442159,-1.34754942
Evan Fournier,2014-15,1661.0,0.2000000029802322,-1.5,-1.399999976158142,-0.202311323769886,-2.069895614889994,-2.0573622998126124,-2.0604956285819576,-2.2596736235824983,-2.2722069386598798,-2.2596736235824983,-2.2628069523518435,-1.476509324,-1.452698427
Solomon Hill,2014-15,2381.0,-1.5,-0.2000000029802322,-1.7000000476837158,-1.7774885014863475,-0.5439400646224547,-0.5029759345645456,-0.5132169670790229,-2.280464436050893,-2.321428566108802,-2.280464436050893,-2.2907054685653705,0.080309084,-1.03572821
Evan Turner,2014-15,2260.0,-1.899999976158142,0.2000000029802322,-1.7000000476837158,-1.6055597174713503,-0.5984484419673376,-0.518289064155464,-0.5383289086084324,-2.1238487816268146,-2.204008159438688,-2.1238487816268146,-2.1438886260797827,0.576290642,-0.810912961
Courtney Lee,2014-15,2354.0,0.0,-1.899999976158142,-1.7999999523162842,0.074481827279326,-1.4652360247964644,-1.4139077753985545,-1.426739837748032,-1.3394259481192283,-1.3907541975171385,-1.3394259481192285,-1.352258010468706,0.097848051,0.186146161
Jameer Nelson,2014-15,1407.0,0.1000000014901161,-1.2999999523162842,-1.2000000476837158,-0.4530915928298735,-0.3304745659392039,-0.4717202293665744,-0.4364088135097317,-0.924811822196448,-0.7835661587690774,-0.9248118221964479,-0.8895004063396053,-1.0791393554655295,-1.9477461483056149
DJ Augustin,2014-15,1964.0,-0.2000000029802322,-1.5,-1.7000000476837158,0.8107695579842975,-1.304175150055389,-1.2761416402579129,-1.2831500177072819,-0.4653720822736154,-0.4934055920710916,-0.4653720822736154,-0.47238045972298437,-1.808481451159878,-1.759960239086049
Jordan Clarkson,2014-15,1476.0,0.2000000029802322,-1.600000023841858,-1.399999976158142,-0.3455813735486954,-1.875429706445631,-1.8905540438443587,-1.8867729594946767,-2.236135417393054,-2.221011079994326,-2.236135417393054,-2.232354333043372,-1.868381665,-1.498536789
Bojan Bogdanovic,2014-15,1854.0,0.2000000029802322,-2.0,-1.7999999523162842,-0.3070706601919394,-2.58841373730242,-2.618677140104455,-2.6111112894039463,-2.9257478002963944,-2.8954843974943594,-2.9257478002963944,-2.9181819495958856,-1.820440066,-2.098346869
Trey Burke,2014-15,2288.0,0.0,-2.0,-2.0,0.7094543482646407,-2.040207672714694,-1.9066249179061514,-1.9400206066082868,-1.1971705696415107,-1.3307533244500531,-1.1971705696415107,-1.230566258343646,-1.130150323,-2.211602135
Caron Butler,2014-15,1623.0,-0.2000000029802322,-1.5,-1.7000000476837158,-0.3165799094336846,-0.5215122553715373,-0.6322644055319795,-0.6045763679918689,-0.948844314965664,-0.838092164805222,-0.948844314965664,-0.9211562774255535,-0.658358374,-1.501065375
Gorgui Dieng,2014-15,2193.0,-1.2000000476837158,-0.699999988079071,-1.899999976158142,-1.3801789355788463,0.4672849690763341,0.33015767808721364,0.3644395008344938,-1.050021257491633,-0.9128939665025122,-1.0500212574916326,-1.0157394347443525,0.138131383,-0.223822416
Steve Blake,2014-15,1529.0,-0.699999988079071,-1.0,-1.7000000476837158,-0.3339102338508585,0.0793369348041589,0.10724956277212677,0.1002714057801348,-0.2266606710787317,-0.25457329904669956,-0.22666067107873172,-0.2336388280707237,-0.322650878,-1.721290308
Wesley Johnson,2014-15,2245.0,-0.6000000238418579,-1.5,-2.0,-1.0489310096803692,-1.540713256969665,-1.7381283662505664,-1.688774588930341,-2.7870593759309354,-2.5896442666500343,-2.7870593759309354,-2.7377055986107104,-0.798252807,-1.754974441
OJ Mayo,2014-15,1697.0,-0.3000000119209289,-1.5,-1.7999999523162842,-1.1362678448630088,-0.5675735696769519,-0.5702226630280594,-0.5695603896902824,-1.706490507891068,-1.7038414145399607,-1.7064905078910682,-1.7058282345532914,-0.610303465,-1.178282254
Miles Plumlee,2014-15,1194.0,-1.899999976158142,0.5,-1.399999976158142,-2.848757746910201,-0.528292628474783,-0.2970965053083744,-0.35489553609997654,-3.1458542522185757,-3.3770503753849836,-3.1458542522185753,-3.203653283010177,1.2506817304949749,-0.6874787356030151
Jason Thompson,2014-15,1991.0,-2.0999999046325684,0.2000000029802322,-2.0,-2.4595136374702,-0.5812795203588466,-0.674210015379983,-0.6509773916246989,-3.133723652850183,-3.0407931578290466,-3.133723652850183,-3.110491029094899,-0.262505036,-2.6486204580000003
Al Jefferson,2014-15,1992.0,-2.299999952316284,0.3000000119209289,-2.0999999046325684,-1.5268642249402269,0.6691989319773116,0.6845272801311668,0.680695193092703,-0.8423369448090602,-0.8576652929629153,-0.8423369448090601,-0.8461690318475239,1.217723589,1.140872121
Tayshaun Prince,2014-15,1397.0,-0.699999988079071,-1.0,-1.7999999523162842,-1.6207005526320015,-0.8100426864731473,-0.6689213749741133,-0.7042017028488717,-2.289621927606115,-2.4307432391051487,-2.289621927606115,-2.324902255480873,-1.0101330851524697,-1.593669286524696
Dion Waiters,2014-15,2208.0,-1.0,-1.2000000476837158,-2.0999999046325684,-0.5250960096287328,-0.4229401524027148,-0.3553398391848958,-0.3722399174893506,-0.8804358488136286,-0.9480361620314477,-0.8804358488136286,-0.8973359271180834,-0.203393209173913,-1.077234780535326
Kyle Singler,2014-15,1743.0,-1.2000000476837158,-0.8999999761581421,-2.0999999046325684,-0.733161136466587,-1.6095311249786404,-1.4664270266916484,-1.5022030512633964,-2.1995881631582352,-2.3426922614452272,-2.1995881631582352,-2.2353641877299832,-0.6205993506712565,-1.9536211056144577
Hollis Thompson,2014-15,1776.0,-1.100000023841858,-1.100000023841858,-2.0999999046325684,-1.2947567654457328,-0.477213623811378,-0.45217269434447827,-0.4584329267112032,-1.746929459790211,-1.7719703892571108,-1.746929459790211,-1.753189692156936,-0.633954513,-1.752253042
Arron Afflalo,2014-15,2502.0,-0.800000011920929,-1.600000023841858,-2.299999952316284,0.1238920310617751,-2.2694916349249614,-2.2015442077272436,-2.218531064526673,-2.077652176665469,-2.1455996038631864,-2.0776521766654685,-2.094639033464898,-1.318885058481215,-1.722123051248601
Channing Frye,2014-15,1870.0,-1.0,-1.2000000476837158,-2.299999952316284,-0.8687965600169414,-1.2038621585770628,-1.1315553701025056,-1.149632067221145,-2.0003519301194475,-2.0726587185940044,-2.000351930119447,-2.0184286272380865,-0.608345918,-2.884099758
Jordan Hill,2014-15,1874.0,-2.5,0.3000000119209289,-2.200000047683716,-2.6503166509913947,-1.6561293148585987,-1.683387149719772,-1.6765726910044787,-4.333703800711167,-4.306445965849994,-4.333703800711167,-4.326889341995873,-1.805100313,-3.116924092
Quincy Pondexter,2014-15,1793.0,0.1000000014901161,-2.400000095367432,-2.299999952316284,-0.4922421676665848,-0.9999658312006524,-1.354080074184902,-1.2655515134388395,-1.846322241851487,-1.4922079988672372,-1.8463222418514866,-1.7577936811054244,-1.648886904413274,-2.164150952385388
Otto Porter Jr.,2014-15,1432.0,-0.699999988079071,-1.399999976158142,-2.0999999046325684,-1.1957237717550733,-0.2478339845340672,-0.2003580021054437,-0.21222699771259954,-1.3960817738605171,-1.4435577562891404,-1.396081773860517,-1.4079507694676727,0.45426644,-0.840178972
Andrew Wiggins,2014-15,2969.0,-0.4000000059604645,-2.0999999046325684,-2.400000095367432,-0.8332671660468298,-1.5950069982408943,-1.683188892022655,-1.6611434185772147,-2.516456058069485,-2.428274164287724,-2.516456058069485,-2.4944105846240445,-1.921006675,-2.168490664
Jerryd Bayless,2014-15,1717.0,-2.0999999046325684,-0.2000000029802322,-2.299999952316284,-1.6974272332247864,-0.1837403469016054,-0.13490188571454031,-0.1471115010113066,-1.8323291189393267,-1.8811675801263918,-1.8323291189393267,-1.844538734236093,0.020779945,-2.455732005
Bismack Biyombo,2014-15,1243.0,-2.5,0.3000000119209289,-2.200000047683716,-1.9976280215133857,1.3907756031414962,1.1943848991530723,1.2434825751501783,-0.8032431223603129,-0.6068524183718895,-0.8032431223603134,-0.7541454463632074,2.046691786,-0.38115132
Tony Parker,2014-15,1953.0,0.5,-2.799999952316284,-2.299999952316284,0.7238038289601173,-1.8254696496780525,-1.7963653928460155,-1.8036414570540247,-1.0725615638858983,-1.101665820717935,-1.0725615638858983,-1.0798376280939075,-1.278684977,-0.381803636
Kobe Bryant,2014-15,1207.0,1.2000000476837158,-3.5,-2.299999952316284,0.760830013077634,-2.765639449775079,-2.9885553027580913,-2.9328263395123377,-2.2277252896804574,-2.004809436697445,-2.2277252896804574,-2.1719963264347038,-1.713197747,-2.127224531
Matthew Dellavedova,2014-15,1380.0,-0.5,-1.7999999523162842,-2.299999952316284,-0.8335631365102586,-1.3960856108560182,-1.5370748784492974,-1.5018275615509773,-2.3706380149595563,-2.229648747366277,-2.370638014959556,-2.335390698061236,-1.918437343,-2.388533772
Jerami Grant,2014-15,1377.0,-2.5999999046325684,0.3000000119209289,-2.299999952316284,-2.5760877673156557,0.5304081183180946,0.53871283285121,0.536636654217931,-2.037374934464445,-2.0456796489975613,-2.0373749344644456,-2.0394511130977246,0.848392829,-2.962515439
John Henson,2014-15,1228.0,-2.799999952316284,0.5,-2.299999952316284,-2.8136792317366663,1.655743664358105,1.580052340746985,1.5989751716497649,-1.2336268909896817,-1.1579355673785614,-1.2336268909896813,-1.2147040600869015,1.643362061,-0.629903595
Avery Bradley,2014-15,2428.0,-1.600000023841858,-0.8999999761581421,-2.5999999046325684,-1.551579109241428,-0.2463236295348233,-0.24633356685370883,-0.2463310825239874,-1.797912676095137,-1.7979027387762512,-1.7979126760951367,-1.7979101917654154,-0.319017268,-1.165150764
Jarrett Jack,2014-15,2241.0,-2.0999999046325684,-0.5,-2.5999999046325684,-1.3463626471821966,-1.7225306704165435,-1.6580971597081753,-1.6742055373852671,-3.004459806890371,-3.0688933175987403,-3.004459806890372,-3.0205681845674635,-1.313664329,-2.405047143
Shane Larkin,2014-15,1865.0,-2.299999952316284,-0.2000000029802322,-2.5,-2.248250453539367,-0.132216321229947,-0.08039476473293619,-0.0933501538571889,-2.328645218272303,-2.3804667747693142,-2.328645218272303,-2.341600607396556,-0.101401906,-1.611085003
Andre Miller,2014-15,1253.0,0.5,-2.900000095367432,-2.5,0.7705276927780029,-1.0687816006226754,-1.2293705876816727,-1.1892233409169235,-0.4588428949036698,-0.29825390784467243,-0.4588428949036698,-0.4186956481389206,-1.4728911143990426,-2.060433184545092
Kent Bazemore,2014-15,1324.0,-2.5999999046325684,0.0,-2.5999999046325684,-2.968554834010736,0.6359239806392797,0.48128031220474093,0.5199412293133756,-2.4872745218059946,-2.3326308533714566,-2.487274521805995,-2.4486136046973606,0.657084559,-2.757564747
Tarik Black,2014-15,1196.0,-1.399999976158142,-1.2000000476837158,-2.700000047683716,-0.932686056411109,-0.644413437073111,-0.7492375206346813,-0.7230314997442887,-1.6819235770457903,-1.5770994934842202,-1.6819235770457903,-1.6557175561553978,-1.373268547666388,-1.5883665409690635
Chris Kaman,2014-15,1398.0,-2.799999952316284,0.2000000029802322,-2.5999999046325684,-2.3106654108302,0.2168389554414096,0.009055052907338226,0.06100102854085608,-2.3016103579228617,-2.09382645538879,-2.3016103579228617,-2.249664382289344,-0.336956617,-1.865033422
Mason Plumlee,2014-15,1743.0,-0.800000011920929,-1.899999976158142,-2.5999999046325684,-1.0090076556034575,-0.4630679731446706,-0.49974905633736844,-0.490578785539194,-1.5087567119408258,-1.472075628748128,-1.5087567119408258,-1.4995864411426516,0.282995462,0.092791054
Brandon Bass,2014-15,1929.0,-1.7000000476837158,-1.100000023841858,-2.799999952316284,-1.6460445329236466,-0.8177731745103597,-0.7637589843018859,-0.7772625318540044,-2.4098035172255328,-2.463817707434006,-2.4098035172255328,-2.423307064777651,-1.0916202049999997,-0.620725244
Chase Budinger,2014-15,1286.0,-1.100000023841858,-1.7000000476837158,-2.799999952316284,-1.4483942426345582,-1.2426915422928824,-1.2125505281471796,-1.2200857816836055,-2.6609447707817377,-2.6910857849274405,-2.6609447707817377,-2.6684800243181637,-1.57080726,-2.280738016
Omri Casspi,2014-15,1416.0,0.6000000238418579,-3.400000095367432,-2.799999952316284,-0.7905492246522873,-2.4686524189357115,-2.5435404607013963,-2.524818450259975,-3.334089685353684,-3.259201643587999,-3.3340896853536837,-3.3153676749122623,-1.685853156,-1.321946433
Dante Cunningham,2014-15,1652.0,-2.799999952316284,0.0,-2.799999952316284,-3.632938481628249,-0.1935420098212945,-0.16529952228007144,-0.1723601441653772,-3.79823800390832,-3.8264804914495434,-3.7982380039083203,-3.8052986257936263,-0.062757569,-1.886310164
Shaun Livingston,2014-15,1468.0,-2.0999999046325684,-0.699999988079071,-2.799999952316284,-1.8872860781614795,0.1253809128656142,0.09061741722908236,0.09930829113821531,-1.796668660932397,-1.7619051652958653,-1.7966686609323972,-1.7879777870232643,-0.856843644,-2.382304928
Ray McCallum,2014-15,1436.0,-0.800000011920929,-2.0,-2.799999952316284,-1.0891697747638414,-2.479721841692123,-2.5119288682148593,-2.503877111584175,-3.601098642978701,-3.5688916164559643,-3.601098642978701,-3.5930468863480165,-1.638575824,-2.81208126
Dennis Schroder,2014-15,1516.0,-0.699999988079071,-2.0,-2.799999952316284,-0.7349528191593372,-1.1229150944161073,-1.3008028270069802,-1.2563308938592619,-2.0357556461663173,-1.8578679135754443,-2.0357556461663173,-1.991283713018599,-1.75724991,-2.456813185
Quincy Acy,2014-15,1287.0,-2.5,-0.4000000059604645,-2.900000095367432,-2.3880612513148503,0.8058158680006442,0.6371151529816662,0.6792903317364106,-1.7509460983331842,-1.582245383314206,-1.7509460983331842,-1.7087709195784395,-0.903287696,-2.61833309
Marco Belinelli,2014-15,1388.0,0.3000000119209289,-3.0999999046325684,-2.900000095367432,-0.1238860091356519,-2.7025692911064625,-2.683472610643486,-2.68824678075923,-2.8073586197791376,-2.8264553002421144,-2.807358619779138,-2.812132789894882,-1.361219908,-1.555836972
Greivis Vasquez,2014-15,1991.0,-0.4000000059604645,-2.400000095367432,-2.799999952316284,0.0884015960795911,-1.2327289981676497,-1.3513788846590877,-1.3217164130362282,-1.2629772885794963,-1.1443274020880585,-1.2629772885794965,-1.233314816956637,-1.5248578,-1.857523293
Kirk Hinrich,2014-15,1610.0,-2.299999952316284,-0.6000000238418579,-3.0,-2.560288868143193,0.3538810910838674,0.31176725969586044,0.3222957175428621,-2.2485216084473323,-2.2064077770593253,-2.2485216084473323,-2.2379931506003308,-0.121962844,-1.992958712
Marreese Speights,2014-15,1207.0,-1.399999976158142,-1.600000023841858,-3.0999999046325684,-1.1588834296855104,0.5798339659460797,0.417215665767413,0.4578702408120796,-0.7416677639180975,-0.5790494637394307,-0.7416677639180974,-0.7010131888734308,-1.665879968,-1.079076769
Carl Landry,2014-15,1192.0,-1.899999976158142,-1.399999976158142,-3.299999952316284,-2.408865635593487,-1.0036301759648232,-1.1506691302461554,-1.1139093916758223,-3.5595347658396426,-3.41249581155831,-3.5595347658396426,-3.5227750272693097,-2.805207467,-2.871635675
KJ McDaniels,2014-15,1352.0,-3.900000095367432,0.699999988079071,-3.200000047683716,-6.245034661177432,1.078031845556518,0.8962253494140574,0.9416769734496726,-5.3488093117633735,-5.167002815620914,-5.348809311763375,-5.303357687727759,0.5155346047152367,-3.2671667435458582
Carlos Boozer,2014-15,1692.0,-1.600000023841858,-1.7999999523162842,-3.400000095367432,-1.6436288982763898,-1.6935896161704311,-1.6603571957113255,-1.6686653008261016,-3.3039860939877155,-3.337218514446821,-3.3039860939877155,-3.3122941991024915,-1.58864476,-2.117903143
Ramon Sessions,2014-15,1188.0,-2.0999999046325684,-1.7000000476837158,-3.799999952316284,-2.9592658039845787,-0.9571478491498714,-1.2288629811224512,-1.1609341981293062,-4.18812878510703,-3.91641365313445,-4.18812878510703,-4.120200002113885,-1.7122597412727274,-3.8972487147323234
Kevin Seraphin,2014-15,1235.0,-3.0,-0.800000011920929,-3.799999952316284,-3.592279959193864,-0.7937281620734827,-1.16011374796852,-1.0685173514947608,-4.752393707162383,-4.386008121267347,-4.752393707162383,-4.660797310688625,-1.267105586,-4.939674653
Dante Exum,2014-15,1817.0,-2.799999952316284,-0.800000011920929,-3.5999999046325684,-1.840878284513351,0.3411086902057628,0.3136850347087552,0.3205409485830071,-1.5271932498045957,-1.4997695943075882,-1.5271932498045957,-1.5203373359303438,-0.535979098,-3.889478874
Tim Hardaway Jr.,2014-15,1681.0,0.4000000059604645,-4.099999904632568,-3.700000047683716,-0.5504291340517691,-2.8738677783083,-2.9668780223307554,-2.9436254613251416,-3.5173071563825244,-3.4242969123600693,-3.5173071563825244,-3.4940545953769107,-2.793952769,-3.574220571000001
Norris Cole,2014-15,1831.0,-1.899999976158142,-1.7999999523162842,-3.700000047683716,-2.191496109439357,-0.9078254913664616,-0.9589665384370261,-0.9461812766693849,-3.150462647876383,-3.0993216008058186,-3.150462647876383,-3.137677386108742,-1.0588201253730205,-2.8013458028121243
Ryan Kelly,2014-15,1233.0,-1.899999976158142,-2.299999952316284,-4.199999809265137,-2.2978513862792096,-1.4598094087927824,-1.6779397575427861,-1.6234071703552848,-3.975791143821996,-3.757660795071992,-3.9757911438219957,-3.9212585566344944,-1.026325125,-2.831912814
Kendrick Perkins,2014-15,1148.0,-5.099999904632568,0.800000011920929,-4.300000190734863,-7.940075107798741,0.3108352948575458,0.13962072997166794,0.1824243711931374,-7.800454377827073,-7.629239812941195,-7.800454377827073,-7.757650736605603,-0.1452825754442509,-4.867226814037457
Austin Rivers,2014-15,1563.0,-2.900000095367432,-1.100000023841858,-4.0,-2.8430489183313825,-1.40007182655036,-1.4231505242218772,-1.417380849803998,-4.26619944255326,-4.243120744881742,-4.26619944255326,-4.26042976813538,-1.5388824332476008,-2.8094533942463213
Gary Neal,2014-15,1193.0,-0.699999988079071,-3.799999952316284,-4.5,-1.6852780595209067,-1.462120124314359,-1.769934117234155,-1.6929806190042058,-3.4552121767550616,-3.1473981838352656,-3.4552121767550616,-3.3782586785251123,-1.485941274852473,-3.1222320310410727
Derrick Williams,2014-15,1462.0,-1.0,-3.400000095367432,-4.5,-1.045102012083006,-3.2839261547564638,-3.2012442375691634,-3.2219147168659883,-4.246346249652168,-4.3290281668394694,-4.246346249652169,-4.267016728948994,-2.38740524,-2.425664453
Spencer Hawes,2014-15,1274.0,-4.699999809265137,-0.4000000059604645,-5.099999904632568,-3.537602950522032,-0.4632974773879854,-0.7031120120557959,-0.6431583783888433,-4.240714962577828,-4.000900427910017,-4.240714962577828,-4.180761328910875,-0.899115936,-4.708294497
JJ Hickson,2014-15,1411.0,-3.700000047683716,-1.100000023841858,-4.800000190734863,-3.221244421685592,-0.7632035730457165,-0.7881277590689539,-0.7818967125631446,-4.009372180754546,-3.9844479947313087,-4.009372180754546,-4.003141134248737,-1.077914854,-3.160177753
Henry Sims,2014-15,1399.0,-3.0999999046325684,-1.899999976158142,-5.0,-3.1738966408238114,-0.2988573297821721,-0.2730492001744403,-0.2795012325763732,-3.446945840998252,-3.4727539706059836,-3.446945840998252,-3.4533978734001844,-1.32593755,-3.286698313
Lance Thomas,2014-15,1490.0,-4.0,-1.7000000476837158,-5.699999809265137,-3.365850852245021,-1.1203966393439015,-1.0967779735420866,-1.1026826399925402,-4.4626288257871085,-4.486247491588922,-4.462628825787108,-4.468533492237561,-2.0098165804832213,-4.726085489395974
Jason Smith,2014-15,1785.0,-2.700000047683716,-2.700000047683716,-5.400000095367432,-2.287424457721336,-1.7645026350467898,-1.9020399446502614,-1.8676556172493934,-4.189464402371597,-4.051927092768126,-4.1894644023715975,-4.15508007497073,-2.18155665,-4.210534252
Lance Stephenson,2014-15,1573.0,-3.400000095367432,-2.299999952316284,-5.800000190734863,-4.829381397345976,-1.0503894029928265,-1.0124557102852632,-1.021939133462154,-5.841837107631239,-5.879770800338803,-5.841837107631239,-5.85132053080813,-0.12699222,-3.908263945
Jose Calderon,2014-15,1270.0,-1.399999976158142,-5.300000190734863,-6.800000190734863,-1.7542428154786738,-3.2309942679656154,-3.387275999808656,-3.348205566847896,-5.14151881528733,-4.985237083444289,-5.14151881528733,-5.102448382326569,-2.114193443,-3.311551402
Zach LaVine,2014-15,1902.0,-3.5,-4.800000190734863,-8.300000190734863,-2.136986605338997,-3.281072466646924,-3.5073221383101645,-3.450759720394354,-5.644308743649162,-5.418059071985921,-5.6443087436491615,-5.587746325733351,-2.94992159,-6.033761183
Draymond Green,2015-16,2808.0,4.199999809265137,5.199999809265137,9.399999618530272,3.6703508431741376,4.319288517336066,4.253034914253947,4.269598315024476,7.923385757428084,7.989639360510203,7.923385757428084,7.939949158198614,3.464000528,6.174660225
Kawhi Leonard,2015-16,2380.0,5.0,5.099999904632568,10.100000381469728,3.4221755760345904,3.7182102842936335,3.8101811457766424,3.78718843040589,7.232356721811232,7.140385860328224,7.232356721811232,7.209364006440481,3.287638774,8.556321544
Chris Paul,2015-16,2420.0,7.5,1.600000023841858,9.0,6.742525243607386,1.086370727107432,1.0904583184139116,1.0894364205872917,7.8329835620212975,7.828895970714818,7.8329835620212975,7.831961664194678,1.701560324,7.941560046
LeBron James,2015-16,2709.0,6.099999904632568,1.399999976158142,7.5,6.578777080276049,1.5471856943364732,1.3552834766656259,1.4032590310833377,7.934060556941675,8.125962774612521,7.934060556941675,7.9820361113593865,1.351532539,7.653168326
Russell Westbrook,2015-16,2750.0,6.400000095367432,0.0,6.400000095367432,5.4991892461578535,1.0900562073363047,0.9566092506282026,0.989970989805228,6.455798496786056,6.589245453494158,6.455798496786056,6.489160235963082,1.33637247,7.054205722
James Harden,2015-16,3125.0,5.699999809265137,-0.6000000238418579,5.0,6.648100693365524,-1.1366365610757418,-1.2564469726654441,-1.2264943697680186,5.39165372070008,5.511464132289782,5.391653720700079,5.421606323597505,-0.46153633,4.512069056
Kyle Lowry,2015-16,2851.0,5.5,0.3000000119209289,5.800000190734863,5.448666593330174,0.478032330733498,0.4923435603535432,0.48876575294853186,5.941010153683717,5.926698924063672,5.941010153683717,5.9374323462787055,1.104079291,4.811548992
Kevin Durant,2015-16,2578.0,6.199999809265137,0.0,6.199999809265137,6.743270048464254,0.7580776644743206,0.7170400141348681,0.7272994267197312,7.460310062599122,7.501347712938575,7.460310062599122,7.470569475183985,0.73592592,7.120292949
Paul George,2015-16,2819.0,2.700000047683716,2.299999952316284,5.0,2.8731991937178987,1.3225176050062275,1.347622625694701,1.3413463705225825,4.2208218194126,4.195716798724126,4.2208218194126,4.214545564240481,1.510256662,3.716100274
Kemba Walker,2015-16,2885.0,3.400000095367432,1.100000023841858,4.5,3.6454981784616898,0.671453603182321,0.713554322399119,0.7030291425949194,4.359052500860809,4.31695178164401,4.359052500860809,4.3485273210566096,0.61402745,3.193268958
Nikola Jokic,2015-16,1733.0,3.5999999046325684,4.5,8.199999809265137,2.362295806031366,2.7926111881696314,2.844271246623129,2.831356232009754,5.206567052654496,5.1549069942009975,5.206567052654496,5.193652038041121,1.088031578,3.554353401
Steven Adams,2015-16,2014.0,0.699999988079071,5.300000190734863,6.0,-0.0578968282544886,3.41012786393961,3.4354938119589677,3.4291523249541287,3.37759698370448,3.3522310356851217,3.3775969837044792,3.37125549669964,0.647577233,1.627924216
Isaiah Thomas,2015-16,2644.0,4.5,-0.8999999761581421,3.5,4.823370533531217,-1.139142128135494,-1.1327586695625633,-1.1343545342057961,3.6906118639686536,3.6842284053957233,3.6906118639686536,3.689015999325421,-1.092941728,2.232370082
DeMarcus Cousins,2015-16,2246.0,0.3000000119209289,4.099999904632568,4.400000095367432,0.6706421111376337,2.5358365492112487,2.547712297071607,2.5447433601065175,3.218354408209241,3.2064786603488824,3.218354408209241,3.215385471244151,0.933515663,1.960249842
CJ McCollum,2015-16,2780.0,2.200000047683716,0.8999999761581421,3.0999999046325684,2.520282753233297,-0.3478801219479812,-0.46970927116939953,-0.43925198386404496,2.050573482063897,2.172402631285316,2.0505734820638972,2.081030769369252,-0.509543986,2.421980443
Jimmy Butler,2015-16,2474.0,2.5,1.2000000476837158,3.700000047683716,2.021208792022469,0.8673651260693388,0.9030027966711922,0.8940933790207287,2.924211588693661,2.888573918091808,2.9242115886936615,2.915302171043198,1.016294128,4.806814885
Ricky Rubio,2015-16,2323.0,1.2999999523162842,2.700000047683716,4.0,2.002769981551776,1.4169595141312457,1.4342479149906768,1.429925814775819,3.4370178965424527,3.419729495683022,3.4370178965424527,3.432695796327595,1.641150007,3.560088581
Damian Lillard,2015-16,2676.0,5.0,-2.0999999046325684,2.900000095367432,5.848044337240857,-1.9138622086465225,-1.7593062715006829,-1.7979452557871427,4.088738065740174,3.934182128594335,4.088738065740174,4.050099081453714,-1.777058886,1.719401652
JJ Redick,2015-16,2097.0,3.0999999046325684,1.5,4.599999904632568,2.9653074032007143,-0.1158021925324674,-0.07951330402013404,-0.08858552614821738,2.8857940991805804,2.849505210668247,2.8857940991805804,2.8767218770524967,-0.754056623,3.071235283
Kevin Love,2015-16,2424.0,2.400000095367432,1.2000000476837158,3.5,2.0691020296495704,0.5674362119570969,0.5688680860472819,0.5685101175247357,2.637970115696852,2.6365382416066674,2.6379701156968522,2.637612147174306,1.367575993,2.880316042
DeAndre Jordan,2015-16,2598.0,1.0,1.899999976158142,3.0,2.4286310713926067,1.9668320446260652,1.9101504274345569,1.9243208317324338,4.338781498827164,4.3954631160186715,4.338781498827164,4.3529519031250405,3.058657198,3.409113311
Kentavious CaldwellPope,2015-16,2789.0,0.699999988079071,1.7999999523162842,2.5,0.358999771473537,1.4531388637311629,1.3342918620969462,1.3640036125055004,1.6932916335704833,1.8121386352047,1.693291633570483,1.7230033839790373,1.171792109,1.84450605
Khris Middleton,2015-16,2852.0,2.5999999046325684,-0.4000000059604645,2.299999952316284,2.446028658737647,-0.3240342612868291,-0.3968119179800119,-0.37861750380671616,2.049216740757635,2.121994397450818,2.049216740757635,2.067411154930931,0.2184559929999999,2.622388108
Marvin Williams,2015-16,2338.0,2.700000047683716,0.800000011920929,3.5,2.2416968220108577,0.6550901437942672,0.6462837147850456,0.648485322037351,2.8879805367959035,2.896786965805125,2.8879805367959035,2.8901821440482087,1.035435826,2.281947152
Paul Millsap,2015-16,2647.0,0.699999988079071,1.7999999523162842,2.5,1.0489583489851748,1.5519737567470742,1.5748224425888209,1.5691102711283844,2.623780791573996,2.600932105732249,2.6237807915739957,2.6180686201135592,3.204426314,4.15178559
Klay Thompson,2015-16,2666.0,3.200000047683716,-0.8999999761581421,2.400000095367432,3.331724665602777,-0.0700739428918883,0.03092158902731274,0.00567270604751248,3.36264625463009,3.2616507227108884,3.3626462546300897,3.3373973716502894,0.0279610239999999,3.696717481
Pau Gasol,2015-16,2291.0,0.699999988079071,2.400000095367432,3.0999999046325684,-0.1216178030331819,1.9816555746150768,1.9212982329669621,1.9363875683789908,1.7996804299337807,1.860037771581895,1.7996804299337803,1.814769765345809,1.536108185,1.772355951
Tristan Thompson,2015-16,2269.0,0.699999988079071,2.299999952316284,3.0,0.0687615144963066,1.069208336458824,1.0411195606698949,1.048141754617127,1.1098810751662016,1.1379698509551306,1.1098810751662014,1.1169032691134335,1.040241755,1.885390687
John Wall,2015-16,2784.0,1.899999976158142,0.0,1.899999976158142,1.436206577416512,0.4632432995067025,0.4407942599548746,0.44640651984283153,1.877000837371387,1.8994498769232147,1.8770008373713867,1.8826130972593436,1.060594588,2.113661466
Derrick Favors,2015-16,1983.0,0.6000000238418579,3.0999999046325684,3.700000047683716,-0.584151387730784,1.542033047155,1.5595251683605529,1.5551521380591646,0.9753737806297692,0.9578816594242159,0.9753737806297689,0.9710007503283806,1.633905706,3.266923288
Patrick Beverley,2015-16,2041.0,1.5,1.7999999523162842,3.400000095367432,1.5378805704755834,1.2468289656945617,1.2766250838829207,1.2691760543358308,2.814505654358504,2.784709536170145,2.814505654358504,2.8070566248114144,0.106319223,0.440139089
Brook Lopez,2015-16,2457.0,-0.1000000014901161,2.5,2.400000095367432,0.2042486098015722,1.6255597006734568,1.650073243491843,1.6439448577872462,1.8543218532934156,1.829808310475029,1.8543218532934151,1.8481934675888183,-0.593904551,0.815873942
Kristaps Porzingis,2015-16,2047.0,0.1000000014901161,3.299999952316284,3.299999952316284,-0.149272698497517,1.9965197293642616,1.8346078092356182,1.875085789267779,1.6853351107381014,1.8472470308667446,1.6853351107381012,1.725813090770262,1.740769967,1.078780023
Victor Oladipo,2015-16,2379.0,1.2000000476837158,1.100000023841858,2.299999952316284,0.4106196291279406,0.4761231935193007,0.5085529884786678,0.500445539738826,0.9191726176066084,0.8867428226472414,0.9191726176066084,0.9110651688667666,1.444376762,2.405429738
Tim Duncan,2015-16,1536.0,-0.3000000119209289,5.300000190734863,5.0,-0.7472557662734735,4.223367187041469,4.292603306354421,4.275294276526182,3.545347540080947,3.4761114207679955,3.545347540080947,3.5280385102527085,3.0338372260000006,2.329745386
Wesley Matthews,2015-16,2644.0,1.600000023841858,0.1000000014901161,1.7000000476837158,1.0395534318686626,-0.4772747122608228,-0.41019148322116705,-0.426962290481081,0.6293619486474955,0.5622787196078398,0.6293619486474955,0.6125911413875815,0.196235662,0.680650802
Anthony Davis,2015-16,2164.0,0.3000000119209289,2.299999952316284,2.5999999046325684,-0.2593167314186904,1.2934200818635542,1.2295143535740043,1.2454907856463917,0.970197622155314,1.0341033504448638,0.9701976221553139,0.9861740542277013,0.681529002,2.657601146
Jrue Holiday,2015-16,1831.0,3.299999952316284,0.2000000029802322,3.5,2.9811041446960838,-0.2620758362228335,-0.28991491661122515,-0.2829551465141273,2.691189228084858,2.7190283084732503,2.6911892280848586,2.6981489981819564,-0.29592694,1.589417139
LaMarcus Aldridge,2015-16,2261.0,0.800000011920929,1.5,2.299999952316284,0.2688112957025506,1.9016280687566236,1.8611238114510238,1.8712498757774236,2.1299351071535737,2.170439364459174,2.1299351071535746,2.1400611714799744,1.097242824,3.2485539
Marcin Gortat,2015-16,2256.0,-0.8999999761581421,3.299999952316284,2.299999952316284,-0.7388327627210599,2.0628357342364687,2.0453428091918164,2.0497160404529793,1.3065100464707564,1.3240029715154087,1.3065100464707564,1.3108832777319193,0.574366045,0.666741874
Al Horford,2015-16,2631.0,-0.2000000029802322,1.7999999523162842,1.5,-0.1507383156772548,1.4796965397395452,1.486418592142412,1.4847380790416953,1.3356802764651572,1.3289582240622904,1.3356802764651572,1.3339997633644405,1.076079997,2.466496957
KarlAnthony Towns,2015-16,2627.0,1.2000000476837158,0.2000000029802322,1.399999976158142,1.1736697353860848,-0.1661260482030087,-0.1275460352629353,-0.13719103849795364,1.0461237001231494,1.007543687183076,1.0461237001231494,1.0364786968881312,-0.0998379509999999,1.001000808
Goran Dragic,2015-16,2363.0,0.8999999761581421,0.8999999761581421,1.7999999523162842,0.8971625712598237,0.7090679673250757,0.6967133079942325,0.6998019728269432,1.5938758792540562,1.6062305385848994,1.5938758792540562,1.596964544086767,-0.194937673,0.248346362
Danny Green,2015-16,2062.0,0.2000000029802322,2.200000047683716,2.400000095367432,-0.3021828359759869,2.946394608034008,2.940052642117309,2.941638133596484,2.6378698061413224,2.6442117720580214,2.6378698061413224,2.639455297620497,3.136386791,1.620282217
Dirk Nowitzki,2015-16,2364.0,1.600000023841858,0.1000000014901161,1.7999999523162842,1.8786037673507403,1.107127013336146,0.9293300753745377,0.9737793098649399,2.8079338427252782,2.985730780686886,2.8079338427252782,2.85238307721568,0.374080776,2.506775462
Reggie Jackson,2015-16,2424.0,3.200000047683716,-1.7000000476837158,1.5,3.695250563860455,-1.2083692113668707,-1.2459077000021033,-1.2365230778432952,2.449342863858352,2.486881352493584,2.4493428638583516,2.4587274860171595,-1.306904092,0.745939532
Hassan Whiteside,2015-16,2125.0,0.3000000119209289,2.0,2.200000047683716,-0.5002117001647916,2.1232813989841257,2.0021784479539635,2.032454185711504,1.5019667477891714,1.623069698819334,1.5019667477891718,1.5322424855467123,3.761501868,3.180116299
Ryan Anderson,2015-16,2008.0,2.0,0.3000000119209289,2.299999952316284,1.5596455890501353,-0.6730587749540234,-0.5105364749750894,-0.5511670499698229,1.049109114075046,0.8865868140961118,1.049109114075046,1.0084785390803124,-1.548695676,0.0929716
Jared Dudley,2015-16,2098.0,1.2999999523162842,0.8999999761581421,2.0999999046325684,0.4425641253685142,0.902398267401197,0.8593003603308963,0.8700748370984714,1.3018644856994104,1.3449623927697112,1.3018644856994106,1.3126389624669856,0.259439546,0.408012169
Gordon Hayward,2015-16,2893.0,1.600000023841858,-0.8999999761581421,0.699999988079071,1.6957607777022023,-0.2441546075655943,-0.24015360488784482,-0.2411538555572822,1.4556071728143576,1.451606170136608,1.4556071728143576,1.45460692214492,-0.037382791,2.142473832
Rudy Gobert,2015-16,1932.0,-1.100000023841858,3.5,2.400000095367432,-0.7328085255503836,3.379401639321405,3.343862685842926,3.352747424212546,2.6110541602925426,2.6465931137710212,2.6110541602925426,2.6199388986621623,2.847575608,1.709373827
Mario Chalmers,2015-16,1373.0,1.7000000476837158,2.5,4.199999809265137,1.718095503735532,1.9240129741304124,1.799026103934721,1.8302728214836437,3.517121607670253,3.6421084778659445,3.517121607670253,3.548368325219176,1.0759804759876184,2.0127146660065547
Rodney Hood,2015-16,2541.0,2.0999999046325684,-1.0,1.100000023841858,1.9228838014782836,-1.0423949639481755,-1.017219216932734,-1.0235131536865945,0.9056645845455495,0.8804888375301081,0.9056645845455495,0.8993706477916892,0.07484354,1.271047895
Greg Monroe,2015-16,2314.0,1.5,-0.1000000014901161,1.399999976158142,1.4812726931123006,-0.2140898995782832,-0.25924621451005536,-0.24795713577711231,1.2220264786022452,1.2671827935340174,1.2220264786022452,1.2333155573351884,-0.521611188,1.278434086
Jae Crowder,2015-16,2308.0,1.2000000476837158,0.1000000014901161,1.2999999523162842,1.384694096719685,1.006510692715357,0.9889005870972831,0.9933031135018016,2.373594683816968,2.391204789435042,2.373594683816968,2.3779972102214866,1.967738949,3.501453024
Tobias Harris,2015-16,2513.0,0.3000000119209289,0.699999988079071,1.0,0.4769039742738397,-0.0485390981342382,0.021608044997793844,0.004071259214785829,0.4985120192716335,0.4283648761396015,0.4985120192716335,0.48097523348862553,0.1332057491810585,1.1279208960194986
Kyle Korver,2015-16,2401.0,0.2000000029802322,1.0,1.2000000476837158,1.0034220207755504,0.2290123795911997,0.34656472866194216,0.3171766413942565,1.3499867494374924,1.23243440036675,1.3499867494374926,1.320598662169807,1.068023582,0.12695809
Giannis Antetokounmpo,2015-16,2823.0,0.800000011920929,-0.2000000029802322,0.5,1.0779104191606184,-0.2182973137910802,-0.2301682671146184,-0.2272005287837338,0.847742152046,0.8596131053695382,0.847742152046,0.8507098903768846,0.530973234,0.283211612
Ed Davis,2015-16,1684.0,0.699999988079071,2.0,2.700000047683716,0.3022017782797245,2.2144126584492203,2.1047715104500413,2.132181797449836,2.406973288729766,2.5166144367289447,2.4069732887297657,2.4343835757295604,1.212715375,2.31398336
Andre Drummond,2015-16,2666.0,-0.8999999761581421,1.600000023841858,0.6000000238418579,0.301197177845413,2.5749765305191548,2.489061617503963,2.510540345757761,2.7902587953493763,2.8761737083645675,2.7902587953493763,2.811737523603174,2.999181988,2.797278393
JR Smith,2015-16,2362.0,2.400000095367432,-1.2999999523162842,1.100000023841858,1.9320610720461813,-0.7340151133563011,-0.7494497694975271,-0.7455911054622205,1.1826113025486542,1.1980459586898802,1.1826113025486542,1.1864699665839606,0.738420833,1.955643183
Carmelo Anthony,2015-16,2530.0,3.5,-2.700000047683716,0.699999988079071,2.772493048734186,-1.5258619419541262,-1.6921930816139858,-1.6506102966990208,1.0802999671202005,1.2466311067800597,1.0802999671202,1.121882752035165,-0.122369312,2.121225055
Danilo Gallinari,2015-16,1839.0,3.0,-0.8999999761581421,2.0999999046325684,1.699830437557572,-1.349482648431471,-1.2135102381009242,-1.247503340683561,0.4863201994566477,0.3503477891261009,0.48632019945664773,0.45232709687401096,-1.400644003,1.601101398
George Hill,2015-16,2524.0,0.2000000029802322,0.6000000238418579,0.800000011920929,0.5624930824245128,0.4884964724438691,0.5627423308924437,0.5441808662803002,1.1252354133169566,1.0509895548683819,1.1252354133169566,1.106673948704813,0.344762512,0.234419228
Avery Bradley,2015-16,2536.0,1.2000000476837158,-0.6000000238418579,0.699999988079071,1.2118833525743369,-0.4645649340759081,-0.40870029211208353,-0.4226664526030396,0.8031830604622533,0.7473184184984287,0.8031830604622534,0.7892168999712973,0.988411372,1.905406479
Patrick Patterson,2015-16,2020.0,0.5,0.8999999761581421,1.5,0.5054655721707265,0.9377158660534058,0.9234370255307308,0.9270067356613996,1.4289025977014571,1.4431814382241324,1.4289025977014573,1.4324723078321262,0.805166319,0.676927031
Serge Ibaka,2015-16,2500.0,-0.800000011920929,1.399999976158142,0.6000000238418579,-0.2635425786932117,1.388889302944125,1.3071409461406047,1.3275780353414848,1.043598367447393,1.1253467242509132,1.043598367447393,1.064035456648273,1.261808498,1.040991022
David West,2015-16,1404.0,0.2000000029802322,2.700000047683716,2.900000095367432,-0.2623624421538305,2.0382544398841573,2.1728553754023534,2.139205141522804,1.9104929332485223,1.775891997730327,1.910492933248523,1.8768426993689737,1.990699947,2.690116813
Matthew Dellavedova,2015-16,1867.0,0.4000000059604645,1.0,1.5,0.948379541960818,-0.0384107384208486,0.168560283753977,0.11681752821027061,1.116939825714795,0.9099688035399693,1.1169398257147949,1.0651970701710887,-0.020416687,-0.010074402
Jared Sullinger,2015-16,1915.0,-0.6000000238418579,1.899999976158142,1.399999976158142,0.000307896181923,1.870771621752927,1.9435474631733896,1.925353502818274,1.9438553593553127,1.87107951793485,1.9438553593553125,1.925661399000197,1.774876895,1.292006358
Thaddeus Young,2015-16,2407.0,0.1000000014901161,0.5,0.5,-0.3788778648669714,0.7008040793876039,0.8523769961836547,0.8144837669846421,0.4734991313166832,0.3219262145206325,0.4734991313166833,0.4356059021176707,0.824365325,1.253740817
Kent Bazemore,2015-16,2083.0,-0.4000000059604645,1.2999999523162842,0.8999999761581421,-1.1315424538855128,1.7377256195626425,1.7557468678557875,1.7512415557825012,0.6242044139702747,0.6061831656771297,0.6242044139702747,0.6196991018969884,1.831798804,0.673428243
Robert Covington,2015-16,1903.0,-0.699999988079071,1.899999976158142,1.2000000476837158,-0.4633802552508381,1.3638892761438424,1.3809435372562153,1.376679971978122,0.9175632820053776,0.9005090208930042,0.9175632820053772,0.9132997167272838,1.284374249,-0.280144311
Amir Johnson,2015-16,1800.0,0.2000000029802322,1.2999999523162842,1.5,0.8472841184013847,1.6360034220136537,1.6377818178327361,1.6373372188779656,2.485065936234121,2.4832875404150383,2.485065936234121,2.4846213372793504,1.467840299,1.43450558
Jeremy Lin,2015-16,2048.0,-1.2000000476837158,2.200000047683716,1.0,-1.484607263029752,1.659360974081525,1.6000250386802684,1.6148590225305823,0.1154177756505165,0.17475371105177295,0.11541777565051636,0.13025175950083034,0.135113718,-0.354164822
Luol Deng,2015-16,2394.0,0.1000000014901161,0.2000000029802322,0.3000000119209289,0.0989370868123421,0.237489024658964,0.3810164177463303,0.34513456947448873,0.4799535045586725,0.3364261114713061,0.4799535045586724,0.4440716562868308,0.14886987,0.90152437
Monta Ellis,2015-16,2734.0,-0.3000000119209289,0.2000000029802322,-0.1000000014901161,-0.4732138570485037,0.9251373342711778,0.9037554110416717,0.9091008918490482,0.4305415539931679,0.4519234772226741,0.43054155399316796,0.43588703480054447,1.833396688,1.95713988
Jeremy Lamb,2015-16,1227.0,1.0,2.400000095367432,3.400000095367432,-0.4653046748471947,2.548444917334097,2.4491080191759096,2.4739422437154563,1.9838033443287149,2.0831402424869023,1.9838033443287149,2.0086375688682616,1.380847843,1.363671094
Patty Mills,2015-16,1662.0,1.7999999523162842,-0.1000000014901161,1.7999999523162842,1.0204796832389271,0.0780368207707726,0.22149459616528805,0.1856301523166592,1.2419742794042152,1.0985165040096998,1.2419742794042152,1.2061098355555864,0.523655693,1.173200797
PJ Tucker,2015-16,2540.0,-0.800000011920929,0.8999999761581421,0.2000000029802322,-1.391668425795749,0.5206452647698693,0.5544757256783444,0.5460181104512256,-0.8371927001174047,-0.8710231610258797,-0.8371927001174047,-0.8456503153445234,0.416321426,-0.377249209
Otto Porter Jr.,2015-16,2276.0,0.4000000059604645,0.0,0.4000000059604645,0.6875387558246834,0.9221647326562076,0.9787223837964552,0.9645829710113931,1.6662611396211384,1.609703488480891,1.6662611396211386,1.6521217268360764,1.154965122,1.781151798
Terrence Ross,2015-16,1747.0,1.100000023841858,0.4000000059604645,1.5,0.7696026455724465,0.6031099304660973,0.6911760491085374,0.6691595194479273,1.4607786946809838,1.372712576038544,1.4607786946809838,1.438762165020374,-0.096730598,0.698285119
Jeff Teague,2015-16,2255.0,0.800000011920929,-0.4000000059604645,0.4000000059604645,0.6939729016151587,-0.5712061264512255,-0.6239747564760809,-0.6107825989698671,0.0699981451390778,0.1227667751639332,0.06999814513907776,0.08319030264529159,-0.283011852,0.364460754
Andrew Wiggins,2015-16,2845.0,0.5,-0.800000011920929,-0.2000000029802322,0.7253473971001094,-0.5878001997076768,-0.6215902666331967,-0.6131427499018167,0.1037571304669127,0.1375471973924326,0.1037571304669127,0.1122046471982927,-1.6265159209999998,-0.301420034
Lou Williams,2015-16,1907.0,3.200000047683716,-2.200000047683716,1.0,2.1233963329730057,-2.1428495561832626,-2.211011751686357,-2.1939712028105838,-0.0876154187133511,-0.019453223210256887,-0.08761541871335154,-0.0705748698375781,-1.743898831,0.560650305
Mike Conley,2015-16,1761.0,2.200000047683716,-0.8999999761581421,1.399999976158142,1.972763691584672,0.6369826101994688,0.6483519130062096,0.6455095873045243,2.621115604590882,2.6097463017841407,2.621115604590882,2.6182732788891965,-0.483358291,2.494068576
Langston Galloway,2015-16,2033.0,-0.800000011920929,1.5,0.699999988079071,-1.214315514827946,0.3767782866526164,0.38510926708269255,0.38302652197517356,-0.8292062477452533,-0.8375372281753297,-0.8292062477452535,-0.8312889928527725,0.484832642,-0.635503804
Marcus Smart,2015-16,1667.0,-0.4000000059604645,1.899999976158142,1.5,-1.0281658025436056,2.1867314508118567,2.1776855038793,2.179946990612439,1.149519701335694,1.1585656482682511,1.1495197013356944,1.1517811880688333,1.445057096,-0.3892731249999999
Jonas Valanciunas,2015-16,1557.0,1.7999999523162842,0.1000000014901161,1.7999999523162842,0.9647985854184788,-0.0409976472164172,0.03670703550691701,0.017280864826083448,1.0015056209253956,0.9238009382020617,1.0015056209253959,0.9820794502445623,0.0253237869999999,1.318998068
Nikola Vucevic,2015-16,2037.0,0.3000000119209289,0.5,0.800000011920929,-0.3027263238536408,0.6384997211358402,0.613482314054788,0.619736665825051,0.3107559902011473,0.3357733972821994,0.31075599020114725,0.31701034197141026,-0.281630991,0.840708727
Aaron Gordon,2015-16,1863.0,0.8999999761581421,0.0,0.8999999761581421,-0.054280159472665,0.2511226965985036,0.30168394861028214,0.2890436356073375,0.2474037891376171,0.1968425371258386,0.24740378913761712,0.23476347613467247,0.478652862,0.882914468
Marc Gasol,2015-16,1791.0,-1.5,2.5999999046325684,1.0,-1.367487481334648,2.086292286544096,2.004353821560361,2.0248384378062947,0.6368663402257126,0.7188048052094478,0.6368663402257131,0.6573509564716467,0.2332270539999999,0.428684515
Dennis Schroder,2015-16,1621.0,0.1000000014901161,1.2000000476837158,1.2999999523162842,-0.3982467900522075,1.4691141452270202,1.589705205812338,1.5595574406660084,1.191458415760131,1.0708673551748127,1.1914584157601305,1.161310650613801,0.4147920419999999,-0.392272972
Garrett Temple,2015-16,1951.0,-1.2999999523162842,2.0,0.6000000238418579,-1.4837981853180622,1.434588407945995,1.3835713494544066,1.3963256140773037,-0.1002268358636553,-0.04920977737206722,-0.10022683586365555,-0.08747257124075847,0.151046369,-1.035209093
Trevor Ariza,2015-16,2859.0,0.699999988079071,-1.100000023841858,-0.5,0.9157392089517934,-0.6436473314422821,-0.5593422714986941,-0.5804185364845911,0.3563969374530993,0.27209187750951125,0.3563969374530993,0.3353206724672023,0.639145643,1.561665071
Chris Bosh,2015-16,1778.0,0.699999988079071,0.2000000029802322,0.8999999761581421,0.0892757328105473,0.8693110793492119,0.8402578405713018,0.8475211502657793,0.929533573381849,0.9585868121597593,0.9295335733818492,0.9367968830763267,-0.171888527,2.023935567
DeMar DeRozan,2015-16,2804.0,2.700000047683716,-3.0999999046325684,-0.4000000059604645,1.7361652758654076,-2.072334210532617,-2.014637536185873,-2.029061704772559,-0.278472260320465,-0.3361689346672092,-0.27847226032046546,-0.2928964289071514,-1.096709282,2.338530616
Evan Fournier,2015-16,2566.0,1.7000000476837158,-1.899999976158142,-0.2000000029802322,1.215919779467883,-1.643298453026483,-1.6329279926806735,-1.6355206077671258,-0.4170082132127899,-0.4273786735585998,-0.41700821321279036,-0.4196008282992427,-1.014409847,0.451747778
Courtney Lee,2015-16,2334.0,-0.6000000238418579,0.6000000238418579,0.0,-0.0702593252980688,-0.137043898767728,-0.01454987329903086,-0.045173379666205146,-0.0848091985970996,-0.2073032240657968,-0.08480919859709966,-0.11543270496427395,0.6329846366075407,0.8102940175265638
Kelly Olynyk,2015-16,1395.0,-0.1000000014901161,2.0,1.899999976158142,-0.2983972651107348,2.005817153908136,2.212600138356767,2.160904392244609,1.914202873246032,1.7074198887974013,1.9142028732460323,1.8625071271338745,0.415769448,1.208434769
Chandler Parsons,2015-16,1799.0,0.8999999761581421,-0.1000000014901161,0.800000011920929,0.9347670551939102,-0.7638958327323895,-0.8261302821378103,-0.8105716697864551,0.1086367730560999,0.17087122246152076,0.10863677305609998,0.12419538540745512,-0.136988206,1.455575175
Thabo Sefolosha,2015-16,1758.0,-1.100000023841858,2.0,0.8999999761581421,-1.4150450225805615,1.1764206309500471,1.2674748957244888,1.2447113295308783,-0.1475701268560725,-0.2386243916305144,-0.14757012685607274,-0.17033369304968327,2.233628498,1.0507162
Dwyane Wade,2015-16,2258.0,1.7999999523162842,-1.600000023841858,0.2000000029802322,1.04537263775641,-0.916214474169046,-0.9627996476459131,-0.9511533542766963,0.0825729901104969,0.1291581635873641,0.08257299011049701,0.09421928347971376,-0.460464128,1.05499794
Clint Capela,2015-16,1471.0,-0.2000000029802322,1.7000000476837158,1.5,0.4189851060457348,2.4458984300175386,2.810096663892578,2.719047105423818,3.229081769938313,2.8648835360632736,3.229081769938313,3.138032211469553,1.225177723,1.144965474
Michael CarterWilliams,2015-16,1649.0,-1.399999976158142,2.299999952316284,1.0,-1.2231859071190587,1.0576201310396516,0.9929019710408478,1.0090815110405487,-0.2302839360782109,-0.16556577607940715,-0.23028393607821096,-0.21410439607851006,0.61165921,-1.475709953
Darren Collison,2015-16,2219.0,1.7999999523162842,-1.7000000476837158,0.1000000014901161,1.677628445445184,-1.854283395767559,-1.7510935237135636,-1.7768909917270626,-0.0734650782683794,-0.1766549503223751,-0.07346507826837967,-0.09926254628187858,-1.566195306,-0.102946435
Cory Joseph,2015-16,2046.0,-1.2000000476837158,1.5,0.4000000059604645,-0.797380791414814,1.1637482760867957,1.1372295175765443,1.1438592072041072,0.3398487261617303,0.36636748467198166,0.33984872616173034,0.34647841578929317,0.212382788,0.804773981
Ian Mahinmi,2015-16,1816.0,-2.200000047683716,2.900000095367432,0.699999988079071,-1.2214077097798548,2.1500756674284425,2.197614092225667,2.1857294860263607,0.976206382445812,0.9286679576485877,0.976206382445812,0.964321776246506,1.840463805,1.505975786
AlFarouq Aminu,2015-16,2341.0,-0.699999988079071,0.6000000238418579,-0.1000000014901161,-0.9861177497445608,0.4226798128915038,0.45515129770793494,0.44703342650382716,-0.5309664520366258,-0.563437936853057,-0.5309664520366258,-0.5390843232407336,0.681446667,0.1191083379999999
Andrew Bogut,2015-16,1451.0,-1.5,2.900000095367432,1.2999999523162842,-0.0574552950846376,3.4482386940154384,3.3993887013521977,3.411601199518008,3.34193340626756,3.3907833989308007,3.34193340626756,3.3541459044333704,2.621996426,1.436315132
Omri Casspi,2015-16,1880.0,1.600000023841858,-1.2000000476837158,0.4000000059604645,0.7763443668479036,-0.6771845926216681,-0.6174564961659873,-0.6323885202799074,0.1588878706819164,0.09915977422623556,0.15888787068191634,0.1439558465679962,-0.175143295,0.161851623
Cody Zeller,2015-16,1774.0,-1.100000023841858,1.600000023841858,0.6000000238418579,-0.4453579011234826,1.2812621835187912,1.1507896330576683,1.183407770672949,0.7054317319341858,0.8359042823953086,0.7054317319341857,0.7380498695494665,1.185795747,1.150253243
Will Barton,2015-16,2353.0,0.2000000029802322,-0.6000000238418579,-0.4000000059604645,0.062333013060335,-0.9636280096991808,-0.9228933699646689,-0.9330770298982969,-0.8605603569043339,-0.9012949966388458,-0.8605603569043339,-0.8707440168379619,0.030386977,0.385583898
Trevor Booker,2015-16,1632.0,-0.8999999761581421,1.600000023841858,0.699999988079071,-1.592521291904597,1.5352988823873648,1.6697686957426274,1.6361512424038116,0.0772474038380301,-0.05722240951723223,0.07724740383803042,0.04362995049921459,1.357573325,0.721212931
Jose Calderon,2015-16,2024.0,0.6000000238418579,-0.5,0.1000000014901161,1.377816695636093,-1.3540331048012426,-1.1807713703013625,-1.2240868039263324,0.1970453253347306,0.023783590834850488,0.19704532533473063,0.1537298917097607,-0.147190139,0.008900368
Rajon Rondo,2015-16,2537.0,1.0,-1.5,-0.5,0.3492917718487778,-1.2203427499011583,-1.2022281850837218,-1.2067568262880808,-0.8529364132349437,-0.8710509780523805,-0.852936413234944,-0.857465054439303,0.35728293,1.253333364
Rudy Gay,2015-16,2379.0,-0.3000000119209289,-0.2000000029802322,-0.5,-0.1080648977195419,-0.1872632079685358,-0.2443587078520721,-0.23008483288118797,-0.352423605571614,-0.2953281056880777,-0.352423605571614,-0.3381497306007299,0.271543611,0.391243507
Andre Iguodala,2015-16,1732.0,0.0,0.4000000059604645,0.5,0.9217678085677332,1.010102219184832,1.0476413029671232,1.0382565320215504,1.9694091115348569,1.931870027752565,1.9694091115348564,1.9600243405892837,1.267500047,1.991414039
Robin Lopez,2015-16,2219.0,-0.1000000014901161,-0.2000000029802322,-0.2000000029802322,-0.465131263522166,0.2965918110755492,0.21174776849785312,0.23295877914227714,-0.2533834950243129,-0.16853945244661678,-0.2533834950243129,-0.23217248437988885,-0.621108979,-0.802442512
Nikola Mirotic,2015-16,1646.0,0.699999988079071,-0.1000000014901161,0.6000000238418579,0.7716352505602929,0.5721529269510314,0.5024018925574396,0.5198396511558375,1.2740371431177326,1.3437881775113243,1.2740371431177326,1.2914749017161304,1.055549755,1.130293885
Mirza Teletovic,2015-16,1686.0,2.200000047683716,-1.7000000476837158,0.5,2.5313958876582547,-1.885180622171805,-1.9015359803712353,-1.8974471408213778,0.6298599072870195,0.6462152654864497,0.6298599072870195,0.633948746836877,-1.66931079,-0.256123923
Tony Allen,2015-16,1620.0,-1.0,1.5,0.5,-1.4001225893336475,0.8578300564249369,0.9897192947172848,0.9567469851441976,-0.4104032946163627,-0.5422925329087106,-0.4104032946163627,-0.4433756041894499,2.002899396,1.24058866
Nicolas Batum,2015-16,2448.0,1.2000000476837158,-1.7999999523162842,-0.6000000238418579,0.9783781393304034,-0.4753602345713726,-0.4396261171253332,-0.44855964648684304,0.5387520222050702,0.5030179047590309,0.5387520222050701,0.5298184928435603,0.632342289,1.316950094
Gorgui Dieng,2015-16,2220.0,-0.699999988079071,0.4000000059604645,-0.3000000119209289,-0.4962424069865221,1.0639678782297102,1.0756031509591646,1.072694332776801,0.5793607439726427,0.5677254712431881,0.5793607439726425,0.5764519257902789,1.212122434,1.103409459
Kyrie Irving,2015-16,1667.0,2.5999999046325684,-2.200000047683716,0.5,2.775826354331347,-1.2632225983244625,-1.218760830547271,-1.2298762724915688,1.5570655237840758,1.5126037560068843,1.5570655237840758,1.545950081839778,-0.603063291,1.690994024
Zaza Pachulia,2015-16,2004.0,-1.7999999523162842,1.7000000476837158,-0.1000000014901161,-1.744430302960236,1.3928445772118934,1.4547269000798257,1.4392563193628425,-0.2897034028804102,-0.35158572574834257,-0.2897034028804102,-0.30517398359739345,0.463175289,0.082037606
Andre Roberson,2015-16,1553.0,-0.6000000238418579,1.2999999523162842,0.699999988079071,-0.4495052436204971,2.598065920769465,2.549488998989794,2.5616332294347117,2.0999837553692973,2.1485606771489683,2.0999837553692973,2.112127985814215,1.464014976,1.278228966
Ersan Ilyasova,2015-16,1881.0,0.0,-0.2000000029802322,-0.2000000029802322,-1.1753060509908364,-0.8846851616349113,-0.5638645396908731,-0.6440696951768826,-1.7391705906817094,-2.059991212625748,-1.7391705906817094,-1.8193757461677191,-0.582590939216906,-0.7832810968708135
Joe Johnson,2015-16,2703.0,0.8999999761581421,-1.7999999523162842,-0.8999999761581421,2.047362641150041,-2.349835349991116,-2.217110558629704,-2.250291756470057,-0.169747917479663,-0.302472708841075,-0.169747917479663,-0.2029291153200159,-1.115606666299667,-0.7578308316744359
Mason Plumlee,2015-16,2084.0,-0.1000000014901161,-0.4000000059604645,-0.5,-0.1378234184642803,-0.0308151858872241,-0.08642725744051916,-0.07252423955219536,-0.2242506759047995,-0.1686386043515044,-0.22425067590479947,-0.21034765801647567,0.761543232,0.881948265
Deron Williams,2015-16,2106.0,0.0,-0.6000000238418579,-0.5,-0.0923656778166944,-1.0184899217355432,-0.972298600259119,-0.9838464306282249,-1.064664278075813,-1.1108555995522376,-1.0646642780758133,-1.0762121084449192,-0.713481996,-0.37621301
Allen Crabbe,2015-16,2105.0,0.5,-1.100000023841858,-0.6000000238418579,0.2331197174511416,-1.1763975045358783,-1.1659056862762636,-1.168528640841167,-0.932785968825122,-0.9432777870847368,-0.932785968825122,-0.9354089233900255,-0.541702511,0.228910732
Channing Frye,2015-16,1200.0,0.800000011920929,0.2000000029802322,1.0,0.3229421867395148,0.4853805158084978,0.4394598055910929,0.4509399831454441,0.7624019923306078,0.8083227025480126,0.7624019923306077,0.773882169884959,0.302184266805,0.09368696686
Blake Griffin,2015-16,1170.0,0.8999999761581421,0.2000000029802322,1.0,0.5831407842718482,0.1155765694217175,0.13691336078801986,0.13157916294644426,0.7200541450598681,0.6987173536935657,0.7200541450598681,0.7147199472182925,-0.026067067,2.669975379
CJ Miles,2015-16,1464.0,0.8999999761581421,-0.699999988079071,0.2000000029802322,0.2616290476666921,-0.3317291779473967,-0.22212449105258059,-0.24952566277628457,0.0395045566141114,-0.07010013028070461,0.03950455661411151,0.01210338489040752,-0.05567819,-0.173169525
Raul Neto,2015-16,1499.0,-1.2000000476837158,1.5,0.3000000119209289,-0.7355911197678534,1.1161384487267134,1.233820066181078,1.2043996618174868,0.4982289464132244,0.38054732895886,0.4982289464132247,0.4688085420496334,0.124837293,-1.5401076149999997
Justise Winslow,2015-16,2232.0,-2.400000095367432,1.600000023841858,-0.699999988079071,-2.809618392198379,1.6389120012705378,1.5920558998667365,1.6037699252176867,-1.2175624923316426,-1.1707063909278412,-1.2175624923316426,-1.2058484669806924,1.106451554,-1.15076028
Bismack Biyombo,2015-16,1808.0,-2.5999999046325684,2.200000047683716,-0.4000000059604645,-2.509229906249944,1.901705131094842,1.769236311511747,1.8023535164075206,-0.7399935947381966,-0.6075247751551018,-0.7399935947381968,-0.7068763898424233,1.520585836,-0.937680691
Boris Diaw,2015-16,1386.0,0.1000000014901161,0.4000000059604645,0.4000000059604645,-0.3406059023652976,0.9511185702048888,0.8367855580862296,0.8653688111158944,0.496179655720932,0.6105126678395911,0.496179655720932,0.5247629087505967,-0.053748081,-0.050975121
Taj Gibson,2015-16,1936.0,-0.699999988079071,0.2000000029802322,-0.5,-1.1841132143912534,0.5167172539898911,0.4319690925694451,0.4531561329245566,-0.7521441218218083,-0.6673959604013623,-0.7521441218218083,-0.7309570814666968,0.455927365,0.4672074239999999
TJ McConnell,2015-16,1606.0,-0.2000000029802322,0.1000000014901161,-0.1000000014901161,-0.264873074230924,-0.2590168705371009,0.02958733295325308,-0.042563717919335414,-0.2352857412776708,-0.5238899447680249,-0.2352857412776709,-0.30743679215025943,0.424378147,-0.386824097
Tony Parker,2015-16,1980.0,-0.5,0.0,-0.5,0.0341362178720265,-0.2398232369022461,-0.09818154717294661,-0.13359196960527148,-0.06404532930092,-0.2056870190302196,-0.0640453293009201,-0.09945575173324497,0.071104784,1.066351482
Ish Smith,2015-16,2239.0,0.3000000119209289,-1.100000023841858,-0.800000011920929,-0.3185605358001844,-1.4260053697658723,-1.4620347709632981,-1.4530274206639415,-1.780595306763482,-1.7445659055660567,-1.7805953067634825,-1.771587956464126,-0.7007211069030818,-1.4798719263367572
Evan Turner,2015-16,2271.0,-1.5,0.699999988079071,-0.8999999761581421,-1.179824671999248,0.5154919364970756,0.5626684668944106,0.5508743342950769,-0.6171562051048373,-0.6643327355021724,-0.6171562051048374,-0.6289503377041711,0.837171937,0.328358659
Wesley Johnson,2015-16,1666.0,-2.0999999046325684,1.7999999523162842,-0.3000000119209289,-2.1538668262789256,2.356409668415891,2.297293375087145,2.3120724484193316,0.1434265488082196,0.20254284213696527,0.1434265488082196,0.158205622140406,1.900184824,-0.058747352
Iman Shumpert,2015-16,1316.0,-1.0,1.399999976158142,0.4000000059604645,-1.629488851292563,1.140995845489719,1.2063547254845624,1.1900150054858516,-0.4231341258080001,-0.4884930058028438,-0.4231341258080006,-0.43947384580671134,2.337065545,0.480915669
Darrell Arthur,2015-16,1516.0,-1.899999976158142,1.7999999523162842,-0.1000000014901161,-1.8307620713420651,0.945900500972252,0.8798855777630528,0.8963893085653525,-0.9508764935790124,-0.8848615703698132,-0.9508764935790124,-0.9343727627767127,0.251713284,-0.58998446
Devin Harris,2015-16,1280.0,-0.1000000014901161,0.3000000119209289,0.2000000029802322,-0.6844336403467959,0.997266153424596,1.0115334568888632,1.0079666310227964,0.3270998165420673,0.31283251307780013,0.3270998165420673,0.3235329906760005,0.176879193,-0.748305441
Luc Mbah a Moute,2015-16,1274.0,-3.200000047683716,3.5,0.3000000119209289,-2.936051428633137,2.512078626448559,2.750450444670487,2.690857490115005,-0.1856009839626491,-0.4239728021845779,-0.18560098396265,-0.2451939385181321,0.947454407,-1.119061853
Elfrid Payton,2015-16,2145.0,-0.6000000238418579,-0.4000000059604645,-1.0,-0.9802276835487276,-0.7208703049289453,-0.783547391703758,-0.7678781200100547,-1.7637750752524854,-1.701097988477673,-1.7637750752524854,-1.7481058035587824,-0.245756501,-0.959310787
Gerald Green,2015-16,1557.0,-0.5,0.2000000029802322,-0.3000000119209289,-1.0726904894742515,-0.2856260670688115,-0.2863644552548438,-0.2861798582083357,-1.3590549447290954,-1.358316556543063,-1.3590549447290954,-1.3588703476825872,-0.287157117,-1.67853084
Zach Randolph,2015-16,2016.0,1.0,-1.7999999523162842,-0.800000011920929,0.6117719216716512,-1.3262797852443646,-1.2966681849698052,-1.304071085038445,-0.684896263298154,-0.7145078635727135,-0.684896263298154,-0.6922991633667938,-1.466310561,-0.343563868
Anthony Tolliver,2015-16,1341.0,0.1000000014901161,0.0,0.1000000014901161,-0.9639818652737888,1.0743549726602672,1.1585960887500062,1.1375358097275714,0.1946142234762174,0.11037310738647843,0.19461422347621737,0.17355394445378258,-0.249276528,-1.020777092
Raymond Felton,2015-16,2192.0,-0.3000000119209289,-0.800000011920929,-1.100000023841858,-0.5516015170286389,-1.224500039162664,-1.1703551004657768,-1.1838913351399984,-1.7219566174944156,-1.776101556191303,-1.7219566174944156,-1.7354928521686372,-0.240666789,-1.565285682
JJ Barea,2015-16,1667.0,1.100000023841858,-1.899999976158142,-0.699999988079071,0.9618200178396336,-2.0209398007097943,-2.0091173009757517,-2.012072925909262,-1.0472972831361176,-1.0591197828701606,-1.047297283136118,-1.0502529080696283,-2.473497601,-1.82025856
Bradley Beal,2015-16,1708.0,0.699999988079071,-1.399999976158142,-0.800000011920929,1.1070035049016296,-1.6427465193960302,-1.590029367559526,-1.603208655518652,-0.4830258626578965,-0.5357430144944006,-0.4830258626578965,-0.4962051506170224,-0.7659858630000002,0.109401888
Dwight Howard,2015-16,2280.0,-1.7999999523162842,0.5,-1.2999999523162842,-0.5301382907340574,1.0081830473615565,0.8819505546945003,0.9135086778612642,0.3518122639604429,0.4780447566274991,0.35181226396044296,0.38337038712720684,0.609862878,0.306909963
Shaun Livingston,2015-16,1520.0,-0.1000000014901161,-0.4000000059604645,-0.5,0.1084468839399481,-0.0967191145503722,-0.03455381354431071,-0.05009513879582608,0.0738930703956374,0.011727769389575898,0.07389307039563739,0.058351745144122016,-0.386281482,-0.503661743
ETwaun Moore,2015-16,1263.0,-0.3000000119209289,0.3000000119209289,-0.1000000014901161,0.1214452626703155,-0.9849149433235616,-0.9282202756703375,-0.9423939425836435,-0.806775013000022,-0.863469680653246,-0.806775013000022,-0.820948679913328,0.121830525,-0.150427002
Markieff Morris,2015-16,1629.0,-2.799999952316284,2.0999999046325684,-0.699999988079071,-1.928807886714398,0.8058477990703191,0.7836576249885323,0.7892051685089789,-1.1451502617258658,-1.122960087644079,-1.1451502617258658,-1.1396027182054191,0.197100914825046,-2.120754617868631
Larry Nance Jr.,2015-16,1266.0,-1.0,1.0,0.0,-1.0625474065133422,0.7983600555700473,0.8369538523270401,0.827305403137792,-0.2255935541863021,-0.26418735094329493,-0.22559355418630211,-0.23524200337555023,0.686926286,0.356160051
Brandon Bass,2015-16,1342.0,0.0,-0.4000000059604645,-0.4000000059604645,0.3526932973262163,-0.683521041179664,-0.7606636567919492,-0.7413780028888779,-0.4079703594657329,-0.33082774385344765,-0.40797035946573296,-0.3886847055626616,0.169875928,1.7938720069999998
Gary Harris,2015-16,2439.0,0.4000000059604645,-1.899999976158142,-1.5,0.0396953878821722,-1.4671282345184384,-1.446406066789185,-1.4515866087214981,-1.4067106789070127,-1.4274328466362662,-1.4067106789070127,-1.411891220839326,-0.406032717,0.375175742
Lavoy Allen,2015-16,1599.0,-0.5,-0.5,-1.0,-0.3950588798693391,0.9534877681482556,0.9350724736248075,0.9396762972556696,0.5400135937554684,0.5584288882789166,0.5400135937554684,0.5446174173863305,0.542173265,-0.702267551
Jerryd Bayless,2015-16,1505.0,0.2000000029802322,-0.8999999761581421,-0.699999988079071,0.590049879890984,-1.993270018138942,-2.101457085844823,-2.0744103189183525,-1.5114072059538386,-1.403220138247958,-1.511407205953839,-1.4843604390273684,-1.255670836,-0.7936827
Gerald Henderson,2015-16,1431.0,-1.100000023841858,0.4000000059604645,-0.699999988079071,-1.208628663779033,-0.0108996481824541,0.09487367297928923,0.06843034268885338,-1.1137549907997442,-1.2195283119614873,-1.113754990799744,-1.1401983210901798,-0.419760483,-0.782184241
Ronnie Price,2015-16,1211.0,-1.7000000476837158,1.5,-0.3000000119209289,-1.2131284527172228,2.1535650580226067,2.254854656028974,2.2295322565273823,1.0417262033117514,0.9404366053053839,1.0417262033117514,1.0164038038101595,1.111981463,-0.324152529
Harrison Barnes,2015-16,2042.0,-0.6000000238418579,-0.800000011920929,-1.399999976158142,-0.0496797626462965,-0.4336827595589159,-0.379037119901829,-0.3926985298161007,-0.4287168825481254,-0.48336252220521236,-0.42871688254812546,-0.4423782924623972,-0.624068805,0.055746084
Corey Brewer,2015-16,1669.0,-1.899999976158142,0.800000011920929,-1.100000023841858,-1.967272237611972,0.8078769202304215,0.9922587218047297,0.9461632714111525,-0.9750135158072418,-1.1593953173815505,-0.9750135158072423,-1.0211089662008195,-0.540704095,-2.10479361
Jon Leuer,2015-16,1255.0,-0.8999999761581421,0.3000000119209289,-0.5,-0.6168509953236536,0.7445196357631865,0.6964758123838657,0.7084867682286959,0.079624817060212,0.12766864043953285,0.07962481706021207,0.09163577290504232,0.548068126,0.300371861
JaMychal Green,2015-16,1446.0,-1.2000000476837158,0.1000000014901161,-1.100000023841858,-0.7847763304409169,0.1734848588824142,0.0990599150406072,0.11766615100105893,-0.6857164154003097,-0.6112914715585027,-0.6857164154003097,-0.667110179439858,-0.482075704,-1.530204475
Jeff Green,2015-16,2253.0,-0.800000011920929,-0.800000011920929,-1.600000023841858,-0.8748809678843147,-0.8777079165377418,-0.7537477428176955,-0.7847377862477072,-1.62862871070201,-1.7525888844220565,-1.62862871070201,-1.6596187541320218,-0.6490900727691967,-1.20505855780648
Rodney Stuckey,2015-16,1275.0,-0.3000000119209289,-0.4000000059604645,-0.699999988079071,-1.139577898927503,0.27624974253373,0.3233139655953027,0.31154790982990954,-0.8162639333322003,-0.8633281563937729,-0.8162639333322003,-0.8280299890975934,-0.273681864,-2.113287333
Jerami Grant,2015-16,2066.0,-2.5,0.8999999761581421,-1.600000023841858,-3.074610169968187,0.3953504861108329,0.518569792037097,0.48776496555553095,-2.55604037793109,-2.679259683857354,-2.55604037793109,-2.586845204412656,0.135268031,-2.179860413
Frank Kaminsky,2015-16,1708.0,-1.399999976158142,0.0,-1.399999976158142,-2.045042106423198,0.3427690667772224,0.35475631553129994,0.35175950334278056,-1.6902857908918978,-1.7022730396459753,-1.690285790891898,-1.6932826030804173,-0.404035351,-1.877539835
Timofey Mozgov,2015-16,1326.0,-3.299999952316284,2.299999952316284,-1.0,-4.1740710214382775,1.014151043956813,0.9295919022566467,0.9507316876816883,-3.244479119181631,-3.159919977481464,-3.244479119181631,-3.223339333756589,-0.380073844,-1.913176477
Lance Thomas,2015-16,1313.0,-0.8999999761581421,0.0,-0.8999999761581421,-1.0565899089109638,-0.4607963013936481,-0.5000356246842025,-0.49022579386156384,-1.5566255335951662,-1.5173862103046118,-1.5566255335951662,-1.5468157027725278,-1.465468805,-1.665446537
Randy Foye,2015-16,1642.0,-1.399999976158142,-0.1000000014901161,-1.5,-1.0609962392965075,-0.9546509397308748,-0.9366452121940974,-0.9411466440782916,-1.997641451490605,-2.015647179027382,-1.997641451490605,-2.002142883374799,-0.4883848662484775,-2.5017181160109625
Eric Gordon,2015-16,1481.0,0.5,-1.7999999523162842,-1.2999999523162842,-0.045603762800157,-1.3368910327105743,-1.3502114712591762,-1.3468813616220254,-1.3958152340593335,-1.3824947955107314,-1.3958152340593333,-1.3924851244221825,-1.006471386,0.1770864889999999
Jonas Jerebko,2015-16,1176.0,-2.0999999046325684,1.100000023841858,-1.0,-2.269216624734106,0.5580022592508306,0.5626481910281134,0.5614867080837926,-1.7065684337059923,-1.7112143654832752,-1.7065684337059925,-1.7077299166503133,-0.204753411,-2.363556871
Kyle Anderson,2015-16,1245.0,-1.5,0.3000000119209289,-1.2000000476837158,-1.5237259245812904,1.1439001998454936,1.3589293141134196,1.305172035546438,-0.1647966104678708,-0.3798257247357968,-0.16479661046787086,-0.2185538890348524,2.846605221,1.570639927
Toney Douglas,2015-16,1262.0,0.8999999761581421,-2.0999999046325684,-1.100000023841858,0.3286956325060253,-1.624873356439446,-1.42091419459432,-1.4719039850556015,-1.0922185620882947,-1.2961777239334207,-1.0922185620882947,-1.1432083525495762,-0.371814179,-0.241553287
Maurice Harkless,2015-16,1457.0,-0.3000000119209289,-1.0,-1.399999976158142,-0.6823858050136714,-0.2526643754496432,-0.3746838362036101,-0.3441789710151184,-1.0570696412172815,-0.9350501804633147,-1.0570696412172815,-1.0265647760287897,-0.018786639,-0.187483303
Kosta Koufos,2015-16,1482.0,-1.600000023841858,0.2000000029802322,-1.399999976158142,-1.5018490379037743,-0.2214555485196087,-0.21224649697940573,-0.21454875986445646,-1.71409553488318,-1.723304586423383,-1.7140955348831801,-1.7163977977682308,-0.8830534,-2.167519648
Trey Burke,2015-16,1366.0,0.6000000238418579,-2.0999999046325684,-1.5,0.5151938380975528,-1.9546892920282344,-2.0297941462106834,-2.0110179326650712,-1.5146003081131307,-1.4394954539306815,-1.5146003081131307,-1.4958240945675185,-1.708115786,-2.311431046
Kenneth Faried,2015-16,1694.0,0.8999999761581421,-2.5999999046325684,-1.7000000476837158,1.219476123730349,-1.0377111570409507,-1.0569399865486147,-1.0521327791716986,0.1625361371817344,0.18176496668939834,0.16253613718173443,0.16734334455865052,-0.920211636,0.601138502
Jordan Hill,2015-16,1513.0,-1.2000000476837158,-0.4000000059604645,-1.600000023841858,-1.4135495652084094,0.1824242305542885,0.18103275268812097,0.18138062215466283,-1.2325168125202883,-1.2311253346541209,-1.2325168125202883,-1.2321689430537466,-0.16047792,-0.990404485
Tony Snell,2015-16,1301.0,-2.400000095367432,1.0,-1.2999999523162842,-1.841254925070615,1.039808587417535,0.9780323330433257,0.9934763966368779,-0.8632225920272893,-0.80144633765308,-0.8632225920272892,-0.847778528433737,0.180103266,-2.583259667
Aron Baynes,2015-16,1233.0,-1.7999999523162842,0.3000000119209289,-1.5,-2.2958422688677547,0.0595594363647322,0.016607357153836676,0.027345376956560558,-2.279234911713918,-2.2362828325030226,-2.279234911713918,-2.268496891911194,-0.679615223,-1.470770628
Meyers Leonard,2015-16,1333.0,-1.0,-0.6000000238418579,-1.600000023841858,-0.3602182090152881,-0.9738733388516008,-1.3168491816229577,-1.2311052209301185,-1.677067390638246,-1.3340915478668889,-1.6770673906382458,-1.5913234299454067,-1.20606596,-2.154338629
Dion Waiters,2015-16,2152.0,-1.0,-1.100000023841858,-2.0,-1.0975979555735629,-0.8663875732263852,-0.8445090019658859,-0.8499786447810106,-1.9421069575394487,-1.963985528799948,-1.9421069575394487,-1.9475766003545734,-0.120200695,-0.9622841049999998
Willie CauleyStein,2015-16,1412.0,-1.100000023841858,-0.699999988079071,-1.7999999523162842,0.5563213142687367,-0.3332845689745419,-0.35578835052196617,-0.3501624051351101,0.2005329637467705,0.22303674529419476,0.2005329637467705,0.20615890913362656,0.122325153,-0.299918311
Jamal Crawford,2015-16,2126.0,0.4000000059604645,-2.5999999046325684,-2.0999999046325684,0.7512713265462948,-1.6165969657184496,-1.6698869374128156,-1.656564444489224,-0.918615610866521,-0.8653256391721548,-0.9186156108665208,-0.9052931179429292,-1.612178372,-1.257528113
Alonzo Gee,2015-16,1632.0,-3.0999999046325684,1.100000023841858,-1.899999976158142,-2.2807802993406576,0.4756460337664323,0.5449203304535144,0.5276017562817439,-1.7358599688871432,-1.8051342655742253,-1.7358599688871432,-1.7531785430589137,-0.144251976,-1.805228084
Joe Ingles,2015-16,1241.0,-1.7000000476837158,-0.1000000014901161,-1.7999999523162842,-0.9280148664809624,0.2080667990096322,0.19496227274793052,0.19823840431335593,-0.7330525937330318,-0.7199480674713302,-0.7330525937330319,-0.7297764621676065,0.231950075,-0.58098563
Donald Sloan,2015-16,1318.0,0.4000000059604645,-2.299999952316284,-1.899999976158142,0.0660604262278445,-2.1331980043168755,-2.058202458757063,-2.076951345147016,-1.9921420325292185,-2.067137578089031,-1.9921420325292185,-2.0108909189191717,-1.539403334,-1.707928205
DJ Augustin,2015-16,1178.0,1.100000023841858,-2.900000095367432,-1.899999976158142,1.769887731835052,-1.539174155903947,-1.4942706040255729,-1.5054964919951663,0.275617127809479,0.2307135759311052,0.2756171278094792,0.26439123983988577,-1.6781759165475385,-1.1556327001366722
Matt Barnes,2015-16,2190.0,-0.6000000238418579,-1.7000000476837158,-2.400000095367432,-1.1189795273651508,-1.0351927077798058,-1.0263759896843334,-1.0285801692082015,-2.1453555170494845,-2.154172235144957,-2.1453555170494845,-2.147559696573352,0.188773842,-1.735072651
Brandon Knight,2015-16,1870.0,0.3000000119209289,-2.5,-2.299999952316284,0.4080126123340375,-1.414641179298859,-1.4868856689612822,-1.4688245465456762,-1.0788730566272444,-1.0066285669648214,-1.0788730566272446,-1.0608119342116387,-0.709090127,-0.182931355
Luis Scola,2015-16,1636.0,-1.100000023841858,-1.2000000476837158,-2.299999952316284,-1.0937659670941702,-0.6423243264226016,-0.5122816830263593,-0.5447923438754199,-1.6060476501205296,-1.7360902935167717,-1.6060476501205296,-1.63855831096959,-0.815958857,-1.6715947160000002
Mike Scott,2015-16,1146.0,-1.100000023841858,-0.8999999761581421,-2.0999999046325684,-1.564184048139747,0.7593006149086633,0.8339374615006023,0.8152782498526177,-0.7302465866391451,-0.8048834332310838,-0.7302465866391448,-0.7489057982871294,-0.271432416,-0.043632287
Jason Terry,2015-16,1258.0,0.3000000119209289,-2.400000095367432,-2.0999999046325684,0.3566555705990784,-2.1143382067042262,-2.0734522236941175,-2.0836737194466446,-1.7167966530950387,-1.7576826361051479,-1.7167966530950391,-1.7270181488475662,-1.423995554,-1.599388977
Tyson Chandler,2015-16,1618.0,-2.700000047683716,0.3000000119209289,-2.400000095367432,-2.6201892264266147,-0.7662901521895907,-0.7497309078993074,-0.7538707189718782,-3.3699201343259224,-3.3864793786162055,-3.369920134325922,-3.3740599453984927,-0.61767541,-2.200733089
Myles Turner,2015-16,1367.0,-3.799999952316284,1.399999976158142,-2.400000095367432,-4.2156104034270925,0.9312246737242892,0.8765726692906208,0.890235670399038,-3.339037734136472,-3.2843857297028034,-3.339037734136472,-3.3253747330280543,0.517500445,-1.844627762
Shane Larkin,2015-16,1751.0,-1.899999976158142,-0.6000000238418579,-2.5,-1.3910206783322296,-1.0494627424710985,-1.0421825085563712,-1.044002567035053,-2.433203186888601,-2.440483420803328,-2.433203186888601,-2.4350232453672827,-0.5622449,-1.818016192
Alex Len,2015-16,1821.0,-4.400000095367432,1.7999999523162842,-2.5999999046325684,-3.964189056910715,0.2927694322073089,0.16376115010749848,0.19601322063245108,-3.800427906803217,-3.671419624703406,-3.8004279068032165,-3.768175836278264,-0.429950942,-3.799085736
Ben McLemore,2015-16,1443.0,-1.7000000476837158,-0.800000011920929,-2.5,-1.5471657402268617,-0.2299382885286705,-0.4578082230492077,-0.4008407394190734,-2.004973963276069,-1.7771040287555322,-2.0049739632760692,-1.948006479645935,-0.4717926459999999,-2.330726454
Tayshaun Prince,2015-16,1462.0,-2.799999952316284,0.3000000119209289,-2.5,-3.0704010800808645,-0.0679801439057865,-0.021361495747267256,-0.033016157786897066,-3.091762575828132,-3.138381223986651,-3.091762575828132,-3.103417237867762,-1.147081411,-3.48011723
Isaiah Canaan,2015-16,1966.0,-0.6000000238418579,-2.0999999046325684,-2.700000047683716,-0.6624030604594283,-2.0964097180999928,-2.122995360317943,-2.1163489497634558,-2.7853984207773714,-2.758812778559421,-2.7853984207773714,-2.778752010222884,-1.88371575,-2.792212442
Jordan Clarkson,2015-16,2552.0,-0.4000000059604645,-2.200000047683716,-2.5999999046325684,-0.2838022065365051,-2.479486662731332,-2.427546825823881,-2.4405317850507435,-2.7113490323603857,-2.7632888692678375,-2.7113490323603857,-2.7243339915872484,-1.706701301,-1.396550375
Zach LaVine,2015-16,2294.0,0.6000000238418579,-3.299999952316284,-2.700000047683716,0.6051249987070919,-3.2465404007566163,-3.367543729652308,-3.3372928974283846,-2.762418730945216,-2.6414154020495246,-2.7624187309452157,-2.7321678987212925,-1.856929793,-1.508201102
Nerlens Noel,2015-16,1965.0,-4.099999904632568,1.5,-2.5999999046325684,-3.142720300725129,1.4264951570511382,1.4639909147227166,1.454616975304822,-1.6787293860024128,-1.7162251436739908,-1.6787293860024124,-1.688103325420307,1.718948865,-0.2382088
Julius Randle,2015-16,2286.0,-2.299999952316284,-0.4000000059604645,-2.5999999046325684,-2.955641281486597,-2.2767548019034654,-2.3114253412139067,-2.3027577063862963,-5.267066622700504,-5.2323960833900625,-5.267066622700504,-5.258398987872893,-0.985892492,-3.835894396
Austin Rivers,2015-16,1464.0,-2.0999999046325684,-0.5,-2.700000047683716,-2.224360910468342,-0.5964016593886902,-0.6832130137261029,-0.6615101751417496,-2.9075739241944447,-2.820762569857032,-2.9075739241944447,-2.8858710856100913,-1.235356468,-2.332993302
Wayne Ellington,2015-16,1615.0,-1.899999976158142,-0.8999999761581421,-2.700000047683716,-1.958265076922052,-1.2525937944777346,-1.3115940993321415,-1.2968440231185399,-3.2698591762541933,-3.2108588713997865,-3.2698591762541938,-3.255109100040592,-1.615604936,-3.009665719
Jerian Grant,2015-16,1265.0,-2.299999952316284,-0.4000000059604645,-2.700000047683716,-2.4488313255032192,-0.0892937455530913,-0.10430590060206894,-0.10055286183982454,-2.5531372261052883,-2.5381250710563106,-2.5531372261052883,-2.5493841873430436,-0.725447208,-3.065479965
Trey Lyles,2015-16,1382.0,-2.700000047683716,-0.1000000014901161,-2.799999952316284,-2.147175421387154,-0.9055805312676488,-0.9128560271204313,-0.9110371531572357,-3.060031448507585,-3.0527559526548025,-3.0600314485075852,-3.0582125745443896,-0.590621252,-2.341580304
Derrick Rose,2015-16,2097.0,-1.2999999523162842,-1.399999976158142,-2.700000047683716,-1.179708124685472,-2.0184358198233774,-1.9548011380334296,-1.9707098084809163,-3.1345092627189013,-3.1981439445088493,-3.1345092627189013,-3.150417933166388,-1.677067422,-3.228658801
Lance Stephenson,2015-16,1372.0,-0.1000000014901161,-2.5999999046325684,-2.799999952316284,0.4537374618790042,-2.533861792872449,-2.5582537521754753,-2.5521557623497184,-2.1045162902964707,-2.0801243309934447,-2.104516290296471,-2.098418300470714,-1.0832400543848395,-1.764320959813411
Mario Hezonja,2015-16,1413.0,-2.200000047683716,-0.8999999761581421,-3.0,-1.1952929808472563,-0.684387688420966,-0.8544720278325748,-0.8119509429796725,-2.049765008679831,-1.8796806692682222,-2.049765008679831,-2.0072439238269286,-0.7801889759999999,-2.878656908
Jason Smith,2015-16,1181.0,-2.299999952316284,-0.800000011920929,-3.0,-2.3044921462869663,0.5216428262497882,0.3092479001329918,0.3623466316621909,-1.9952442461539743,-1.7828493200371782,-1.9952442461539746,-1.9421455146247755,-0.012047638,-1.853926121
Noah Vonleh,2015-16,1174.0,-3.0999999046325684,-0.1000000014901161,-3.200000047683716,-4.564803922424917,-0.4248811430234855,-0.390593587048653,-0.3991654760423611,-4.9553975094735705,-4.989685065448403,-4.9553975094735705,-4.963969398467278,-0.424517537,-3.599950562
Arron Afflalo,2015-16,2371.0,-0.6000000238418579,-2.5,-3.0999999046325684,-0.4242332787269253,-2.6079473077890034,-2.4907470914117074,-2.520047145506031,-2.9149803701386325,-3.0321805865159286,-2.9149803701386325,-2.9442804242329563,-1.216563353,-1.402123193
Richard Jefferson,2015-16,1326.0,-2.0999999046325684,-1.2000000476837158,-3.400000095367432,-1.4738600437125282,-0.3190634413776186,-0.3939733030122874,-0.3752458376036202,-1.867833346724816,-1.7929234850901468,-1.8678333467248156,-1.8491058813161483,-1.153596866,-2.148823888
Ramon Sessions,2015-16,1667.0,-0.3000000119209289,-2.900000095367432,-3.200000047683716,-0.6508965131106773,-2.25813627260796,-2.1545309384130884,-2.1804322719618066,-2.8054274515237654,-2.9090327857186375,-2.805427451523766,-2.831328785072484,-1.44752621,-1.601089649
Norris Cole,2015-16,1198.0,-1.0,-2.5999999046325684,-3.5999999046325684,-1.881888857788428,-2.257978574253623,-2.357967482039575,-2.3329702550930866,-4.239856339828003,-4.139867432042051,-4.239856339828003,-4.2148591128815145,-1.168283052,-3.547678426
Nik Stauskas,2015-16,1809.0,-1.7000000476837158,-1.600000023841858,-3.299999952316284,-1.6617909783820102,-1.7902411065132509,-1.8202318450776085,-1.812734160436519,-3.4820228234596184,-3.452032084895261,-3.4820228234596184,-3.474525138818529,-1.52866582,-3.529870264
Ty Lawson,2015-16,1411.0,-2.799999952316284,-0.800000011920929,-3.5999999046325684,-1.5533776662602854,-0.7158924804981984,-0.9213533770295348,-0.8699881528967006,-2.47473104328982,-2.2692701467584837,-2.47473104328982,-2.4233658191569862,-1.892127915818568,-4.148992355686038
Paul Pierce,2015-16,1231.0,-2.900000095367432,-0.800000011920929,-3.700000047683716,-2.104103363025692,-0.562563036572978,-0.6335238597172137,-0.6157836539311549,-2.7376272227429057,-2.66666639959867,-2.7376272227429057,-2.719887016956847,-0.378494484,-3.4547106030000005
Shabazz Muhammad,2015-16,1682.0,0.1000000014901161,-3.5999999046325684,-3.5999999046325684,-0.5985976587287137,-2.7750454888318257,-2.843779247594219,-2.8265958079036206,-3.442376906322932,-3.3736431475605393,-3.4423769063229326,-3.4251934666323343,-3.5228265680000006,-3.2131365669999994
DAngelo Russell,2015-16,2259.0,-1.7000000476837158,-1.7999999523162842,-3.5,-1.5904048278907803,-1.4359987218287007,-1.449431895560176,-1.446073602127307,-3.039836723450956,-3.026403549719481,-3.0398367234509562,-3.0364784300180876,-1.541228723,-3.438532732
Jahlil Okafor,2015-16,1591.0,-3.299999952316284,-0.699999988079071,-3.900000095367432,-3.307921026523092,-1.025948356344535,-1.1739507519983103,-1.1369501530848662,-4.481871778521402,-4.333869382867627,-4.481871778521402,-4.444871179607958,-2.765511172,-4.339756814
Marco Belinelli,2015-16,1672.0,-1.100000023841858,-2.799999952316284,-3.900000095367432,-1.5585976038162948,-2.466731544648504,-2.5645197321287263,-2.5400726852586706,-4.123117335945021,-4.025329148464799,-4.123117335945021,-4.098670289074965,-2.272328256,-3.5560641109999995
Devin Booker,2015-16,2108.0,-0.4000000059604645,-3.200000047683716,-3.700000047683716,-0.269115364497307,-2.4123309408193627,-2.567868742403876,-2.528984292007747,-2.836984106901183,-2.68144630531667,-2.836984106901183,-2.7980996565050544,-1.912015445,-2.560153989
Doug McDermott,2015-16,1861.0,-0.4000000059604645,-3.400000095367432,-3.799999952316284,-0.484606482772689,-2.4485094878707767,-2.5013194788263746,-2.4881169810874755,-2.9859259615990634,-2.9331159706434655,-2.9859259615990634,-2.9727234638601643,-2.271856313,-2.41661514
Derrick Williams,2015-16,1435.0,-1.399999976158142,-2.799999952316284,-4.199999809265137,-0.734689581361995,-2.051892658926938,-2.1106383676378844,-2.0959519404601474,-2.8453279489998797,-2.786582240288933,-2.8453279489998793,-2.8306415218221423,-1.743290777,-1.069799064
Stanley Johnson,2015-16,1687.0,-3.5,-0.4000000059604645,-4.0,-3.2302428601351174,-0.0414866307670856,-0.12025201558991089,-0.10056066938420455,-3.3504948757250284,-3.271729490902203,-3.3504948757250284,-3.330803529519322,-0.016822486,-3.199014457
Kobe Bryant,2015-16,1863.0,-0.2000000029802322,-3.799999952316284,-4.0,0.1546493171141132,-3.534559323884088,-3.712603112108244,-3.6680921650522045,-3.5579537949941304,-3.3799100067699746,-3.557953794994131,-3.5134428479380913,-2.521490155,-3.392777108
Jabari Parker,2015-16,2408.0,-1.2000000476837158,-2.700000047683716,-3.900000095367432,-0.9768770570503084,-1.545993022493105,-1.5507779795536474,-1.5495817402885117,-2.527655036603956,-2.5228700795434134,-2.5276550366039556,-2.52645879733882,-1.419048389,-1.117809463
PJ Hairston,2015-16,1313.0,-2.700000047683716,-2.400000095367432,-5.099999904632568,-2.4629165740856203,-1.2127317820792831,-1.2971321727452367,-1.2760320750787484,-3.760048746830857,-3.6756483561649036,-3.760048746830857,-3.7389486491643686,-1.2514799736618432,-4.561380083083778
Hollis Thompson,2015-16,2154.0,-0.8999999761581421,-3.299999952316284,-4.199999809265137,-0.5832845912729537,-2.139061907223472,-2.2220310106481707,-2.201288734791996,-2.8053156019211243,-2.7223464984964254,-2.8053156019211243,-2.7845733260649497,-1.382031769,-2.924996774
Dante Cunningham,2015-16,1971.0,-2.0,-2.700000047683716,-4.599999904632568,-1.7641242198903413,-1.9383755573676107,-1.9851937250529732,-1.9734891831316326,-3.7493179449433134,-3.7024997772579518,-3.7493179449433143,-3.7376134030219736,-1.296410097,-2.827116289
JaKarr Sampson,2015-16,1160.0,-4.0,-2.0,-6.0,-3.971818707329794,-0.4268311143709442,-0.5999456906342603,-0.5566670465684312,-4.571764397964055,-4.398649821700738,-4.5717643979640545,-4.5284857538982255,-1.1505152866439656,-4.782349571336208
Bojan Bogdanovic,2015-16,2115.0,-1.2999999523162842,-3.299999952316284,-4.599999904632568,-0.7614830270517849,-3.372032484909198,-3.377703384404146,-3.376285659530409,-4.139186411455931,-4.133515511960983,-4.139186411455931,-4.137768686582194,-2.725013355,-3.989776142
Roy Hibbert,2015-16,1878.0,-4.300000190734863,-0.8999999761581421,-5.199999809265137,-3.907712620007613,-1.5692848867424527,-1.6966693279455858,-1.6648232176448026,-5.604381947953199,-5.476997506750066,-5.604381947953199,-5.572535837652415,-1.605895583,-4.904252591
Emmanuel Mudiay,2015-16,2068.0,-3.0999999046325684,-2.0,-5.099999904632568,-1.471675882143448,-0.9659685000342478,-1.0300215059575522,-1.0140082544767262,-2.5016973881010003,-2.437644382177696,-2.5016973881010003,-2.485684136620174,-0.761790041,-4.241947835
James Harden,2016-17,2947.0,7.900000095367432,-0.800000011920929,7.099999904632568,7.600299318156252,-1.4523633437053587,-1.4861741086309832,-1.477721417399577,6.11412520952527,6.147935974450894,6.114125209525269,6.122577900756675,-0.1181352429999999,4.545581271
Jimmy Butler,2016-17,2809.0,4.800000190734863,2.400000095367432,7.099999904632568,4.254711670611559,2.0570078818242474,2.0564143615098605,2.056562741588457,6.311126032121419,6.311719552435806,6.311126032121419,6.3112744122000155,0.883550614,6.626555371
Kawhi Leonard,2016-17,2474.0,6.599999904632568,1.7000000476837158,8.300000190734863,6.33860189179356,0.8385545702728908,0.888960701217915,0.8763591684816588,7.227562593011474,7.17715646206645,7.227562593011474,7.214961060275218,1.396633535,7.325773253
Russell Westbrook,2016-17,2802.0,7.800000190734863,-1.2999999523162842,6.5,6.585793117774949,-0.0104883681494129,-0.1976443757390705,-0.1508553738416561,6.388148742035878,6.575304749625536,6.388148742035878,6.434937743933292,1.0573623,5.645134849
LeBron James,2016-17,2794.0,6.199999809265137,0.4000000059604645,6.599999904632568,6.632214283925722,-0.0939159841069859,-0.11461616908445582,-0.10944112284008833,6.517598114841267,6.538298299818736,6.517598114841267,6.522773161085634,0.263706235,6.525085839
Rudy Gobert,2016-17,2744.0,1.2000000476837158,5.599999904632568,6.699999809265137,1.036721070138764,4.619359427620575,4.666120436848513,4.654430184541528,5.702841506987276,5.656080497759339,5.702841506987277,5.6911512546802925,3.353915614,4.280184711
Draymond Green,2016-17,2471.0,1.100000023841858,6.199999809265137,7.300000190734863,1.3321286869212772,4.056332722273176,4.244996608532855,4.197830636967934,5.577125295454132,5.388461409194453,5.577125295454132,5.529959323889211,4.466649123,5.586060006
Chris Paul,2016-17,1921.0,7.5,1.399999976158142,8.899999618530273,6.9919945558089855,1.9855640279109548,2.0953612517103126,2.067911945760473,9.087355807519298,8.97755858371994,9.087355807519298,9.059906501569458,2.450926892,9.119637458
Giannis Antetokounmpo,2016-17,2845.0,2.700000047683716,2.400000095367432,5.099999904632568,2.9798224345388284,2.159896740987504,2.08230598938274,2.101703677283931,5.062128423921568,5.1397191755263325,5.0621284239215685,5.081526111822759,1.50782788,4.806797623
Anthony Davis,2016-17,2708.0,0.6000000238418579,4.400000095367432,5.0,1.175632329544186,3.752663190123277,3.718264948926327,3.726864509225564,4.893897278470512,4.928295519667463,4.893897278470513,4.90249683876975,1.963267107,4.164763096
Kemba Walker,2016-17,2739.0,5.0,0.1000000014901161,5.0,5.446203049397332,0.123844593615021,0.24191809599585723,0.21239972040064814,5.68812114539319,5.570047643012353,5.68812114539319,5.65860276979798,-0.487814217,2.787601089
Nikola Jokic,2016-17,2038.0,6.400000095367432,0.8999999761581421,7.300000190734863,4.823927504626898,0.4927369926964259,0.5146027587395138,0.5091363172287418,5.338530263366412,5.316664497323324,5.338530263366412,5.33306382185564,0.015567274,4.751566197
Bradley Beal,2016-17,2684.0,4.900000095367432,0.0,4.800000190734863,4.837772278343157,-0.7812509973802161,-0.728379195622425,-0.7415971460618727,4.1093930827207314,4.056521280962941,4.1093930827207314,4.096175132281284,-0.539584856,4.120480645
Kevin Durant,2016-17,2070.0,5.199999809265137,1.7000000476837158,6.900000095367432,5.197343621533465,1.2900722934617634,1.3986137366690437,1.3714783758672233,6.595957358202508,6.487415914995228,6.595957358202508,6.568821997400688,1.945014556,8.030728078
DeMarcus Cousins,2016-17,2465.0,3.400000095367432,1.7000000476837158,5.099999904632568,2.261402863275921,1.9218760331706457,1.8490607690630942,1.8672645850899818,4.110463632339015,4.183278896446566,4.110463632339015,4.128667448365903,0.7354953558255577,2.624958700591886
Kyle Lowry,2016-17,2244.0,6.699999809265137,-0.699999988079071,6.0,5.692829737994404,0.2512949089611082,0.3084562052314983,0.29416588116390074,6.001285943225902,5.944124646955512,6.001285943225902,5.9869956191583045,0.295071247,4.936459896
Isaiah Thomas,2016-17,2569.0,8.300000190734863,-3.5999999046325684,4.699999809265137,7.517517206874198,-2.5145657669982806,-2.6608352273909004,-2.624267862292745,4.856681979483298,5.002951439875918,4.856681979483298,4.893249344581454,-1.913091296,4.285482642
Mike Conley,2016-17,2292.0,5.300000190734863,0.1000000014901161,5.400000095367432,5.818355713323139,0.2212156887738992,0.3290871667360951,0.3021192972455461,6.147442880059234,6.039571402097038,6.147442880059234,6.1204750105686845,0.257678597,4.783773652
Damian Lillard,2016-17,2694.0,6.199999809265137,-2.0,4.199999809265137,6.371320831297049,-1.6680525293417607,-1.6211174847482734,-1.632851245896645,4.750203346548775,4.703268301955288,4.750203346548775,4.738469585400404,-1.55584988,2.571304028
Blake Griffin,2016-17,2076.0,4.699999809265137,1.399999976158142,6.099999904632568,3.5716824207202684,0.3631161394864463,0.4397500640700758,0.42059158292416843,4.011432484790344,3.9347985602067146,4.011432484790344,3.992274003644437,0.436504733,4.901451661
John Wall,2016-17,2836.0,4.400000095367432,-0.8999999761581421,3.5999999046325684,4.749854229246951,-0.6300773478572945,-0.5254749845158989,-0.5516255753512478,4.224379244731052,4.119776881389656,4.224379244731052,4.198228653895703,0.677080115,3.94434018
Gordon Hayward,2016-17,2516.0,3.0999999046325684,0.800000011920929,3.900000095367432,3.732114928184877,0.5233577380648051,0.6661549776197222,0.6304556677309929,4.398269905804599,4.255472666249682,4.398269905804599,4.36257059591587,0.177107004,4.535226576
Paul George,2016-17,2689.0,2.5,0.4000000059604645,2.900000095367432,3.813418057009718,0.8928260091645992,0.9555699114879992,0.9398839359071491,4.768987968497717,4.7062440661743175,4.768987968497717,4.753301992916867,0.35452011,2.893453909
DeAndre Jordan,2016-17,2570.0,1.600000023841858,1.600000023841858,3.200000047683716,2.3250905941631044,2.304371883329756,2.305766874055731,2.3054181263742373,4.630857468218835,4.6294624774928606,4.630857468218835,4.630508720537342,2.516496416,3.5289000890000004
CJ McCollum,2016-17,2796.0,3.400000095367432,-1.100000023841858,2.299999952316284,3.460519559658794,-0.8734695193782152,-0.8784257384788156,-0.8771866837036655,2.5820938211799787,2.587050040280579,2.5820938211799787,2.5833328759551284,-1.102607988,2.620260366
Otto Porter Jr.,2016-17,2605.0,1.7999999523162842,0.800000011920929,2.5999999046325684,2.4049749414710937,0.8965478089916861,0.8825364734247536,0.8860393073164867,3.2875114148958478,3.3015227504627798,3.2875114148958473,3.2910142487875804,0.84350143,3.169646425
Klay Thompson,2016-17,2649.0,2.0999999046325684,0.4000000059604645,2.5,2.664370458253439,-0.4479342254158941,-0.22781272919285106,-0.28284310324861184,2.436557729060588,2.216436232837545,2.436557729060588,2.3815273550048275,0.085294219,3.289748098
KarlAnthony Towns,2016-17,3030.0,3.799999952316284,-2.0999999046325684,1.7000000476837158,3.429587890250856,-0.4178850513347976,-0.49907740320701044,-0.4787793152389572,2.930510487043845,3.011702838916058,2.930510487043845,2.950808575011899,-1.159330261,2.085620901
Lou Williams,2016-17,1994.0,5.800000190734863,-1.899999976158142,3.900000095367432,3.033759574731469,-2.017510116898969,-2.0012640754878683,-2.0053255858406436,1.0324954992436006,1.0162494578325,1.0324954992436006,1.0284339888908254,-0.8954079838274825,3.071758643552157
Trevor Ariza,2016-17,2773.0,1.2000000476837158,0.8999999761581421,2.0999999046325684,1.074846599754758,0.266405676602898,0.2586377400244239,0.2605797241690424,1.333484339779182,1.341252276357656,1.333484339779182,1.3354263239238005,1.383950337,1.923454756
Patrick Beverley,2016-17,2058.0,1.2999999523162842,2.5,3.799999952316284,1.1691671803052184,2.0023855728614866,2.049660168947771,2.0378415199262,3.21882734925299,3.171552753166705,3.2188273492529893,3.2070087002314187,1.852370553,2.864988136
Kevin Love,2016-17,1885.0,2.700000047683716,1.5,4.300000190734863,3.0516955901634084,1.3139111036646591,1.29527710658764,1.2999356058568947,4.346972696751048,4.3656066938280675,4.346972696751049,4.351631196020303,0.975241438,3.611946614
Paul Millsap,2016-17,2343.0,0.6000000238418579,2.200000047683716,2.799999952316284,0.7678934456722951,1.5383592492151583,1.6350461367219147,1.6108744148452256,2.40293958239421,2.3062526948874535,2.4029395823942097,2.3787678605175206,1.94017168,3.13932011
Marc Gasol,2016-17,2531.0,0.8999999761581421,1.600000023841858,2.5,0.9172932048611728,0.6439703916093872,0.7706908670074119,0.7390107481579056,1.6879840718685848,1.56126359647056,1.6879840718685846,1.6563039530190784,0.514284644,1.994895266
Kyrie Irving,2016-17,2525.0,6.300000190734863,-4.0,2.299999952316284,6.056841951036108,-1.855248149129924,-1.885063367256136,-1.8776095627245828,4.171778583779972,4.201593801906184,4.171778583779972,4.179232388311525,-0.911328917,3.5203729660000005
Jae Crowder,2016-17,2335.0,1.7999999523162842,0.6000000238418579,2.400000095367432,2.0151988910100065,0.5022755809854578,0.48932456924688167,0.4925623221815256,2.5045234602568884,2.517474471995464,2.504523460256888,2.5077612131915323,0.810449469,2.413519627
Tobias Harris,2016-17,2567.0,1.0,0.800000011920929,1.7999999523162842,0.861609115892357,-0.0832801437224066,0.08938311580937039,0.046217300926426126,0.9509922317017274,0.7783289721699505,0.9509922317017274,0.9078264168187832,0.17514473,1.7760172219999997
James Johnson,2016-17,2085.0,0.4000000059604645,2.400000095367432,2.799999952316284,0.3361884030096007,2.473528656500501,2.5073858758109284,2.4989215709833212,2.8435742788205296,2.8097170595101018,2.843574278820529,2.835109973992922,1.478474339,2.185966962
Andre Roberson,2016-17,2376.0,-1.7999999523162842,4.0,2.0999999046325684,-0.8539342104278278,2.6427061958596787,2.6728672668753903,2.6653269991214623,1.8189330564475623,1.788771985431851,1.8189330564475625,1.8113927886936345,2.072168313,0.687540515
Ricky Rubio,2016-17,2469.0,1.5,0.3000000119209289,1.899999976158142,1.389640488792255,-0.7271749706792803,-0.6289760901184942,-0.6535258102586907,0.7606643986737611,0.6624655181129748,0.7606643986737609,0.7361146785335644,0.078305076,1.64431542
Jeff Teague,2016-17,2657.0,2.400000095367432,-0.8999999761581421,1.5,2.4173773163110317,-0.5820023576176355,-0.5243631051885657,-0.5387729182958331,1.8930142111224657,1.835374958693396,1.8930142111224662,1.8786043980151987,0.072753455,1.990485543
JJ Redick,2016-17,2198.0,2.0999999046325684,0.2000000029802322,2.299999952316284,2.5313057067745395,-0.8690787922216884,-0.8574597438158166,-0.8603645059172844,1.673845962958723,1.6622269145528512,1.673845962958723,1.670941200857255,-0.216809201,2.179556225
Michael KiddGilchrist,2016-17,2349.0,-1.399999976158142,3.400000095367432,2.0,-1.2026966197325242,2.1833152171615007,2.1748657495486947,2.176978116451896,0.9721691298161704,0.9806185974289765,0.9721691298161705,0.974281496719372,1.263896183,0.343459245
Amir Johnson,2016-17,1608.0,0.2000000029802322,3.5999999046325684,3.799999952316284,0.1689488663903018,2.2894371380765466,2.3973166024415136,2.370346736350272,2.566265468831816,2.458386004466848,2.566265468831815,2.5392956027405735,1.610535424,2.240447255
Andrew Wiggins,2016-17,3048.0,1.399999976158142,-0.800000011920929,0.699999988079071,1.815056749499871,-1.6846227448588975,-1.772794607213763,-1.7507516416250466,0.042262142286108,0.13043400464097354,0.04226214228610803,0.06430510787482446,-2.210212091,-0.787117241
Robert Covington,2016-17,2119.0,-1.7000000476837158,3.799999952316284,2.0999999046325684,-1.335538321872636,2.5633007706518893,2.6883906058270233,2.6571181470332395,1.3528522839543868,1.2277624487792533,1.3528522839543873,1.3215798251606035,2.367930565,0.861961089
Danilo Gallinari,2016-17,2134.0,2.5999999046325684,-0.5,2.0999999046325684,2.989954806999916,-1.2019886077166504,-1.1745866384847454,-1.1814371307927216,1.815368168515171,1.7879661992832654,1.8153681685151704,1.8085176762071942,-1.506513541,1.549047739
Ersan Ilyasova,2016-17,2142.0,0.0,2.0,2.0,0.2674123620746658,1.260474188155227,1.2887741662174577,1.2816991717019,1.5561865282921232,1.5278865502298928,1.5561865282921234,1.5491115337765657,0.0853614381816059,0.4293010130578898
Victor Oladipo,2016-17,2222.0,0.2000000029802322,1.7999999523162842,1.899999976158142,0.0388585797530535,0.8324233162766723,0.9150406898015664,0.8943863464203429,0.95389926955462,0.8712818960297258,0.9538992695546199,0.9332449261733964,0.955042226,1.922155656
Myles Turner,2016-17,2541.0,-0.8999999761581421,2.200000047683716,1.2999999523162842,-0.4921922732697901,2.628725071771472,2.508410159103333,2.538488887270368,2.016217885833543,2.136532798501682,2.016217885833543,2.046296614000578,1.727505965,1.524680226
Joe Ingles,2016-17,1972.0,0.8999999761581421,1.399999976158142,2.299999952316284,1.6363876106669126,0.0705874925277616,0.1594744219687012,0.13725268960846626,1.7958620326356138,1.7069751031946743,1.7958620326356138,1.773640300275379,1.503472497,1.934090717
Tyler Johnson,2016-17,2178.0,0.1000000014901161,1.7999999523162842,1.899999976158142,0.1165630008067253,1.6006625702510997,1.62475599331055,1.6187326375456874,1.741318994117275,1.717225571057825,1.7413189941172753,1.7352956383524127,0.769956246,0.674445846
Tim Hardaway Jr.,2016-17,2154.0,2.400000095367432,-0.699999988079071,1.7000000476837158,2.305663711645615,-0.4646235175245501,-0.414350940602631,-0.42691908483311075,1.891312771042984,1.8410401941210648,1.8913127710429838,1.878744626812504,0.236893294,1.994976236
Malcolm Brogdon,2016-17,1982.0,1.5,0.5,2.0,1.629128471205286,-0.6397505639325197,-0.5888412853095015,-0.601568604965256,1.0402871858957845,0.9893779072727663,1.0402871858957845,1.02755986624003,0.323475223,1.963241731
Pau Gasol,2016-17,1627.0,1.399999976158142,1.600000023841858,3.0,1.1091973482080826,1.2564733335323215,1.228627526824752,1.2355889785016443,2.337824875032835,2.3656706817404043,2.3378248750328345,2.344786326709727,0.884635125,1.315002467
George Hill,2016-17,1544.0,2.900000095367432,0.5,3.400000095367432,2.798116463010037,1.3811785368783225,1.4413708966739667,1.4263228067250555,4.239487359684004,4.179294999888359,4.239487359684004,4.224439269735092,0.827778709,3.671771478
Luc Mbah a Moute,2016-17,1787.0,-1.2000000476837158,3.799999952316284,2.5999999046325684,-1.6671337290784296,2.805922793270863,2.9840768148871453,2.9395383094830745,1.3169430858087157,1.1387890641924334,1.3169430858087157,1.2724045804046449,1.353642468,0.901071755
Gorgui Dieng,2016-17,2653.0,-0.800000011920929,1.600000023841858,0.800000011920929,-0.9103915266106531,1.1304226828935209,1.1784234718647109,1.1664232746219134,0.2680319452540577,0.22003115628286773,0.2680319452540577,0.2560317480112603,1.000690277,0.836240051
Danny Green,2016-17,1807.0,-0.3000000119209289,2.5999999046325684,2.299999952316284,0.1062456173342801,1.7161768027810849,1.9474608501064494,1.8896398382751083,2.0537064674407293,1.822422420115365,2.0537064674407297,1.9958854556093883,2.635741805,1.314911061
Hassan Whiteside,2016-17,2513.0,-0.800000011920929,1.7000000476837158,1.0,-0.0844916719976983,1.9164253772279287,1.6944965682989965,1.7499787705312295,1.6100048963012985,1.8319337052302305,1.6100048963012983,1.6654870985335313,2.230604126,1.594689441
Seth Curry,2016-17,2029.0,1.100000023841858,0.6000000238418579,1.7999999523162842,1.3245131288922076,0.1658767532575468,0.33155953078329015,0.2901388364018543,1.6560726596754978,1.4903898821497545,1.6560726596754978,1.6146519652940619,0.03106897,0.638551306
Manu Ginobili,2016-17,1291.0,1.100000023841858,2.900000095367432,4.0,1.1147313847622478,1.4066223258593828,1.6046198995989553,1.555120506164062,2.719351284361203,2.5213537106216304,2.719351284361203,2.66985189092631,2.819339099,3.326776641
Elfrid Payton,2016-17,2412.0,1.7999999523162842,-0.8999999761581421,0.8999999761581421,1.3588114509073936,-0.3489546113310212,-0.29070836371828773,-0.3052699256214711,1.068103087189106,1.0098568395763725,1.068103087189106,1.0535415252859226,0.441961766,0.904961563
Marcus Smart,2016-17,2399.0,-1.2000000476837158,2.0999999046325684,0.8999999761581421,-0.4040338156313474,2.033764340813491,2.001002203141142,2.0091927375592293,1.5969683875097944,1.6297305251821435,1.5969683875097944,1.605158921927882,1.666311355,1.372418742
Andre Iguodala,2016-17,1998.0,0.4000000059604645,1.2000000476837158,1.600000023841858,0.9678653178007902,1.0674085721381137,1.1629730875919673,1.1390819587285037,2.1308384053927574,2.035273889938904,2.1308384053927574,2.106947276529294,1.000883095,2.268528121
Wesley Matthews,2016-17,2495.0,-0.3000000119209289,0.8999999761581421,0.699999988079071,-0.6663781642027834,0.2784200054678357,0.32403829326824174,0.3126337213181402,-0.3423398709345416,-0.3879581587349477,-0.34233987093454166,-0.3537444428846432,0.147449936,-0.00536625
DeMar DeRozan,2016-17,2620.0,2.5,-2.0,0.5,2.591574622799972,-2.0815566688239517,-2.099698009349961,-2.0951626742184586,0.4918766134500099,0.5100179539760203,0.4918766134500112,0.4964119485815135,-1.183904321,3.120205739
Goran Dragic,2016-17,2459.0,2.5,-1.7999999523162842,0.699999988079071,2.6536628983351176,-0.9371269053822758,-0.9496937081307841,-0.9465520074436569,1.7039691902043337,1.7165359929528416,1.7039691902043335,1.7071108908914607,-0.537390915,1.47168358
Patrick Patterson,2016-17,1599.0,0.6000000238418579,1.899999976158142,2.5999999046325684,0.4446703278252142,1.437376954695173,1.4258219891443364,1.4287107305320454,1.8704923169695509,1.882047282520387,1.8704923169695507,1.8733810583572597,0.98429462,1.3209266959999997
Terrence Ross,2016-17,1955.0,1.399999976158142,0.0,1.5,1.752407120837992,-0.7733766939601453,-0.6155290704978802,-0.6549909763634465,1.1368780503401117,0.9790304268778468,1.136878050340112,1.0974161444745456,0.4902574710869565,0.9651409339652172
Thaddeus Young,2016-17,2237.0,-1.0,2.0,1.0,-0.4469910182747176,1.7486453191978704,1.856809445329915,1.829768413796904,1.4098184270551974,1.3016543009231527,1.4098184270551974,1.3827773955221863,1.472223147,2.325301869
DeMarre Carroll,2016-17,1882.0,-0.4000000059604645,2.0999999046325684,1.7000000476837158,-0.3850400834531675,0.959710981727298,1.0646399675978007,1.038407721130175,0.6795998841446331,0.5746708982741304,0.6795998841446331,0.6533676376770075,0.36248386,0.109378727
Wilson Chandler,2016-17,2197.0,0.5,0.5,1.0,0.5016889947113867,-0.9849648495476396,-0.9676179861478575,-0.971954701997803,-0.4659289914364707,-0.4832758548362529,-0.4659289914364708,-0.47026570728641626,-1.412512006,-0.9933102900000002
Aaron Gordon,2016-17,2298.0,1.100000023841858,-0.3000000119209289,0.8999999761581421,1.0019693497970596,-0.5190533538084575,-0.5056599724097014,-0.5090083177593904,0.4963093773873582,0.48291599598860213,0.49630937738735825,0.4929610320376693,-0.262470907,-0.063572956
LaMarcus Aldridge,2016-17,2335.0,-0.8999999761581421,1.7000000476837158,0.699999988079071,0.1526250884966342,1.416932362694897,1.3739168806506536,1.3846707511617142,1.526541969147288,1.5695574511915313,1.526541969147288,1.5372958396583485,0.571263336,1.716076112
Tony Allen,2016-17,1914.0,-0.699999988079071,2.200000047683716,1.5,-1.2795125370521303,1.609238479694181,1.7246591130888693,1.695803954740197,0.445146576036739,0.3297259426420507,0.445146576036739,0.41629141768806677,2.468585594,1.730421951
Jrue Holiday,2016-17,2190.0,0.6000000238418579,0.2000000029802322,0.8999999761581421,0.9790142306734614,1.7624719778677882,1.8225987677420434,1.8075670702734796,2.801612998415505,2.7414862085412497,2.801612998415505,2.786581300946941,0.998650064,1.23978585
Al Horford,2016-17,2193.0,0.699999988079071,0.3000000119209289,1.0,0.9640287475390312,0.5061201357377411,0.5179772608514398,0.5150129795730151,1.482006008390471,1.4701488832767722,1.4820060083904711,1.4790417271120462,0.595557308,1.537223761
Nicolas Batum,2016-17,2617.0,0.8999999761581421,-0.699999988079071,0.2000000029802322,1.257582573323165,-0.6092204626432701,-0.5977719166490537,-0.6006340531476078,0.6598106566741112,0.6483621106798948,0.6598106566741112,0.6569485201755572,0.890918866,1.6886377299999995
Eric Bledsoe,2016-17,2176.0,3.200000047683716,-2.400000095367432,0.800000011920929,2.699173047103374,-1.5263343766296822,-1.5148365021237034,-1.517710970750198,1.1843365449796708,1.172838670473692,1.1843365449796708,1.1814620763531762,-0.672994552,1.010047378
Nikola Mirotic,2016-17,1679.0,0.699999988079071,1.100000023841858,1.7999999523162842,0.7902248382505989,1.5289942749004066,1.7759859883249898,1.714238059968844,2.5662108265755887,2.3192191131510054,2.5662108265755887,2.504462898219443,1.920200444,1.607824591
Vince Carter,2016-17,1799.0,1.2000000476837158,0.4000000059604645,1.600000023841858,1.1949718351830276,0.6037840833170892,0.633249532244952,0.6258831700129862,1.82822136742798,1.7987559185001167,1.8282213674279797,1.8208550051960137,0.837808981,0.7496933660000001
Dwight Howard,2016-17,2199.0,-1.600000023841858,2.299999952316284,0.800000011920929,-1.0833620388722665,1.921053793416368,1.9320255805734758,1.9292826337841988,0.8486635417012094,0.8376917545441016,0.8486635417012094,0.8459205949119324,1.572492157,0.843895467
Greg Monroe,2016-17,1823.0,1.2999999523162842,0.1000000014901161,1.5,1.1513540379934095,1.325341633084658,1.3266909744852238,1.3263536391350823,2.478045012478633,2.476695671078067,2.478045012478633,2.4777076771284916,0.848848378,1.849009835
Eric Gordon,2016-17,2323.0,1.399999976158142,-1.0,0.4000000059604645,0.8525273241357919,-0.7739768862570542,-0.8564274974711179,-0.8358148446676019,-0.0039001733353258,0.07855043787873772,-0.003900173335325996,0.01671247946818999,-0.71639979,0.4876579769999999
Gary Harris,2016-17,1782.0,3.200000047683716,-1.7000000476837158,1.5,2.4711878704951733,-2.3938470047910205,-2.4719356512740904,-2.452413489653323,-0.0007477807789166,0.07734086570415277,-0.0007477807789171287,0.018774380841850125,-0.453368567,2.971781391
David Lee,2016-17,1477.0,0.699999988079071,1.7000000476837158,2.299999952316284,0.1826773450910275,1.322203446741735,1.5109722279020614,1.4637800326119796,1.693649572993089,1.5048807918327625,1.693649572993089,1.6464573777030072,1.153377219,2.530858941
PJ Tucker,2016-17,2236.0,-0.8999999761581421,1.600000023841858,0.6000000238418579,-1.627237980206217,2.2315010074116195,2.1663352584161952,2.1826266956650513,0.5390972782099783,0.6042630272054026,0.5390972782099783,0.5553887154588344,1.0374130641229875,0.0642259436900715
Maurice Harkless,2016-17,2223.0,0.2000000029802322,0.3000000119209289,0.5,0.5507777099632384,-0.3308793770898155,-0.3012020705372832,-0.30862139717541626,0.2495756394259552,0.21989833287342286,0.24957563942595518,0.24215631278782213,0.474061921,0.389775335
AlFarouq Aminu,2016-17,1773.0,-2.200000047683716,3.5,1.2999999523162842,-2.0233637983777046,1.815170750389689,1.8565046041132436,1.8461711406823549,-0.166859194264461,-0.20819304798801563,-0.16685919426446105,-0.17719265769534975,1.443943951,-0.355429155
Harrison Barnes,2016-17,2803.0,-1.2999999523162842,1.100000023841858,-0.2000000029802322,-0.5318376414338216,-0.5984569851150402,-0.4185403300932406,-0.46351949384869046,-0.9503779715270622,-1.1302946265488618,-0.9503779715270622,-0.9953571352825121,-0.978418747,0.376817834
Channing Frye,2016-17,1398.0,0.4000000059604645,1.7999999523162842,2.299999952316284,0.4295839220071792,-0.2462903903468369,-0.13126966728156808,-0.16002484804788528,0.2983142547256111,0.18329353166034232,0.2983142547256111,0.2695590739592939,-0.714176172,-0.649183017
Nikola Vucevic,2016-17,2163.0,-1.5,2.0,0.5,-0.886444508112362,1.5510860266780824,1.6023359554597234,1.5895234732643129,0.7158914473473617,0.6646415185657204,0.7158914473473614,0.7030789651519509,1.396499187,0.531470298
Dion Waiters,2016-17,1384.0,1.2000000476837158,1.2000000476837158,2.400000095367432,0.3368996715112518,0.6213439794265411,0.7245433711359521,0.6987435232085992,1.0614430426472037,0.9582436509377928,1.061443042647204,1.035643194719851,0.220008138,0.790935087
Kentavious CaldwellPope,2016-17,2529.0,0.699999988079071,-0.699999988079071,-0.1000000014901161,0.1853766999612353,-0.9188936713170972,-0.7638350404098768,-0.8025996981366819,-0.5784583404486416,-0.7335169713558619,-0.5784583404486415,-0.6172229981754466,0.29858545,0.630508511
Dewayne Dedmon,2016-17,1330.0,-1.600000023841858,4.099999904632568,2.5,-1.1288664134574635,3.5490022909862398,3.680253609038731,3.647440779525608,2.551387195581268,2.420135877528776,2.5513871955812677,2.5185743660681448,2.62486487,0.631240286
Patty Mills,2016-17,1754.0,1.7999999523162842,-0.699999988079071,1.2000000476837158,2.207778733716665,0.1175474445692,0.26343864665696703,0.22696584613502524,2.4712173803736324,2.325326178285865,2.471217380373632,2.4347445798516905,0.606333408,1.965044032
Garrett Temple,2016-17,1728.0,-0.699999988079071,1.899999976158142,1.2999999523162842,-1.0962647633591929,-0.260085597569513,-0.0949858574188838,-0.13626079245654113,-1.1912506207780764,-1.356350360928706,-1.1912506207780766,-1.232525555815734,0.817268649,0.410167461
Marvin Williams,2016-17,2295.0,-0.3000000119209289,0.6000000238418579,0.3000000119209289,-0.0497002655491438,0.1494173214507656,0.23673451118857358,0.21490521375412158,0.1870342456394297,0.0997170559016218,0.18703424563942977,0.16520494820497778,0.527915095,0.256492819
Kristaps Porzingis,2016-17,2164.0,-1.2999999523162842,1.600000023841858,0.3000000119209289,-0.6952635840780964,0.6942691793081898,0.7590459044491964,0.7428517231639447,0.0637823203711002,-0.0009944047699066427,0.06378232037109999,0.04758813908584825,0.485108118,0.763452786
Tristan Thompson,2016-17,2336.0,-1.100000023841858,1.2999999523162842,0.1000000014901161,-0.3434436687090351,0.7758645623345304,0.9174510463091123,0.8820544253154669,0.5740073776000774,0.4324208936254953,0.5740073776000773,0.5386107566064318,0.078950668,-0.334568571
Ryan Anderson,2016-17,2116.0,1.0,-0.699999988079071,0.3000000119209289,1.3701603092375023,0.0513618254975818,-0.00299089127661668,0.010597287916932936,1.3671694179608855,1.4215221347350842,1.3671694179608855,1.3807575971544352,-1.139096835,0.951287284
Brook Lopez,2016-17,2222.0,-0.1000000014901161,0.2000000029802322,0.1000000014901161,0.6117306408698001,0.0827825818412974,0.12262927625933565,0.11266760265482606,0.7343599171291358,0.6945132227110975,0.7343599171291357,0.7243982435246261,-0.9826084269999998,-0.019775999
Steven Adams,2016-17,2389.0,-1.7000000476837158,1.600000023841858,-0.2000000029802322,-0.5753099276445254,1.7199964218290702,1.809796570378277,1.7873465332409753,1.2344866427337515,1.144686494184545,1.2344866427337515,1.2120366055964498,0.906169557,1.035168855
Avery Bradley,2016-17,1835.0,-0.2000000029802322,0.699999988079071,0.5,0.2753707412540764,-0.9917086870236336,-0.9570082148522238,-0.9656833328950762,-0.6816374735981472,-0.7163379457695571,-0.6816374735981474,-0.6903125916409998,0.568000263,1.1558756
Mason Plumlee,2016-17,2148.0,-0.1000000014901161,0.1000000014901161,0.0,-0.627019269883549,0.1021085313416831,0.029340763007625698,0.04753270509114005,-0.5976785068759233,-0.5249107385418659,-0.5976785068759233,-0.5794865647924089,0.4806894313351955,0.5939913523426442
Jared Dudley,2016-17,1362.0,-0.800000011920929,2.299999952316284,1.5,-0.7954025172400198,1.8228803110646024,1.818531868232125,1.8196189789402442,1.0231293509921051,1.0274777938245827,1.0231293509921051,1.0242164617002243,-0.342109999,-0.595669587
Wayne Ellington,2016-17,1500.0,1.7000000476837158,-0.5,1.2000000476837158,1.34179894442014,-1.2154198162191985,-1.1265820094709975,-1.1487914611580476,0.2152169349491424,0.12637912820094144,0.2152169349491424,0.19300748326209227,-0.4326877259999999,0.919012868
Evan Fournier,2016-17,2234.0,0.2000000029802322,-0.4000000059604645,-0.2000000029802322,0.5277684447488252,-0.3516951833291221,-0.412786218381534,-0.397513459618431,0.1149822263672912,0.17607326141970314,0.11498222636729122,0.13025498513039424,-0.813219184,0.152319175
JaMychal Green,2016-17,2101.0,-0.699999988079071,0.800000011920929,0.1000000014901161,-0.2211680689950265,0.2781801745284227,0.3402945210764708,0.3247659344394588,0.1191264520814442,0.057012105533396196,0.11912645208144429,0.10359786544443228,0.404618829,0.153237335
Jason Terry,2016-17,1365.0,0.5,1.100000023841858,1.600000023841858,0.1086996423902826,0.2997523944738567,0.5211892019048998,0.46583000004713904,0.6298888442951824,0.40845203686413933,0.6298888442951824,0.5745296424374217,0.577722063,-0.077255447
Kent Bazemore,2016-17,1963.0,-1.399999976158142,1.399999976158142,0.0,-1.0079127219491568,0.9667678045627572,1.012178964069022,1.0008261741924558,0.0042662421198651,-0.04114491738639958,0.004266242119865149,-0.007086547756701034,0.939658039,-0.896399845
Rondae HollisJefferson,2016-17,1761.0,-1.7999999523162842,2.0999999046325684,0.3000000119209289,-2.205241035226466,1.1689630131327924,1.1485894745838263,1.153682859221068,-1.0566515606426403,-1.0362780220936738,-1.0566515606426399,-1.0515581760053982,1.107500151,-0.559870548
Joe Johnson,2016-17,1843.0,1.100000023841858,-0.800000011920929,0.2000000029802322,0.5571345873697932,-1.2553807121017722,-1.1697414318177928,-1.1911512518887875,-0.6126068444479996,-0.698246124731979,-0.6126068444479996,-0.6340166645189943,-0.493883829,-0.421636994
CJ Miles,2016-17,1776.0,1.5,-1.100000023841858,0.4000000059604645,1.749631954231539,-0.2290858142847195,-0.2648827792075026,-0.25593353797680685,1.4847491750240365,1.5205461399468196,1.4847491750240365,1.4936984162547322,-0.885088157,-0.174855584
Thabo Sefolosha,2016-17,1596.0,-1.600000023841858,2.299999952316284,0.699999988079071,-1.7511899182675377,1.6882312937330983,1.923493875706901,1.8646782302134501,0.1723039574393634,-0.06295862453443934,0.17230395743936322,0.11348831194591247,2.538714573,1.281616275
Clint Capela,2016-17,1551.0,-0.2000000029802322,0.8999999761581421,0.699999988079071,-0.4167112940150829,1.5273000539516577,1.5406163601868825,1.5372872836280762,1.1239050661717995,1.110588759936575,1.1239050661717997,1.1205759896129934,0.336223937,1.6497499879999995
Zach Randolph,2016-17,1786.0,0.3000000119209289,0.0,0.2000000029802322,0.4894537497092673,-0.6319838840473105,-0.49858631193928876,-0.5319357049662943,-0.0091325622300215,-0.14253013433804324,-0.009132562230021457,-0.04248195525702697,-0.450013498,-0.11572253
Derrick Rose,2016-17,2082.0,1.2000000476837158,-1.399999976158142,-0.2000000029802322,0.3939845887658134,-2.219985091881421,-2.254295177790879,-2.245717656313514,-1.8603105890250653,-1.8260005031156077,-1.8603105890250655,-1.8517330675477008,-2.031888681,-1.676748459
TJ Warren,2016-17,2048.0,0.8999999761581421,-1.100000023841858,-0.1000000014901161,0.3891826657169822,-2.0814040744381987,-2.1014205320175203,-2.09641641762269,-1.7122378663005382,-1.6922214087212166,-1.7122378663005382,-1.7072337519057077,-1.093817134,-0.195317518
Solomon Hill,2016-17,2374.0,-1.7999999523162842,1.2000000476837158,-0.6000000238418579,-1.0822763327951266,0.6806068469073314,0.8020037600885789,0.7716545317932669,-0.2802725727065478,-0.40166948588779516,-0.2802725727065477,-0.31062180100185965,0.502865422,-1.610487372
Serge Ibaka,2016-17,2422.0,-0.8999999761581421,0.3000000119209289,-0.6000000238418579,-0.3212387447638216,0.2339015111655603,0.23628216359246576,0.2356870004857394,-0.0849565811713557,-0.08733723359826129,-0.08495658117135582,-0.08555174427808218,0.3758302699149463,0.3770679302485549
Markieff Morris,2016-17,2374.0,-1.7999999523162842,1.100000023841858,-0.699999988079071,-1.0010336593969769,0.9947215815188089,0.9511067167767869,0.9620104329622925,-0.0499269426201899,-0.00631207787816801,-0.04992694262018993,-0.039023226434684366,0.636047662,0.470790825
Nene,2016-17,1198.0,-2.0999999046325684,3.5,1.399999976158142,-1.3157198165340491,1.925160961213365,2.1461465745576844,2.0909001712216044,0.8304267580236353,0.609441144679316,0.8304267580236353,0.7751803546875553,0.496650207,1.679379474
Josh Richardson,2016-17,1614.0,-1.600000023841858,2.0999999046325684,0.5,-1.283962116595683,1.696380913676643,1.7078386297980885,1.704974200767727,0.4238765132024056,0.4124187970809601,0.4238765132024056,0.42101208417204417,1.212506066,0.345435362
Nick Young,2016-17,1556.0,2.0,-1.5,0.5,1.5593711901692722,-2.7850777500136537,-2.7896515899489827,-2.78850812996515,-1.23028039977971,-1.2257065598443815,-1.2302803997797105,-1.2291369397958778,-1.7921624400000002,-0.158601219
Devin Booker,2016-17,2730.0,1.0,-2.0,-1.100000023841858,1.863610874251668,-2.227000201787378,-2.307661838538314,-2.28749642935058,-0.4440509642866461,-0.36338932753570985,-0.4440509642866459,-0.423885555098912,-1.638442194,-0.872301792
Jonas Valanciunas,2016-17,2066.0,0.3000000119209289,-0.699999988079071,-0.4000000059604645,0.5004556473055927,0.035463925876261,-0.058559495028246616,-0.03505363980211969,0.441896152277346,0.5359195731818537,0.441896152277346,0.465402007503473,-0.297972162,-0.163342594
Nemanja Bjelica,2016-17,1190.0,-0.800000011920929,1.899999976158142,1.100000023841858,-1.3689951368073086,0.9769282188622356,0.9131811451904885,0.9291179136084252,-0.4558139916168201,-0.392066917945073,-0.45581399161682,-0.43987722319888334,-0.19534841,-1.426007226
Kenneth Faried,2016-17,1296.0,1.100000023841858,-0.4000000059604645,0.6000000238418579,1.3927739832767394,-0.8630112802024038,-0.677273802178536,-0.723708171684503,0.7155001810982035,0.5297627030743356,0.7155001810982033,0.6690658115922364,-0.21183914,1.597457242
Justin Holiday,2016-17,1639.0,-0.699999988079071,0.6000000238418579,-0.1000000014901161,-0.1349114618712308,0.4992868066705118,0.5978838847939614,0.5732346152630989,0.4629724229227305,0.364375344799281,0.46297242292273055,0.4383231533918681,0.63962541,0.655302134
Dwyane Wade,2016-17,1792.0,0.1000000014901161,-0.5,-0.4000000059604645,0.0596740513601671,-0.1685802356357204,-0.20076089683159032,-0.19271573153262284,-0.1410868454714232,-0.10890618427555329,-0.14108684547142322,-0.13304168017245574,0.893272287,1.785750962
Cody Zeller,2016-17,1725.0,-1.600000023841858,1.399999976158142,-0.2000000029802322,0.1047243119267737,2.05030875102673,2.050007241537213,2.050082618909592,2.154731553463986,2.1550330629535037,2.1547315534639866,2.154806930836366,1.351188832,1.6782869430000005
Darren Collison,2016-17,2063.0,1.100000023841858,-1.7000000476837158,-0.699999988079071,0.8526484869659523,-1.847508600334962,-1.9261076421637076,-1.9064578817065212,-1.0734591551977557,-0.9948601133690096,-1.0734591551977553,-1.053809394740569,-1.177177744,-0.320548636
TJ McConnell,2016-17,2133.0,-1.399999976158142,0.6000000238418579,-0.800000011920929,-1.21651119093539,1.2147656241056457,1.2610779175584965,1.2494998441952836,0.0445667266231066,-0.0017455668297443605,0.044566726623106456,0.03298865325989353,1.23121381,0.573033004
Kyle OQuinn,2016-17,1229.0,0.4000000059604645,0.3000000119209289,0.699999988079071,-0.7628698884834556,0.2516239807307297,-0.0026747745094496955,0.06089991430059516,-0.7655446629929054,-0.5112459077527258,-0.7655446629929052,-0.7019699741828604,0.790608989,-0.44528525
Zaza Pachulia,2016-17,1268.0,-0.4000000059604645,0.8999999761581421,0.5,-0.7486628214449492,2.134732069744459,2.192541377606325,2.1780890506408586,1.443878556161375,1.3860692482995098,1.4438785561613758,1.4294262291959092,1.917272828,1.294640078
Carmelo Anthony,2016-17,2538.0,1.899999976158142,-3.0999999046325684,-1.2000000476837158,1.9590428149010333,-2.41003226944601,-2.491607440344562,-2.471213647619924,-0.5325646254435286,-0.45098945454497685,-0.5325646254435286,-0.5121708327188907,-1.768832254,-0.453980491
ETwaun Moore,2016-17,1820.0,0.2000000029802322,-0.800000011920929,-0.6000000238418579,-0.346855972942897,-0.913687036790512,-0.8826239958832736,-0.8903897561100831,-1.2294799688261706,-1.260543009733409,-1.2294799688261706,-1.2372457290529801,-0.340655366,-0.535870976
Marreese Speights,2016-17,1286.0,0.2000000029802322,0.1000000014901161,0.3000000119209289,-0.3734157561696329,-0.3705183231044534,-0.22461062711532395,-0.2610875511126063,-0.5980263832849568,-0.7439340792740863,-0.5980263832849568,-0.6345033072822392,-1.400661858,-2.035223494
Spencer Dinwiddie,2016-17,1334.0,0.699999988079071,-0.699999988079071,0.0,0.18222583467335,-0.032440737445799,-0.05433705518793416,-0.04886297575240037,0.1278887794854158,0.14978509722755098,0.12788877948541583,0.13336285892094962,0.065342623,-0.8357983820000001
Rodney Hood,2016-17,1593.0,0.2000000029802322,-0.6000000238418579,-0.4000000059604645,0.1533031862010622,-0.6187496610768787,-0.4417392968839764,-0.48599188793220194,-0.2884361106829139,-0.4654464748758165,-0.2884361106829142,-0.33268870173113974,0.380634731,0.385466236
Ty Lawson,2016-17,1732.0,0.2000000029802322,-0.699999988079071,-0.6000000238418579,0.3995449226536112,-1.038751159282571,-1.0377807781210722,-1.038023373411447,-0.638235855467461,-0.6392062366289597,-0.638235855467461,-0.6384784507578358,-0.667974455,-0.362487937
Robin Lopez,2016-17,2271.0,-2.400000095367432,1.399999976158142,-1.100000023841858,-1.3875648722650509,0.946007705778151,1.012938100470807,0.996205501797643,-0.3746267717942437,-0.4415571664868999,-0.374626771794244,-0.3913593704674079,-0.406790916,-2.185724856
Jamal Murray,2016-17,1764.0,-0.2000000029802322,-0.4000000059604645,-0.6000000238418579,0.2618424836600969,-0.0788768141333554,-0.05326634517263912,-0.05966896241281818,0.2085761384874578,0.18296566952674148,0.20857613848745776,0.2021735212472787,-0.736976269,-0.881634153
Norman Powell,2016-17,1368.0,0.0,-0.1000000014901161,-0.1000000014901161,-0.6220103034374388,-0.847158115632741,-0.8029819018482787,-0.8140259552943941,-1.4249922052857174,-1.4691684190701797,-1.4249922052857174,-1.436036258731833,-0.121735527,0.317384614
Rajon Rondo,2016-17,1843.0,-0.699999988079071,-0.1000000014901161,-0.800000011920929,-0.9677469380847606,-0.0094002159449961,0.1609313106845986,0.11834842902719991,-0.8068156274001621,-0.9771471540297567,-0.8068156274001621,-0.8493985090575608,1.458289677,-0.270428001
Jon Leuer,2016-17,1944.0,-1.2999999523162842,0.5,-0.8999999761581421,-1.2868754989827604,0.0165832497778683,0.15717508045819673,0.12202712278811464,-1.1297004185245636,-1.270292249204892,-1.1297004185245636,-1.1648483761946458,-0.220981159,-0.110893988
Iman Shumpert,2016-17,1937.0,-1.5,0.6000000238418579,-0.8999999761581421,-1.2345642829629533,-0.2246326397892366,-0.19001199261474794,-0.19866715440837007,-1.4245762755777012,-1.45919692275219,-1.4245762755777012,-1.4332314373713233,0.250311984,-0.922081028
Will Barton,2016-17,1705.0,1.100000023841858,-1.899999976158142,-0.800000011920929,0.1630207088009086,-1.6007025563003694,-1.55980573280476,-1.5700299386786623,-1.3967850240038515,-1.4376818474994608,-1.3967850240038515,-1.4070092298777537,-0.973347828,0.417581329
Trevor Booker,2016-17,1754.0,-2.0,1.2000000476837158,-0.800000011920929,-2.614021839359744,0.6784560306502904,0.8007663330795469,0.7701887574722328,-1.8132555062801967,-1.9355658087094536,-1.8132555062801972,-1.8438330818875113,0.8493733,0.220136202
Troy Daniels,2016-17,1183.0,1.2999999523162842,-1.2999999523162842,0.1000000014901161,0.918069652577102,-0.915570119050374,-0.9469887150545545,-0.9391340660535094,-0.0289190624774524,0.0024995335267280483,-0.028919062477452462,-0.021064413476407307,-1.410412053,-1.750262825
Sam Dekker,2016-17,1419.0,-0.5,0.1000000014901161,-0.4000000059604645,-1.0280860529300824,0.5762855787305344,0.5510642243135295,0.5573695629177807,-0.4770218286165528,-0.45180047419954794,-0.47702182861655285,-0.47071649001230165,-0.748793089,-0.3717849009999999
Courtney Lee,2016-17,2459.0,0.1000000014901161,-1.399999976158142,-1.399999976158142,0.0779704234986473,-2.18551521689398,-2.21748637686246,-2.2094935868703396,-2.139515953363812,-2.107544793395333,-2.1395159533638126,-2.1315231633716922,-0.383122774,0.368942365
Jusuf Nurkic,2016-17,1391.0,-2.700000047683716,2.400000095367432,-0.3000000119209289,-1.324375571561897,1.6948469711525316,1.7042660630055368,1.7019112900422855,0.3798904914436396,0.3704713995906346,0.37989049144363984,0.37753571848038847,0.3722383647692308,-1.91091548086844
James Ennis III,2016-17,1501.0,-1.7000000476837158,1.100000023841858,-0.6000000238418579,-0.8306771559912463,0.4814737880527189,0.4820451428439345,0.48190230414613056,-0.3486320131473117,-0.34920336793852735,-0.34863201314731174,-0.3487748518451157,0.243827392,-0.9996215189999998
Taj Gibson,2016-17,1989.0,-1.7999999523162842,0.6000000238418579,-1.2000000476837158,-1.3688980639423125,1.2878836897024897,1.213791576668257,1.232314604926815,-0.1551064872740557,-0.08101437423982283,-0.15510648727405552,-0.1365834590154975,0.3877069034092508,-0.17365321655455
Brandon Jennings,2016-17,1802.0,-0.2000000029802322,-0.800000011920929,-1.0,-0.7924747016111923,-1.109819335511753,-1.2098869190900725,-1.1848700231954925,-2.0023616207012647,-1.902294037122945,-2.0023616207012647,-1.9773447248066849,-0.5548113795094339,-1.5070747462264151
Ish Smith,2016-17,1955.0,-0.1000000014901161,-1.0,-1.100000023841858,0.1703297784000336,0.8168720352802262,0.9228868546689184,0.8963831498217453,1.093216633068952,0.9872018136802598,1.093216633068952,1.0667129282217789,0.885136224,0.265378903
Langston Galloway,2016-17,1495.0,-0.800000011920929,-0.1000000014901161,-0.800000011920929,0.1256879361711893,-0.2109762354071224,-0.13267090756427827,-0.1522472395249893,-0.0069829713930889,-0.08528829923593309,-0.006982971393088955,-0.026559303353799996,-0.625602734832776,-2.8343437286889634
Marcin Gortat,2016-17,2556.0,-1.2000000476837158,-0.4000000059604645,-1.600000023841858,-0.3269803239269499,0.4185651432144245,0.5098944660398268,0.48706213533347625,0.182914142112877,0.09158481928747458,0.18291414211287688,0.16008181140652633,-0.003043852,-1.005225226
Cory Joseph,2016-17,2003.0,-0.4000000059604645,-1.0,-1.399999976158142,-0.467399054713394,-0.5049789098870555,-0.4655466271477213,-0.47540469783255485,-0.9329456818611152,-0.9723779646004496,-0.9329456818611153,-0.9428037525459488,-0.661857394,-1.446654701
Kosta Koufos,2016-17,1419.0,-2.5,1.7000000476837158,-0.800000011920929,-1.982710335616779,1.2350468348166863,1.2052802970805454,1.2127219315145805,-0.7774300385362336,-0.7476635008000927,-0.7774300385362336,-0.7699884041021985,-0.188072568,-2.426161145
Mike Muscala,2016-17,1237.0,-1.100000023841858,0.5,-0.6000000238418579,-0.2449493152656473,0.3929973033014467,0.3854925455935241,0.38736873502050473,0.1405432303278766,0.1480479880357994,0.14054323032787677,0.14241941975485742,-0.35899415,-1.425801807
Larry Nance Jr.,2016-17,1442.0,-1.399999976158142,0.6000000238418579,-0.800000011920929,-1.0184688847456855,1.3418506790792242,1.4648264388008077,1.4340824988704117,0.4463575540551219,0.32338179433353864,0.4463575540551221,0.4156136141247262,1.528785193,2.010248324
Jabari Parker,2016-17,1728.0,0.4000000059604645,-1.5,-1.100000023841858,-0.0792888609820755,-1.6432121184930049,-1.6268966174491681,-1.6309754927101272,-1.7061854784312438,-1.7225009794750803,-1.7061854784312436,-1.7102643536922026,-1.247447201,0.905820076
Jordan Clarkson,2016-17,2397.0,-0.5,-1.100000023841858,-1.7000000476837158,-0.0649489362151145,-2.560998397043075,-2.545673920038566,-2.549505039289693,-2.6106228562536806,-2.6259473332581895,-2.6106228562536806,-2.6144539755048077,-1.413571861,-1.588027089
Dante Cunningham,2016-17,1649.0,-1.399999976158142,0.2000000029802322,-1.2000000476837158,-0.5885773266911788,-0.2459142784892331,-0.07958897809730106,-0.12117030319528409,-0.6681663047884798,-0.8344916051804119,-0.6681663047884798,-0.7097476298864629,0.348377534,-0.701087438
Luol Deng,2016-17,1486.0,-1.7999999523162842,0.699999988079071,-1.100000023841858,-2.301692030613446,-0.232614489789655,-0.06417159297743809,-0.10628231718049233,-2.3658636235908843,-2.534306520403101,-2.3658636235908843,-2.4079743477939384,-0.469585778,-2.5477117
Willy Hernangomez,2016-17,1324.0,-1.2000000476837158,0.2000000029802322,-0.8999999761581421,-1.0060336552611864,0.5812810595627741,0.5064152526193988,0.5251317043552426,-0.4996184026417876,-0.4247525956984123,-0.4996184026417876,-0.4809019509059438,-0.212167188,-0.803905774
Dirk Nowitzki,2016-17,1424.0,-1.2999999523162842,0.3000000119209289,-1.100000023841858,-0.3173932142328148,0.0424704403548927,0.14914337523219307,0.12247514151286795,-0.1682498390006217,-0.2749227738779221,-0.16824983900062174,-0.19491807271994685,0.7396016179999999,0.672626618
Zach LaVine,2016-17,1749.0,0.8999999761581421,-2.400000095367432,-1.5,1.0468303968106,-2.6569512611588326,-2.673247560979209,-2.669173486024114,-1.6264171641686087,-1.6101208643482325,-1.6264171641686087,-1.622343089213514,-1.7723550229999998,-0.098382251
Evan Turner,2016-17,1658.0,-2.400000095367432,0.8999999761581421,-1.5,-2.241462317565327,-0.2308299748537316,-0.22211926009400665,-0.22429693878393786,-2.463581577659334,-2.4722922924190587,-2.4635815776593337,-2.465759256349265,-1.155987215,-2.758577648
Caris LeVert,2016-17,1237.0,-0.4000000059604645,-0.800000011920929,-1.2000000476837158,-0.1113198499299812,-0.0203885522720451,0.02764273328925134,0.01563491189892723,-0.0836771166407299,-0.1317084022020263,-0.08367711664072985,-0.09568493803105398,-0.032418887,-0.235590997
Rodney McGruder,2016-17,1966.0,-0.4000000059604645,-1.399999976158142,-1.7999999523162842,-0.4643180956997398,-0.8848561631227216,-0.785710656388327,-0.8104970330719257,-1.2500287520880669,-1.3491742588224613,-1.2500287520880669,-1.2748151287716656,-0.108300002,-1.169974341
Glenn Robinson III,2016-17,1427.0,-1.600000023841858,0.2000000029802322,-1.399999976158142,-1.576753466508061,0.1005719422193173,0.1865007436565533,0.1650185432972443,-1.3902527228515076,-1.4761815242887437,-1.3902527228515076,-1.4117349232108167,-0.665486175,-1.941580788
Dario Saric,2016-17,2129.0,-2.0999999046325684,0.3000000119209289,-1.899999976158142,-2.0503479039034187,-0.5289310447126362,-0.5466151813565602,-0.5421941471955791,-2.5969630852599788,-2.579278948616055,-2.5969630852599788,-2.592542051098998,-0.538499916,-2.504595258
JR Smith,2016-17,1187.0,-0.5,-0.5,-1.100000023841858,-0.6204086734712374,-0.829325164943711,-0.7026903348630219,-0.7343490423831941,-1.3230990083342593,-1.4497338384149483,-1.3230990083342593,-1.3547577158544315,0.524631363,-0.325092025
Corey Brewer,2016-17,1281.0,-1.899999976158142,0.4000000059604645,-1.399999976158142,-2.236642218975972,1.3591409911260268,1.4732738671782748,1.4447406481652127,-0.763368351797697,-0.877501227849945,-0.763368351797697,-0.7919015708107591,0.3694228328711944,-1.4953755190850897
Dwight Powell,2016-17,1333.0,-0.800000011920929,-0.5,-1.399999976158142,-0.7647342415933894,-0.4951869391569712,-0.1985685675054072,-0.27272316041829814,-0.9633028090987966,-1.2599211807503607,-0.9633028090987966,-1.0374574020116876,0.485228722,0.169612609
Matt Barnes,2016-17,1777.0,-0.800000011920929,-1.0,-1.7999999523162842,-2.0959777155776327,-0.9270072618974304,-1.0347492979513986,-1.0078137889379066,-3.1307270135290315,-3.0229849774750632,-3.1307270135290315,-3.1037915045155393,-0.4145814462087788,-2.598944904538548
Tyson Chandler,2016-17,1298.0,-1.100000023841858,-0.3000000119209289,-1.5,0.258522318650345,-0.1023201856463125,0.06625465947462045,0.02411094819438722,0.3247769781249654,0.15620213300403246,0.3247769781249654,0.2826332668447322,0.234105045,-0.339086113
Dante Exum,2016-17,1228.0,-2.200000047683716,0.699999988079071,-1.5,-2.342464770410002,0.7462280104095398,0.6107862237793508,0.644646670436898,-1.7316785466306517,-1.5962367600004623,-1.7316785466306515,-1.697818099973104,-0.938185879,-4.445456647
Dorian FinneySmith,2016-17,1642.0,-2.5999999046325684,0.800000011920929,-1.7999999523162842,-2.345659739726736,0.1893813724592553,0.261618112156649,0.24355892723230055,-2.0840416275700875,-2.1562783672674803,-2.0840416275700866,-2.1021008124944354,0.43168675,-1.993282923
Jerami Grant,2016-17,1531.0,-2.0,0.2000000029802322,-1.7999999523162842,-2.6717800294961584,-0.8920390003601919,-0.8601321822584138,-0.8681088867838583,-3.5319122117545723,-3.5638190298563504,-3.5319122117545723,-3.5398889162800167,0.1603975592135859,-1.761535840498367
Jonas Jerebko,2016-17,1232.0,-0.6000000238418579,-0.8999999761581421,-1.5,-1.3240593230629962,-0.6943306419779777,-0.7711661162914828,-0.7519572477131065,-2.095225439354479,-2.018389965040974,-2.095225439354479,-2.076016570776103,0.075982559,-1.7680815119999995
Anthony Tolliver,2016-17,1477.0,-0.5,-1.2000000476837158,-1.7000000476837158,0.0657841950889793,-1.2830395124952412,-1.1964877826332307,-1.2181257150987332,-1.1307035875442513,-1.217255317406262,-1.1307035875442515,-1.152341520009754,-0.935684417,-1.351603098
Marco Belinelli,2016-17,1778.0,0.1000000014901161,-2.0999999046325684,-1.899999976158142,0.5488143840188597,-1.465562467754976,-1.4914397953513432,-1.4849704634522514,-0.9426254113324836,-0.9167480837361162,-0.9426254113324835,-0.9361560794333916,-0.793726583,-0.170291118
Monta Ellis,2016-17,1998.0,-1.5,-0.5,-2.0,-1.5115158411767362,-0.8322114381490792,-0.7160543253886908,-0.7450936035787878,-2.227570166565427,-2.3437272793258153,-2.2275701665654273,-2.256609444755524,0.464038658,-1.107401087
Tim Frazier,2016-17,1525.0,-0.5,-1.2999999523162842,-1.7999999523162842,-1.1205681695626213,-0.5959620555930466,-0.5164768248843288,-0.5363481325615083,-1.63704499444695,-1.716530225155668,-1.63704499444695,-1.6569163021241295,-0.276669277,-1.593011017
Kelly Oubre Jr.,2016-17,1605.0,-1.7999999523162842,-0.1000000014901161,-1.899999976158142,-2.0077592683910903,0.4990878502989322,0.5539116860596138,0.5402057271194435,-1.4538475823314765,-1.508671418092158,-1.4538475823314765,-1.4675535412716467,-0.419227894,-2.62944008
Jonathon Simmons,2016-17,1392.0,-2.400000095367432,0.699999988079071,-1.7999999523162842,-1.7494032530894696,1.036307223612808,1.253382956885008,1.199114023566958,-0.4960202962044617,-0.7130960294766617,-0.49602029620446175,-0.5502892295225117,1.4885472760000005,-0.133071065
Tony Snell,2016-17,2336.0,-0.6000000238418579,-1.600000023841858,-2.200000047683716,-0.3220249137558662,-1.9755475034831855,-1.8568252306796453,-1.8865057988805303,-2.1788501444355117,-2.297572417239052,-2.1788501444355117,-2.2085307126363967,-0.589074208,-1.334242317
Nik Stauskas,2016-17,2188.0,0.0,-2.0999999046325684,-2.0999999046325684,-0.4516789899662303,-2.214336268454152,-2.181004914448451,-2.1893377529498763,-2.632683904414681,-2.6660152584203822,-2.632683904414681,-2.6410167429161064,-0.341280718,-2.00866251
Richard Jefferson,2016-17,1614.0,-1.600000023841858,-0.4000000059604645,-2.0,-1.2537610419122505,0.1550936692097851,0.18659462988339223,0.17871938971499043,-1.0671664120288582,-1.0986673727024654,-1.0671664120288582,-1.0750416521972601,-1.342969362,-2.7248918100000004
Shabazz Muhammad,2016-17,1516.0,-0.3000000119209289,-1.600000023841858,-2.0,-0.775146118996461,-2.049445533927716,-2.1013666054544906,-2.0883863375727967,-2.876512724450952,-2.824591652924177,-2.8765127244509516,-2.8635324565692577,-3.418093893,-2.695046121
Terry Rozier,2016-17,1263.0,-2.0,0.2000000029802322,-1.7000000476837158,-1.8180466476663657,0.9614772143369168,1.0725574967969385,1.044787426181933,-0.745489150869427,-0.8565694333294489,-0.7454891508694272,-0.7732592214844327,0.227929731,-2.698647962
Dennis Schroder,2016-17,2485.0,0.3000000119209289,-2.5999999046325684,-2.299999952316284,0.6554883334516496,-0.7142011351044085,-0.6825254151736735,-0.6904443451563573,-0.027037081722024,-0.05871280165275894,-0.027037081722023903,-0.034956011704707746,-0.733618911,-1.072558223
Justin Anderson,2016-17,1228.0,-1.2000000476837158,-0.800000011920929,-2.0,-0.4607468453422538,-1.3728955112469998,-1.3111785866473484,-1.3266078177972611,-1.7719254319896025,-1.8336423565892537,-1.7719254319896023,-1.787354663139515,-0.8718676354999999,-2.440643405140065
Andre Drummond,2016-17,2409.0,-2.5,0.1000000014901161,-2.400000095367432,-0.6624290364487956,0.3968302103884197,0.4492238447293845,0.43612543614414323,-0.2132051917194111,-0.2655988260603759,-0.2132051917194111,-0.22630360030465235,2.591533283,0.706536451
Buddy Hield,2016-17,1888.0,-0.8999999761581421,-1.399999976158142,-2.299999952316284,-0.5571239105859737,-2.241483508684029,-2.1203253116734215,-2.150614860926073,-2.677449222259395,-2.7986074192700023,-2.677449222259395,-2.7077387715120467,-1.3563262861069916,-2.363437322720339
Reggie Jackson,2016-17,1424.0,0.1000000014901161,-2.0999999046325684,-2.0999999046325684,0.2302764753489951,-2.3864248854396544,-2.5304935109099063,-2.4944763545423427,-2.300217035560911,-2.156148410090659,-2.300217035560911,-2.2641998791933475,-2.036710915,-2.964266392
Stanley Johnson,2016-17,1371.0,-2.5,0.5,-2.0,-2.361933942767413,1.302015160309802,1.3794941460877048,1.360124399643229,-0.9824397966797084,-1.059918782457611,-0.9824397966797083,-1.001809543124184,1.286485461,-2.301630876
Sean Kilpatrick,2016-17,1754.0,0.0,-2.200000047683716,-2.200000047683716,0.3713011774276107,-2.472502879243069,-2.5131809106644756,-2.5030114028091237,-2.141879733236865,-2.1012017018154583,-2.141879733236865,-2.131710225381513,-0.775881367,-1.281998121
Kelly Olynyk,2016-17,1538.0,-1.2999999523162842,-0.699999988079071,-2.0999999046325684,-1.1748332065978713,0.6894184222568515,0.6883823320873316,0.6886413546297114,-0.4864508745105396,-0.4854147843410198,-0.4864508745105397,-0.48619185196815984,-0.591192551,-1.150377061
Austin Rivers,2016-17,2054.0,-0.699999988079071,-1.600000023841858,-2.299999952316284,-0.6795081404094971,-1.8567861578624545,-1.7767347211342548,-1.7967475803163044,-2.456242861543752,-2.536294298271952,-2.456242861543752,-2.476255720725802,-1.407321466,-1.497642663
Noah Vonleh,2016-17,1265.0,-3.200000047683716,1.2000000476837158,-2.0,-3.2374157556617944,0.9388489554104336,0.8804570614597241,0.8950550349474014,-2.35695869420207,-2.298566800251361,-2.35695869420207,-2.3423607207143933,-0.436516744,-3.101402419
Richaun Holmes,2016-17,1193.0,-0.8999999761581421,-1.2999999523162842,-2.0999999046325684,-0.5767867572276365,-0.944457292496486,-0.73811164304623,-0.789698055408794,-1.3148984002738664,-1.5212440497241224,-1.3148984002738664,-1.3664848126364304,0.13182523,-0.069249893
Deron Williams,2016-17,1657.0,0.1000000014901161,-2.400000095367432,-2.299999952316284,-0.8154904086561189,-1.8965789891140816,-2.059276308303636,-2.0186019785062475,-2.8747667169597544,-2.7120693977702004,-2.874766716959755,-2.8340923871623662,-1.8061299377549789,-2.28820208277248
Terrence Jones,2016-17,1270.0,-2.200000047683716,-0.1000000014901161,-2.299999952316284,-7.069430621553181,0.9238161468715488,0.922435974599038,0.9227810176671657,-6.146994646954143,-6.145614474681632,-6.146994646954143,-6.146649603886015,1.204028915335433,0.3383846015149606
Timothe LuwawuCabarrot,2016-17,1190.0,-1.899999976158142,-0.3000000119209289,-2.200000047683716,-2.1710386057290827,-0.2716016136043944,-0.41299450591584674,-0.37764628283798357,-2.584033111644929,-2.442640219333477,-2.5840331116449295,-2.5486848885670663,-1.04507465,-3.5760946019999995
Raymond Felton,2016-17,1700.0,-2.5,0.0,-2.5,-1.9244458542495904,-0.954547689934672,-0.9167212066454038,-0.9261778274677207,-2.8411670608949944,-2.8789935441842625,-2.8411670608949944,-2.850623681717311,-0.486017787,-3.3659606599999994
Alex Len,2016-17,1560.0,-3.700000047683716,1.100000023841858,-2.5,-2.79948426214817,0.1519963450432464,0.16408817764322872,0.16106521949323316,-2.6353960845049413,-2.6474879171049235,-2.6353960845049413,-2.6384190426549368,-0.470082959,-3.739797256
Jameer Nelson,2016-17,2045.0,0.4000000059604645,-2.900000095367432,-2.5999999046325684,0.7056969804699857,-1.7460972283545706,-1.7675231819414416,-1.762166693544724,-1.061826201471456,-1.0404002478845849,-1.061826201471456,-1.0564697130747382,-0.995626534,-1.104979681
Allen Crabbe,2016-17,2254.0,-0.8999999761581421,-1.7999999523162842,-2.700000047683716,-0.5117153481579996,-2.315695460387665,-2.2723356890813307,-2.2831756319079144,-2.784051037239329,-2.8274108085456646,-2.78405103723933,-2.794890980065914,-1.038976045,-0.763158708
Derrick Favors,2016-17,1186.0,-3.200000047683716,0.6000000238418579,-2.5999999046325684,-2.5313871877636336,2.102211549985402,2.31288958773173,2.2602200782951485,-0.218497600031903,-0.4291756377782314,-0.21849760003190344,-0.2711671094684851,1.992994665,1.333243579
Domantas Sabonis,2016-17,1632.0,-3.799999952316284,1.2000000476837158,-2.5999999046325684,-4.162646081857178,1.6935541339430913,1.8075465101502255,1.7790484160984419,-2.355099571706953,-2.4690919479140874,-2.355099571706953,-2.3835976657587366,0.275943068,-2.826307364
Yogi Ferrell,2016-17,1197.0,-0.800000011920929,-1.899999976158142,-2.700000047683716,-0.6379576050495762,-1.6030014953734704,-1.6075048207292018,-1.606378989390269,-2.2454624257787783,-2.2409591004230465,-2.245462425778778,-2.244336594439845,-0.3970325970960735,-1.4002827798421051
Shaun Livingston,2016-17,1345.0,-2.400000095367432,-0.4000000059604645,-2.799999952316284,-2.349055038134223,-0.5889167479956524,-0.4620768404415758,-0.4937868173300949,-2.8111318785757984,-2.937971786129875,-2.8111318785757984,-2.8428418554643176,-0.4871514329999999,-3.161410642
Frank Kaminsky,2016-17,1954.0,-1.100000023841858,-1.7000000476837158,-2.799999952316284,-0.5630686852562682,-0.5878186195838765,-0.5106607139521173,-0.5299501903600571,-1.0737293992083856,-1.1508873048401447,-1.0737293992083856,-1.0930188756163253,-0.678433175,-1.8852176
DAngelo Russell,2016-17,1811.0,-0.3000000119209289,-2.5,-2.799999952316284,0.2275684353774663,-1.840634556254362,-1.6691919572121325,-1.7120526069726898,-1.4416235218346665,-1.6130661208768957,-1.4416235218346662,-1.4844841715952235,-1.001376297,-2.146059559
Jeff Green,2016-17,1534.0,-2.5999999046325684,-0.4000000059604645,-3.0,-1.91542495085352,-0.6227438992287246,-0.4734805909739781,-0.5107964180376647,-2.388905541827498,-2.5381688500822444,-2.388905541827498,-2.4262213688911847,-1.472440409,-3.244771719
Kyle Korver,2016-17,1753.0,0.3000000119209289,-3.299999952316284,-3.0,0.3277590993646555,-2.609476799885176,-2.52733451869896,-2.5478700889955133,-2.1995754193343044,-2.2817177005205203,-2.1995754193343044,-2.2201109896308577,-1.0297162218739304,-0.8022134204723332
Tony Parker,2016-17,1587.0,-0.8999999761581421,-2.0999999046325684,-3.0,-0.6518588193880054,-1.5345258995217217,-1.5396486235688838,-1.5383679425570933,-2.191507442956889,-2.186384718909727,-2.191507442956889,-2.1902267619450986,-0.751219173,-1.112284562
Malcolm Delaney,2016-17,1248.0,-3.400000095367432,0.2000000029802322,-3.200000047683716,-2.019171354428864,-0.0753798412266762,0.13140157281887388,0.07970621930748631,-1.8877697816099903,-2.0945511956555403,-1.88776978160999,-1.9394651351213779,0.137281963,-3.853842228
Isaiah Whitehead,2016-17,1643.0,-2.5,-0.699999988079071,-3.200000047683716,-2.112501395740649,-0.1764416142158213,-0.20546686937535402,-0.19821055558547085,-2.3179682651160034,-2.2889430099564705,-2.317968265116003,-2.31071195132612,-0.0886701959999999,-4.39706651
Matthew Dellavedova,2016-17,1986.0,-1.0,-2.200000047683716,-3.200000047683716,-0.9650073616649744,-1.8161248561821417,-1.7592919856770335,-1.7735002033033105,-2.724299347342008,-2.781132217847116,-2.724299347342008,-2.738507564968285,-1.506385873,-3.799860034
Boris Diaw,2016-17,1283.0,-2.799999952316284,-0.5,-3.400000095367432,-2.7383044738204205,-0.5259688808000337,-0.5416204559974424,-0.5377075621980901,-3.279924929817863,-3.264273354620454,-3.279924929817863,-3.2760120360185105,-1.186709018,-2.734578815
Kris Dunn,2016-17,1333.0,-3.299999952316284,0.0,-3.299999952316284,-3.439572424853137,0.1946026234078235,0.24211216425346432,0.23023477904205408,-3.197460260599673,-3.244969801445314,-3.197460260599673,-3.209337645811083,1.185798588,-3.236171115
Gerald Henderson,2016-17,1667.0,-1.600000023841858,-1.600000023841858,-3.200000047683716,-1.3462115372947832,-1.9075443115094637,-1.8269719740743118,-1.8471150584330998,-3.173183511369095,-3.253755848804247,-3.173183511369095,-3.193326595727883,-1.208312134,-2.302729517
Jaylen Brown,2016-17,1341.0,-3.400000095367432,-0.4000000059604645,-3.799999952316284,-2.4721752461300577,-0.4115348660426794,-0.47256814597246677,-0.4573098259900199,-2.944743392102525,-2.883710112172737,-2.9447433921025246,-2.9294850721200776,-1.2629164,-3.6003787279999995
Willie CauleyStein,2016-17,1421.0,-3.0999999046325684,-0.6000000238418579,-3.700000047683716,-1.857160097491752,-0.0844461206196322,-0.15985397871338852,-0.14100201418994945,-2.01701407620514,-1.9416062181113842,-2.0170140762051405,-1.9981621116817014,-0.244322089,-1.269692521
Bojan Bogdanovic,2016-17,2083.0,-0.4000000059604645,-3.0999999046325684,-3.5999999046325684,-0.2816788151848984,-2.482213463732124,-2.522113394216591,-2.5121384115954744,-2.803792209401489,-2.7638922789170226,-2.8037922094014895,-2.793817226780373,-2.6560395496231397,-2.809440484581853
Sergio Rodriguez,2016-17,1518.0,-0.5,-3.400000095367432,-3.900000095367432,-0.9820287722037722,-2.402341529308258,-2.4840368391280925,-2.463613011673134,-3.466065611331864,-3.38437030151203,-3.4660656113318646,-3.4456417838769062,-0.828590296,-2.757123173
Shelvin Mack,2016-17,1205.0,-2.0,-2.400000095367432,-4.5,-1.7332692159576248,-0.3122861955811492,-0.25115300066613705,-0.2664362993948901,-1.984422216623762,-2.045555411538774,-1.984422216623762,-1.999705515352515,-0.147930571,-2.543288097
Jamal Crawford,2016-17,2157.0,-1.2999999523162842,-2.5,-3.799999952316284,0.1209924119670751,-2.498933677568061,-2.550884084254233,-2.5378964825826897,-2.429891672287157,-2.377941265600986,-2.429891672287158,-2.416904070615615,-1.610387663,-1.929731941
Randy Foye,2016-17,1284.0,-2.700000047683716,-1.7000000476837158,-4.400000095367432,-2.3811005921007147,-1.342143178980007,-1.3051577050398206,-1.314404073524867,-3.686258297140535,-3.7232437710807216,-3.6862582971405353,-3.695504665625582,-0.462330735,-2.968805556
Andrew Harrison,2016-17,1474.0,-3.200000047683716,-1.0,-4.199999809265137,-2.654931124829913,0.8242823274707193,0.8112771413110226,0.8145284378509468,-1.8436539835188903,-1.8306487973591938,-1.8436539835188905,-1.8404026869789663,0.318722578,-2.8208275840000003
Meyers Leonard,2016-17,1222.0,-3.200000047683716,-1.2999999523162842,-4.5,-2.101043395087584,-0.0172098118810272,-0.31059643654442654,-0.23724978037857664,-2.4116398316320105,-2.1182532069686113,-2.411639831632011,-2.338293175466161,-1.091417609,-3.20579521
Doug McDermott,2016-17,1508.0,-0.3000000119209289,-4.0,-4.300000190734863,-0.3762474961401673,-3.806266935087368,-3.575884666580232,-3.633480233707016,-3.9521321627204,-4.182514431227535,-3.9521321627203996,-4.009727729847183,-2.1806668292015914,-2.894216891913793
Marquese Chriss,2016-17,1743.0,-3.0,-1.2999999523162842,-4.300000190734863,-2.10596716364768,-1.4541128032946098,-1.6018227186892406,-1.5648952398405829,-3.707789882336921,-3.56007996694229,-3.707789882336921,-3.670862403488263,-0.474322384,-2.3913045620000006
Julius Randle,2016-17,2132.0,-1.600000023841858,-2.5999999046325684,-4.199999809265137,-1.4144648809598976,-1.7556681608961024,-1.6208842666193581,-1.6545802401885443,-3.035349147579255,-3.1701330418560003,-3.0353491475792556,-3.069045121148442,-1.222881106,-1.726614987
Bismack Biyombo,2016-17,1793.0,-4.0,-0.6000000238418579,-4.599999904632568,-3.472183193818061,-0.1870490228918913,-0.22542057910711155,-0.21582769005330646,-3.6976037729251727,-3.6592322167099525,-3.6976037729251727,-3.6880108838713674,0.097064372,-3.978206164
Arron Afflalo,2016-17,1580.0,-1.2999999523162842,-4.800000190734863,-6.0,-1.317327149947072,-3.6008733718576167,-3.6927546542196943,-3.6697843336291744,-5.010081804166767,-4.918200521804689,-5.0100818041667665,-4.987111483576246,-2.035519648,-2.974150521
Emmanuel Mudiay,2016-17,1406.0,-2.5,-4.0,-6.5,-1.7272912770739983,-2.493669001094073,-2.609339151700108,-2.5804216140485994,-4.336630428774106,-4.2209602781680715,-4.336630428774106,-4.3077128911225975,-1.775585463,-4.567923554
DJ Augustin,2016-17,1538.0,-2.200000047683716,-4.199999809265137,-6.400000095367432,-1.7135549918590138,-2.232309652931745,-2.095004501917562,-2.1293307896711076,-3.808559493776576,-3.945864644790759,-3.808559493776576,-3.8428857815301214,-3.041344548,-5.382465592
Brandon Ingram,2016-17,2279.0,-2.5,-2.700000047683716,-5.199999809265137,-1.478062583729102,-2.6045746710399844,-2.6170738255224784,-2.6139490369018548,-4.09513640925158,-4.082637254769086,-4.09513640925158,-4.092011620630957,-1.559900849,-4.297042767
Damian Lillard,2017-18,2670.0,6.599999904632568,0.3000000119209289,6.900000095367432,7.055222584522581,0.7550497011236427,0.7324963461395207,0.7381346848855511,7.787718930662102,7.8102722856462234,7.787718930662102,7.793357269408133,-0.553550712,5.128835751
Victor Oladipo,2017-18,2552.0,3.299999952316284,3.5,6.900000095367432,3.128374249274191,2.8837397360111368,2.873370755473152,2.8759630006076478,6.001745004747344,6.012113985285328,6.0017450047473435,6.004337249881839,2.579973738,6.149415534
LeBron James,2017-18,3026.0,7.0,-1.7000000476837158,5.199999809265137,6.311404341700906,-0.971326602228558,-1.0181213835921898,-1.006422688251282,5.293282958108716,5.340077739472348,5.293282958108716,5.304981653449625,-0.132074454,5.888149883
Kemba Walker,2017-18,2736.0,5.400000095367432,0.6000000238418579,6.0,5.395818667087707,0.541496971992208,0.5829695639158045,0.5726014159349053,5.978788231003511,5.937315639079915,5.978788231003511,5.968420083022613,-0.607345957,3.268328706
Russell Westbrook,2017-18,2914.0,4.900000095367432,0.3000000119209289,5.099999904632568,4.953586736595509,-0.176501489269846,-0.1720700092515821,-0.17317787925614808,4.781516727343926,4.777085247325663,4.781516727343926,4.780408857339361,1.115821689,4.24611102
Giannis Antetokounmpo,2017-18,2756.0,3.200000047683716,2.5,5.599999904632568,3.507479627831913,2.3913989902167123,2.2672191036634173,2.2982640753017405,5.77469873149533,5.8988786180486255,5.774698731495331,5.805743703133654,0.8477961889999999,5.098701278
Jimmy Butler,2017-18,2164.0,5.5,2.299999952316284,7.800000190734863,4.8031821181759895,2.049429234745139,2.12381425155184,2.1052179973501643,6.92699636972783,6.852611352921128,6.92699636972783,6.908400115526154,0.934461912,6.316305451
Anthony Davis,2017-18,2727.0,1.5,3.799999952316284,5.400000095367432,2.8091442086330773,4.498476019576946,4.507733446588969,4.505419089835963,7.316877655222047,7.307620228210023,7.316877655222047,7.314563298469041,2.476362804,6.527846275
Jrue Holiday,2017-18,2927.0,2.200000047683716,2.0999999046325684,4.400000095367432,2.2344672955619145,2.0397408339661687,1.9858647018911293,1.999333734909889,4.220331997453044,4.274208129528083,4.2203319974530435,4.2338010304718035,0.879924544,3.1150226470000004
Kyle Lowry,2017-18,2510.0,4.800000190734863,0.800000011920929,5.5,4.004952714497798,0.7455409591047005,0.8367133613325667,0.8139202607756,4.841666075830365,4.750493673602499,4.841666075830365,4.818872975273398,0.196080081,3.5446652979999995
Chris Paul,2017-18,1847.0,7.599999904632568,1.100000023841858,8.600000381469727,7.13589187320273,0.9871881294929464,1.0504473891013943,1.0346325741992823,8.186339262304124,8.123080002695676,8.186339262304124,8.170524447402013,1.2693261069999997,6.95302865
Nikola Jokic,2017-18,2443.0,5.199999809265137,0.3000000119209289,5.5,5.28754697103741,1.3369959567312604,1.389727938742222,1.3765449432394814,6.677274909779632,6.624542927768671,6.677274909779632,6.6640919142768915,0.712009006,4.355074723
KarlAnthony Towns,2017-18,2918.0,4.300000190734863,0.0,4.199999809265137,3.598467093395621,1.4735945766056773,1.4085841709001299,1.4248367723265167,5.00705126429575,5.072061670001299,5.00705126429575,5.023303865722138,0.545193234,3.698666866
Robert Covington,2017-18,2532.0,1.2999999523162842,3.5999999046325684,4.900000095367432,1.1916374338158946,2.9079876503046767,2.9901548337706996,2.969613037904194,4.1817922675865935,4.0996250841205715,4.181792267586594,4.161250471720089,3.330082498,3.7161396779999993
Bradley Beal,2017-18,2977.0,2.5,0.8999999761581421,3.400000095367432,2.301456256591777,0.651927789235383,0.44197361524725354,0.49446215874428584,2.743429871839031,2.95338404582716,2.7434298718390306,2.795918415336063,-0.15875849,2.36950117
Otto Porter Jr.,2017-18,2432.0,3.0999999046325684,1.399999976158142,4.5,2.206146332115724,1.7870110156621093,1.7894792249733638,1.78886217264555,3.995625557089088,3.9931573477778333,3.995625557089088,3.995008504761274,1.760748265,4.746278773
Ben Simmons,2017-18,2732.0,1.7999999523162842,1.899999976158142,3.700000047683716,2.03243823456754,1.7774728844819412,1.7400829516073684,1.7494304348260115,3.7725211861749086,3.809911119049481,3.7725211861749086,3.7818686693935515,2.40812334,3.846432143
Stephen Curry,2017-18,1631.0,9.199999809265137,-1.7000000476837158,7.5,7.733453526870093,-0.3148419926603249,-0.4258179954018425,-0.3980739947164631,7.307635531468251,7.418611534209768,7.307635531468251,7.33537953215363,0.135253209,7.771115964
Paul George,2017-18,2891.0,1.600000023841858,1.5,3.0999999046325684,2.056070217477337,0.7929906961681965,0.741767984867242,0.7545736626924806,2.797838202344579,2.8490609136455336,2.797838202344579,2.8106438801698177,0.9005983179999999,3.541098825
Eric Bledsoe,2017-18,2322.0,2.700000047683716,1.7999999523162842,4.400000095367432,3.43096451084144,1.0073478512432452,1.1193832894142006,1.0913744298714616,4.55034780025564,4.438312362084686,4.550347800255641,4.522338940712902,0.8509663275607234,2.776533986404393
LaMarcus Aldridge,2017-18,2509.0,2.5999999046325684,1.5,4.099999904632568,2.314905148195835,2.364876870229098,2.3681965339043947,2.3673666179855704,4.683101682100231,4.679782018424933,4.683101682100229,4.6822717661814055,-0.045241191,3.451186426
Kevin Durant,2017-18,2325.0,5.599999904632568,-1.2999999523162842,4.199999809265137,5.740343070070232,-0.7485554720883449,-0.9212441468861394,-0.8780719781866908,4.819098923184092,4.991787597981887,4.819098923184092,4.862271091883541,-0.042047467,5.027135581
Al Horford,2017-18,2277.0,0.8999999761581421,3.299999952316284,4.199999809265137,1.1210851504319226,2.311607503366448,2.5119615721639734,2.4618730549645917,3.633046722595896,3.4326926537983704,3.6330467225958962,3.5829582053965146,1.620969579,2.505030941
Kyrie Irving,2017-18,1931.0,6.0,-1.2000000476837158,4.800000190734863,5.613665060477644,-0.9224843697970624,-0.9328388048283296,-0.9302501960705127,4.680826255649314,4.691180690680582,4.680826255649315,4.683414864407132,-0.178343997,5.049722977
DeMar DeRozan,2017-18,2711.0,3.900000095367432,-1.600000023841858,2.299999952316284,3.426768352269265,-1.3479512137560086,-1.4481950019988554,-1.4231340549381437,1.9785733502704093,2.0788171385132563,1.9785733502704095,2.0036342973311214,-0.4639317839999999,3.659139301
Draymond Green,2017-18,2287.0,0.699999988079071,2.400000095367432,3.0999999046325684,-0.1471922121668157,2.483175048134222,2.348572307740252,2.382222992838744,2.201380095573436,2.3359828359674064,2.201380095573436,2.2350307806719285,2.102885194,2.292727327
Joe Ingles,2017-18,2578.0,1.7999999523162842,0.699999988079071,2.5,1.7059863302668272,-0.39702956567671,-0.23249182479896535,-0.2736262600184015,1.473494505467862,1.3089567645901172,1.4734945054678619,1.4323600702484258,0.784802746,2.500434633
Steven Adams,2017-18,2487.0,1.2999999523162842,1.2999999523162842,2.5999999046325684,2.0052330083032186,1.4073650801439177,1.50958690311853,1.4840314473748768,3.514819911421749,3.4125980884471363,3.514819911421749,3.4892644556780956,0.323426448,2.52714718
Darren Collison,2017-18,2018.0,2.900000095367432,1.0,3.900000095367432,2.469484878450356,-0.5702876226790954,-0.5187852605328451,-0.5316608510694076,1.9506996179175105,1.8991972557712606,1.950699617917511,1.9378240273809484,-0.047745949,3.262250609
Donovan Mitchell,2017-18,2638.0,1.399999976158142,0.800000011920929,2.200000047683716,2.0538367280113974,1.091493206314533,1.1633628896287158,1.14539546880017,3.217199617640113,3.1453299343259307,3.217199617640113,3.1992321968115673,1.091973904,2.340434767
Josh Richardson,2017-18,2689.0,-0.699999988079071,2.799999952316284,2.0999999046325684,-0.045333108029574,1.9803559705389135,1.9122748406061243,1.9292951230893216,1.86694173257655,1.9350228625093395,1.8669417325765503,1.8839620150597476,1.25005371,1.632700813
Joel Embiid,2017-18,1912.0,0.5,3.400000095367432,4.0,2.29622331177886,4.04819360830203,4.087247355330224,4.077483918573176,6.383470667109085,6.3444169200808895,6.383470667109084,6.373707230352036,1.959746165,2.126955591
Khris Middleton,2017-18,2982.0,2.200000047683716,-0.800000011920929,1.399999976158142,2.438947709315802,-0.7524750935722978,-0.7717268043102239,-0.7669138766257424,1.667220905005578,1.686472615743504,1.667220905005578,1.6720338326900595,-0.4782713949999999,1.926458689
Lou Williams,2017-18,2589.0,5.199999809265137,-3.299999952316284,1.899999976158142,5.24839267406111,-2.533784644642469,-2.6014594194922216,-2.5845407257797834,2.6469332545688884,2.714608029418641,2.6469332545688884,2.6638519482813265,-1.566962846,2.102276166
Spencer Dinwiddie,2017-18,2306.0,3.200000047683716,-0.699999988079071,2.5,2.2845079888979485,-0.664956107297348,-0.7164175959058672,-0.7035522237537373,1.5680903929920813,1.6195518816006005,1.5680903929920813,1.5809557651442112,-0.644643411,1.078213506
Thaddeus Young,2017-18,2607.0,-0.3000000119209289,2.0,1.7999999523162842,-0.1852327082119779,2.47576588480366,2.448892230250622,2.4556106438888814,2.263659522038644,2.290533176591682,2.263659522038644,2.2703779356769034,1.606749248,2.027884431
Clint Capela,2017-18,2034.0,0.1000000014901161,2.799999952316284,3.0,0.049931686903096,2.9944264072886964,3.161710754171465,3.1198896674507726,3.211642441074561,3.0443580941917925,3.211642441074561,3.1698213543538687,2.203664947,3.641736775
Klay Thompson,2017-18,2506.0,1.7000000476837158,0.2000000029802322,1.7999999523162842,1.4829636321648272,-0.3232469343210747,-0.3686269106066461,-0.3572819165352532,1.114336721558181,1.1597166978437525,1.114336721558181,1.125681715629574,-0.69408449,1.519653838
Gary Harris,2017-18,2304.0,1.399999976158142,0.6000000238418579,2.0999999046325684,1.274526392158949,-0.1471197111550037,-0.19037734320277916,-0.17956293519083527,1.0841490489561698,1.1274066810039451,1.0841490489561698,1.0949634569681137,0.278782405,3.175162667
Kyle Anderson,2017-18,1978.0,-0.3000000119209289,3.0999999046325684,2.799999952316284,-0.3145514366106614,2.2957163537601324,2.3158412675231217,2.310810039082374,2.00128983091246,1.981164917149471,2.0012898309124605,1.9962586024717124,3.33625311,4.144095362
Rudy Gobert,2017-18,1816.0,-0.699999988079071,4.0,3.299999952316284,-1.141215106068222,4.528415037112224,4.544329228233278,4.540350680453014,3.4031141221650567,3.387199931044002,3.403114122165056,3.399135574384792,3.144781992,2.937206258
Eric Gordon,2017-18,2154.0,3.0,-0.800000011920929,2.200000047683716,2.902049335835416,-1.1868857111533593,-1.2369218092321672,-1.2244127847124653,1.6651275266032486,1.7151636246820565,1.6651275266032486,1.6776365511229505,-0.498067685,1.500529459
Fred VanVleet,2017-18,1520.0,2.400000095367432,1.899999976158142,4.400000095367432,1.942956005536532,2.268271462542138,2.4470017743476262,2.402319196396254,4.389957779884158,4.21122746807867,4.389957779884158,4.345275201932786,1.181962743,3.093604445
Tyreke Evans,2017-18,1607.0,4.400000095367432,-0.6000000238418579,3.900000095367432,3.4859428314364926,-0.0498210655040898,-0.12828935196439284,-0.10867228034931707,3.3576534794721,3.436121765932403,3.3576534794721,3.3772705510871757,-0.10132262,3.020256596
Tobias Harris,2017-18,2668.0,1.899999976158142,-0.6000000238418579,1.2000000476837158,1.000917702530719,-1.509581166085504,-1.4206721553469328,-1.4428994080315753,-0.4197544528162138,-0.5086634635547851,-0.4197544528162138,-0.44198170550085636,-0.5576021367886057,0.99056757623988
Blake Griffin,2017-18,1970.0,2.200000047683716,0.2000000029802322,2.400000095367432,1.641154960634977,0.6898887638221155,0.5486280081808542,0.5839431970911695,2.1897829688158312,2.3310437244570923,2.1897829688158312,2.2250981577261464,-0.7686259905395939,1.380313517146193
CJ McCollum,2017-18,2923.0,2.200000047683716,-1.399999976158142,0.699999988079071,1.7747426545619671,-0.2516687265467955,-0.3025139155260803,-0.2898026182812591,1.4722287390358868,1.5230739280151715,1.4722287390358868,1.4849400362807081,-0.333365187,1.559393938
Dwight Powell,2017-18,1672.0,0.5,2.900000095367432,3.400000095367432,-0.2455033904380762,2.06644385854944,2.0237607687949484,2.034431541233571,1.7782573783568718,1.820940468111364,1.7782573783568723,1.7889281507954948,1.012266442,2.206966554
Goran Dragic,2017-18,2378.0,1.2999999523162842,0.1000000014901161,1.399999976158142,0.9751282351211932,0.3054337860158252,0.1607174113650899,0.19689650502777367,1.135845646486283,1.2805620211370183,1.1358456464862832,1.172024740148967,-0.971102039,-0.207255893
Will Barton,2017-18,2683.0,1.2999999523162842,-0.4000000059604645,0.8999999761581421,1.256776760346965,-1.2591025697338376,-1.4113419155099942,-1.3732820790659548,-0.1545651551630287,-0.002325809386872546,-0.15456515516302916,-0.11650531871898973,-0.285278966,1.212875494
Jayson Tatum,2017-18,2438.0,0.2000000029802322,1.0,1.2000000476837158,0.2152002096950801,1.1904437404436352,1.1361176175859613,1.1496991483003798,1.351317827281041,1.4056439501387152,1.3513178272810413,1.3648993579954598,2.009442661,3.033389193
Taj Gibson,2017-18,2726.0,0.2000000029802322,0.5,0.699999988079071,-0.1283217634835308,0.6436372503308703,0.5869650539023745,0.6011331030094984,0.4586432904188436,0.5153154868473395,0.4586432904188437,0.4728113395259676,-0.258642072,0.53277205
Terry Rozier,2017-18,2068.0,0.5,1.399999976158142,1.899999976158142,0.5037431140421501,0.61803495534034,0.728669040251125,0.7010105190234286,1.232412154293275,1.1217780693824901,1.232412154293275,1.2047536330655788,1.165834637,1.14132119
Jaylen Brown,2017-18,2152.0,0.3000000119209289,1.2000000476837158,1.5,0.6294575558652561,1.2421162110218693,1.3337336335268217,1.3108292779005835,1.9631911893920777,1.8715737668871255,1.9631911893920777,1.9402868337658394,1.701544138,1.710166589
DeMarcus Cousins,2017-18,1737.0,0.3000000119209289,2.200000047683716,2.5,1.531754492712886,2.370514657224128,2.468962701873736,2.444350690711334,4.000717194586621,3.9022691499370143,4.000717194586622,3.9761051834242203,1.4970881570000003,1.205527015
Jeremy Lamb,2017-18,1967.0,2.200000047683716,-0.2000000029802322,2.0,1.8310158665695884,-0.9530459213549892,-0.8865191554869143,-0.9031508469539329,0.944496711082674,0.8779699452145991,0.9444967110826741,0.9278650196156555,0.056848247,1.439487422
JJ Redick,2017-18,2116.0,3.0,-1.5,1.600000023841858,2.653500558563992,-1.264054312904452,-1.3481497699716813,-1.327125905704874,1.3053507885923106,1.3894462456595402,1.3053507885923108,1.326374652859118,-0.796902536,1.957378322
Tim Hardaway Jr.,2017-18,1885.0,2.0,0.0,2.0,1.7491350736534674,-0.7547822726970198,-0.7380339322425172,-0.7422210173561429,1.0111011414109503,0.9943528009564476,1.01110114141095,1.0069140562973247,-0.407322956,0.654706399
Ricky Rubio,2017-18,2254.0,-0.1000000014901161,1.2999999523162842,1.2000000476837158,0.4035427773986579,1.7690157494982113,1.838536384864227,1.821156226022723,2.2420791622628853,2.1725585268968692,2.242079162262885,2.2246990034213807,1.483768952,1.218193793
AlFarouq Aminu,2017-18,2072.0,-0.699999988079071,2.200000047683716,1.5,-0.7043775703719656,2.195435262261348,2.1544870143402464,2.1647240763205216,1.450109443968281,1.4910576918893823,1.4501094439682807,1.4603465059485559,2.494909318,1.433211645
Jamal Murray,2017-18,2565.0,2.299999952316284,-1.7000000476837158,0.699999988079071,2.273552765884552,-1.5694887243963702,-1.5749166830332562,-1.5735596933740346,0.6986360828512952,0.7040640414881816,0.6986360828512956,0.6999930725105172,-1.132680633,0.281556698
Delon Wright,2017-18,1433.0,1.7000000476837158,1.7000000476837158,3.400000095367432,1.1347083283410824,2.3451379522528764,2.535110477719006,2.487617346352473,3.669818806060088,3.479846280593959,3.6698188060600883,3.6223256746935553,1.385740189,2.548646847
Allen Crabbe,2017-18,2197.0,1.0,0.2000000029802322,1.100000023841858,0.8838811280590306,-0.8398846106701159,-0.902227537668873,-0.8866418059191837,-0.0183464096098423,0.043996517388914747,-0.01834640960984235,-0.0027606778601531046,-0.146604672,-0.362309029
Aaron Gordon,2017-18,1909.0,0.1000000014901161,1.600000023841858,1.7000000476837158,-0.3329834743076448,0.5133267468480069,0.4547536164759804,0.469396899068987,0.1217701421683355,0.18034327254036214,0.1217701421683356,0.13641342476134222,0.688181485,0.662230391
Jakob Poeltl,2017-18,1524.0,0.1000000014901161,2.799999952316284,2.900000095367432,-0.4879538178860895,1.7987176505678115,2.0134602781044837,1.9597746212203155,1.525506460218394,1.310763832681722,1.525506460218394,1.471820803334226,1.184762471,0.849769337
Kristaps Porzingis,2017-18,1553.0,0.800000011920929,2.0,2.799999952316284,0.3890065299540068,2.562573881989477,2.4113722152487442,2.4491726319339273,2.800378745202751,2.9515804119434836,2.800378745202751,2.838179161887934,1.320805243,1.896101799
Derrick Favors,2017-18,2153.0,-0.3000000119209289,1.5,1.100000023841858,-0.6920686392240527,1.7842937906311145,1.857271903585068,1.8390273753465798,1.165203264361015,1.0922251514070618,1.1652032643610153,1.146958736122527,0.643091366,0.93723944
Danny Green,2017-18,1791.0,-0.800000011920929,2.700000047683716,1.899999976158142,-0.9712858420331858,1.6897660114384152,1.7255210097907236,1.7165822602026466,0.7542351677575378,0.7184801694052294,0.7542351677575378,0.7452964181694608,2.192736879,0.214448052
Buddy Hield,2017-18,2024.0,1.100000023841858,0.3000000119209289,1.399999976158142,0.2290920474891284,0.2340866613173057,0.36795549089704027,0.33448828350210663,0.5970475383861688,0.4631787088064341,0.5970475383861686,0.5635803309912351,0.173130999,0.872992574
Nikola Mirotic,2017-18,1494.0,2.5,0.1000000014901161,2.700000047683716,1.467323757454437,1.596934960780038,1.584838231018784,1.5878624134590975,3.0521619884732214,3.064258718234475,3.0521619884732214,3.055186170913535,1.1060690729772424,2.2744968758688087
Ish Smith,2017-18,2043.0,0.3000000119209289,1.0,1.2999999523162842,0.1923226223166032,-0.0776782580535943,-0.005485358669398616,-0.023533583515447532,0.1868372636472046,0.11464436426300889,0.18683726364720457,0.16878903880115564,-0.231347838,0.250561904
Anthony Tolliver,2017-18,1757.0,1.7000000476837158,0.1000000014901161,1.7999999523162842,0.8069605274242821,0.8041708087618008,0.7496115385050006,0.7632513560692006,1.5565720659292823,1.6111313361860828,1.5565720659292828,1.5702118834934828,-0.654191833,0.203666768
Jonas Valanciunas,2017-18,1727.0,0.6000000238418579,1.2999999523162842,1.899999976158142,0.3395092719822336,1.310982468660892,1.5199715415949822,1.4677242733614593,1.859480813577216,1.6504917406431256,1.8594808135772158,1.807233545343693,0.302743343,1.344682193
Marc Gasol,2017-18,2408.0,-1.2999999523162842,1.7000000476837158,0.4000000059604645,-1.445783604143832,1.1628632024876382,0.9685641054037619,1.017138879674731,-0.4772194987400702,-0.2829204016561937,-0.47721949874006997,-0.42864472446910096,0.095095167,-0.92317622
Michael KiddGilchrist,2017-18,1850.0,-1.5,2.900000095367432,1.399999976158142,-1.090343481026632,0.8176738831076658,0.7927399973640007,0.7989734687999169,-0.2976034836626313,-0.27266959791896617,-0.29760348366263123,-0.291370012226715,-0.009848304,-0.015000808
Kyle Korver,2017-18,1574.0,1.7999999523162842,0.4000000059604645,2.0999999046325684,1.3245566124196095,-0.6585671649383601,-0.6812316233952473,-0.6755655087810255,0.6433249890243621,0.6659894474812494,0.6433249890243622,0.648991103638584,-0.407973739,1.07264608
Kentavious CaldwellPope,2017-18,2458.0,0.800000011920929,-0.5,0.2000000029802322,-0.1831402445896601,0.6561794499731781,0.7426105005512719,0.7210027379067484,0.5594702559616116,0.473039205383518,0.5594702559616118,0.5378624933170884,1.094970002,1.439086556
Andre Drummond,2017-18,2625.0,-0.6000000238418579,0.699999988079071,0.1000000014901161,0.3243202929368555,1.2327634047772031,1.182205216851793,1.1948447638331454,1.5065255097886483,1.5570836977140585,1.5065255097886485,1.5191650567700008,2.905048569,2.302547485
Yogi Ferrell,2017-18,2282.0,-0.6000000238418579,1.2000000476837158,0.6000000238418579,-0.3614719799019414,1.1538107722724942,1.1738991829604561,1.1688770802884654,0.8124272030585147,0.7923387923705527,0.8124272030585147,0.8074051003865239,0.224834737,0.203663776
Kevin Love,2017-18,1651.0,2.5999999046325684,-0.8999999761581421,1.7999999523162842,2.938068412138787,-0.1602183291568291,-0.24141170171411924,-0.2211133585747967,2.696656710424668,2.777850082981958,2.696656710424668,2.71695505356399,-0.600024965,1.7436389929999998
Larry Nance Jr.,2017-18,1421.0,-0.2000000029802322,2.5999999046325684,2.5,-0.0801187192233761,3.2828415983218897,3.4382523690935,3.399399676400597,3.3581336498701235,3.2027228790985136,3.358133649870124,3.319280957177221,2.030456199468684,3.3881917508684025
Shabazz Napier,2017-18,1535.0,-0.3000000119209289,2.400000095367432,2.0999999046325684,-0.3532823836663714,1.6426442949359774,1.737393730310867,1.7137063714671443,1.3841113466444956,1.289361911269606,1.3841113466444956,1.360423987800773,0.967909117,0.93367915
Dario Saric,2017-18,2310.0,0.800000011920929,-0.4000000059604645,0.4000000059604645,0.6990090436646187,-0.0546970543417614,-0.05917090380755048,-0.058052441441103206,0.6398381398570682,0.6443119893228573,0.6398381398570682,0.6409566022235155,-0.060722824,0.94152526
Tyus Jones,2017-18,1467.0,1.0,1.2999999523162842,2.299999952316284,1.1983820614812504,1.4192139058318516,1.600333944891021,1.5550539351262287,2.798716006372272,2.617595967313102,2.7987160063722714,2.753435996607479,0.894226726,1.898403907
JJ Barea,2017-18,1603.0,3.400000095367432,-1.7000000476837158,1.7000000476837158,2.469279597113872,-1.016470162740742,-0.9723084720959616,-0.9833488947571567,1.4969711250179103,1.45280943437313,1.4969711250179103,1.4859307023567152,-1.414530457,0.356299148
Rondae HollisJefferson,2017-18,1920.0,-0.3000000119209289,1.100000023841858,0.800000011920929,-0.5542990652577445,0.1069216878970654,0.30714417823138607,0.25708855564780586,-0.2471548870263585,-0.4473773773606791,-0.24715488702635846,-0.29721050960993867,0.40156682,0.841113394
Andrew Wiggins,2017-18,2979.0,-0.699999988079071,0.3000000119209289,-0.5,0.1505544139348765,-0.0024186201031524,-0.10594943478396228,-0.08006673111375981,0.0446049791509142,0.1481357938317241,0.04460497915091423,0.0704876828211167,-0.786158823,-0.676730953
DeMarre Carroll,2017-18,2180.0,-0.1000000014901161,0.5,0.3000000119209289,0.3884327594298851,0.6828093844982018,0.604881518397115,0.6243634849223867,0.993314277827,1.071242143928087,0.9933142778270001,1.0127962443522718,0.179546726,0.310330979
Justin Holiday,2017-18,2265.0,-0.8999999761581421,1.100000023841858,0.2000000029802322,-0.8238279150892963,0.5850388075323875,0.4687792991619788,0.49784417625458094,-0.3550486159273174,-0.23878910755690885,-0.3550486159273175,-0.3259837388347154,0.553789357,-0.660246998
Kelly Olynyk,2017-18,1779.0,1.899999976158142,-0.8999999761581421,1.0,2.004155230322151,1.1266266713329025,1.1169553100515919,1.1193731503719193,3.121110540373743,3.1307819016550535,3.121110540373743,3.1235283806940703,1.336827174,2.321565536
Tyler Johnson,2017-18,2052.0,0.0,0.4000000059604645,0.4000000059604645,-0.1928091714389814,0.0391935723988919,0.0005002079290396984,0.010173549046502747,-0.1923089635099417,-0.1536155990400895,-0.1923089635099417,-0.18263562239247866,0.265752679,-0.337492488
Dejounte Murray,2017-18,1743.0,-2.0999999046325684,3.0999999046325684,1.0,-2.036834649976797,2.988259164503241,3.191259954280655,3.1405097568363014,1.154425304303858,0.9514245145264439,1.154425304303858,1.1036751068595043,2.919251145,1.168314947
Tomas Satoransky,2017-18,1643.0,1.2000000476837158,0.1000000014901161,1.2999999523162842,1.4240324638078417,0.4853609184724288,0.4480973984939791,0.4574132784885915,1.8721298623018208,1.9093933822802704,1.8721298623018208,1.881445742296433,-0.135865644,1.604018577
Pascal Siakam,2017-18,1679.0,0.3000000119209289,0.800000011920929,1.100000023841858,-0.3424857358909411,1.6919041543644582,1.6707877952507468,1.6760668850291747,1.3283020593598056,1.3494184184735172,1.3283020593598058,1.3335811491382334,1.7812847009999997,2.200968724
Rudy Gay,2017-18,1231.0,1.0,1.399999976158142,2.400000095367432,0.6266661107655634,0.4915616045250213,0.4688248237161091,0.4745090189183372,1.0954909344816726,1.1182277152905846,1.0954909344816726,1.1011751296839005,1.2687605,1.192208668
Ersan Ilyasova,2017-18,1729.0,-1.100000023841858,2.0,0.800000011920929,-0.0013084074975953,2.2434314701843507,2.130265087057556,2.158556682839255,2.1289566795599604,2.2421230626867557,2.128956679559961,2.1572482753416597,0.6504968207894737,0.8242622216668594
Jusuf Nurkic,2017-18,2088.0,-2.299999952316284,2.5999999046325684,0.2000000029802322,-2.1323922782718183,3.372446429750143,3.5208908638153273,3.4837797552990315,1.3884985855435097,1.2400541514783248,1.388498585543509,1.3513874770272132,1.862388007,0.335398821
Marvin Williams,2017-18,2006.0,0.3000000119209289,0.1000000014901161,0.4000000059604645,0.8534666963641037,0.3093669564629961,0.41014403313324466,0.38494976396568253,1.2636107294973482,1.1628336528270997,1.2636107294973482,1.2384164603297863,0.404689751,0.827370906
Kent Bazemore,2017-18,1789.0,-0.1000000014901161,0.699999988079071,0.6000000238418579,-0.3194674220191921,0.7597585312658178,0.7010203370404532,0.7157048855967942,0.3815529150212611,0.44029110924662573,0.3815529150212611,0.39623746357760214,1.503308057,0.950561169
Bojan Bogdanovic,2017-18,2464.0,-0.1000000014901161,-0.2000000029802322,-0.3000000119209289,0.1321624135914727,-0.3938270701994963,-0.33673192615924175,-0.35100571216930543,-0.204569512567769,-0.2616646566080236,-0.20456951256776904,-0.21884329857783272,-1.296371369,0.008109701
Josh Hart,2017-18,1461.0,1.0,0.5,1.399999976158142,0.0566095415615458,-0.6581783648300289,-0.5389444360537985,-0.568752918247856,-0.4823348944922526,-0.601568823268483,-0.4823348944922527,-0.5121433766863102,0.488468415,0.020122453
Dennis Schroder,2017-18,2078.0,1.600000023841858,-1.399999976158142,0.2000000029802322,1.4598439885911774,-1.5775302439184846,-1.561988127509697,-1.5658736566118938,-0.1021441389185195,-0.11768625532730725,-0.10214413891851959,-0.10602966802071645,-1.816336768,-0.791192723
John Wall,2017-18,1410.0,1.5,0.1000000014901161,1.5,1.4071136244679423,0.4983303578674237,0.34292532660783964,0.3817765844227356,1.750038951075782,1.905443982335366,1.750038951075782,1.788890208890678,0.476883875,1.870087348
Lonzo Ball,2017-18,1780.0,-0.8999999761581421,1.399999976158142,0.6000000238418579,-1.4506317031451887,1.890787976701553,1.8889885188492848,1.8894383833123514,0.438356815704096,0.4401562735563642,0.438356815704096,0.4388066801671626,2.067826208,0.4605375679999999
Amir Johnson,2017-18,1171.0,-0.8999999761581421,3.200000047683716,2.299999952316284,-0.899712581693649,2.572288096658018,2.47735943903141,2.5010916034380624,1.577646857337761,1.672575514964369,1.5776468573377613,1.6013790217444135,0.9225862219999998,-0.402687657
Julius Randle,2017-18,2190.0,0.2000000029802322,-0.3000000119209289,-0.1000000014901161,0.155226494859615,-0.7114073794915585,-0.6890593002329356,-0.6946463200475913,-0.5338328053733206,-0.5561808846319435,-0.5338328053733206,-0.5394198251879763,-0.814648991,-0.34430845
Jordan Clarkson,2017-18,1888.0,1.2000000476837158,-0.8999999761581421,0.3000000119209289,0.7808606114527814,-0.5669241366643111,-0.448111556281083,-0.47781470137688997,0.3327490551716983,0.21393647478847033,0.3327490551716984,0.30304591007589143,-1.443399745690678,0.0291664227076271
Ed Davis,2017-18,1471.0,-0.2000000029802322,1.5,1.2000000476837158,-0.6644027658002463,1.3141686914051145,1.0621404462332213,1.1251475075261947,0.3977376804329751,0.6497659256048682,0.3977376804329751,0.4607447417259485,1.460818587,-0.214315818
Montrezl Harrell,2017-18,1293.0,1.7000000476837158,-0.1000000014901161,1.7000000476837158,1.3064760374699154,0.9394381074985152,0.8449579697583334,0.8685780041933787,2.1514340072282487,2.2459141449684306,2.1514340072282487,2.175054041663294,-0.846839241,2.526974322
Joe Harris,2017-18,1975.0,1.2999999523162842,-1.100000023841858,0.2000000029802322,0.6599405019318852,-1.657764969947925,-1.7455216002889915,-1.723582442703725,-1.0855810983571064,-0.9978244680160399,-1.0855810983571064,-1.0636419407718396,-1.126502973,-0.501504407
George Hill,2017-18,1812.0,0.0,0.4000000059604645,0.5,1.3153755073982236,-0.8910884525943944,-1.0545360106389614,-1.0136741211278195,0.2608394967592622,0.4242870548038292,0.2608394967592622,0.3017013862704041,-0.7673547636076159,-0.9877793619850994
James Johnson,2017-18,1943.0,0.0,0.1000000014901161,0.2000000029802322,-0.4314055265006449,0.7121164913240982,0.6492056363784788,0.6649333501148835,0.2178001098778338,0.28071096482345326,0.21780010987783394,0.23352782361423863,1.021153017,1.141148567
Dirk Nowitzki,2017-18,1900.0,0.6000000238418579,-0.4000000059604645,0.2000000029802322,0.546373276202193,-0.4427745122029454,-0.4528877908646921,-0.4503594711992554,0.0934854853375007,0.10359876399924761,0.0934854853375009,0.0960138050029376,0.207003056,0.151068641
Marcus Smart,2017-18,1614.0,-0.8999999761581421,1.7000000476837158,0.699999988079071,-0.6288585246440799,1.6498788323255276,1.759850251304105,1.7323573965594605,1.1309917266600251,1.0210203076814477,1.1309917266600251,1.1034988719153807,2.163882088,1.009070646
Reggie Bullock,2017-18,1732.0,0.6000000238418579,-0.2000000029802322,0.4000000059604645,0.7003878760481594,-1.2680855001272275,-1.2595264436897313,-1.2616662077991052,-0.5591385676415719,-0.5676976240790681,-0.5591385676415719,-0.5612783317509458,-0.58094792,0.970884657
Ryan Anderson,2017-18,1725.0,0.1000000014901161,0.2000000029802322,0.4000000059604645,0.0977260540589534,-0.1689783716207953,-0.2776754001583397,-0.25050114302395354,-0.1799493460993862,-0.07125231756184189,-0.1799493460993863,-0.15277508896500014,-0.904271181,-0.7158956390000001
Carmelo Anthony,2017-18,2501.0,1.2999999523162842,-1.899999976158142,-0.6000000238418579,1.1075358313880457,-1.1813910414849944,-1.14890638835519,-1.157027551637641,-0.0413705569671445,-0.07385521009694873,-0.04137055696714431,-0.04949172024959525,-0.04582369,-0.721526667
Nemanja Bjelica,2017-18,1371.0,0.1000000014901161,0.8999999761581421,1.100000023841858,-0.8818069997234154,0.5205709713357484,0.4920931098506227,0.4992125752219041,-0.3897138898727926,-0.361236028387667,-0.38971388987279265,-0.38259442450151127,-0.418909254,-1.132025755
Pau Gasol,2017-18,1812.0,-1.0,1.100000023841858,0.1000000014901161,-1.069092618478506,2.5197580909668376,2.5884466117563285,2.5712744815589557,1.5193539932778226,1.4506654724883317,1.5193539932778226,1.5021818630804498,0.979769552,0.219041497
Lauri Markkanen,2017-18,2020.0,0.1000000014901161,-0.2000000029802322,-0.1000000014901161,-1.3777134095440922,-0.7974161347157332,-0.9167699906306483,-0.8869315266519195,-2.2944834001747405,-2.1751295442598253,-2.2944834001747405,-2.264644936196012,-0.646858889,-1.343527586
Kyle OQuinn,2017-18,1387.0,0.5,0.5,1.0,0.582372043579193,0.8276236779809368,0.5264993389474671,0.6017804237058345,1.1088713825266605,1.4099957215601298,1.1088713825266603,1.1841524672850277,1.5410837219999998,0.946149582
OG Anunoby,2017-18,1481.0,-1.100000023841858,1.7999999523162842,0.699999988079071,-0.6014213713367383,1.9213238573198503,1.9522982581970774,1.9445546579777706,1.3508768868603394,1.3199024859831119,1.350876886860339,1.3431332866410322,0.7076399670000001,0.919799982
Trevor Ariza,2017-18,2269.0,0.5,-1.0,-0.6000000238418579,0.4686456470978843,-0.250532155894722,-0.10398053474488518,-0.14061844003234442,0.3646651123529991,0.2181134912031623,0.36466511235299914,0.3280272070655399,0.941684857,1.960624915
Wilson Chandler,2017-18,2346.0,-0.699999988079071,0.1000000014901161,-0.6000000238418579,-0.9300131488861142,-0.6363844481622328,-0.7211504574587109,-0.6999589551345913,-1.651163606344825,-1.566397597048347,-1.651163606344825,-1.6299721040207054,-0.901705835,-1.20689858
Jeff Teague,2017-18,2311.0,1.2000000476837158,-1.7000000476837158,-0.5,1.855203341837882,-1.2908547326802502,-1.3380515830994721,-1.3262523704946667,0.5171517587384098,0.5643486091576317,0.5171517587384098,0.5289509713432152,-0.62181729,0.794788707
TJ Warren,2017-18,2142.0,0.1000000014901161,-0.5,-0.4000000059604645,-0.2518026411494531,-1.110893248728253,-1.0343651566795635,-1.0534971796917358,-1.2861677978290165,-1.3626958898777062,-1.2861677978290167,-1.305299820841189,-1.474471998,0.279506866
Marcin Gortat,2017-18,2075.0,-2.0,1.600000023841858,-0.4000000059604645,-1.711269582110466,2.1726408943308364,2.2543730136997167,2.2339399838574967,0.5431034315892507,0.4613713122203704,0.5431034315892507,0.5226704017470307,0.328581144,-1.278383542
Jerian Grant,2017-18,1686.0,1.0,-0.8999999761581421,0.2000000029802322,0.4620536887410086,-0.744422794141431,-0.7394761068187845,-0.7407127786494461,-0.2774224180777758,-0.28236910540042237,-0.2774224180777759,-0.27865908990843746,-1.105180447,-0.77748549
Devin Harris,2017-18,1340.0,1.600000023841858,-0.699999988079071,0.8999999761581421,1.4518795567665908,-0.9260731465452606,-0.8010418080740225,-0.8322996426918321,0.6508377486925684,0.5258064102213301,0.6508377486925683,0.6195799140747587,-0.3279691679708956,-0.528163819744776
Trey Lyles,2017-18,1391.0,0.699999988079071,0.1000000014901161,0.800000011920929,0.602190812745751,-0.3641603622257327,-0.6137262432903888,-0.5513347730242247,-0.0115354305446377,0.2380304505200183,-0.011535430544637792,0.0508560397215263,-0.814266833,0.166121527
DJ Augustin,2017-18,1760.0,0.4000000059604645,-0.5,-0.1000000014901161,0.8978046438010981,-0.0857540924815097,-0.071375774276684,-0.0749703538278904,0.8264288695244141,0.8120505513195885,0.8264288695244142,0.8228342899732077,-1.55518094,-0.40472428
Evan Fournier,2017-18,1837.0,1.7999999523162842,-2.0999999046325684,-0.3000000119209289,1.2953689809271998,-2.0974046178109766,-2.1266796043141123,-2.1193608576883283,-0.831310623386913,-0.8020356368837769,-0.8313106233869125,-0.8239918767611285,-1.319278907,0.675435439
Patty Mills,2017-18,2107.0,0.699999988079071,-1.2999999523162842,-0.6000000238418579,1.043366715038348,-0.9929508196870982,-1.0280158052698374,-1.0192495588741526,0.0153509097685105,0.050415895351249906,0.015350909768510723,0.02411715616419552,-0.592446594,-0.867077923
Rajon Rondo,2017-18,1705.0,1.899999976158142,-1.899999976158142,0.0,0.4258125738528691,-0.4093036002473758,-0.33125144867307676,-0.3507644865666515,0.0945611251797923,0.016508973605493305,0.09456112517979232,0.07504808728621759,-0.312861349,0.053784988
Hassan Whiteside,2017-18,1364.0,-1.7000000476837158,2.5,0.699999988079071,-2.1316035581134734,2.2960573528647923,2.1737005923246864,2.204289782459713,0.042097034211213,0.16445379475131894,0.042097034211213025,0.07268622434623984,1.984074294,1.020208736
Manu Ginobili,2017-18,1299.0,0.5,0.2000000029802322,0.699999988079071,0.6215009130052019,-0.7949339303165357,-0.8791953998010388,-0.858130032429913,-0.2576944867958369,-0.17343301731133376,-0.25769448679583684,-0.2366291194247111,0.034378552,-0.654624321
Luc Mbah a Moute,2017-18,1564.0,-2.400000095367432,2.5,0.1000000014901161,-2.3701153183229624,2.0513451961727776,2.194429814960573,2.158658660263624,-0.1756855033623892,-0.31877012215018485,-0.1756855033623892,-0.21145665805933822,1.498889705,0.627542297
PJ Tucker,2017-18,2281.0,-1.2000000476837158,0.4000000059604645,-0.800000011920929,-0.8965519215362102,1.1052545806424277,1.1770641023552906,1.1591117219270748,0.2805121808190806,0.20870265910621744,0.28051218081908036,0.2625598003908646,1.603989274,-0.124154769
Wayne Ellington,2017-18,2041.0,1.5,-2.0999999046325684,-0.6000000238418579,1.664637156209044,-0.943207685893146,-0.9271819728816668,-0.9311884011345366,0.7374551833273773,0.7214294703158981,0.7374551833273773,0.7334487550745075,0.012698002,0.754087362
Jeff Green,2017-18,1828.0,-0.6000000238418579,0.2000000029802322,-0.4000000059604645,-0.457210059248587,0.4981169440373512,0.520504958795427,0.514907955105908,0.06329489954684,0.0409068847887642,0.06329489954684003,0.05769789585732105,-0.938224269,0.081368521
Andre Iguodala,2017-18,1622.0,-1.399999976158142,1.2999999523162842,-0.1000000014901161,-1.398461214448184,1.598945853124209,1.6524580103567263,1.6390799710485968,0.2539967959085427,0.20048463867602484,0.2539967959085423,0.24061875660041276,0.723984459,0.569840642
Reggie Jackson,2017-18,1201.0,1.5,-0.699999988079071,0.8999999761581421,0.6393991407308492,-1.6842869713896305,-1.7858258476922781,-1.7604411286166162,-1.146426706961429,-1.0448878306587812,-1.146426706961429,-1.121041987885767,-1.447355937,-0.9537395039999998
Aron Baynes,2017-18,1485.0,-3.5999999046325684,3.700000047683716,0.1000000014901161,-2.365631798364464,2.5562243500084083,2.8776241764924277,2.797274219871423,0.5119923781279638,0.1905925516439444,0.5119923781279638,0.4316424215069592,1.275172158,-1.822415365
Devin Booker,2017-18,1865.0,2.5,-3.0999999046325684,-0.6000000238418579,1.4387412201265148,-2.4451579335570965,-2.613558012140302,-2.5714579924945005,-1.174816792013787,-1.0064167134305817,-1.174816792013787,-1.1327167723679856,-2.020513289,-0.600045761
Malcolm Brogdon,2017-18,1436.0,0.800000011920929,-0.6000000238418579,0.2000000029802322,0.2908600702149111,-1.596248811479029,-1.6221585411530852,-1.615681108734571,-1.331298470938174,-1.3053887412641179,-1.331298470938174,-1.32482103851966,-1.576133761,-1.379936501
Dillon Brooks,2017-18,2350.0,-1.5,0.6000000238418579,-1.0,-1.6825962308856706,0.1946406518824226,0.20359419519689742,0.2013558093682787,-1.4790020356887732,-1.487955579003248,-1.4790020356887732,-1.4812404215173918,-0.79553889,-1.658967132
Bogdan Bogdanovic,2017-18,2175.0,0.800000011920929,-1.7000000476837158,-0.8999999761581421,0.4844894073144012,-1.6600117187961747,-1.8378410682240052,-1.7933837308670473,-1.353351660909604,-1.1755223114817734,-1.353351660909604,-1.308894323552646,-1.007087819,-0.920649762
Corey Brewer,2017-18,1208.0,-1.5,1.899999976158142,0.4000000059604645,-0.8887292407756641,1.0482529280553052,1.0564167990268598,1.0543758312839713,0.1676875582511957,0.15952368727964117,0.16768755825119575,0.1656465905083072,1.3644369333940398,0.5959364718874172
John Collins,2017-18,1785.0,-1.100000023841858,0.5,-0.5,-1.1616109628538864,1.0396575057175583,0.9830423751210515,0.9971961577701782,-0.1785685877328348,-0.1219534571363281,-0.1785685877328349,-0.1644148050837082,0.354130116,0.137483616
James Ennis III,2017-18,1604.0,-1.2000000476837158,0.8999999761581421,-0.4000000059604645,-0.8765016416721924,-1.36945253353596,-1.2170765432171573,-1.255170540796858,-2.093578184889349,-2.245954175208152,-2.0935781848893495,-2.1316721824690505,-0.8205043293784289,-1.0271431431134663
Jerami Grant,2017-18,1647.0,-1.0,0.699999988079071,-0.3000000119209289,-0.5047952666744435,0.8699198281177223,0.7434457857534615,0.7750642963445268,0.238650519079018,0.36512456144327876,0.23865051907901802,0.27026902967008326,-0.23369243,-0.2384663469999999
Shelvin Mack,2017-18,1365.0,0.0,0.2000000029802322,0.2000000029802322,-0.9816554004531336,0.2695569197354234,0.36198876034966276,0.3388808001961029,-0.6196666401034708,-0.7120984807177102,-0.6196666401034708,-0.6427746002570307,-0.292924489,-0.686612961
Darius Miller,2017-18,1944.0,0.4000000059604645,-1.100000023841858,-0.800000011920929,0.7259921076029778,-1.9109166882440287,-2.0511118086293814,-2.0160630285330434,-1.325119701026404,-1.1849245806410509,-1.3251197010264035,-1.2900709209300656,-1.931118732,-2.44978572
ETwaun Moore,2017-18,2586.0,0.3000000119209289,-1.600000023841858,-1.2999999523162842,0.3507883731689364,0.7575996119956526,0.6766582590841708,0.6968935973120411,1.0274466322531073,1.108387985164589,1.027446632253107,1.0476819704809777,-0.553680155,-0.143926054
Garrett Temple,2017-18,1615.0,-1.5,1.2000000476837158,-0.3000000119209289,-1.5476891833161932,-0.2185628050379929,-0.28094847186059735,-0.2653520551549462,-1.8286376551767909,-1.766251988354186,-1.8286376551767907,-1.8130412384711394,-0.309657539,-1.945310179
Nikola Vucevic,2017-18,1683.0,-0.8999999761581421,0.4000000059604645,-0.5,-0.4561922327703037,1.9492276712005123,1.9052268788281363,1.9162270769212304,1.449034646057833,1.4930354384302087,1.4490346460578327,1.4600348441509268,1.219988116,1.236098992
Justise Winslow,2017-18,1680.0,-1.7999999523162842,1.2999999523162842,-0.5,-2.013213178369626,1.291915234032422,1.3297747231123036,1.320309850842333,-0.6834384552573223,-0.7212979443372041,-0.6834384552573225,-0.6929033275272931,1.471812324,-0.389326384
Brook Lopez,2017-18,1735.0,-0.699999988079071,0.1000000014901161,-0.6000000238418579,-0.7386226377437373,0.0410299055508331,0.09829799149189647,0.08398097000663063,-0.6403246462518407,-0.6975927321929042,-0.6403246462518408,-0.6546416677371066,-0.489768302,-1.111645703
TJ McConnell,2017-18,1706.0,-1.7999999523162842,1.2999999523162842,-0.5,-1.4473920023915263,0.5555123068068913,0.5599485092067558,0.5588394586067896,-0.8874434931847708,-0.891879695584635,-0.8874434931847706,-0.8885525437847367,0.633326626,-0.540048256
CJ Miles,2017-18,1337.0,1.100000023841858,-1.0,0.1000000014901161,1.5215930838074876,-0.4476896269252695,-0.6207619898569425,-0.5774938991240242,0.9008310939505452,1.073903456882218,0.9008310939505451,0.9440991846834634,-0.443212842,0.719675512
Nicolas Batum,2017-18,1981.0,1.2999999523162842,-2.299999952316284,-1.0,0.3733121840991035,-0.9587945703488404,-1.036408796639931,-1.0170052400671583,-0.6630966125408271,-0.5854823862497369,-0.6630966125408274,-0.6436930559680548,0.219135648,0.879915971
Marco Belinelli,2017-18,1947.0,0.8999999761581421,-1.899999976158142,-1.0,1.3994244309500132,-1.3064434572616883,-1.4448782700591254,-1.410269566859766,-0.0454538391091121,0.09298097368832492,-0.04545383910911216,-0.010845135909752779,-0.7840023519548023,0.2003742712937853
Dewayne Dedmon,2017-18,1542.0,-1.5,1.100000023841858,-0.4000000059604645,-1.3638915718141256,1.119763355137726,1.005046883749954,1.033726001596897,-0.3588446880641713,-0.2441282166763996,-0.3588446880641716,-0.3301655702172286,0.584411036,-0.918639715
Mario Hezonja,2017-18,1657.0,-0.800000011920929,0.2000000029802322,-0.6000000238418579,-1.1617126865871328,-0.1903297976798263,-0.08517474952977741,-0.11146351156728962,-1.2468874361169102,-1.3520424842669592,-1.2468874361169102,-1.2731761981544225,0.435721711,-0.154893403
Caris LeVert,2017-18,1864.0,-1.0,0.1000000014901161,-0.8999999761581421,-1.2532467787557038,-0.4429449023258923,-0.4201950824551311,-0.4258825374228214,-1.673441861210835,-1.696191681081596,-1.6734418612108348,-1.6791293161785252,-0.422536473,-0.0295
Austin Rivers,2017-18,2057.0,1.0,-2.0,-1.0,0.5611727587742225,-2.1618722779385786,-2.2081066593546588,-2.1965480640006385,-1.6469339005804362,-1.600699519164356,-1.6469339005804362,-1.635375305226416,-0.848219101,-0.216813592
Pat Connaughton,2017-18,1488.0,-0.4000000059604645,-0.1000000014901161,-0.5,-0.6104595980505557,0.1688063419207343,0.07890274637445262,0.10137864526102303,-0.5315568516761031,-0.4416532561298214,-0.5315568516761031,-0.5090809527895327,-0.27751757,-1.201972074
John Henson,2017-18,1970.0,-1.399999976158142,0.3000000119209289,-1.0,-0.7134320622470659,1.6692777264660992,1.7076740730219093,1.6980749863829567,0.9942420107748434,0.9558456642190333,0.9942420107748434,0.9846429241358908,0.834070204,-0.418514742
Luke Kennard,2017-18,1463.0,0.2000000029802322,-0.699999988079071,-0.5,-0.1007616229533779,-0.421272167157646,-0.5068127139158373,-0.48542757722628943,-0.6075743368692151,-0.5220337901110239,-0.6075743368692151,-0.5861892001796674,0.46777819,0.023826934
Courtney Lee,2017-18,2310.0,0.2000000029802322,-1.5,-1.2999999523162842,-0.2970591707479178,-1.8905803846028484,-1.8466196294347164,-1.857609818226749,-2.143678800182635,-2.187639555350766,-2.1436788001826343,-2.154668988974667,-0.484437641,0.192725597
Harrison Barnes,2017-18,2634.0,-1.399999976158142,-0.2000000029802322,-1.5,-0.6784459428271745,-1.5029233148319487,-1.5791663174000559,-1.560105566758029,-2.257612260227231,-2.1813692576591235,-2.2576122602272304,-2.2385515095852035,-1.388894641,-1.268577882
Serge Ibaka,2017-18,2093.0,-1.0,-0.2000000029802322,-1.2000000476837158,-0.8399715304794472,0.0846541315390059,-0.042261160177209774,-0.010532337248155818,-0.882232690656657,-0.7553173989404413,-0.882232690656657,-0.850503867727603,0.963388038,0.306784335
Cory Joseph,2017-18,2210.0,-1.100000023841858,-0.3000000119209289,-1.2999999523162842,-0.9540020903913792,0.0995590436348495,0.11899780680139438,0.11413811600975815,-0.8350042835899847,-0.8544430467565297,-0.8350042835899848,-0.839863974381621,-0.210578089,-1.721183838
Bobby Portis,2017-18,1643.0,1.100000023841858,-2.0,-0.800000011920929,1.1346051599943527,-0.875692132414875,-0.9519576955281576,-0.9328913047498368,0.1826474644661951,0.25891302757947776,0.18264746446619518,0.2017138552445159,-0.259212612,0.779356156
Wesley Johnson,2017-18,1486.0,-2.900000095367432,2.0999999046325684,-0.800000011920929,-2.57160859580764,1.5916240905914665,1.51793241811291,1.536355336232549,-1.0536761776947297,-0.9799845052161735,-1.05367617769473,-1.035253259575091,1.625637477,-0.424759841
Kyle Kuzma,2017-18,2401.0,-0.699999988079071,-0.800000011920929,-1.5,-0.3589271664891556,-0.7007115458651173,-0.8421799565349274,-0.8068128538674748,-1.2011071230240828,-1.059638712354273,-1.201107123024083,-1.1657400203566304,-0.457384283,-0.795501337
Bam Adebayo,2017-18,1368.0,-2.0999999046325684,1.2999999523162842,-0.800000011920929,-1.1819295571892043,1.5129193757522337,1.673198227655036,1.6331285146793353,0.4912686704658315,0.33098981856302934,0.49126867046583156,0.45119895749013095,0.280367539,-0.964797827
Stanley Johnson,2017-18,1894.0,-2.700000047683716,1.2999999523162842,-1.399999976158142,-2.4640174092173064,1.333323248406902,1.296932057941729,1.306029855558022,-1.1670853512755772,-1.1306941608104044,-1.1670853512755774,-1.1579875536592843,1.375922789,-0.487868785
Maxi Kleber,2017-18,1206.0,-2.0999999046325684,1.5,-0.6000000238418579,-2.224511789607156,0.6373574028704677,0.678466252312812,0.6681890399522259,-1.5460455372943436,-1.587154386736688,-1.5460455372943438,-1.55632274965493,0.065144793,-1.207784764
Domantas Sabonis,2017-18,1810.0,-1.100000023841858,-0.2000000029802322,-1.2999999523162842,-1.1839245477312763,0.5894113815340093,0.392800117403329,0.44195293343599906,-0.7911244303279475,-0.594513166197267,-0.7911244303279473,-0.7419716142952772,-0.66702927,-1.584401488
Mario Chalmers,2017-18,1421.0,-2.0999999046325684,1.0,-1.100000023841858,-1.6567314547948202,1.3805330053286025,1.377807046762237,1.3784885364038284,-0.2789244080325832,-0.27619844946621774,-0.2789244080325832,-0.2782429183909918,0.8885313100000001,-1.348454997
Kris Dunn,2017-18,1525.0,-1.7000000476837158,0.5,-1.2000000476837158,-1.9284890407058544,-0.1566571543764288,-0.19143014744162445,-0.18273689917532554,-2.119919188147479,-2.085146195082283,-2.119919188147479,-2.11122593988118,1.191591924,-0.4470887239999999
Andrew Harrison,2017-18,1326.0,-0.4000000059604645,-0.5,-0.8999999761581421,-1.0692942315058895,-0.6370878642759793,-0.573385384970349,-0.5893110047967565,-1.6426796164762385,-1.7063820957818687,-1.6426796164762385,-1.658605236302646,-1.249572642,-2.329686816
DeAndre Jordan,2017-18,2424.0,-0.8999999761581421,-1.0,-1.7999999523162842,-0.4912724132482037,0.1673326773526718,0.2117280711173321,0.200629222676167,-0.2795443421308716,-0.32393973589553193,-0.2795443421308716,-0.2906431905720367,0.269458991,-0.085379647
Sindarius Thornwell,2017-18,1156.0,-2.5,1.7999999523162842,-0.699999988079071,-1.8847729367516377,0.9340016289412278,0.7640533462041941,0.8065404168884525,-1.1207195905474436,-0.9507713078104099,-1.1207195905474436,-1.0782325198631852,0.290178773,-2.313942313
Denzel Valentine,2017-18,2095.0,-0.699999988079071,-1.0,-1.600000023841858,-0.8880105974411568,-0.9408052192673192,-0.9757154501369856,-0.966987892419569,-1.8637260475781423,-1.828815816708476,-1.8637260475781425,-1.854998489860726,-0.104667925,-1.022336366
Dwyane Wade,2017-18,1536.0,-1.7999999523162842,0.6000000238418579,-1.2999999523162842,-1.7677835716148322,-0.07671408149185,-0.132040029921849,-0.11820854281434925,-1.8998236015366812,-1.8444976531066821,-1.8998236015366812,-1.8859921144291816,0.3887187839361979,-0.6688819500891928
Tyson Chandler,2017-18,1151.0,-1.899999976158142,1.0,-0.8999999761581421,-1.1931682150263747,0.3336080702332202,0.21004013654255382,0.24093211996522038,-0.9831280784838208,-0.8595601447931545,-0.9831280784838209,-0.9522360950611544,-0.860667238,-2.71254738
Frank Kaminsky,2017-18,1835.0,0.699999988079071,-2.299999952316284,-1.600000023841858,-0.2844279609506852,-1.9906869048110936,-1.8905618238342485,-1.9155930940784596,-2.174989784784934,-2.2751148657617786,-2.1749897847849335,-2.200021055029145,-1.308114128,-0.939732785
Kosta Koufos,2017-18,1391.0,-1.7999999523162842,0.6000000238418579,-1.2000000476837158,-1.6171344515700343,2.2591250021309985,2.182467269771788,2.20163170286159,0.5653328182017525,0.6419905505609642,0.5653328182017536,0.5844972512915558,0.086217459,-0.687273495
Frank Ntilikina,2017-18,1706.0,-4.0,2.5,-1.5,-3.1299416405316958,0.7227103999585434,0.5803689201230053,0.6159542900818898,-2.54957272040869,-2.4072312405731524,-2.5495727204086904,-2.513987350449806,-0.176638178,-3.62282684
Maurice Harkless,2017-18,1264.0,-0.8999999761581421,-0.4000000059604645,-1.2000000476837158,-0.8972395579244808,0.8298095575449137,0.7553027290008862,0.7739294361368931,-0.1419368289235946,-0.06743000037956715,-0.1419368289235946,-0.12331012178758771,0.8346435509999999,0.8700791799999998
Alex Len,2017-18,1395.0,-1.100000023841858,-0.3000000119209289,-1.399999976158142,-0.8115060426421801,0.6416933694258264,0.5674463968525243,0.5860081399958498,-0.2440596457896557,-0.16981267321635363,-0.24405964578965578,-0.2254979026463303,-0.399242442,-0.7924723889999999
Willie CauleyStein,2017-18,2044.0,-2.799999952316284,0.8999999761581421,-1.899999976158142,-1.4452879086013417,0.1539979605376192,0.15762031003613153,0.15671472266150344,-1.28766759856521,-1.2912899480637225,-1.2876675985652102,-1.2885731859398382,0.332393113,-0.50686398
Jae Crowder,2017-18,2090.0,-1.5,-0.4000000059604645,-1.899999976158142,-1.19306820530431,0.6591081247665301,0.32966230658707135,0.412023761131936,-0.8634058987172386,-0.5339600805377799,-0.8634058987172386,-0.7810444441723741,-0.6223102533665071,-1.3166898269330145
Raymond Felton,2017-18,1365.0,-1.100000023841858,-0.5,-1.600000023841858,-0.8177109586747977,-0.7924704141867691,-0.7037262860970688,-0.7259123181194937,-1.5214372447718665,-1.6101813728615668,-1.5214372447718665,-1.5436232767942915,-1.220748984,-2.180125642
Brandon Ingram,2017-18,1975.0,-1.2000000476837158,-0.800000011920929,-2.0,-1.070859556677668,-1.029031529483995,-1.1518346588249382,-1.1211338764897025,-2.222694215502606,-2.099891086161663,-2.222694215502606,-2.1919934331673705,-0.5322973119999999,-0.691135982
Mason Plumlee,2017-18,1439.0,-2.0,0.3000000119209289,-1.7000000476837158,-1.4085906034697102,0.7137490982571751,0.7810864287454862,0.7642520961234083,-0.627504174724224,-0.6948415052125351,-0.627504174724224,-0.6443385073463019,0.404655305,-0.851592227
Isaiah Taylor,2017-18,1167.0,-1.2000000476837158,-0.2000000029802322,-1.2999999523162842,-1.876795782135715,-0.3105102827214687,-0.324286050941677,-0.3208421088866249,-2.201081833077392,-2.1873060648571836,-2.2010818330773922,-2.1976378910223398,-1.201489467,-2.684257025
Trevor Booker,2017-18,1158.0,-0.6000000238418579,-0.8999999761581421,-1.600000023841858,-1.4238091525389291,-0.0134308135544881,-0.11530648358800018,-0.08983756607962212,-1.5391156361269294,-1.4372399660934172,-1.5391156361269294,-1.5136467186185514,-0.4122536256580311,-1.1095221132841109
David Nwaba,2017-18,1646.0,-0.8999999761581421,-0.8999999761581421,-1.899999976158142,-1.261747439005615,-0.965561624334482,-0.9602337215297112,-0.9615656972309037,-2.221981160535326,-2.2273090633400967,-2.221981160535326,-2.2233131362365186,0.352562446,-1.30910629
Kelly Oubre Jr.,2017-18,2231.0,-0.800000011920929,-1.2999999523162842,-2.0999999046325684,-0.8616263750911018,-0.8072581199377425,-0.7888873971930299,-0.7934800778792082,-1.6505137722841317,-1.6688844950288444,-1.6505137722841319,-1.6551064529703101,-0.094708895,-1.019177062
Michael Beasley,2017-18,1653.0,-0.1000000014901161,-2.0,-2.0999999046325684,-0.1537650899556607,-1.1889446160472097,-1.365567130209482,-1.3214115016689139,-1.519332220165143,-1.3427097060028703,-1.5193322201651427,-1.4751765916245745,-0.882225151,-1.184202933
Wesley Matthews,2017-18,2131.0,-0.6000000238418579,-1.5,-2.200000047683716,-1.0674814729013853,-1.6032612607435042,-1.857009320732888,-1.793572305735542,-2.924490793634273,-2.6707427336448895,-2.9244907936342734,-2.8610537786369274,-0.70647384,-0.850513765
Elfrid Payton,2017-18,1808.0,0.5,-2.700000047683716,-2.0999999046325684,-1.721253735829544,-2.1454052115513367,-2.282552197540055,-2.248265451042875,-4.003805933369599,-3.8666589473808806,-4.003805933369599,-3.969519186872419,-0.8457952157555311,-0.8657070722970132
Evan Turner,2017-18,2034.0,-2.5,0.3000000119209289,-2.0999999046325684,-2.0892395448612344,-0.0292690352739581,-0.06266971288352659,-0.054319543481134464,-2.151909257744761,-2.1185085801351926,-2.151909257744761,-2.1435590883423687,-0.513796971,-1.639783417
Bryn Forbes,2017-18,1517.0,-0.8999999761581421,-1.100000023841858,-2.0,-0.5459824621950168,-1.6396966372633128,-1.4874528059416599,-1.525513763772073,-2.0334352681366767,-2.1856790994583295,-2.0334352681366767,-2.0714962259670897,-0.640100642,-1.459922425
Dwight Howard,2017-18,2463.0,-2.200000047683716,-0.1000000014901161,-2.299999952316284,-1.015868478794823,1.6601237355731755,1.492245063942717,1.5342147318503314,0.4763765851478942,0.6442552567783526,0.47637658514789405,0.5183462530555085,1.338758833,0.14841012
Markieff Morris,2017-18,1968.0,-1.399999976158142,-0.8999999761581421,-2.299999952316284,-1.051316449420619,-0.1687213598585122,-0.2368221465131899,-0.21979694984952045,-1.288138595933809,-1.2200378092791313,-1.288138595933809,-1.2711133992701396,0.17905218,-1.028740118
Myles Turner,2017-18,1836.0,-1.7999999523162842,-0.4000000059604645,-2.200000047683716,-1.5791824570012916,2.2494382622044284,2.081001216575095,2.1231104779824284,0.5018187595738033,0.6702558052031369,0.5018187595738033,0.5439280209811368,1.006487064,-0.476657177
Nick Young,2017-18,1393.0,-0.8999999761581421,-1.2999999523162842,-2.0999999046325684,-0.3639712081693925,-0.7411147317481822,-0.7087053038061928,-0.7168076607916901,-1.0726765119755852,-1.1050859399175748,-1.0726765119755852,-1.0807788689610827,-1.613036188,-2.52897704
Avery Bradley,2017-18,1433.0,-2.5,0.3000000119209289,-2.200000047683716,-1.2238903534884205,0.3993079886898647,0.14881113305052118,0.21143534696035704,-1.0750792204378992,-0.8245823647985557,-1.0750792204378992,-1.0124550065280635,-0.4962611123035589,-2.800036132616888
Jarrett Jack,2017-18,1548.0,-0.800000011920929,-1.600000023841858,-2.400000095367432,-0.3170528907683983,-1.4801620357366805,-1.6456598691404871,-1.6042854107895352,-1.9627127599088847,-1.7972149265050787,-1.9627127599088854,-1.9213383015579335,-0.905023691,-1.5325143419999998
Jonathon Simmons,2017-18,2029.0,-0.5,-1.899999976158142,-2.400000095367432,-0.7463489030109449,-2.126915580236444,-2.2143703646494712,-2.192506668546214,-2.960719267660416,-2.873264483247389,-2.960719267660416,-2.9388555715571587,-1.28799533,-2.155233473
Taurean Prince,2017-18,2464.0,-0.800000011920929,-1.7999999523162842,-2.5999999046325684,-0.6252082492517302,-1.3023909076568914,-1.3737517719362624,-1.3559115558664194,-1.9989600211879923,-1.9275991569086215,-1.9989600211879925,-1.9811198051181496,-0.394692328,-1.158937896
Rodney Hood,2017-18,1616.0,0.0,-2.5999999046325684,-2.5999999046325684,0.3819308672146007,-1.6516068433573177,-1.6146189312618966,-1.623865909285752,-1.232688064047296,-1.269675976142717,-1.232688064047296,-1.2419350420711512,-1.2271747924851486,-0.8807367483861387
Tyler Ulis,2017-18,1658.0,-1.600000023841858,-1.0,-2.5999999046325684,-1.9078519407905157,-1.464340839078196,-1.5551493515383386,-1.5324472234233029,-3.4630012923288547,-3.372192779868712,-3.4630012923288542,-3.4402991642138185,-1.082033939,-2.858152833
Skal Labissiere,2017-18,1240.0,-2.0,-0.800000011920929,-2.799999952316284,-1.7373254529617537,-0.1242182358070965,-0.32823967515969243,-0.2772343153215434,-2.065565128121446,-1.8615436887688501,-2.065565128121446,-2.014559768283297,-0.290266033,-2.290896403
Doug McDermott,2017-18,1768.0,-1.399999976158142,-1.2999999523162842,-2.799999952316284,-0.1449344902641402,-1.0479432817994885,-1.2026915930350874,-1.1640045152261878,-1.3476260832992275,-1.1928777720636288,-1.3476260832992277,-1.308939005490328,-1.6811750731108597,-1.8105385208325795
Quincy Acy,2017-18,1359.0,-2.200000047683716,-0.699999988079071,-2.900000095367432,-2.113001781284776,0.2126068486416099,0.31561679778345053,0.28986431049799033,-1.7973849835013251,-1.9003949326431662,-1.7973849835013256,-1.8231374707867858,0.247070426,-2.658172098
Patrick Patterson,2017-18,1270.0,-2.900000095367432,-0.1000000014901161,-3.0,-2.2699999430105127,0.5379496971129961,0.6900196394588021,0.6520021538723506,-1.5799803035517106,-1.7320502458975167,-1.5799803035517106,-1.617997789138162,-0.1775951,-1.9517941080000003
Dante Cunningham,2017-18,1562.0,-2.400000095367432,-0.6000000238418579,-3.0,-1.9732024393955176,-0.5107853277724784,-0.3590244831727274,-0.3969646943226651,-2.3322269225682453,-2.483987767167996,-2.3322269225682453,-2.3701671337181827,-0.3337253805985915,-1.923570573778489
JaMychal Green,2017-18,1542.0,-1.2999999523162842,-1.600000023841858,-3.0,-2.1699812772803444,-0.8603612319623638,-0.9302959208815387,-0.9128122486517449,-3.100277198161883,-3.030342509242708,-3.100277198161883,-3.0827935259320896,-0.630090504,-2.004182093
Mike Scott,2017-18,1406.0,-0.800000011920929,-2.200000047683716,-3.0,-1.17944450022504,-1.8264860949626829,-2.007938282105569,-1.9625752353198473,-3.1873827823306087,-3.005930595187723,-3.1873827823306087,-3.1420197355448876,-1.76998587,-2.171116623
Tony Snell,2017-18,2053.0,-1.100000023841858,-1.899999976158142,-2.900000095367432,-0.3778857653269629,-1.8792607443107423,-1.8248689835898653,-1.8384669237700844,-2.202754748916828,-2.257146509637705,-2.202754748916828,-2.216352689097047,-1.068152396,-2.332535316
Lance Thomas,2017-18,1353.0,-3.0,0.0,-3.0,-3.243362216234374,-0.0905666449555435,-0.20389295225723533,-0.17556137543181238,-3.4472551684916093,-3.3339288611899174,-3.4472551684916093,-3.418923591666186,-1.105895677,-3.91764929
Marquese Chriss,2017-18,1527.0,-3.5999999046325684,0.3000000119209289,-3.299999952316284,-3.33235420923009,0.0673911448744007,-0.018361160960294984,0.003076915498378935,-3.350715370190385,-3.2649630643556895,-3.350715370190385,-3.329277293731711,0.919292228,-2.7309546799999995
Lance Stephenson,2017-18,1850.0,-0.4000000059604645,-2.900000095367432,-3.299999952316284,-0.5684265946498562,-2.69132225417303,-2.867275394983534,-2.8232871097809076,-3.4357019896333902,-3.2597488488228863,-3.4357019896333902,-3.3917137044307637,-0.621090295,-2.932609304
Ian Clark,2017-18,1455.0,-1.0,-2.5,-3.5,-1.214565289325248,-1.585006107708906,-1.675673893582466,-1.6530069471140758,-2.890239182907714,-2.7995713970341543,-2.890239182907714,-2.867572236439324,-1.301510034,-2.930365637
Justin Jackson,2017-18,1506.0,-2.299999952316284,-1.399999976158142,-3.700000047683716,-2.622407161932349,-2.099785657402779,-2.0675734060436883,-2.0756264688834607,-4.689980567976038,-4.7221928193351275,-4.689980567976037,-4.698033630815809,-1.501837339,-2.970466958
Zach Randolph,2017-18,1508.0,0.1000000014901161,-3.799999952316284,-3.799999952316284,-0.5539796347548737,-2.152820300186557,-2.1221816635870954,-2.1298413227369606,-2.676161298341969,-2.7067999349414307,-2.676161298341969,-2.683820957491834,-1.633080392,-2.387294343
DAngelo Russell,2017-18,1234.0,-0.6000000238418579,-3.5,-4.099999904632568,-0.7569775779665556,-2.6795999146958542,-2.6837516736035782,-2.6827137338766476,-3.4407292515701338,-3.4365774926624097,-3.4407292515701338,-3.439691311843203,-1.619220459,-2.829171927
Jarrett Allen,2017-18,1441.0,-2.900000095367432,-1.100000023841858,-4.099999904632568,-2.13793134016788,0.3186945245430159,0.35467787992547517,0.34568204107986034,-1.7832534602424044,-1.8192368156248642,-1.7832534602424048,-1.7922492990880197,0.046849536,-1.008347805
Gorgui Dieng,2017-18,1333.0,-2.900000095367432,-1.7000000476837158,-4.5,-2.950333433580969,-0.5141112889129978,-0.5485561891738233,-0.5399449641086169,-3.4988896227547923,-3.4644447224939667,-3.4988896227547923,-3.490278397689586,-1.240864941,-3.5134280140000005
JR Smith,2017-18,2244.0,-0.800000011920929,-3.0,-3.799999952316284,-0.3281873206722918,-2.887512040760796,-2.9328323991227543,-2.9215023095322645,-3.261019719795045,-3.2156993614330878,-3.261019719795046,-3.249689630204556,-0.881817609,-2.33143734
Joe Johnson,2017-18,1205.0,-3.5,-1.2999999523162842,-4.800000190734863,-3.455740042371,-0.6660908318818145,-0.9240066966504956,-0.8595277304583252,-4.379746739021496,-4.121830874252814,-4.3797467390214955,-4.315267772829325,-1.664505127692946,-4.208753039091286
Robin Lopez,2017-18,1690.0,-4.300000190734863,0.1000000014901161,-4.199999809265137,-3.117379424038512,0.7911464118575205,0.6634587597896728,0.6953806728066347,-2.453920664248839,-2.3262330121809915,-2.453920664248839,-2.421998751231877,-2.208064876,-3.3753009420000004
Jarell Martin,2017-18,1661.0,-3.799999952316284,-0.5,-4.300000190734863,-3.2319717512146657,-0.2018000209825944,-0.4545995514733141,-0.39139966885063415,-3.68657130268798,-3.43377177219726,-3.68657130268798,-3.6233714200653,-0.513382685,-3.205554543
Troy Daniels,2017-18,1622.0,-0.5,-3.900000095367432,-4.400000095367432,-0.2710448745941001,-3.810826390779978,-3.82763772076808,-3.8234348882710547,-4.09868259536218,-4.081871265374078,-4.09868259536218,-4.094479762865155,-2.698829695,-3.482650291
Jamal Crawford,2017-18,1653.0,0.5,-5.099999904632568,-4.599999904632568,0.2311886149885696,-4.024811926576962,-4.0972895798011475,-4.0791701664951,-3.8661009648125777,-3.7936233115883926,-3.8661009648125777,-3.84798155150653,-3.355869207,-3.710743189
Dragan Bender,2017-18,2069.0,-3.299999952316284,-1.0,-4.400000095367432,-2.72609609099138,-0.7506189061694694,-0.6895014489789367,-0.7047808132765698,-3.4155975399703165,-3.4767149971608493,-3.4155975399703165,-3.43087690426795,-1.106347497,-4.739064845
DeAaron Fox,2017-18,2026.0,-2.400000095367432,-2.0,-4.300000190734863,-1.869183155186332,-1.624789517124064,-1.5967579499405518,-1.6037658417364298,-3.465941105126883,-3.493972672310396,-3.465941105126884,-3.472948996922762,-1.418545551,-4.08792301
Emmanuel Mudiay,2017-18,1245.0,-3.0,-2.400000095367432,-5.5,-1.847055188730902,-1.8772529984943016,-1.9233662042301514,-1.9118379027961887,-3.7704213929610537,-3.7243081872252035,-3.7704213929610533,-3.7588930915270904,-2.4450193643485942,-5.115888069126908
Josh Jackson,2017-18,1959.0,-3.200000047683716,-1.2999999523162842,-4.5,-2.9598154126220764,-0.6802894811050512,-0.7797445714463874,-0.7548807988610533,-3.739559984068464,-3.6401048937271274,-3.739559984068464,-3.7146962114831297,-0.998599076,-3.173011884
Bismack Biyombo,2017-18,1495.0,-4.099999904632568,-1.100000023841858,-5.199999809265137,-3.8847195271746,-0.22787701641107,-0.4048072181034277,-0.36057466768033825,-4.289526745278028,-4.11259654358567,-4.289526745278028,-4.245294194854938,-0.535041455,-4.640513743
Thon Maker,2017-18,1238.0,-3.5999999046325684,-3.400000095367432,-7.0,-3.1328263607054567,-1.3586025941241913,-1.4226978985658256,-1.406674072455417,-4.555524259271282,-4.491428954829648,-4.555524259271282,-4.539500433160874,-0.940365109,-4.70580871
Dennis Smith Jr.,2017-18,2049.0,-2.200000047683716,-3.299999952316284,-5.5,-1.4780441861663942,-2.5480266419527293,-2.5404740847214002,-2.5423622240292323,-4.018518270887794,-4.026070828119123,-4.018518270887794,-4.020406410195626,-1.208881934,-3.560709347
James Harden,2018-19,2867.0,9.800000190734863,1.100000023841858,10.899999618530272,8.234095797765962,-0.0441630779292024,-0.06015395366645272,-0.05615623473214014,8.17394184409951,8.18993271983676,8.17394184409951,8.17793956303382,-0.036621078,6.491861537000001
Paul George,2018-19,2841.0,5.300000190734863,3.799999952316284,9.100000381469728,5.691572361299038,2.593289920660343,2.5662076096521553,2.5729781874042024,8.257779970951193,8.28486228195938,8.257779970951193,8.264550548703241,1.996963588,6.678565845999999
Stephen Curry,2018-19,2331.0,7.5,0.699999988079071,8.199999809265137,7.360617406979814,0.8831088783350666,0.8318405798285694,0.8446576544551938,8.192457986808384,8.24372628531488,8.192457986808384,8.205275061435007,0.322353254,6.167029272
Damian Lillard,2018-19,2838.0,6.800000190734863,-0.4000000059604645,6.400000095367432,6.580774074445867,0.7324541060159716,0.6685192047578422,0.6845029300723745,7.24929327920371,7.313228180461839,7.24929327920371,7.265277004518242,-0.316522645,5.261019693
Nikola Jokic,2018-19,2504.0,5.599999904632568,1.7999999523162842,7.400000095367432,4.975195535566326,2.345517985547792,2.555661852279482,2.5031258855965595,7.530857387845807,7.320713521114118,7.530857387845808,7.478321421162885,0.979535137,4.406314552
Kemba Walker,2018-19,2863.0,5.0,0.800000011920929,5.699999809265137,5.582273012021918,-0.4187616571673694,-0.4005467044550554,-0.4051004426331339,5.181726307566863,5.163511354854549,5.181726307566863,5.177172569388785,-0.862874748,2.611022893
Giannis Antetokounmpo,2018-19,2358.0,4.199999809265137,2.5999999046325684,6.800000190734863,4.813198188212376,3.2968872250531547,3.3267650024332456,3.3192955580882226,8.139963190645622,8.11008541326553,8.139963190645622,8.132493746300598,2.86219563,8.454800427
Rudy Gobert,2018-19,2577.0,0.800000011920929,5.099999904632568,5.900000095367432,0.34350590781383,4.114010117655875,4.215462649459905,4.190099516508897,4.558968557273735,4.457516025469705,4.558968557273735,4.533605424322727,2.738379109,3.850002238
Mike Conley,2018-19,2342.0,4.599999904632568,1.7000000476837158,6.300000190734863,3.964305797091962,0.8835881329308699,0.9874141074188872,0.9614576137968829,4.951719904510849,4.847893930022832,4.951719904510849,4.925763410888845,-0.202205262,3.5205870489999995
Kyrie Irving,2018-19,2214.0,5.5,1.100000023841858,6.599999904632568,5.395443817366796,0.4700143210037319,0.4779248658841641,0.475947229664056,5.87336868325096,5.865458138370528,5.87336868325096,5.871391047030852,0.350002995,4.984124412
Kevin Durant,2018-19,2702.0,5.0,-0.2000000029802322,4.800000190734863,5.973955654459554,0.6829079324058007,0.5618425380651091,0.5921088866502819,6.535798192524664,6.656863586865355,6.5357981925246635,6.566064541109836,0.095048726,5.474816641
Jrue Holiday,2018-19,2402.0,4.099999904632568,1.5,5.599999904632568,3.9162389417558905,0.983342182456537,1.1030837036999228,1.0731483233890762,5.019322645455813,4.899581124212427,5.019322645455813,4.989387265144966,1.010311413,4.64031218
Nikola Vucevic,2018-19,2510.0,1.7999999523162842,3.5,5.199999809265137,2.015755920009098,2.5949244846548445,2.7156221150710067,2.685447707466966,4.731378035080105,4.610680404663943,4.731378035080105,4.701203627476064,1.6899240250000005,3.620356488
Jusuf Nurkic,2018-19,1974.0,2.0999999046325684,5.199999809265137,7.199999809265137,1.5829371579056637,4.1512212172963245,4.183962295580332,4.17577702600933,5.766899453485996,5.7341583752019885,5.766899453485996,5.758714183914994,2.02347916,3.165634297
Joel Embiid,2018-19,2154.0,2.5999999046325684,3.5999999046325684,6.199999809265137,3.41244007542056,3.5110305852006403,3.643667851402896,3.610508534852332,7.056107926823456,6.9234706606212,7.056107926823456,7.022948610272892,1.328424804,2.661947617
Eric Bledsoe,2018-19,2272.0,3.5,2.200000047683716,5.699999809265137,2.7684278595501666,1.596762908969345,1.6819516755519126,1.6606544839062707,4.450379535102079,4.365190768519511,4.450379535102079,4.429082343456438,1.635024592,4.046343013
Bradley Beal,2018-19,3028.0,4.300000190734863,-0.8999999761581421,3.400000095367432,3.678064800840503,-0.9414417450375792,-0.9721995698720135,-0.9645101136634049,2.705865230968489,2.736623055802924,2.7058652309684894,2.7135546871770977,-0.578514729,3.103122112
Anthony Davis,2018-19,1850.0,4.099999904632568,3.299999952316284,7.400000095367432,4.495278608715269,2.563540474026311,2.7561555256441155,2.7080017627396638,7.251434134359385,7.05881908274158,7.251434134359385,7.203280371454933,2.083098607,5.913436441
Blake Griffin,2018-19,2622.0,4.0,0.4000000059604645,4.300000190734863,4.142994837270599,-0.4272330824889738,-0.3969263901480281,-0.4045030632332645,3.746068447122571,3.7157617547816257,3.746068447122571,3.738491774037335,-0.594287389,2.364148146
Andre Drummond,2018-19,2647.0,1.0,3.0999999046325684,4.0,0.6150793312819504,2.661668581174338,2.755575285090986,2.732098609111824,3.370654616372936,3.2767479124562886,3.3706546163729363,3.3471779403937743,3.673509993,3.386870886
Kyle Lowry,2018-19,2213.0,3.299999952316284,1.899999976158142,5.199999809265137,3.139358744449236,2.112944383615295,2.1283124792358343,2.1244704553306994,5.267671223685071,5.252303128064531,5.2676712236850705,5.263829199779936,1.683332084,3.534295033
Danny Green,2018-19,2216.0,3.299999952316284,1.7000000476837158,4.900000095367432,2.646515761332685,1.3178516189893388,1.416234658632117,1.3916388987214223,4.062750419964802,3.964367380322024,4.062750419964802,4.038154660054107,2.379697531,3.707698025
Kawhi Leonard,2018-19,2040.0,4.699999809265137,0.699999988079071,5.400000095367432,5.211230844121304,1.161704804818197,1.2717829661354945,1.24426342580617,6.483013810256798,6.372935648939501,6.483013810256798,6.455494269927474,1.158014283,6.725579514
Jimmy Butler,2018-19,2185.0,3.0999999046325684,1.7000000476837158,4.699999809265137,2.446586112119366,0.9583115955700344,1.0420793673632647,1.0211374244149571,3.4886654794826306,3.4048977076894005,3.4886654794826306,3.467723536534323,0.9094312040695652,4.778965995104348
LeBron James,2018-19,1937.0,5.400000095367432,0.1000000014901161,5.5,4.972069247357827,0.8023368331254647,0.7490827648277238,0.762396281902159,5.72115201218555,5.774406080483292,5.72115201218555,5.734465529259986,0.49566262,5.58888247
Danilo Gallinari,2018-19,2059.0,4.699999809265137,0.2000000029802322,4.900000095367432,3.9822109640565055,-0.6265375065000293,-0.6865855144614261,-0.6715735124710769,3.2956254495950805,3.355673457556476,3.2956254495950796,3.3106374515854284,-0.8342361,3.271709727
Pascal Siakam,2018-19,2548.0,1.600000023841858,1.2000000476837158,2.900000095367432,2.228650356858992,1.7534998548804888,1.7653273972413603,1.7623705116511423,3.993977754100353,3.982150211739481,3.9939777541003525,3.9910208685101347,1.308628647,4.104937317
Marc Gasol,2018-19,2436.0,-0.8999999761581421,3.900000095367432,3.0999999046325684,-0.960195418832346,3.020074224248745,3.1947636120840572,3.1510912651252285,2.2345681932517114,2.059878805416399,2.234568193251711,2.1908958462928823,1.6792560143891624,0.4321303275123152
Russell Westbrook,2018-19,2630.0,2.700000047683716,-0.3000000119209289,2.400000095367432,3.210106901431352,0.5596859731892628,0.4456929094935398,0.4741911754174706,3.655799810924892,3.769792874620615,3.6557998109248917,3.6842980768488225,2.173003068,3.145169459
Joe Ingles,2018-19,2568.0,1.399999976158142,1.2000000476837158,2.5999999046325684,1.5030227270343897,1.0457793659695696,1.1138978611609343,1.0968682373630934,2.616920588195324,2.5488020930039594,2.616920588195324,2.599890964397483,1.295996621,2.650384036
Khris Middleton,2018-19,2393.0,2.0,0.8999999761581421,3.0,2.2735126860005703,0.1634269001573232,0.26980651816123746,0.2432116136602589,2.543319204161808,2.4369395861578935,2.543319204161808,2.5167242996608294,0.649155854,2.336350179
CJ McCollum,2018-19,2375.0,3.0,-0.1000000014901161,2.900000095367432,2.5763742443143887,-0.2869071317212622,-0.38172334166000854,-0.35801928917532194,2.19465090265438,2.2894671125931265,2.19465090265438,2.2183549551390667,-0.290715506,2.982363573
Chris Paul,2018-19,1857.0,3.5999999046325684,0.8999999761581421,4.400000095367432,2.5574575021068573,1.7470777037575875,1.7668639201134728,1.7619173660245013,4.32432142222033,4.304535205864445,4.32432142222033,4.319374868131359,1.193294396,4.409690596
Clint Capela,2018-19,2249.0,1.100000023841858,2.0999999046325684,3.0999999046325684,0.6987267367914521,2.0934673017776424,2.0256919612702875,2.042635796397126,2.724418698061739,2.7921940385690944,2.7244186980617395,2.741362533188578,0.132836907,2.06360672
Paul Millsap,2018-19,1895.0,1.0,3.0,4.099999904632568,1.0691208281286857,1.982296822901188,1.9869905584714433,1.9858171245788794,3.0561113866001293,3.0514176510298734,3.0561113866001293,3.054937952707565,2.335237284,3.788379473
Steven Adams,2018-19,2669.0,0.0,1.899999976158142,1.899999976158142,1.1455182774392996,2.042960796851187,2.0309410590254444,2.03394599348188,3.1764593364647435,3.1884790742904867,3.176459336464744,3.1794642709211796,1.045790423,1.605550535
LaMarcus Aldridge,2018-19,2687.0,0.699999988079071,1.2000000476837158,2.0,0.5016973811882348,0.5745837298637343,0.6820066810959328,0.655150943287883,1.1837040622841677,1.0762811110519692,1.1837040622841677,1.1568483244761179,-0.895731264,0.390086465
Draymond Green,2018-19,2065.0,-0.3000000119209289,3.5,3.299999952316284,-0.4837424601546781,3.131511495438621,3.160558527112147,3.153296769193765,2.6768160669574685,2.6477690352839427,2.6768160669574685,2.6695543090390865,3.069412945,2.519060473
Thaddeus Young,2018-19,2489.0,0.6000000238418579,1.7000000476837158,2.299999952316284,0.2507762649543119,1.6692066820566225,1.7655061496310227,1.7414312827374228,2.016282414585335,1.9199829470109344,2.0162824145853344,1.9922075476917347,1.547629089,2.520197822
Jeremy Lamb,2018-19,2250.0,1.5,1.100000023841858,2.700000047683716,1.1518089051551312,0.6419319562156728,0.6665466087329442,0.6603929456036264,1.818355513888076,1.7937408613708041,1.8183555138880756,1.8122018507587576,0.802569307,2.728645924
Luka Doncic,2018-19,2318.0,3.0999999046325684,-0.8999999761581421,2.200000047683716,2.997130510166947,-1.1609034302673116,-1.1043456541979444,-1.118485098215286,1.8927848559690028,1.8362270798996356,1.8927848559690028,1.8786454119516611,0.310972204,2.103306965
Malcolm Brogdon,2018-19,1832.0,2.5,0.8999999761581421,3.400000095367432,1.900476084408128,0.3291985867456069,0.4895639769998147,0.44947262943626276,2.3900400614079422,2.229674671153735,2.3900400614079427,2.349948713844391,0.554898702,3.778203155
Josh Richardson,2018-19,2539.0,0.8999999761581421,0.8999999761581421,1.7999999523162842,0.940583831150469,0.5616970922193795,0.6014370491082037,0.5915020598859976,1.5420208802586726,1.5022809233698484,1.5420208802586726,1.5320858910364665,0.688511077,2.022641103
Marcus Smart,2018-19,2200.0,0.2000000029802322,2.200000047683716,2.400000095367432,0.1170104604057252,1.9002151372550944,1.9202319612017427,1.9152277552150805,2.037242421607468,2.0172255976608198,2.037242421607468,2.0322382156208056,2.265919338,3.114516189
Al Horford,2018-19,1973.0,1.5,1.399999976158142,2.900000095367432,1.204885487184003,1.4100542694472462,1.5971200605770217,1.5503536127945776,2.802005547761025,2.614939756631249,2.8020055477610244,2.7552390999785805,0.786662544,1.923820907
Patrick Beverley,2018-19,2137.0,1.2000000476837158,1.100000023841858,2.299999952316284,0.9686692597682476,0.929717620051846,0.8637739839817753,0.880259892999293,1.8324432437500229,1.8983868798200936,1.8324432437500229,1.8489291527675404,1.004741245,0.466595231
Buddy Hield,2018-19,2615.0,2.200000047683716,-0.800000011920929,1.399999976158142,1.9647542326340208,-0.902750906615752,-0.9519370325143263,-0.9396405010396827,1.012817200119695,1.0620033260182689,1.0128172001196947,1.0251137315943382,-1.110319958,1.205535814
Jamal Murray,2018-19,2447.0,1.600000023841858,0.1000000014901161,1.7000000476837158,1.953943789632328,-0.4856546852464583,-0.5866369901633762,-0.5613914139341467,1.3673067994689516,1.4682891043858697,1.3673067994689516,1.3925523756981812,-0.314133461,0.655506072
Monte Morris,2018-19,1970.0,1.600000023841858,1.2000000476837158,2.700000047683716,1.330774257812139,-0.1358244883010472,0.018440308817394196,-0.02012589046221616,1.3492145666295334,1.194949769511092,1.3492145666295332,1.310648367349923,-0.231277576,2.004455501
Derrick Favors,2018-19,1766.0,0.0,3.200000047683716,3.200000047683716,-0.4307904137909232,3.385276031494963,3.5048390620845016,3.4749483044371168,3.074048648293578,2.9544856177040395,3.0740486482935783,3.0441578906461935,1.496139286,1.933617231
Montrezl Harrell,2018-19,2158.0,0.8999999761581421,1.2000000476837158,2.0,1.6248242615492012,0.6517162182256646,0.7687398875150139,0.7394839701926765,2.3935641490642148,2.276540479774866,2.393564149064215,2.3643082317418775,0.062695494,2.262856866
Donovan Mitchell,2018-19,2598.0,2.0,-0.699999988079071,1.2000000476837158,2.1570008966590763,0.7095665586543931,0.7599097767713004,0.7473239722420735,2.916910673430377,2.8665674553134695,2.916910673430377,2.90432486890115,0.8872962220000001,2.914732427
Derrick White,2018-19,1728.0,0.3000000119209289,3.0,3.299999952316284,-0.145932276150212,2.054613410038058,2.1691462635956773,2.1405130502062724,2.0232139874454647,1.908681133887846,2.023213987445465,1.9945807740560604,1.260773364,1.113058735
Davis Bertans,2018-19,1632.0,2.299999952316284,1.2000000476837158,3.5,1.9429098016935145,0.2868212692154083,0.2872279592432866,0.287126286736317,2.2301377609368007,2.229731070908923,2.230137760936801,2.2300360884298316,0.741396698,1.594752901
John Collins,2018-19,1829.0,3.200000047683716,-0.5,2.700000047683716,1.5305129231428556,-0.8117191850745611,-0.9796650411924075,-0.9376785771629459,0.5508478819504483,0.7187937380682945,0.5508478819504481,0.5928343459799097,-1.524810808,1.67478814
JJ Redick,2018-19,2379.0,1.899999976158142,-0.5,1.5,1.8504633968481596,-1.2585738388801977,-1.2998827264273323,-1.2895555045405487,0.5505806704208271,0.5918895579679619,0.5505806704208274,0.560907892307611,-1.228106649,1.673595089
Rudy Gay,2018-19,1842.0,1.100000023841858,1.5,2.5999999046325684,1.0232405791872414,0.980848210218699,0.8674171463352487,0.8957749123061112,1.89065772552249,2.0040887894059405,1.8906577255224901,1.9190154914933526,0.84128729,1.825075839
Hassan Whiteside,2018-19,1674.0,-0.6000000238418579,3.799999952316284,3.0999999046325684,-0.1144079162586308,3.1878438468345807,3.4240485800064526,3.364997396713484,3.309640663747822,3.07343593057595,3.309640663747822,3.2505894804548534,2.776665646,1.008612248
Jayson Tatum,2018-19,2455.0,0.5,0.6000000238418579,1.100000023841858,0.2139491921483204,0.7093479342479044,0.7604829138712522,0.7476991689654153,0.9744321060195724,0.9232971263962249,0.9744321060195726,0.9616483611137358,1.029725505,1.155577757
Aaron Gordon,2018-19,2633.0,0.0,0.699999988079071,0.699999988079071,0.1552677812063698,0.6628067895649384,0.6666995702686872,0.66572637509275,0.8219673514750571,0.8180745707713082,0.821967351475057,0.8209941562991199,0.609874129,0.687152957
Jerami Grant,2018-19,2612.0,-0.4000000059604645,1.100000023841858,0.699999988079071,-0.070362318512434,1.413412464190538,1.3754955400889823,1.384974771114371,1.3051332215765483,1.3430501456781039,1.3051332215765483,1.314612452601937,0.988264372,1.377457986
Cory Joseph,2018-19,2063.0,-0.800000011920929,2.5,1.7000000476837158,-1.0684711793049946,2.374709856683228,2.382041655467801,2.3802087057716577,1.3135704761628064,1.3062386773782335,1.3135704761628064,1.311737526466663,1.918775122,0.457014071
Otto Porter Jr.,2018-19,1683.0,1.2999999523162842,1.2999999523162842,2.5999999046325684,0.4514873292634412,0.0474972559835597,0.17046046865123526,0.13971966548431636,0.6219477979146765,0.4989845852470009,0.6219477979146765,0.5912069947477576,0.7499375322459892,1.682901157684492
Nemanja Bjelica,2018-19,1788.0,1.2000000476837158,1.0,2.200000047683716,0.4614329313009273,0.446259635718803,0.4094583638825795,0.41865868184163535,0.8708912951835069,0.9076925670197302,0.8708912951835068,0.8800916131425627,0.640052521,0.8681375629999999
Larry Nance Jr.,2018-19,1795.0,0.0,2.200000047683716,2.200000047683716,-0.4700044997820782,1.137090335328945,1.3333196307403248,1.2842623068874794,0.8633151309582465,0.6670858355468667,0.8633151309582465,0.8142578071054012,0.806608602,0.767667773
Delon Wright,2018-19,1699.0,0.5,2.0,2.5,-0.4184467246427042,1.0706923004071218,1.1227635707446741,1.1097457531602861,0.70431684610197,0.6522455757644177,0.70431684610197,0.691299028517582,1.0118280909105355,0.7611306291553855
Kevon Looney,2018-19,1481.0,0.4000000059604645,2.700000047683716,3.0999999046325684,1.1346927542075225,2.231512041857701,2.3655751256286397,2.332059354685905,3.500267879836162,3.3662047960652233,3.500267879836162,3.4667521088934277,0.353946298,0.707344495
Tobias Harris,2018-19,2847.0,0.800000011920929,-0.6000000238418579,0.2000000029802322,1.2000111998263336,-1.145526917708546,-1.2137803307858244,-1.196716977516505,-0.0137691309594907,0.05448428211778755,-0.013769130959490727,0.003294222309828676,-0.4857327573010186,1.249813780736916
Lou Williams,2018-19,1993.0,5.099999904632568,-3.700000047683716,1.399999976158142,4.365299631465663,-2.2675999359536907,-2.400328821489696,-2.3671466001056944,1.9649708099759675,2.0976996955119724,1.9649708099759673,1.9981530313599687,-1.320881854,3.111265146
Bogdan Bogdanovic,2018-19,1947.0,1.7000000476837158,-0.2000000029802322,1.5,0.9617931659166028,-0.5070395696547471,-0.4715218097020689,-0.48040124969023845,0.4902713562145337,0.45475359626185574,0.4902713562145339,0.48139191622636435,-0.33399117,0.382972972
Bojan Bogdanovic,2018-19,2573.0,0.6000000238418579,-0.4000000059604645,0.3000000119209289,0.8023746908896975,-0.8631949034886203,-0.7730143246428336,-0.7955594693542802,0.0293603662468638,-0.060820212598922785,0.02936036624686389,0.0068152215354172485,-0.647431461,1.161378773
Joe Harris,2018-19,2293.0,1.100000023841858,-0.5,0.6000000238418579,0.6898777646871664,-1.5748574434156353,-1.7475517481126974,-1.7043781719384317,-1.057673983425531,-0.8849796787284688,-1.057673983425531,-1.0145004072512651,-0.623882104,0.768735084
Domantas Sabonis,2018-19,1838.0,1.2000000476837158,0.3000000119209289,1.5,0.8128324962677906,1.7498438537100622,1.7032005429706656,1.7148613706555147,2.516033039238456,2.5626763499778527,2.5160330392384562,2.5276938669233053,0.377890212,0.942568219
Devin Booker,2018-19,2242.0,3.5999999046325684,-3.0,0.6000000238418579,3.722251822934063,-3.0364359996339387,-3.214409829192417,-3.169916371802797,0.5078419937416454,0.6858158233001244,0.5078419937416463,0.5523354511312659,-2.556099044,0.501433766
Darren Collison,2018-19,2143.0,0.800000011920929,0.0,0.8999999761581421,1.3120449250785144,-0.0678626159601585,-0.010758045254597573,-0.025034187930987807,1.3012868798239168,1.244182309118356,1.3012868798239168,1.2870107371475266,0.867310637,2.469733947
DeMar DeRozan,2018-19,2688.0,1.0,-0.8999999761581421,0.1000000014901161,0.6309566298875967,-0.8586782672834697,-0.9320948813304418,-0.9137407278186988,-0.3011382514428451,-0.22772163739587303,-0.3011382514428451,-0.28278409793110204,0.016325124,2.355211667
Spencer Dinwiddie,2018-19,1914.0,2.0,-0.699999988079071,1.2999999523162842,1.9025721864327512,-1.364274314662644,-1.4647716156584627,-1.439647290409508,0.437800570774288,0.5382978717701072,0.43780057077428847,0.46292489602324327,-1.605472861,-0.347452681
Evan Fournier,2018-19,2553.0,0.800000011920929,-0.5,0.2000000029802322,0.9102485266913538,-0.9063560374471766,-0.8563471610607986,-0.8688493801573929,0.0539013656305552,0.0038924892441771775,0.053901365630555254,0.04139914653396093,0.112114269,0.390471402
Dwight Powell,2018-19,1662.0,2.200000047683716,-0.4000000059604645,1.899999976158142,1.0868110049633035,-0.49066517591877,-0.5320396368778741,-0.5216960216380981,0.5547713680854293,0.5961458290445335,0.5547713680854294,0.5651149833252054,-0.2140603449999999,1.570708752
Klay Thompson,2018-19,2652.0,0.8999999761581421,-0.800000011920929,0.1000000014901161,0.9848920763596444,0.0390532230005938,-0.0028187720716611603,0.00764922669640258,0.9820733042879832,1.0239452993602383,0.9820733042879832,0.9925413030560469,0.010755569,2.55677885
PJ Tucker,2018-19,2802.0,-1.7999999523162842,1.7000000476837158,0.0,-1.4635377901088027,1.812065517836811,1.7848244129158788,1.791634689146112,0.3212866228070761,0.34852772772800833,0.3212866228070761,0.3280968990373092,1.413362717,0.611427241
Ricky Rubio,2018-19,1899.0,-0.1000000014901161,1.2000000476837158,1.2000000476837158,0.1665867724262545,0.7901459466365971,0.8608412834888342,0.8431674492757748,1.0274280559150886,0.9567327190628516,1.0274280559150886,1.0097542217020292,1.132534316,0.814552571
Jonathan Isaac,2018-19,1996.0,-0.8999999761581421,1.7999999523162842,0.8999999761581421,-0.875704837165971,1.445964004814373,1.3455441030508961,1.3706490784917653,0.4698392658849253,0.5702591676484019,0.4698392658849251,0.4949442413257943,1.952902536,0.224050901
Terrence Ross,2018-19,2150.0,0.8999999761581421,-0.3000000119209289,0.6000000238418579,0.8295290173429154,-0.3795078944352952,-0.2591774570464097,-0.2892600663936311,0.5703515602965057,0.4500211229076202,0.5703515602965057,0.5402689509492843,0.398317926,1.476624625
Mikal Bridges,2018-19,2417.0,-0.8999999761581421,1.100000023841858,0.2000000029802322,-0.9249315202708174,0.4576340162574413,0.48902130202714245,0.4811744805847171,-0.4359102182436749,-0.46729750401337605,-0.43591021824367493,-0.44375703968610025,0.138783789,-0.4726552559999999
Bam Adebayo,2018-19,1913.0,-1.899999976158142,2.700000047683716,0.800000011920929,-1.4600729299523916,2.1655358710166728,2.207206364924181,2.1967887414473037,0.7471334349717893,0.7054629410642812,0.7471334349717893,0.7367158114949122,1.4147581979999997,0.239805751
Jae Crowder,2018-19,2166.0,-0.1000000014901161,0.5,0.4000000059604645,0.2467907173966672,0.4494453511372374,0.358516347546533,0.3812485984442091,0.6053070649432002,0.6962360685339046,0.6053070649432002,0.6280393158408764,0.532880277,-0.057410518
Maxi Kleber,2018-19,1502.0,-1.100000023841858,2.900000095367432,1.7999999523162842,-0.5544670305742839,2.326381914162857,2.136136220060601,2.183697643586165,1.5816691894863175,1.7719148835885732,1.581669189486317,1.629230613011881,1.784143092,0.8940028
Brook Lopez,2018-19,2322.0,-0.800000011920929,0.8999999761581421,0.2000000029802322,-0.0011523232684342,2.8433086047233584,3.126602691384342,3.055779169719096,3.125450368115908,2.8421562814549244,3.125450368115908,3.054626846450662,2.340190524,0.583783496
Nikola Mirotic,2018-19,1245.0,1.2999999523162842,1.399999976158142,2.700000047683716,1.431662821160155,0.853985120069778,0.7821541417989041,0.8001118863666226,2.213816962959059,2.285647941229933,2.213816962959059,2.2317747075267773,0.6655559093935743,1.7814063791445784
Robert Covington,2018-19,1203.0,-0.6000000238418579,3.299999952316284,2.799999952316284,-0.9996366068973812,3.211343430911152,3.282680733030549,3.2648464075006993,2.283044126133168,2.2117068240137705,2.283044126133168,2.2652098006033183,2.57716287965586,2.3933910058936
Tim Hardaway Jr.,2018-19,2057.0,1.2000000476837158,-0.699999988079071,0.5,0.7891010301100202,-2.112488999901126,-2.0836378531747397,-2.0908506398563365,-1.294536823064719,-1.3233879697911055,-1.2945368230647194,-1.3017496097463161,-1.3987489779577056,-0.8343945942936315
Gordon Hayward,2018-19,1863.0,0.800000011920929,0.1000000014901161,0.8999999761581421,0.4292636924442712,0.4619253772382983,0.4446779829657937,0.4489898315339198,0.873941675410065,0.8911890696825695,0.8739416754100648,0.878253523978191,0.329779458,1.40273742
Josh Hart,2018-19,1715.0,-2.0999999046325684,3.0,0.8999999761581421,-2.095246215636404,2.3323025372066533,2.304947292830126,2.3117861039242578,0.2097010771937215,0.23705632157024947,0.209701077193722,0.21653988828785398,1.6746068489999997,0.011779547
Andre Iguodala,2018-19,1578.0,-0.3000000119209289,1.600000023841858,1.2999999523162842,-0.0867757229153482,2.0666567858622598,2.026465670712446,2.0365134494998998,1.9396899477970968,1.9798810629469115,1.9396899477970977,1.9497377265845515,1.379353363,1.80586547
Kelly Olynyk,2018-19,1812.0,0.1000000014901161,0.699999988079071,0.800000011920929,0.4908934657165208,0.9625274630124436,0.9917954155676416,0.9844784274288421,1.4826888812841623,1.4534209287289643,1.4826888812841625,1.475371893145363,0.842534931,0.701945504
Ersan Ilyasova,2018-19,1231.0,-0.699999988079071,2.799999952316284,2.0999999046325684,-0.4230710706818095,1.3468691235934491,1.7881137378978091,1.677802584321719,1.365042667216,0.9237980529116396,1.3650426672159996,1.2547315136399095,0.852513269,-0.342095596
Patty Mills,2018-19,1908.0,1.2999999523162842,-0.8999999761581421,0.4000000059604645,1.8676590309431391,-1.1345689553098104,-1.146400359106901,-1.1434425081576283,0.7212586718362382,0.7330900756333287,0.7212586718362382,0.7242165227855109,-0.696397488,-0.298325886
Jakob Poeltl,2018-19,1273.0,1.100000023841858,1.0,2.0999999046325684,0.7729437024419593,1.9787624759391007,1.815222735341471,1.8561076704908783,2.58816643778343,2.75170617838106,2.58816643778343,2.6290513729328375,0.378008549,0.15264808
Jordan Clarkson,2018-19,2214.0,2.0,-2.0999999046325684,0.0,1.744342014312797,-2.112823973054056,-2.1780888404260326,-2.161772623583038,-0.4337468261132351,-0.3684819587412591,-0.43374682611323556,-0.4174306092702411,-2.023254692,-0.186048091
Derrick Rose,2018-19,1392.0,2.700000047683716,-1.2000000476837158,1.5,2.2763515356251767,-1.3189157366678508,-1.3084504991128694,-1.3110668085016146,0.9679010365123072,0.9574357989573259,0.9679010365123073,0.9652847271235621,-2.312317784,0.3681431099999999
Ben Simmons,2018-19,2700.0,0.800000011920929,-1.399999976158142,-0.6000000238418579,1.233847824651254,-0.5682986653782501,-0.5045090089246311,-0.5204564230380359,0.729338815726623,0.665549159273004,0.729338815726623,0.7133914016132182,0.8540753910000001,2.059527912
Myles Turner,2018-19,2119.0,-2.0,1.899999976158142,-0.1000000014901161,-1.4707632600555849,3.0338262873744024,3.194716436761314,3.1544938994145855,1.7239531767057292,1.5630630273188175,1.723953176705729,1.6837306393590006,2.776274668,0.281791087
Fred VanVleet,2018-19,1760.0,1.399999976158142,-0.8999999761581421,0.5,1.1232639274959724,-0.0812934419203978,0.002257105460393649,-0.018630531384804215,1.125521032956366,1.0419704855755745,1.125521032956366,1.104633396111168,0.389311546,1.038196792
Maurice Harkless,2018-19,1415.0,-0.4000000059604645,1.5,1.100000023841858,-0.2254777151700409,2.3181978266964283,2.3350510721267224,2.330837760769149,2.109573356956681,2.092720111526387,2.1095733569566812,2.1053600455991077,2.220971663,2.288086417
Josh Okogie,2018-19,1757.0,-1.2999999523162842,1.7000000476837158,0.3000000119209289,-1.6907912647084615,1.1532085935002776,1.3768996038354158,1.3209768512516311,-0.3138916608730457,-0.5375826712081839,-0.31389166087304576,-0.3698144134568304,1.050025484,-0.595827543
Tomas Satoransky,2018-19,2164.0,0.3000000119209289,-0.6000000238418579,-0.2000000029802322,0.5952989745185887,-0.1314330810467691,-0.17122575844302396,-0.16127758909396023,0.4240732160755647,0.4638658934718196,0.42407321607556475,0.4340213854246285,-0.802380578,-0.34301412
Justise Winslow,2018-19,1959.0,-0.4000000059604645,0.3000000119209289,-0.1000000014901161,-0.7675843621512476,1.8116808948086007,1.8161726861314618,1.8150497383007465,1.0485883239802145,1.044096532657353,1.0485883239802143,1.047465376149499,0.969361558,0.505796719
Derrick Jones Jr.,2018-19,1153.0,-0.4000000059604645,2.200000047683716,1.7000000476837158,-0.6580993088496062,2.5066554030922124,2.479715198484195,2.4864502496361993,1.8216158896345889,1.848556094242606,1.8216158896345886,1.828350940786593,1.040867347,0.032855454
Kelly Oubre Jr.,2018-19,1935.0,-0.6000000238418579,0.4000000059604645,-0.1000000014901161,-0.1600539074519122,-0.5191702581477405,-0.5856660969859075,-0.5690421372763659,-0.7457200044378198,-0.6792241655996527,-0.7457200044378197,-0.729096044728278,-0.4549346774134366,-0.880884603005168
Ed Davis,2018-19,1446.0,-0.8999999761581421,1.5,0.6000000238418579,-0.8968730881204435,2.971052559281515,2.8783673312481852,2.9015386382565183,1.9814942431277407,2.0741794711610715,1.9814942431277416,2.0046655501360746,1.650041336,0.2222998379999999
Dewayne Dedmon,2018-19,1609.0,-0.8999999761581421,1.100000023841858,0.3000000119209289,-0.7470937665309932,0.5792025276238238,0.6445378138738964,0.6282039923113784,-0.1025559526570968,-0.1678912389071694,-0.10255595265709683,-0.11888977421961489,0.843850267,-0.761763857
Jared Dudley,2018-19,1220.0,-0.6000000238418579,1.7999999523162842,1.2000000476837158,-0.7145807236813925,0.8110749619309926,0.7409117945004782,0.7584525863581068,0.0263310708190859,0.09649423824960013,0.0263310708190857,0.04387186267671428,0.703595454,-0.744032688
Justin Holiday,2018-19,2607.0,-2.0,1.2000000476837158,-0.8999999761581421,-2.38753219857908,0.8956952408603072,0.9991154764197041,0.9732604175298547,-1.3884167221593762,-1.491836957718773,-1.388416722159376,-1.4142717810492254,0.9136992880575374,-0.7899896625496738
Lauri Markkanen,2018-19,1682.0,1.0,-0.800000011920929,0.2000000029802322,0.4629328531201013,-0.8532943614380347,-0.8919636781125335,-0.8822963489439088,-0.4290308249924321,-0.3903615083179334,-0.4290308249924322,-0.41936349582380755,0.022675575,0.051663111
Landry Shamet,2018-19,1802.0,1.0,-1.0,0.0,0.8799604395293924,-1.825509022957459,-1.8392923979820057,-1.835846554225869,-0.9593319584526132,-0.9455485834280667,-0.9593319584526133,-0.9558861146964767,-1.0545641694661487,-0.0498757551054383
Serge Ibaka,2018-19,2010.0,-1.100000023841858,0.699999988079071,-0.4000000059604645,-0.830611950920852,1.125215866259442,1.1562926190799032,1.1485234308747878,0.3256806681590511,0.29460391533859,0.32568066815905117,0.31791147995393576,0.42895162,-0.597998807
Tyus Jones,2018-19,1560.0,0.2000000029802322,0.1000000014901161,0.3000000119209289,-0.4822162911041936,0.4135441184675789,0.587693955302938,0.5441564960940981,0.1054776641987444,-0.06867217263661474,0.10547766419874438,0.06194020498990449,0.02115119,1.039963888
Dennis Schroder,2018-19,2314.0,-0.1000000014901161,-0.6000000238418579,-0.699999988079071,0.0621794716854211,-0.4909407096694664,-0.45801292013625183,-0.46624486751955546,-0.3958334484508307,-0.4287612379840453,-0.39583344845083074,-0.40406539583413437,-0.647074189,-1.830592596
Noah Vonleh,2018-19,1722.0,-0.8999999761581421,0.8999999761581421,0.0,-1.031949512402117,0.3229043207726902,0.33202626967356275,0.3297457824483446,-0.6999232427285542,-0.7090451916294267,-0.6999232427285542,-0.7022037299537723,0.79026438,-0.589527456
Cody Zeller,2018-19,1243.0,0.5,0.6000000238418579,1.0,-0.2574316354346997,1.1383069237645818,1.074784305956216,1.0906649604083076,0.8173526705215166,0.880875288329882,0.8173526705215164,0.8332333249736079,0.142877492,-0.215964395
George Hill,2018-19,1302.0,-0.5,1.2999999523162842,0.800000011920929,-0.5007529958171144,1.2337539475326331,1.3946025028017264,1.354390363984453,0.893849506984612,0.7330009517155187,0.893849506984612,0.8536373681673386,0.5092654532043009,0.0465243877803379
Ryan Arcidiacono,2018-19,1961.0,-0.1000000014901161,-0.4000000059604645,-0.5,0.1731081677890537,-0.82076742234793,-0.5982374888375415,-0.6538699722151387,-0.4251293210484878,-0.6476592545588763,-0.4251293210484878,-0.48076180442608496,-0.554957266,-1.117060349
Shaquille Harrison,2018-19,1430.0,-1.399999976158142,1.7999999523162842,0.3000000119209289,-2.3970887980060622,1.116909192177217,1.370917290415095,1.3074152658556253,-1.0261715075909672,-1.2801796058288453,-1.0261715075909672,-1.089673532150437,1.4989710449999998,-0.026847016
Jaren Jackson Jr.,2018-19,1515.0,-1.7000000476837158,1.7999999523162842,0.1000000014901161,-2.454960342903304,2.3966492020504577,2.199352385252231,2.248676589451788,-0.2556079576510721,-0.058311140852846055,-0.2556079576510726,-0.20628375345151584,0.936470226,0.135956067
Malik Beasley,2018-19,1879.0,0.4000000059604645,-0.8999999761581421,-0.5,0.7422892696387647,-1.4599647460140417,-1.4376589528017885,-1.4432354011048516,-0.6953696831630237,-0.717675476375277,-0.6953696831630237,-0.7009461314660869,-0.347091603,1.414860535
Jeff Green,2018-19,2097.0,0.2000000029802322,-0.8999999761581421,-0.800000011920929,0.1660138283054207,-0.906014971890503,-0.9192939993631714,-0.9159742424950041,-0.7532801710577507,-0.7400011435850823,-0.7532801710577507,-0.7499604141895835,-1.428308604,-1.261922189
Gary Harris,2018-19,1639.0,-0.699999988079071,0.5,-0.2000000029802322,-0.541712390761543,0.0154884801498335,0.02688950118083146,0.024039245923081966,-0.5148228895807114,-0.5262239106117095,-0.5148228895807115,-0.517673144838461,0.620108761,1.16736923
Reggie Jackson,2018-19,2289.0,1.2999999523162842,-2.200000047683716,-0.8999999761581421,1.8971839795846392,-1.5816826295276674,-1.6613576303826418,-1.6414388801688982,0.2358263492019976,0.3155013500569719,0.2358263492019974,0.2557450994157411,-1.034706683,-0.100689637
Wesley Matthews,2018-19,2091.0,-0.5,-0.3000000119209289,-0.800000011920929,-0.557364663850089,-0.6001683120539528,-0.7258206717783136,-0.6944075818472234,-1.2831853356284024,-1.1575329759040418,-1.2831853356284024,-1.2517722456973124,-0.7277745563357244,-1.0454723233280727
Mitchell Robinson,2018-19,1360.0,-0.699999988079071,0.8999999761581421,0.2000000029802322,-0.0800362329356964,1.7173257655232934,1.8178974623247748,1.7927545381244046,1.7378612293890785,1.6372895325875971,1.7378612293890785,1.7127183051887083,2.588877915,1.826834836
Tristan Thompson,2018-19,1198.0,-0.2000000029802322,1.0,0.699999988079071,-0.873643306337374,-1.0802287205834522,-1.16414920508043,-1.1431690839561854,-2.037792511417804,-1.953872026920826,-2.037792511417804,-2.0168123902935595,-1.873232264,-2.578583527
Nicolas Batum,2018-19,2354.0,-0.8999999761581421,-0.2000000029802322,-1.100000023841858,-0.1422080651876161,0.588820359668386,0.5133667777048072,0.5322301731957019,0.3711587125171912,0.4466122944807699,0.3711587125171911,0.3900221080080858,0.127492395,-0.145148962
Kyle Anderson,2018-19,1281.0,-2.0,2.200000047683716,0.2000000029802322,-2.500173653635367,2.620341336637157,2.584637459623983,2.5935634288772764,0.0844638059886162,0.12016768300179015,0.08446380598861625,0.0933897752419095,1.628486636,0.342020104
Harrison Barnes,2018-19,2533.0,-0.8999999761581421,-0.4000000059604645,-1.2999999523162842,-0.617984483048945,-1.3682151690668147,-1.4272635489842234,-1.412501454004871,-2.0452480320331685,-1.9861996521157597,-2.0452480320331685,-2.030485937053816,-0.9565150012096328,-0.6509269505069089
Rodney Hood,2018-19,1893.0,0.0,-0.800000011920929,-0.800000011920929,-0.6894190375532502,-1.6490403464855214,-1.5679849727046133,-1.5882488161498403,-2.257404010257864,-2.3384593840387717,-2.2574040102578636,-2.2776678537030906,-1.1323398503660858,-0.4197611520058108
Zach LaVine,2018-19,2171.0,1.2999999523162842,-2.299999952316284,-1.0,1.140735503733115,-2.310508602097547,-2.364013317499115,-2.3506371386487226,-1.223277813766,-1.1697730983644319,-1.2232778137659999,-1.2099016349156075,-1.203320426,0.478566419
Lonzo Ball,2018-19,1423.0,-1.100000023841858,0.800000011920929,-0.4000000059604645,-2.1752934218463205,2.162983326238671,2.118554410276347,2.129661639266928,-0.0567390115699737,-0.012310095607649618,-0.0567390115699733,-0.0456317825793926,1.354253789,-0.409257699
Bruce Brown,2018-19,1449.0,-2.700000047683716,2.400000095367432,-0.3000000119209289,-2.70385055438506,1.739023297473942,1.6649570886048153,1.683473640822097,-1.0388934657802449,-0.9648272569111183,-1.0388934657802449,-1.0203769135629632,1.29216913,-1.4440968790000002
Jalen Brunson,2018-19,1591.0,0.0,-0.6000000238418579,-0.6000000238418579,-0.2697420103235401,-1.3481548811204422,-1.3637076088447504,-1.3598194269136732,-1.6334496191682906,-1.6178968914439824,-1.6334496191682906,-1.6295614372372134,-1.292278376,-1.604277749
Pat Connaughton,2018-19,1261.0,-0.1000000014901161,0.2000000029802322,0.0,-0.5169616180622131,-0.0085085353925397,0.12816918285855947,0.09399975329578467,-0.3887924352036537,-0.5254701534547528,-0.3887924352036536,-0.4229618647664284,0.947826125,1.249693111
Tyreke Evans,2018-19,1402.0,-0.699999988079071,0.5,-0.2000000029802322,-1.3025139845123277,1.0354139456019895,1.1819775594372532,1.1453366559784373,-0.1205364250750744,-0.2671000389103382,-0.12053642507507445,-0.15717732853389044,0.863738403,-1.0866421
Eric Gordon,2018-19,2158.0,0.800000011920929,-1.899999976158142,-1.100000023841858,0.822769099199678,-1.4761021498514726,-1.6176222913098788,-1.582242255945277,-0.7948531921102008,-0.6533330506517946,-0.7948531921102008,-0.7594731567455989,-0.930020658,0.361165766
Iman Shumpert,2018-19,1481.0,-1.399999976158142,1.0,-0.3000000119209289,-1.1906416498818213,0.060231602928894,-0.1709820617077012,-0.11317864554855239,-1.3616237115895224,-1.1304100469529272,-1.3616237115895224,-1.3038202954303737,0.4539053147528696,-1.1185842566387574
Jeff Teague,2018-19,1264.0,1.0,-1.0,0.0,0.9593112346964632,-2.432072961843605,-2.4778229280317023,-2.466385436484678,-1.5185116933352392,-1.4727617271471418,-1.5185116933352392,-1.5070742017882148,-0.910022107,0.315863796
Wayne Ellington,2018-19,1297.0,-0.1000000014901161,0.0,-0.1000000014901161,0.7621235913833394,0.8585176235023072,0.8686160809801484,0.866091466610688,1.6307396723634875,1.6206412148856466,1.6307396723634877,1.6282150579940273,0.53271092954202,1.1869877912104858
Langston Galloway,2018-19,1745.0,0.1000000014901161,-1.0,-0.8999999761581421,0.2954448916735164,-0.6887170288918445,-0.6356654834330315,-0.6489283697977348,-0.3402205917595152,-0.3932721372183281,-0.34022059175951513,-0.35348347812421843,-0.408943536,-0.103515133
Kyle Kuzma,2018-19,2314.0,-0.6000000238418579,-0.699999988079071,-1.2999999523162842,-0.3900520223698017,-0.7669081977209299,-0.8927235007244949,-0.8612696749736036,-1.2827755230942963,-1.1569602200907316,-1.2827755230942965,-1.2513216973434054,-0.691787984,-0.443328311
JaVale McGee,2018-19,1671.0,-1.399999976158142,0.6000000238418579,-0.800000011920929,-1.4852046903509428,0.7430921572646857,0.9932849340326932,0.9307367398406912,-0.4919197563182496,-0.7421125330862571,-0.4919197563182496,-0.5544679505102517,1.118819993,-0.218426076
Mason Plumlee,2018-19,1731.0,-0.699999988079071,-0.1000000014901161,-0.800000011920929,-0.6776493410506639,1.393408206707585,1.4381939639438146,1.426997524634757,0.7605446228931507,0.7157588656569212,0.7605446228931507,0.7493481835840932,1.22378084,0.165789666
DeMarre Carroll,2018-19,1703.0,-0.5,-0.4000000059604645,-0.8999999761581421,-0.2595097836889952,-8.529112125282845e-05,-0.04452440453091054,-0.03341462617849611,-0.3040341882199057,-0.259595074810248,-0.30403418821990574,-0.2929244098674913,0.055986798,-0.200875252
Torrey Craig,2018-19,1503.0,-0.6000000238418579,0.0,-0.6000000238418579,-0.7909564152926696,0.0277123235139603,-0.1297841937250096,-0.09041006441526714,-0.9207406090176792,-0.7632440917787093,-0.9207406090176792,-0.8813664797079367,0.254396389,-1.306218324
Seth Curry,2018-19,1399.0,-0.5,0.1000000014901161,-0.4000000059604645,-0.1678641779833728,-0.5497170482571101,-0.5632696677492306,-0.5598815128762005,-0.7311338457326035,-0.7175812262404829,-0.7311338457326034,-0.7277456908595733,-0.762758434,-0.079089148
Jeremy Lin,2018-19,1436.0,-1.600000023841858,1.100000023841858,-0.6000000238418579,-0.966140287205813,0.3809736418811307,0.301355295802196,0.3212598823219297,-0.664784991403617,-0.5851666453246823,-0.664784991403617,-0.6448804048838833,-1.6868920100271587,-2.7614889309491644
Jaylen Brown,2018-19,1913.0,-1.7000000476837158,0.5,-1.2000000476837158,-1.5255360846961477,0.3249756639577786,0.40433261869514,0.3844933800107996,-1.1212034660010075,-1.200560420738369,-1.1212034660010077,-1.141042704685348,0.519517165,0.080057705
Juancho Hernangomez,2018-19,1358.0,-1.399999976158142,0.8999999761581421,-0.6000000238418579,-1.0692436410557498,0.2956622425893215,0.21689983568981322,0.23659043741469027,-0.8523438053659365,-0.7735813984664283,-0.8523438053659366,-0.8326532036410594,-0.13868767,-1.297511667
Julius Randle,2018-19,2232.0,0.6000000238418579,-2.0,-1.399999976158142,1.1237165818677504,-0.849662843097426,-0.9421343178114292,-0.9190164491329285,0.1815822640563209,0.27405373877032435,0.18158226405632116,0.2047001327348219,-0.933788135,1.199222988
Taj Gibson,2018-19,1686.0,0.4000000059604645,-1.5,-1.2000000476837158,0.103040150347395,-0.965243592478488,-0.8807415661412148,-0.901867072725533,-0.7777014157938197,-0.862203442131093,-0.7777014157938198,-0.798826922378138,-0.505688828,0.745334383
DeAndre Jordan,2018-19,2047.0,-2.200000047683716,0.699999988079071,-1.5,-0.6659484516114185,2.0474288195108694,1.9109831138887765,1.9450945402942994,1.2450346622773585,1.381480367899451,1.245034662277358,1.279146088682881,0.8885866319926722,-0.7447279602926233
Dario Saric,2018-19,2023.0,-0.6000000238418579,-1.0,-1.5,-0.7355180245497374,-0.92108328089274,-0.9178472389402179,-0.9186562494283484,-1.6533652634899552,-1.6566013054424773,-1.6533652634899552,-1.6541742739780858,-1.285630644561048,-1.415869699971824
Alex Len,2018-19,1544.0,-1.7999999523162842,0.6000000238418579,-1.2000000476837158,-1.2037577301117064,-0.2567340076291229,-0.3156492997867846,-0.30092047674736916,-1.519407029898491,-1.4604917377408293,-1.519407029898491,-1.5046782068590756,-1.663065291,-2.7299000599999994
Darius Miller,2018-19,1757.0,-0.8999999761581421,-0.5,-1.399999976158142,-0.3175391430905511,-0.9385499875391852,-1.0047278945636786,-0.9881834178075553,-1.3222670376542298,-1.2560891306297362,-1.3222670376542296,-1.3057225608981065,-1.265523786,-2.128546147
Marco Belinelli,2018-19,1815.0,0.6000000238418579,-2.0999999046325684,-1.600000023841858,0.4424905115805299,-1.995502062733876,-2.0145797903391394,-2.0098103584378233,-1.572089278758609,-1.5530115511533462,-1.5720892787586096,-1.5673198468572935,-0.94609365,-0.666247768
Tyler Johnson,2018-19,1529.0,-1.399999976158142,0.0,-1.2999999523162842,-0.9231964226806634,-0.7547792763717887,-0.7211406919244205,-0.7295503380362626,-1.6443371146050838,-1.677975699052452,-1.6443371146050838,-1.652746760716926,-0.2265573366128188,-1.652091163083061
Kyle Korver,2018-19,1334.0,-0.4000000059604645,-0.800000011920929,-1.2000000476837158,0.30276582344051,-0.8710185430125258,-0.9047641097098955,-0.8963277180355531,-0.6019982862693856,-0.5682527195720157,-0.6019982862693856,-0.5935618945950432,-0.3252172001214393,-0.4462120476874063
Rodney McGruder,2018-19,1550.0,-1.5,0.2000000029802322,-1.2999999523162842,-1.0312251650562831,0.18840271306136,0.15937100749611066,0.166628933887423,-0.8718541575601724,-0.8428224519949231,-0.8718541575601725,-0.8645962311688602,0.041907164,-1.662654235
Mike Muscala,2018-19,1306.0,-1.2000000476837158,0.2000000029802322,-1.0,-1.3366488242668806,0.7165687062596159,0.46168368339644433,0.5254049391122372,-0.8749651408704362,-0.6200801180072647,-0.8749651408704362,-0.8112438851546434,-0.2360619303943338,-1.5539851842618684
Elfrid Payton,2018-19,1250.0,0.1000000014901161,-1.100000023841858,-1.100000023841858,-0.2434229738796451,-1.113141391126341,-1.1538585921138966,-1.1436792918670078,-1.3972815659935418,-1.3565643650059862,-1.3972815659935418,-1.387102265746653,-0.4558893090000001,-1.130786283
Ish Smith,2018-19,1251.0,0.3000000119209289,-1.2999999523162842,-0.8999999761581421,0.2035976432994093,-0.9167639801633524,-1.132997654397414,-1.0789392358388987,-0.9294000110980049,-0.713166336863943,-0.9294000110980047,-0.8753415925394894,-0.217935824,-1.179711492
Garrett Temple,2018-19,2040.0,-2.400000095367432,0.699999988079071,-1.7000000476837158,-2.414486435351615,0.8610511552912272,0.913368515502537,0.9002891754497095,-1.501117919849078,-1.5534352800603877,-1.501117919849078,-1.5141972599019053,0.95217132325,-0.78408415025
Thomas Bryant,2018-19,1496.0,0.2000000029802322,-1.7000000476837158,-1.5,-0.2750606222766371,-0.1562153038407836,-0.0551690707590882,-0.08043062902951206,-0.3302296930357253,-0.4312759261174207,-0.3302296930357253,-0.3554912513061491,-1.119677946,-0.691249546
Kevin Huerter,2018-19,2048.0,0.4000000059604645,-2.200000047683716,-1.7999999523162842,0.2404507743760778,-1.9525868836721376,-1.9256152337188905,-1.9323581462072024,-1.6851644593428128,-1.7121361092960599,-1.6851644593428128,-1.6919073718311246,-0.291692445,-0.63447616
Andrew Wiggins,2018-19,2543.0,-1.100000023841858,-0.8999999761581421,-2.0,-0.2448442405717244,-0.883524708306665,-0.8292366794012387,-0.8428086866275952,-1.074080919972963,-1.1283689488783895,-1.074080919972963,-1.0876529271993196,-1.060259362,-1.792441939
Avery Bradley,2018-19,1905.0,-2.5999999046325684,0.699999988079071,-1.899999976158142,-1.9736037671261455,-1.1126723941870875,-1.1174532505432626,-1.116258036454219,-3.0910570176694083,-3.086276161313233,-3.0910570176694083,-3.0898618035803644,-0.7134255257800525,-2.325133269281365
Vince Carter,2018-19,1330.0,-1.2000000476837158,-0.3000000119209289,-1.399999976158142,-1.1922306175750668,-0.2063813372300008,-0.24143144801863192,-0.23266892032147415,-1.433662065593699,-1.3986119548050675,-1.4336620655936987,-1.424899537896541,-0.901897039,-1.220334172
Richaun Holmes,2018-19,1184.0,-1.5,0.2000000029802322,-1.2999999523162842,-0.9994232965690282,0.7120045802476692,0.7647977090993829,0.7515994268864544,-0.2346255874696452,-0.28741871632135896,-0.23462558746964524,-0.24782386968257375,-0.175402859,-0.65871337
Justin Jackson,2018-19,1614.0,-0.699999988079071,-1.0,-1.7000000476837158,-1.516887722127915,-0.7199463351408658,-0.6942410590722994,-0.700667378089441,-2.211128781200214,-2.236834057268781,-2.2111287812002143,-2.217555100217356,-1.3419247711152418,-1.511346927224907
Jake Layman,2018-19,1327.0,-1.100000023841858,-0.4000000059604645,-1.5,-0.6787038426473836,-0.5313495328088735,-0.6708199395590924,-0.6359523378715375,-1.349523782206476,-1.210053375456257,-1.349523782206476,-1.314656180518921,-0.755982156,-0.369800453
Tony Snell,2018-19,1304.0,-0.1000000014901161,-1.2000000476837158,-1.2999999523162842,-0.3260968146556102,-0.8721290324441894,-0.7414812912043762,-0.7741432265143294,-1.0675781058599865,-1.1982258470997995,-1.0675781058599865,-1.1002400411699396,-0.389993599,-0.756607635
Evan Turner,2018-19,1605.0,-1.600000023841858,0.0,-1.600000023841858,-1.5331119111043037,-0.6113282669583869,-0.5121761559563578,-0.536964183706865,-2.045288067060661,-2.1444401780626907,-2.0452880670606612,-2.070076094811169,-0.3579606729999999,-2.301075684
Bryn Forbes,2018-19,2293.0,0.3000000119209289,-2.400000095367432,-2.0999999046325684,0.1740468503263574,-2.277210001279565,-2.2277317715344793,-2.240101328970751,-2.053684921208122,-2.1031631509532076,-2.053684921208122,-2.0660544786443937,-0.927198051,-0.172565918
Terry Rozier,2018-19,1791.0,-1.7000000476837158,-0.1000000014901161,-1.7999999523162842,-1.1922262152322225,0.4621372184011753,0.6524979191317395,0.6049077439490984,-0.5397282961004827,-0.7300889968310472,-0.539728296100483,-0.5873184712831241,0.144767617,-1.426440295
Dennis Smith Jr.,2018-19,1508.0,-2.900000095367432,1.2000000476837158,-1.7999999523162842,-2.7718208019179893,0.8504605237095433,0.7499484509470769,0.7750764691376935,-2.0218723509709124,-1.921360278208446,-2.0218723509709124,-1.9967443327802958,-0.1509735871697612,-1.9765856869655172
Marvin Williams,2018-19,2133.0,-1.2000000476837158,-0.800000011920929,-2.0,-0.490977802390167,0.1759995691139493,0.2755395768529156,0.250654574918174,-0.2154382255372514,-0.31497823327621766,-0.2154382255372514,-0.24032322747199297,0.871216106,0.524658157
Trae Young,2018-19,2503.0,2.400000095367432,-4.5,-2.0999999046325684,3.0641453071674736,-3.208861491196904,-3.309398101663256,-3.2842639490466676,-0.2452527944957818,-0.1447161840294302,-0.2452527944957823,-0.22011864187919405,-2.40416853,-1.523175445
Trevor Ariza,2018-19,2349.0,-0.2000000029802322,-2.0,-2.200000047683716,-0.0523994440145518,-1.2706167297932025,-1.4255495982526625,-1.3868163811377974,-1.477949042267214,-1.3230161738077544,-1.4779490422672144,-1.4392158251523492,-0.7370219551915709,-1.2475367603431249
Kris Dunn,2018-19,1389.0,-1.100000023841858,-0.699999988079071,-1.7999999523162842,-1.28011229752969,-1.133857587813531,-1.1096566982041507,-1.1157069206064958,-2.389768995733841,-2.4139698853432208,-2.3897689957338404,-2.395819218136186,0.590962047,-1.239705673
Luke Kennard,2018-19,1437.0,0.1000000014901161,-1.899999976158142,-1.7999999523162842,-0.1769999971382491,-1.7466866061290434,-1.7910321432876555,-1.7799457589980023,-1.968032140425905,-1.9236866032672926,-1.9680321404259047,-1.9569457561362515,-0.268955157,-0.15756693
Brandon Ingram,2018-19,1760.0,-1.2999999523162842,-0.699999988079071,-2.0,-1.225506575071636,-0.3223290322925192,-0.5256489810292078,-0.47481899384503556,-1.7511555561008434,-1.5478356073641553,-1.7511555561008438,-1.7003255689166716,-0.99691549,-1.552129066
Jonas Jerebko,2018-19,1218.0,-0.6000000238418579,-1.2000000476837158,-1.7999999523162842,-0.1424371807474923,-0.0262352920968627,-0.023414381646727538,-0.024119609259261328,-0.1658515623942199,-0.168672472844355,-0.16585156239421983,-0.1665567900067536,-0.82922897,-0.997105778
Robin Lopez,2018-19,1606.0,-1.899999976158142,-0.2000000029802322,-2.0,-1.6410376505440911,0.2120467813194971,0.32737131033294337,0.2985401780795818,-1.3136663402111477,-1.428990869224594,-1.3136663402111477,-1.3424974724645093,-2.00697319,-3.678002604
Jabari Parker,2018-19,1724.0,-1.2999999523162842,-0.800000011920929,-2.0999999046325684,-1.6925092853175243,-1.0872403034365847,-1.0363182153099408,-1.049048737341602,-2.7288275006274656,-2.7797495887541093,-2.728827500627465,-2.7415580226591265,-0.7392629815104409,-1.6979864825313224
Dwyane Wade,2018-19,1885.0,-0.1000000014901161,-2.0999999046325684,-2.200000047683716,0.2213249989835546,-0.8495201166176054,-0.9194003309057095,-0.9019302773336835,-0.6980753319221549,-0.6281951176340508,-0.6980753319221549,-0.6806052783501289,-0.115266016,-0.097069115
Deandre Ayton,2018-19,2183.0,-0.6000000238418579,-1.7000000476837158,-2.299999952316284,-0.9894636290695092,-0.4194981610171901,-0.3489281401598999,-0.3665706453742224,-1.3383917692294092,-1.4089617900866993,-1.3383917692294092,-1.3560342744437317,-1.078150893,-1.29363402
Reggie Bullock,2018-19,1879.0,-1.100000023841858,-1.100000023841858,-2.200000047683716,-0.4060174063061428,-2.024949753020008,-2.0902406965022333,-2.0739179606316767,-2.496258102808376,-2.430967159326151,-2.496258102808376,-2.4799353669378195,-0.2887285213049494,-0.266164114403406
Gerald Green,2018-19,1473.0,0.1000000014901161,-2.299999952316284,-2.0999999046325684,0.2453052694952861,-1.6052656740354656,-1.8396684865439665,-1.781067783416841,-1.5943632170486803,-1.3599604045401794,-1.5943632170486803,-1.5357625139215547,-0.886608527,-1.164465104
Doug McDermott,2018-19,1340.0,0.3000000119209289,-2.400000095367432,-2.0999999046325684,0.2529947484947268,-0.954772128340356,-0.9369141113865547,-0.941378615625005,-0.6839193628918279,-0.7017773798456292,-0.6839193628918279,-0.6883838671302782,-1.467474325,-1.200496395
Rajon Rondo,2018-19,1369.0,-0.699999988079071,-1.399999976158142,-2.0999999046325684,-1.5737744511411111,-2.520827918285053,-2.4846640938998137,-2.4937050499961235,-4.058438545040925,-4.094602369426164,-4.058438545040925,-4.067479501137234,-0.018342615,-1.9050267990000005
Kent Bazemore,2018-19,1643.0,-2.900000095367432,0.6000000238418579,-2.299999952316284,-2.071195034994593,0.2462416502982933,0.30324538668819323,0.2889944525907182,-1.7679496483063997,-1.8249533846962995,-1.7679496483063997,-1.7822005824038747,0.638963029,-0.952604697
Damyean Dotson,2018-19,2004.0,-1.2000000476837158,-1.2000000476837158,-2.400000095367432,-0.9882543482363202,-1.5125928467348004,-1.6248263286547644,-1.5967679581747731,-2.6130806768910846,-2.5008471949711204,-2.6130806768910846,-2.5850223064110933,-0.459346197,-0.946871898
Miles Bridges,2018-19,1696.0,-1.600000023841858,-0.699999988079071,-2.299999952316284,-1.4219477342116276,-0.959180871964604,-0.8526950942811212,-0.8793165387019918,-2.274642828492749,-2.3811286061762313,-2.2746428284927487,-2.3012642729136195,-0.1021383529999999,-0.9492238389999998
Wilson Chandler,2018-19,1177.0,-1.5,-0.699999988079071,-2.200000047683716,-0.0948061434199879,0.0583152245274653,-0.10984584445718762,-0.06780557721102437,-0.2046519878771755,-0.0364909188925226,-0.20465198787717553,-0.16261172063101226,0.2686087072039082,-1.5034165899702634
Wes Iwundu,2018-19,1233.0,-3.0,0.6000000238418579,-2.299999952316284,-2.3517789003776888,1.2850373747496082,1.129282469235212,1.1682211956138109,-1.2224964311424769,-1.0667415256280806,-1.2224964311424769,-1.183557704763878,0.129488357,-2.347325219
Alec Burks,2018-19,1375.0,-0.8999999761581421,-1.600000023841858,-2.5,-1.504541146872673,-1.7760925752323815,-1.7799286497785154,-1.7789696311419816,-3.284469796651188,-3.2806337221050548,-3.284469796651188,-3.2835107780146546,-0.7185864875389092,-1.5871053288807273
Zach Collins,2018-19,1356.0,-1.600000023841858,-0.800000011920929,-2.5,-2.2182485934699168,0.3805550108060689,0.2529382235885106,0.2848424203929002,-1.9653103698814065,-1.8376935826638479,-1.965310369881406,-1.9334061730770165,-0.682517501,-3.340678189
Mario Hezonja,2018-19,1206.0,-2.299999952316284,-0.1000000014901161,-2.400000095367432,-2.7710566064975146,-0.7972391935392779,-0.6099023062340442,-0.6567365280603525,-3.380958912731559,-3.5682958000367924,-3.380958912731559,-3.4277931345578674,-0.066800482,-2.744944643
JaMychal Green,2018-19,1371.0,-1.399999976158142,-1.100000023841858,-2.5999999046325684,-1.7973073086520808,-0.6787098327005404,-0.8154251307455187,-0.781246306234274,-2.6127324393975995,-2.4760171413526213,-2.6127324393975995,-2.5785536148863546,0.0661714052800875,-1.618511795835886
Stanley Johnson,2018-19,1208.0,-4.800000190734863,2.200000047683716,-2.5999999046325684,-4.314747310200301,1.6412207856253087,1.7473420425672415,1.7208117283317583,-2.5674052676330588,-2.673526524574992,-2.567405267633059,-2.5939355818685423,0.2915800742334437,-2.876273752267384
Taurean Prince,2018-19,1552.0,-0.6000000238418579,-1.899999976158142,-2.5999999046325684,-0.2065019431939486,-2.210442551844959,-2.352016836641272,-2.316623265442194,-2.5585187798352207,-2.4169444950389076,-2.5585187798352207,-2.5231252086361424,-1.422910212,-1.848098071
Austin Rivers,2018-19,2028.0,-1.7000000476837158,-1.0,-2.799999952316284,-1.4740399245166953,-0.1970575367265974,-0.35130606316805224,-0.31274393155768854,-1.8253459876847475,-1.6710974612432927,-1.8253459876847475,-1.7867838560743838,-0.7350376075093689,-1.89312967360355
Allonzo Trier,2018-19,1459.0,-1.2999999523162842,-1.5,-2.700000047683716,-0.9208457408990156,-2.18569223490259,-2.3187517064209375,-2.2854868385413507,-3.239597447319953,-3.106537975801605,-3.2395974473199534,-3.2063325794403665,-1.401191353,-2.356499865
Marvin Bagley III,2018-19,1567.0,-1.100000023841858,-1.7999999523162842,-2.900000095367432,-0.8789192637568047,-1.226045121355167,-1.268022309725036,-1.2575280126325687,-2.1469415734818407,-2.104964385111972,-2.1469415734818407,-2.1364472763893736,-0.744905248,-0.785162406
Josh Jackson,2018-19,1988.0,-3.400000095367432,0.6000000238418579,-2.799999952316284,-2.797743600053721,0.156719602925266,0.12184634770323051,0.13056466150873938,-2.6758972523504907,-2.641023997128455,-2.6758972523504907,-2.6671789385449816,-0.422201569,-3.725111277
Terrance Ferguson,2018-19,1931.0,-1.600000023841858,-1.399999976158142,-3.0,-0.6063148716130439,-0.2940346147594532,-0.2885598771319696,-0.2899285615388405,-0.8948747487450136,-0.900349486372497,-0.8948747487450135,-0.8962434331518844,-0.145580129,-1.637744459
Emmanuel Mudiay,2018-19,1607.0,-1.0,-2.0,-3.0,-0.4161311445180329,-3.212587657884532,-3.3558747883795235,-3.320053005755775,-3.772005932897556,-3.628718802402565,-3.7720059328975566,-3.7361841502738082,-1.935417846,-3.046888212
James Johnson,2018-19,1164.0,-2.5,-0.699999988079071,-3.299999952316284,-2.355054846276112,0.6270114343511644,0.5153372968309252,0.543255831210985,-1.8397175494451867,-1.7280434119249475,-1.8397175494451865,-1.8117990150651269,0.103449139,-1.953873377
Markieff Morris,2018-19,1270.0,-2.200000047683716,-1.0,-3.299999952316284,-1.7351481603624188,-1.155279988028438,-1.3354788970427631,-1.2904291697891817,-3.070627057405182,-2.890428148390857,-3.070627057405182,-3.0255773301516005,-1.0112327569385828,-2.66394550701811
James Ennis III,2018-19,1230.0,-1.7999999523162842,-1.7000000476837158,-3.400000095367432,-1.2788259667991817,-1.154881995884925,-1.1745790602817419,-1.1696547941825375,-2.453405027080924,-2.4337079626841067,-2.4534050270809233,-2.4484807609817194,-0.8543970007699185,-1.491028064289431
Rodions Kurucs,2018-19,1294.0,-2.900000095367432,-0.4000000059604645,-3.400000095367432,-2.13627647241957,0.993793837517746,0.8339079600794692,0.8738794294390383,-1.3023685123401008,-1.1424826349018242,-1.302368512340101,-1.262397042980532,0.380468441,-1.404914933
OG Anunoby,2018-19,1352.0,-3.299999952316284,-0.3000000119209289,-3.5999999046325684,-2.573172306039316,-0.2610378102908113,-0.31645932504996754,-0.3026039463601785,-2.889631631089283,-2.8342101163301274,-2.8896316310892836,-2.8757762523994947,-0.725684865,-2.879694599
Will Barton,2018-19,1189.0,-1.5,-2.299999952316284,-3.799999952316284,-1.1418361615737418,-2.3630806996878424,-2.505066531682498,-2.4695700736838337,-3.64690269325624,-3.5049168612615844,-3.64690269325624,-3.6114062352575758,-0.849035838,-2.377790501
Mike Scott,2018-19,1395.0,-1.600000023841858,-1.899999976158142,-3.5999999046325684,-1.3093882475259175,-0.6398024605269222,-0.8475844563358205,-0.7956389573835959,-2.156972703861738,-1.9491907080528397,-2.156972703861738,-2.1050272049095136,-0.453754248977061,-2.2992229043118275
Malik Monk,2018-19,1258.0,-0.6000000238418579,-3.700000047683716,-4.300000190734863,-0.8365400373161916,-2.515962358163061,-2.8011192229731057,-2.7298300067705945,-3.6376592602892974,-3.3525023954792528,-3.6376592602892974,-3.5663700440867863,-1.150560016,-2.140964736
Bobby Portis,2018-19,1299.0,-1.2000000476837158,-3.299999952316284,-4.5,-0.469092263329128,-1.2502940375634517,-1.3797029504645253,-1.347350722239257,-1.8487952137936532,-1.7193863008925798,-1.8487952137936534,-1.816442985568385,-0.5211635038106236,-1.112103849531178
Frank Jackson,2018-19,1169.0,-1.899999976158142,-2.799999952316284,-4.699999809265137,-2.118014958540865,-2.736813666148929,-2.736029668946106,-2.7362256682468113,-4.854044627486971,-4.8548286246897945,-4.854044627486971,-4.854240626787677,-2.381817958,-4.987798522
Shelvin Mack,2018-19,1246.0,-2.799999952316284,-2.0,-4.800000190734863,-2.829868761593135,-1.6461578157643668,-1.5070448555204254,-1.5418230955814107,-4.33691361711356,-4.476026577357501,-4.33691361711356,-4.371691857174546,-1.3167289728426967,-3.6873723770786513
Cedi Osman,2018-19,2444.0,-1.100000023841858,-2.799999952316284,-3.900000095367432,-1.246183018011574,-2.4423666116942795,-2.670297020504027,-2.6133144183015897,-3.916480038515601,-3.6885496297058538,-3.9164800385156013,-3.8594974363131636,-2.035802013,-2.83342015
Jarrett Allen,2018-19,2096.0,-1.5,-2.799999952316284,-4.300000190734863,-0.9899947610843296,0.1252208733085076,0.2259868284506975,0.20079533966515,-0.7640079326336321,-0.864773887775822,-0.7640079326336321,-0.7891994214191795,0.907176993,-0.231234467
Jamal Crawford,2018-19,1211.0,-1.0,-5.800000190734863,-6.800000190734863,-0.96246036252709,-4.301975408396246,-4.269544865770605,-4.277652501427015,-5.232005228297694,-5.2644357709233365,-5.232005228297695,-5.2401128639541055,-3.014085566,-3.967883685
Wayne Selden,2018-19,1439.0,-3.0,-3.200000047683716,-6.300000190734863,-2.29208423040608,-2.1591472582379416,-2.231935922902049,-2.213738756736022,-4.524020153308129,-4.451231488644021,-4.524020153308129,-4.505822987142102,-1.3007019236539263,-4.250152309959694
Collin Sexton,2018-19,2605.0,-2.799999952316284,-5.5,-8.300000190734863,-1.486648054470929,-3.667571055577836,-3.7673327929702447,-3.7423923586221424,-5.2539808474411736,-5.154219110048765,-5.2539808474411736,-5.229040413093071,-3.3216810170000004,-4.997278404
Giannis Antetokounmpo,2019-20,1917.0,5.5,3.900000095367432,9.300000190734863,4.567579676040927,4.123108191956392,4.079224523779775,4.090195440823929,8.646804199820702,8.690687867997319,8.646804199820702,8.657775116864855,3.184912256,8.907122988
Damian Lillard,2019-20,2474.0,8.600000381469727,-2.0,6.599999904632568,7.73699275327431,-1.7014232311294093,-1.8289714542150277,-1.7970843984436229,5.908021299059283,6.035569522144901,5.908021299059283,5.9399083548306875,-2.005153167,4.741995681
LeBron James,2019-20,2316.0,6.300000190734863,0.699999988079071,7.099999904632568,5.499279498248228,0.8310936673153907,0.875894310774461,0.8646941499096934,6.375173809022689,6.330373165563619,6.375173809022689,6.363973648157922,0.78339574,5.207117156
Rudy Gobert,2019-20,2333.0,-0.4000000059604645,6.599999904632568,6.199999809265137,-0.5235178573752968,4.292335244781214,4.331073697003358,4.321389083947822,3.807555839628061,3.7688173874059174,3.807555839628061,3.797871226572525,2.648514871,3.448518878
Luka Doncic,2019-20,2047.0,7.699999809265137,-1.0,6.599999904632568,6.138768632124081,-1.2224169254518356,-1.2281966305410847,-1.2267517042687723,4.910572001582996,4.916351706672245,4.910572001582996,4.9120169278553085,-0.569872988,4.231906018
Nikola Jokic,2019-20,2336.0,4.400000095367432,0.800000011920929,5.199999809265137,4.926939711694488,2.1868370894703286,2.0908586969884904,2.11485329510895,7.017798408682978,7.113776801164817,7.017798408682978,7.041793006803438,0.202743757,3.93020131
Jayson Tatum,2019-20,2265.0,3.400000095367432,1.7999999523162842,5.199999809265137,2.97374206479959,1.0582406859945372,1.1220273532816916,1.1060806864599029,4.095769418081281,4.031982750794127,4.095769418081281,4.079822751259493,1.829970927,4.629060387
Jrue Holiday,2019-20,2117.0,2.299999952316284,2.400000095367432,4.699999809265137,0.8484252621972291,1.612483967684361,1.5609034469360632,1.5737985771231375,2.4093287091332924,2.46090922988159,2.4093287091332924,2.422223839320367,0.77185167,2.764099378
Kyle Lowry,2019-20,2098.0,2.900000095367432,1.100000023841858,4.0,1.9957913474386,0.4503502637026937,0.6414782348142378,0.5936962420363517,2.637269582252838,2.446141611141294,2.637269582252838,2.5894875894749516,0.99223543,2.187329799
Trae Young,2019-20,2120.0,7.099999904632568,-3.299999952316284,3.700000047683716,6.247570837030612,-3.0163409017879146,-2.9692746807627284,-2.9810412360190246,3.278296156267884,3.231229935242697,3.278296156267883,3.266529601011587,-2.396502539,1.642576296
Khris Middleton,2019-20,1853.0,3.5,1.100000023841858,4.599999904632568,3.9116281687949943,1.2462464379697498,1.2361508312591885,1.2386747329368286,5.147779000054183,5.157874606764744,5.147779000054182,5.150302901731823,0.942647625,5.008809411
Montrezl Harrell,2019-20,1749.0,0.699999988079071,3.5999999046325684,4.300000190734863,0.7501626660294587,1.7556789088205629,1.9428975280590817,1.8960928732494522,2.6930601940885404,2.5058415748500216,2.6930601940885404,2.646255539278911,-0.162441759,2.454591866
Devin Booker,2019-20,2512.0,4.800000190734863,-2.900000095367432,1.899999976158142,4.579970760633745,-2.0785803751363603,-2.1654068852312673,-2.14370025770754,2.4145638754024774,2.5013903854973845,2.4145638754024774,2.4362705029262046,-1.489699441,2.445930344
KarlAnthony Towns,2019-20,1187.0,5.800000190734863,0.8999999761581421,6.699999809265137,4.230667738549948,-0.9739346427168232,-1.055638706747568,-1.0352126907398818,3.17502903180238,3.2567330958331246,3.1750290318023797,3.195455047810066,-0.647942009,3.295707844
Joel Embiid,2019-20,1506.0,1.0,3.5999999046325684,4.599999904632568,0.433825093088527,3.765396568432046,3.773048872064644,3.7711357961564937,4.206873965153171,4.199221661520573,4.206873965153171,4.2049608892450205,0.981301748,2.493606336
Marcus Smart,2019-20,1919.0,0.699999988079071,2.0,2.700000047683716,0.6648388645179207,1.9251709273220885,1.9211370695349428,1.922145533981729,2.5859759340528634,2.5900097918400093,2.5859759340528634,2.58698439849965,1.869802283,3.024887085
Fred VanVleet,2019-20,1928.0,1.7999999523162842,1.0,2.799999952316284,0.5839316457368452,1.1950821270575016,1.2960536213118803,1.2708107477482855,1.8799852670487252,1.7790137727943467,1.8799852670487254,1.8547423934851306,1.547258778,3.650088784
Nikola Vucevic,2019-20,1998.0,0.8999999761581421,1.600000023841858,2.5,0.8923465263195696,0.9830112859444032,0.9867671871334038,0.9858282118361537,1.8791137134529732,1.8753578122639727,1.8791137134529734,1.8781747381557232,0.485921576,2.070411515
Bam Adebayo,2019-20,2417.0,-0.6000000238418579,2.0999999046325684,1.600000023841858,-0.2256854978814537,2.298624408555525,2.160432890260203,2.1949807698340336,1.9347473923787497,2.0729389106740714,1.9347473923787493,1.9692952719525798,1.952942207,3.258438217
Tim Hardaway Jr.,2019-20,2091.0,2.0999999046325684,0.1000000014901161,2.200000047683716,1.6187572613375067,-1.1893968864269449,-1.124759865452274,-1.1409191206959415,0.4939973958852328,0.4293603749105619,0.49399739588523284,0.47783814064156527,-1.029772436,1.45080426
Ben Simmons,2019-20,2017.0,-0.1000000014901161,2.400000095367432,2.299999952316284,-0.8822257465084747,2.4419733030812583,2.409330224413054,2.417490994080105,1.5271044779045797,1.5597475565727836,1.5271044779045795,1.5352652475716302,1.68487378,3.018231781
Derrick White,2019-20,1677.0,1.2000000476837158,2.200000047683716,3.400000095367432,0.8461953989888049,1.1660381383933955,1.1062977126482103,1.1212328190845064,1.952493111637015,2.0122335373822002,1.9524931116370152,1.9674282180733114,-0.279083647,1.218181155
Will Barton,2019-20,1916.0,1.5,1.0,2.5,1.0358760737223325,0.662828035630583,0.6904585155232532,0.6835508955500856,1.7263345892455857,1.6987041093529154,1.7263345892455857,1.7194269692724182,0.670705691,2.100652749
Royce ONeale,2019-20,2049.0,0.3000000119209289,1.7999999523162842,2.0999999046325684,-0.1962440578304014,1.5125255909421031,1.481412783422312,1.4891909853022596,1.2851687255919106,1.3162815331117017,1.2851687255919106,1.2929469274718581,2.029516686,1.102213291
Patrick Beverley,2019-20,1342.0,1.399999976158142,3.0999999046325684,4.5,0.141587674388511,2.306901969250793,2.297684688639031,2.299989008791971,2.439272363027542,2.448489643639304,2.439272363027542,2.4415766831804824,2.433030539,1.7973614770000002
Patty Mills,2019-20,1485.0,3.299999952316284,0.4000000059604645,3.700000047683716,2.5144349632741534,0.4614418016580346,0.5366058464886452,0.5178148352809926,3.0510408097627986,2.9758767649321882,3.0510408097627986,3.0322497985551458,-0.989945653,0.267571377
Robert Covington,2019-20,2137.0,-0.4000000059604645,2.0,1.600000023841858,-0.5316432023421765,1.276957415952792,1.271115592045314,1.2725760480221835,0.7394723897031376,0.7453142136106156,0.7394723897031376,0.740932845680007,2.404859965372017,1.039131304664015
Brook Lopez,2019-20,1817.0,-1.5,3.900000095367432,2.400000095367432,-1.575016860336488,3.6501628446124346,3.77534889456424,3.7440523820762883,2.200332034227752,2.0751459842759465,2.200332034227752,2.1690355217398003,3.269080791,1.783513415
Bradley Beal,2019-20,2053.0,5.400000095367432,-3.700000047683716,1.600000023841858,4.753997457798562,-2.789051435739657,-2.796877978431982,-2.7949213427589004,1.9571194793665807,1.9649460220589048,1.9571194793665798,1.9590761150396614,-2.111442863,2.556331997
Mikal Bridges,2019-20,2042.0,0.1000000014901161,1.7000000476837158,1.7999999523162842,0.0884897430312525,2.112679275248993,2.0557318182336672,2.0699686824874988,2.14422156126492,2.2011690182802455,2.14422156126492,2.1584584255187513,1.675420863,1.932916779
Jarrett Allen,2019-20,1852.0,0.0,2.0999999046325684,2.0999999046325684,0.226765267505823,1.318815517346563,1.2971796925755101,1.3025886487682732,1.5239449600813333,1.545580784852386,1.523944960081333,1.5293539162740961,1.31593696,2.127648636
Nemanja Bjelica,2019-20,2011.0,2.0,-0.3000000119209289,1.7000000476837158,1.0562419768142062,-0.4845696792537007,-0.5132529439127951,-0.5060821277480215,0.542989032901411,0.5716722975605055,0.5429890329014111,0.5501598490661846,0.291766746,1.142790164
Domantas Sabonis,2019-20,2159.0,1.2999999523162842,0.1000000014901161,1.399999976158142,0.1770965501371114,1.3495521702153406,1.291745868294767,1.3061974437749102,1.4688424184318785,1.526648720352452,1.4688424184318782,1.4832939939120215,0.937176179,2.413283351
Eric Bledsoe,2019-20,1646.0,1.399999976158142,1.0,2.400000095367432,0.4575443355319528,1.3259791642507432,1.402697162563796,1.3835176629855326,1.860241498095749,1.783523499782696,1.860241498095749,1.8410619985174854,1.614801631,2.431963425
CJ McCollum,2019-20,2556.0,2.5999999046325684,-1.899999976158142,0.6000000238418579,2.788293540185679,-1.28174835563524,-1.2966119215863454,-1.292896030098569,1.4916816185993338,1.5065451845504392,1.4916816185993338,1.4953975100871102,-1.454977395,1.217052833
Jamal Murray,2019-20,1904.0,1.399999976158142,0.4000000059604645,1.7999999523162842,1.627357114007716,-0.2576755843975264,-0.15748787250186913,-0.18253480047578344,1.469869241505847,1.3696815296101896,1.469869241505847,1.4448223135319327,-0.1936738989999999,1.336153355
Pascal Siakam,2019-20,2110.0,0.3000000119209289,1.100000023841858,1.2999999523162842,0.1522337347242508,0.7884870471508014,0.8391240512805976,0.8264648002481485,0.9913577860048484,0.9407207818750523,0.9913577860048485,0.9786985349723993,1.429601912,2.521774171
Steven Adams,2019-20,1680.0,0.699999988079071,1.7000000476837158,2.299999952316284,0.4760681215636726,2.0046744370930925,1.8969996250197891,1.923918328038115,2.373067746583461,2.480742558656765,2.3730677465834615,2.3999864496017875,1.286643905,1.946831255
George Hill,2019-20,1271.0,3.0,0.8999999761581421,3.799999952316284,2.657067304006226,0.6318410227717847,0.6619012939312758,0.6543862261414031,3.318968597937502,3.2889083267780106,3.318968597937502,3.311453530147629,1.185228779,3.187453983
Joe Ingles,2019-20,2137.0,0.4000000059604645,0.699999988079071,1.100000023841858,1.0473908280940407,-0.078226025251011,-0.0964077999317535,-0.0918623562615679,0.9509830281622872,0.9691648028430297,0.9509830281622872,0.9555284718324728,0.711783319,1.829481341
Mitchell Robinson,2019-20,1412.0,1.2999999523162842,1.7000000476837158,3.0,0.7764660038260486,1.934329041521244,1.9638152640842552,1.9564437084435022,2.7402812679103032,2.7107950453472927,2.7402812679103037,2.7329097122695507,1.601271895,3.36126155
Spencer Dinwiddie,2019-20,1994.0,3.400000095367432,-2.200000047683716,1.2000000476837158,2.97218033052663,-1.1898212353684718,-1.2849371072175524,-1.2611581392552824,1.6872432233090775,1.782359095158158,1.6872432233090775,1.7110221912713475,-1.005873111,0.467656988
OG Anunoby,2019-20,2066.0,-0.800000011920929,1.7999999523162842,1.0,-0.8455868758659095,2.03247683776333,1.9644106047379974,1.9814271629943305,1.118823728872088,1.1868899618974207,1.118823728872088,1.135840287128421,2.244146328,1.942318887
Jakob Poeltl,2019-20,1171.0,0.800000011920929,3.0,3.799999952316284,0.5739537392220626,2.669719169529216,2.5165440624911435,2.554837839250662,3.090497801713206,3.243672908751279,3.090497801713206,3.1287915784727245,1.916186582,1.476117041
Dennis Schroder,2019-20,1999.0,-0.4000000059604645,1.399999976158142,1.0,-0.0946322738691525,0.9014003129604538,0.9179311084540032,0.9137984095806158,0.8232988345848504,0.8067680390913012,0.8232988345848506,0.8191661357114632,-0.596103452,0.076604067
Jaylen Brown,2019-20,1934.0,1.2000000476837158,-0.2000000029802322,1.100000023841858,1.1611973972618488,0.0232842937186972,-0.008051111497450022,-0.0002172601934131886,1.1531462857643988,1.184481690980546,1.1531462857643988,1.1609801370684356,0.583590536,2.058291897
Clint Capela,2019-20,1279.0,-1.0,4.199999809265137,3.0999999046325684,-1.3234266908797634,2.52616347994532,2.55670964140311,2.5490731010386622,1.2332829505233474,1.2027367890655565,1.2332829505233465,1.2256464101588989,1.236535117,1.02173876
Dorian FinneySmith,2019-20,2120.0,0.1000000014901161,0.699999988079071,0.800000011920929,-0.1368544678964059,0.6578267403608807,0.50608460376739,0.5440201379157626,0.3692301358709839,0.5209722724644749,0.3692301358709841,0.4071656700193568,0.158731704,0.861045925
Donovan Mitchell,2019-20,2364.0,2.400000095367432,-2.0,0.4000000059604645,2.285543903638846,-1.1943855445171694,-1.3059806433678958,-1.2780818686552142,0.9795632602709504,1.0911583591216767,0.9795632602709503,1.0074620349836318,-0.589680749,2.095262037
Tobias Harris,2019-20,2469.0,0.699999988079071,-0.5,0.2000000029802322,0.523086497511327,-0.3077514357776503,-0.38492000958164113,-0.36562786613064346,0.1381664879296859,0.21533506173367667,0.13816648792968583,0.1574586313806835,0.00835067,1.532739027
Bogdan Bogdanovic,2019-20,1766.0,1.600000023841858,-0.4000000059604645,1.2000000476837158,1.1766307679962933,-1.1483531016658086,-1.0171001383824472,-1.0499133792032875,0.1595306296138459,0.028277666330484674,0.15953062961384612,0.12671738879300576,-0.414172129,1.045122346
Evan Fournier,2019-20,2076.0,1.100000023841858,-0.5,0.6000000238418579,0.7674156588457595,-1.0275363510350553,-0.9732355086961787,-0.9868107192808977,-0.2058198498504192,-0.2601206921892958,-0.20581984985041923,-0.21939506043513823,-1.089832548,0.915428567
Kris Dunn,2019-20,1269.0,-1.7000000476837158,4.099999904632568,2.5,-2.3926511708703697,2.477861107553679,2.6784633399876183,2.628312781879133,0.2858121691172486,0.08520993668330945,0.2858121691172486,0.23566161100876348,3.168663379,1.218046464
Gordon Hayward,2019-20,1740.0,1.899999976158142,-0.800000011920929,1.0,1.212759086123688,0.0491301296799901,-0.13793824867987584,-0.09117115408990933,1.0748208374438124,1.2618892158036783,1.0748208374438122,1.1215879320337787,0.3260190070000001,2.939555568
Derrick Jones Jr.,2019-20,1375.0,0.2000000029802322,2.0,2.200000047683716,-0.539298742112219,0.6277608895360399,0.7275420684777129,0.7025967737422946,0.1882433263654938,0.08846214742382097,0.1882433263654939,0.1632980316300756,0.8891233349999998,1.413484473
Jordan Clarkson,2019-20,1705.0,2.799999952316284,-1.7000000476837158,1.100000023841858,1.5434465152716896,-0.7676544667404172,-0.7737679948986887,-0.7722396128591208,0.7696785203730009,0.7757920485312725,0.7696785203730009,0.7712069024125688,-1.2319996231390031,1.0531581101824048
DeMar DeRozan,2019-20,2316.0,2.799999952316284,-2.700000047683716,0.1000000014901161,1.3921562849931357,-2.464294898595564,-2.482728686785609,-2.478120239738098,-1.0905724017924732,-1.0721386136024282,-1.0905724017924734,-1.0859639547449622,-1.535476973,2.210645433
PJ Tucker,2019-20,2467.0,-2.400000095367432,2.200000047683716,-0.2000000029802322,-1.9904895250541452,1.8764343926947928,1.8594424473411677,1.8636904336795737,-0.1310470777129777,-0.11405513235935238,-0.13104707771297752,-0.12679909137457157,0.863809211,-0.8777298780000001
Marc Gasol,2019-20,1161.0,-1.7000000476837158,4.099999904632568,2.400000095367432,-2.569172714872383,2.8807633932913315,3.0233754303884854,2.9877224211141966,0.4542027155161019,0.3115906784189484,0.45420271551610236,0.41854970624181354,2.360179152,0.257096951
JaVale McGee,2019-20,1130.0,-0.3000000119209289,2.900000095367432,2.5999999046325684,-0.4830669331877495,2.122088839374741,1.8899925673758031,1.9480166353755375,1.4069256341880532,1.6390219061869915,1.4069256341880536,1.464949702187788,2.388537141,1.267836051
Paul Millsap,2019-20,1240.0,0.1000000014901161,1.7999999523162842,1.899999976158142,-0.2322843995744938,2.2152871681003465,2.07709578158194,2.1116436282115414,1.844811382007446,1.9830027685258527,1.844811382007446,1.8793592286370475,1.039859728,2.124912255
Larry Nance Jr.,2019-20,1472.0,0.1000000014901161,1.100000023841858,1.2000000476837158,-0.303575119329753,0.4353148988213993,0.5430966977516221,0.5161512480190664,0.2395215784218691,0.13173977949164628,0.23952157842186905,0.21257612868931341,0.591954858,1.787992578
Deandre Ayton,2019-20,1236.0,-1.2000000476837158,3.0,1.7999999523162842,-1.6548470765470271,2.29105667487353,2.4652289867233383,2.4216859087608866,0.810381910176311,0.636209598326503,0.8103819101763112,0.7668388322138595,0.523220763,0.452527327
Zach LaVine,2019-20,2085.0,1.2000000476837158,-1.399999976158142,-0.1000000014901161,1.260878464679149,-1.7108332848045895,-1.6859282401653726,-1.6921545013251769,-0.4250497754862234,-0.4499548201254404,-0.42504977548622347,-0.43127603664602776,-0.778366322,0.945537004
Kelly Oubre Jr.,2019-20,1933.0,-0.4000000059604645,0.5,0.1000000014901161,-0.4203372021686127,0.1428913400699639,0.10073159033466089,0.11127152776848664,-0.3196056118339517,-0.2774458620986488,-0.3196056118339518,-0.30906567440012606,0.477975244,0.784312384
DeAaron Fox,2019-20,1634.0,2.5,-2.0,0.4000000059604645,1.5910546455213428,-1.3402735501327872,-1.1038847854737406,-1.1629819766385021,0.4871698600476022,0.25078109538855564,0.4871698600476022,0.4280726688828407,-0.757383004,0.96031955
LaMarcus Aldridge,2019-20,1754.0,-0.699999988079071,0.800000011920929,0.1000000014901161,-1.126720551901453,-0.2977225460230687,-0.28626789402410335,-0.2891315570238447,-1.4129884459255562,-1.4244430979245215,-1.4129884459255564,-1.4158521089252976,-1.032389543,-0.27594113
Terrence Ross,2019-20,1889.0,0.8999999761581421,-1.0,-0.1000000014901161,0.2710268067569728,-1.3063867752957103,-1.1799688616134598,-1.2115733400340223,-0.9089420548564868,-1.0353599685387376,-0.908942054856487,-0.9405465332770495,0.090870208,0.151627895
Bruce Brown,2019-20,1634.0,-1.7999999523162842,1.899999976158142,0.1000000014901161,-2.3370143216532253,0.4708741290000959,0.35047545262619123,0.38057512171966734,-1.986538869027034,-1.8661401926531294,-1.986538869027034,-1.956439199933558,0.537561805,-1.549811185
Buddy Hield,2019-20,2216.0,1.2000000476837158,-1.899999976158142,-0.699999988079071,1.048527045880068,-1.7290280295978604,-1.6180609359399396,-1.6458027093544196,-0.5695338900598717,-0.6805009837177924,-0.5695338900598717,-0.5972756634743517,-1.089758276,0.045363858
Maxi Kleber,2019-20,1890.0,-1.0,0.699999988079071,-0.3000000119209289,-1.4059728188836822,0.2940711393077388,0.1808520528605973,0.2091568244723827,-1.225120766023085,-1.1119016795759433,-1.225120766023085,-1.1968159944112995,-0.004517652,-0.0100420909999999
Andre Drummond,2019-20,1879.0,-2.400000095367432,1.899999976158142,-0.5,-2.27979911507622,2.010927619463658,2.1457651304514265,2.1120557527044843,-0.1340339846247933,-0.26887149561256196,-0.13403398462479332,-0.16774336237173548,2.659161532113358,1.1645161967855242
Joe Harris,2019-20,2123.0,1.0,-1.7999999523162842,-0.800000011920929,1.0348726499329763,-1.248118700465536,-1.2459605791540571,-1.2465001094819268,-0.2110879292210807,-0.21324605053255974,-0.21108792922108077,-0.21162745954895046,-0.397970973,0.616363874
Lou Williams,2019-20,1864.0,2.0,-2.5999999046325684,-0.6000000238418579,1.881528669257759,-1.3220116405730915,-1.423825826067173,-1.3983722796936526,0.4577028431905863,0.5595170286846676,0.4577028431905861,0.48315638956410645,-1.294440827,-0.363765675
Rudy Gay,2019-20,1461.0,-1.100000023841858,0.8999999761581421,-0.1000000014901161,-1.0463533443266475,1.1793578484823015,1.0049609885881612,1.0485602035616963,-0.0413923557384858,0.133004504155654,-0.04139235573848632,0.002206859235048819,-0.433898358,-0.948293498
Kentavious CaldwellPope,2019-20,1762.0,-0.3000000119209289,-0.3000000119209289,-0.6000000238418579,-0.2486267268220223,0.1477677518902118,0.12546337819463596,0.1310394716185299,-0.1231633486273863,-0.10085897493181051,-0.12316334862738634,-0.11758725520349239,-0.046162521,0.173513322
Aaron Gordon,2019-20,2017.0,0.2000000029802322,-1.2000000476837158,-0.8999999761581421,-0.4866233638840791,-0.2614541810923426,-0.42816059138013807,-0.3864839888081891,-0.9147839552642172,-0.7480775449764216,-0.9147839552642172,-0.8731073526922682,0.270697914,-0.031334074
Kelly Olynyk,2019-20,1300.0,0.6000000238418579,-0.5,0.1000000014901161,-0.3169294636999218,0.2894887142075659,0.1757616501334788,0.20419341615200057,-0.141167813566443,-0.02744074949235592,-0.141167813566443,-0.11273604754792124,0.120085092,-0.610609736
Myles Turner,2019-20,1826.0,-2.400000095367432,1.7000000476837158,-0.699999988079071,-2.2896095837874277,2.029594602306812,1.967819797076484,1.9832634983840656,-0.3217897867109434,-0.26001498148061586,-0.3217897867109438,-0.30634608540336217,1.7033011079999998,-0.936871666
Langston Galloway,2019-20,1702.0,0.8999999761581421,-1.5,-0.6000000238418579,0.4528920230478259,-1.9726566101357512,-1.7768937499089197,-1.8258344649656273,-1.3240017268610935,-1.5197645870879253,-1.3240017268610937,-1.3729424419178013,-1.034396108,-0.179409905
Gary Harris,2019-20,1780.0,-2.799999952316284,2.0,-0.800000011920929,-1.8518843918325032,0.811107436055643,0.9122253555478023,0.8869458756747624,-0.939659036284701,-1.0407769557768602,-0.9396590362847009,-0.9649385161577408,0.8784072230000001,0.22006809
Kyle Anderson,2019-20,1330.0,-2.0,1.7999999523162842,-0.2000000029802322,-2.4857407713887394,2.563416950312042,2.4597156654860917,2.485640986692579,-0.0260251059026472,0.0776761789233027,-0.026025105902647727,-9.978469616056529e-05,0.935858428,-0.421698309
Harrison Barnes,2019-20,2482.0,-0.3000000119209289,-1.100000023841858,-1.399999976158142,-0.5293039585777018,-1.1210175679608363,-1.0167946831655867,-1.042850404364399,-1.5460986417432885,-1.650321526538538,-1.5460986417432885,-1.5721543629421006,-1.300037198,-0.771155839
John Collins,2019-20,1363.0,0.0,-0.4000000059604645,-0.4000000059604645,-0.397010509841774,-0.1329602061545901,-0.2904730966603464,-0.2510948740339073,-0.6874836065021204,-0.529970715996364,-0.6874836065021204,-0.6481053838756813,-0.060355506,2.905571095
Draymond Green,2019-20,1222.0,-2.5,2.299999952316284,-0.2000000029802322,-3.396171785774147,1.843518261304005,2.019035912446406,1.9751564996608055,-1.3771358733277408,-1.5526535244701418,-1.3771358733277408,-1.4210152861133414,1.631665734,-0.230461801
Pat Connaughton,2019-20,1243.0,-1.2000000476837158,0.5,-0.699999988079071,-1.741625174576564,0.3469479522082301,0.3223072680606819,0.3284674390975689,-1.4193179065158823,-1.394677222368334,-1.4193179065158823,-1.413157735478995,1.297880425,-0.319190372
Tristan Thompson,2019-20,1721.0,-2.299999952316284,1.0,-1.2999999523162842,-2.687665638732756,0.0148390994418403,-0.08291447422468284,-0.05847608080805208,-2.770580112957439,-2.6728265392909156,-2.770580112957439,-2.746141719540808,-0.862285314,-1.650402702
DJ Augustin,2019-20,1420.0,0.2000000029802322,-1.2000000476837158,-1.0,-0.0683897612910232,0.0278852377510661,-0.1294770352560839,-0.09013646700429637,-0.197866796547107,-0.0405045235399571,-0.1978667965471071,-0.15852622829531957,-1.13675908,-0.9131589959999998
Doug McDermott,2019-20,1372.0,1.100000023841858,-2.0999999046325684,-1.0,0.5782572765357703,-1.4171361439036432,-1.5796453222777056,-1.53901802768419,-1.0013880457419353,-0.8388788673678729,-1.0013880457419353,-0.9607607511484197,-1.499157695,-0.149130932
Mike Scott,2019-20,1207.0,0.800000011920929,-1.7000000476837158,-0.800000011920929,-0.2066751853595616,-0.8695873032920319,-1.1019878215637695,-1.043887691995835,-1.308663006923331,-1.0762624886515935,-1.3086630069233312,-1.2505628773553967,-0.2314701109999999,-0.759077629
Andrew Wiggins,2019-20,1858.0,0.5,-2.0999999046325684,-1.5,-0.0135731335652585,-1.207497785837002,-1.371982787723287,-1.3308615372517156,-1.3855559212885458,-1.2210709194022604,-1.3855559212885455,-1.344434670816974,-1.2313808978444565,-0.5960127330678149
Thomas Bryant,2019-20,1147.0,-0.4000000059604645,-0.5,-0.800000011920929,-0.3311921654323555,-1.1562537417507912,-1.1484838075292414,-1.1504262910846286,-1.479675972961597,-1.4874459071831467,-1.479675972961597,-1.481618456516984,-1.486973098,-0.108931236
Jaren Jackson Jr.,2019-20,1622.0,-1.2999999523162842,-0.2000000029802322,-1.5,-0.9076313549564444,-0.0960034947455367,-0.08501302902986085,-0.0877606454587798,-0.9926443839863052,-1.0036348497019811,-0.9926443839863053,-0.9953920004152242,-0.432964112,-0.989689563
Monte Morris,2019-20,1636.0,0.8999999761581421,-2.299999952316284,-1.399999976158142,-0.0160915787497225,-0.9299164880789558,-0.9413939618026521,-0.938524593371728,-0.9574855405523748,-0.9460080668286783,-0.9574855405523746,-0.9546161721214506,-0.826185033,-0.191010917
Cedi Osman,2019-20,1910.0,-0.800000011920929,-0.800000011920929,-1.600000023841858,-1.2473333629837,-1.3962929681596392,-1.4201408406679594,-1.4141788725408793,-2.6674742036516594,-2.6436263311433392,-2.6674742036516594,-2.6615122355245795,-1.293676231,-2.084685703
Serge Ibaka,2019-20,1485.0,-2.299999952316284,0.8999999761581421,-1.399999976158142,-1.9492722176093635,1.3791298291126417,1.1722146558855806,1.2239434491923458,-0.7770575617237829,-0.5701423884967218,-0.7770575617237829,-0.7253287684170178,0.04217252,-1.200700896
James Ennis III,2019-20,1265.0,-0.6000000238418579,-0.800000011920929,-1.399999976158142,-1.1360815759698923,-1.1696811376765008,-1.382310588915164,-1.3291532261054981,-2.518392164885056,-2.305762713646393,-2.5183921648850562,-2.4652348020753907,-0.0610899358466403,-1.5621618404189723
Torrey Craig,2019-20,1072.0,-0.3000000119209289,-1.0,-1.2999999523162842,-1.8253483900920957,-1.2243547049079309,-1.504525348552729,-1.4344826876415295,-3.3298737386448245,-3.0497030950000266,-3.3298737386448245,-3.259831077733625,-1.087360423,-3.124218202
Josh Okogie,2019-20,1547.0,-2.200000047683716,0.4000000059604645,-1.7999999523162842,-2.0709024179185462,0.2148002489247145,0.286353302615668,0.2684650391929296,-1.784549115302878,-1.8561021689938317,-1.7845491153028783,-1.8024373787256167,0.214296403,-1.099151194
Cody Zeller,2019-20,1341.0,-0.4000000059604645,-1.2999999523162842,-1.7000000476837158,-1.1278095823490937,-0.9480278125589856,-0.9175935364751652,-0.9252021054961201,-2.0454031188242587,-2.0758373949080795,-2.0454031188242587,-2.053011687845214,-1.173696015,-1.109948345
Austin Rivers,2019-20,1594.0,0.5,-2.299999952316284,-1.7999999523162842,0.0036147877719148,-1.1468605425015213,-1.128487285593309,-1.133080599820362,-1.1248724978213942,-1.1432457547296064,-1.1248724978213942,-1.129465812048447,-0.53291657,-0.912019913
Malik Beasley,2019-20,1209.0,-0.5,-1.399999976158142,-1.899999976158142,-0.7638468255625721,-1.8190630544690627,-1.6824620766072544,-1.7166123210727062,-2.446308902169826,-2.582909880031635,-2.4463089021698265,-2.4804591466352783,-0.8003834493043838,-0.8983094702026468
Kyle Kuzma,2019-20,1526.0,-1.899999976158142,-0.1000000014901161,-2.0,-1.3717544297227964,-0.3697752444477331,-0.47350196973881686,-0.44757028841604596,-1.845256399461613,-1.7415296741705295,-1.8452563994616131,-1.8193247181388423,-0.266825601,-1.376367207
JaMychal Green,2019-20,1307.0,-1.2999999523162842,-0.6000000238418579,-2.0,-1.4239125156758787,-0.285845986326999,-0.4572870252832577,-0.414426765544193,-1.8811995409591369,-1.7097585020028778,-1.8811995409591364,-1.8383392812200716,1.30053981,-0.3925618699999999
Landry Shamet,2019-20,1452.0,-0.2000000029802322,-1.7999999523162842,-2.0,-0.0141925073685692,-0.8974247814973394,-0.9916134233859306,-0.9680662629137828,-1.0058059307544998,-0.9116172888659086,-1.0058059307544998,-0.9822587702823521,-0.545342974,-0.752462224
Marvin Williams,2019-20,1129.0,-1.0,-0.8999999761581421,-2.0,-0.5730379588204972,-0.2980057207885709,-0.3301410465811854,-0.32210721513303175,-0.9031790054016828,-0.8710436796090681,-0.9031790054016826,-0.895145173953529,0.8681866553613818,-0.3767973483560673
Kevin Huerter,2019-20,1760.0,-0.4000000059604645,-2.400000095367432,-2.799999952316284,-0.6347451517518868,-2.0182487976795294,-2.0045249947058483,-2.0079559454492686,-2.639270146457735,-2.652993949431416,-2.639270146457735,-2.6427010972011553,-0.6468798289999999,-0.83248326
Miles Bridges,2019-20,1995.0,-1.5,-1.600000023841858,-3.0999999046325684,-1.5451871525930276,-1.4615137726850496,-1.4059080055046738,-1.4198094472997678,-2.9510951580977016,-3.006700925278077,-2.9510951580977016,-2.964996599892795,-0.875652438,-2.56857661
Lauri Markkanen,2019-20,1492.0,-1.0,-2.0999999046325684,-3.0999999046325684,-1.2352793823710384,0.1180061296783747,0.08855117510540397,0.09591491374864665,-1.1467282072656344,-1.1172732526926636,-1.1467282072656344,-1.1393644686223918,-0.030344191,-0.643446527
Jeff Teague,2019-20,1464.0,0.2000000029802322,-3.299999952316284,-3.0999999046325684,-0.5021247829643397,-2.4401111213181395,-2.535152956011684,-2.5113924973382984,-3.037277738976024,-2.9422359042824793,-3.037277738976024,-3.013517280302638,-1.648727213762295,-1.860505204952869
Bryn Forbes,2019-20,1579.0,0.0,-3.400000095367432,-3.400000095367432,-0.642635709821522,-3.285089659707341,-3.2871783979170774,-3.286656213364643,-3.9298141077386,-3.9277253695288628,-3.9298141077385993,-3.929291923186165,-2.690129242,-2.712561976
Collin Sexton,2019-20,2143.0,1.2999999523162842,-4.599999904632568,-3.299999952316284,0.8800872902777374,-3.78304772182811,-3.7214303073813646,-3.7368346609930505,-2.841343017103627,-2.9029604315503725,-2.841343017103627,-2.856747370715313,-2.326067085,-2.188524245
Terrance Ferguson,2019-20,1257.0,-3.799999952316284,-0.2000000029802322,-4.0,-4.284135825154693,-0.6627095178834524,-0.6369561911171538,-0.6433945228087284,-4.921092016271847,-4.946845343038145,-4.921092016271847,-4.927530347963422,-1.11720663,-4.744825124
Malik Monk,2019-20,1169.0,-1.600000023841858,-2.900000095367432,-4.5,-1.6821840312218883,-2.737257896762646,-2.809014832741691,-2.7910755987469296,-4.49119886396358,-4.4194419279845345,-4.49119886396358,-4.473259629968818,-1.635883982,-2.806953219
Kevin Knox II,2019-20,1166.0,-3.5,-1.7000000476837158,-5.199999809265137,-3.0120128681057348,-0.926407313574515,-1.1395417987173801,-1.086258177431664,-4.151554666823115,-3.9384201816802498,-4.151554666823115,-4.098271045537398,-1.082202139,-4.329829039
Nikola Jokic,2020-21,2308.0,8.699999809265137,1.100000023841858,9.800000190734863,7.782142610393078,0.8764835435104197,0.7838591250972592,0.8070152297005493,8.566001735490337,8.658626153903498,8.566001735490337,8.589157840093627,-0.016120463,7.272852523000001
Rudy Gobert,2020-21,2000.0,-0.4000000059604645,8.199999809265137,7.800000190734863,0.0927530257404966,5.2640981294543145,5.290445020450823,5.283858297701696,5.38319804619132,5.3568511551948115,5.38319804619132,5.376611323442193,4.501415043,5.334697998
Stephen Curry,2020-21,2009.0,8.699999809265137,-1.7000000476837158,7.0,7.969836653331044,-0.9541361734561248,-0.9203322223564929,-0.9287832101314009,7.049504430974551,7.015700479874919,7.049504430974551,7.041053443199644,-0.631733165,5.203249953
Giannis Antetokounmpo,2020-21,1854.0,4.400000095367432,2.5,7.0,3.930438143185889,1.8773092504756557,1.8506239414414778,1.857295268700022,5.781062084627366,5.807747393661545,5.781062084627367,5.787733411885911,1.338646642,6.916197792
Kawhi Leonard,2020-21,1675.0,6.400000095367432,1.7000000476837158,8.100000381469727,5.863974784865387,0.7992044275425562,0.6816045841152408,0.7110045449720697,6.545579368980627,6.663179212407943,6.545579368980627,6.574979329837456,1.356749807,8.177117246
Luka Doncic,2020-21,2106.0,6.800000190734863,-1.399999976158142,5.5,7.060742634290741,-0.4258579995218559,-0.44224983632325077,-0.43815187712290204,6.61849279796749,6.634884634768885,6.61849279796749,6.622590757167839,-0.421322031,3.204194217
Paul George,2020-21,1711.0,4.800000190734863,2.400000095367432,7.300000190734863,4.15684920891785,1.435863142800989,1.4539827026932217,1.4494528127201636,5.610831911611072,5.5927123517188395,5.610831911611072,5.6063020216380135,0.7427395270000001,4.162324569
Joel Embiid,2020-21,1481.0,3.900000095367432,4.599999904632568,8.5,4.927204510684152,2.851569105374393,2.9810984297490632,2.9487160986553955,7.908302940433215,7.778773616058546,7.908302940433216,7.875920609339548,1.339559862,5.7413965650000005
Clint Capela,2020-21,1809.0,1.2000000476837158,5.300000190734863,6.5,0.5887014534360756,3.580304149082751,3.5387515781583185,3.5491397208894258,4.127453031594394,4.169005602518826,4.127453031594394,4.1378411743255015,2.32908706,3.248638926
Jimmy Butler,2020-21,1622.0,4.400000095367432,2.900000095367432,7.199999809265137,4.278596939242548,3.156044103224616,3.0059436279061122,3.043468746735738,7.28454056714866,7.434641042467164,7.28454056714866,7.322065685978286,1.918444796,8.367424739
Mike Conley,2020-21,1459.0,3.5999999046325684,4.0,7.599999904632568,4.059311784581307,3.485777324988869,3.5283603647590542,3.5177146048165078,7.587672149340362,7.545089109570176,7.587672149340361,7.5770263893978145,1.72831357,5.56398957
Damian Lillard,2020-21,2181.0,7.0,-2.799999952316284,4.099999904632568,7.894588152490573,-2.0129210209035757,-1.9959525073193198,-2.000194635715384,5.898635645171253,5.8816671315869975,5.898635645171253,5.894393516775189,-2.29837295,3.835530829
Julius Randle,2020-21,2424.0,1.399999976158142,2.0,3.400000095367432,1.7919690968868949,0.9932209657249974,1.0577714182612608,1.041633805127195,2.849740515148156,2.785190062611892,2.849740515148156,2.83360290201409,0.748270729,2.58876195
Fred VanVleet,2020-21,1899.0,2.5999999046325684,2.400000095367432,5.0,3.285149831501723,1.7536426070474944,1.7220171691088801,1.7299235285935337,5.007167000610603,5.038792438549217,5.007167000610603,5.015073360095257,1.169625256,3.828916814
Bradley Beal,2020-21,2073.0,5.5,-2.299999952316284,3.200000047683716,5.070922944613618,-1.6924078061796202,-1.6394734190536988,-1.6527070158351789,3.4314495255599198,3.3785151384339978,3.431449525559919,3.418215928778439,-0.906730918,3.79581689
Draymond Green,2020-21,1839.0,0.699999988079071,3.200000047683716,4.0,1.313798485118075,2.456250951995959,2.534301015368923,2.514788499525682,3.848099500486998,3.770049437114034,3.848099500486998,3.8285869846437572,3.468972602,2.96280997
Jayson Tatum,2020-21,2112.0,4.099999904632568,-0.8999999761581421,3.200000047683716,4.372815512499311,-0.8805332898072072,-0.9018926942565985,-0.8965528431442505,3.470922818242712,3.4922822226921033,3.470922818242712,3.47626266935506,-0.079580289,3.42547649
Jrue Holiday,2020-21,1740.0,2.900000095367432,1.399999976158142,4.300000190734863,3.104667102188984,1.720340176974173,1.6667059820286165,1.6801145307650054,4.7713730842176,4.825007279163157,4.7713730842176005,4.784781632953989,0.94491029,3.781131589
LeBron James,2020-21,1448.0,5.300000190734863,0.4000000059604645,5.599999904632568,5.57597424752096,1.3869353303157552,1.348343336436474,1.3579913349062942,6.924317583957434,6.962909577836715,6.924317583957434,6.933965582427254,1.458890998,4.715063996
Mikal Bridges,2020-21,2163.0,1.7999999523162842,0.8999999761581421,2.700000047683716,1.2522010009715607,0.8336911747230614,0.7139410678995882,0.7438785946054565,1.9661420688711488,2.0858921756946223,1.9661420688711488,1.9960795955770172,0.923924873,3.35301962
Zion Williamson,2020-21,2026.0,3.5999999046325684,-0.800000011920929,2.900000095367432,3.3943235854124194,-0.8531167521008802,-0.917555885267926,-0.9014461019761644,2.4767677001444937,2.541206833311539,2.476767700144493,2.492877483436255,-1.263923461,4.815153559
James Harden,2020-21,1558.0,6.5,-2.0,4.5,5.25809890227032,-1.2641740025001125,-1.207126072485699,-1.2213880549893021,4.050972829784621,3.9939248997702075,4.050972829784621,4.036710847281018,-0.1970239016712243,3.911031147124922
Chris Paul,2020-21,2046.0,3.799999952316284,-1.100000023841858,2.799999952316284,4.043834705505906,-0.084374468097867,-0.1695060831335658,-0.14822317937464108,3.87432862237234,3.9594602374080385,3.8743286223723397,3.8956115261312645,0.728049631,4.560385053
Devin Booker,2020-21,2099.0,3.799999952316284,-1.2999999523162842,2.400000095367432,3.620381009851104,-1.2514648312456074,-1.2018852617793012,-1.2142801541458776,2.418495748071803,2.3689161786054966,2.418495748071803,2.406100855705226,-0.742476917,2.373177974
Jakob Poeltl,2020-21,1657.0,-0.699999988079071,4.599999904632568,3.900000095367432,-0.0663944241511612,3.1407850968994246,3.424512628086495,3.3535807452897273,3.3581182039353337,3.0743906727482635,3.3581182039353337,3.287186321138566,1.711763847,0.659769133
Joe Harris,2020-21,2075.0,2.0,0.5,2.5,1.8548952610488556,-0.2975171315005365,-0.3429390681032204,-0.33158358395254944,1.5119561929456349,1.5573781295483191,1.511956192945635,1.5233116770963062,-1.009285653,1.534004768
Thaddeus Young,2020-21,1499.0,3.5999999046325684,0.800000011920929,4.400000095367432,2.20085955865963,1.0500561287683456,1.0902543965324116,1.080204829591395,3.2911139551920416,3.250915687427976,3.2911139551920416,3.281064388251025,1.393061361,3.7619369960000006
Joe Ingles,2020-21,1682.0,3.0,0.5,3.5,3.0804170274577687,0.2080803112866453,0.2315152199663578,0.22565649279642963,3.3119322474241266,3.288497338744414,3.3119322474241266,3.3060735202541984,0.341901797,3.704026272
Jamal Murray,2020-21,1704.0,3.0,0.6000000238418579,3.5,3.3104608856465148,-0.2970294443033965,-0.28188592849575256,-0.2856718074476635,3.028574957150762,3.0134314413431182,3.028574957150762,3.024789078198851,-0.189387306,2.160255038
Montrezl Harrell,2020-21,1516.0,1.600000023841858,2.400000095367432,4.0,0.6179458858603359,1.6558048222068946,1.805228938324095,1.7678729092947947,2.423174824184431,2.2737507080672303,2.423174824184431,2.3858187951551306,0.126913017,2.03774
Trae Young,2020-21,2009.0,5.800000190734863,-3.5999999046325684,2.200000047683716,6.675483346306884,-2.338358430930036,-2.2130237486842868,-2.2443574192457234,4.462459597622598,4.337124915376848,4.462459597622598,4.431125927061161,-1.886579415,2.379811357
Robert Covington,2020-21,2049.0,-0.3000000119209289,2.400000095367432,2.0999999046325684,-0.4948872617873736,1.493646197729948,1.3039172552405973,1.351349490862935,0.8090299934532237,0.9987589359425744,0.8090299934532237,0.8564622290755615,2.352632277,1.325332086
Donovan Mitchell,2020-21,1771.0,4.699999809265137,-1.7999999523162842,2.799999952316284,4.528826331321246,-1.875234306191264,-1.7566041000978152,-1.7862616516211776,2.77222223122343,2.6535920251299814,2.7722222312234304,2.742564679700068,-0.7769360040000001,2.425039588
Bam Adebayo,2020-21,1974.0,0.2000000029802322,1.899999976158142,2.0999999046325684,0.9383507077996984,1.2000945090510482,1.143282431591946,1.1574854509567216,2.0816331393916445,2.1384452168507466,2.0816331393916445,2.09583615875642,0.670573706,2.573614688
Danny Green,2020-21,1801.0,0.5,2.0,2.5,0.6513645173491823,1.6163843428272575,1.6824706636068543,1.665949083411955,2.3338351809560365,2.26774886017644,2.3338351809560365,2.3173136007611372,2.037113911,1.794236822
Kyrie Irving,2020-21,1768.0,5.599999904632568,-3.0,2.700000047683716,5.455424250886328,-0.6273398228165267,-0.6644411250199886,-0.655165799469123,4.79098312586634,4.828084428069801,4.79098312586634,4.800258451417205,-0.582923152,4.485186254000001
CJ McCollum,2020-21,1384.0,3.900000095367432,0.4000000059604645,4.300000190734863,4.033480470146811,-0.5147470120328053,-0.5215880603826223,-0.519877798295168,3.511892409764189,3.518733458114006,3.511892409764189,3.5136026718516433,-0.967834494,4.354477827
Khris Middleton,2020-21,2109.0,2.299999952316284,-0.699999988079071,1.600000023841858,2.6859503459366105,-0.9051752024264256,-0.8776089142685126,-0.8845004863079908,1.8083414316680977,1.7807751435101848,1.808341431668098,1.8014498596286197,-0.555162278,2.181387415
Nikola Vucevic,2020-21,2181.0,1.0,0.6000000238418579,1.600000023841858,2.2628682854957987,0.3564926455221279,0.3467276374266268,0.349168889450502,2.6095959229224253,2.6193609310179267,2.6095959229224253,2.6120371749463005,-0.098690378826235,1.425788361027257
Nicolas Batum,2020-21,1745.0,0.0,2.5999999046325684,2.5999999046325684,0.5717175289982955,2.061943718102702,1.9806638664129332,2.000983829335375,2.5523813954112287,2.6336612471009975,2.5523813954112287,2.5727013583336706,1.796076488,2.259630333
Jordan Clarkson,2020-21,1629.0,3.400000095367432,-0.5,2.900000095367432,2.7134488353700164,-0.6841854134626905,-0.7476874646408509,-0.7318119518463108,1.9657613707291652,2.029263421907326,1.9657613707291655,1.9816368835237057,0.216269355,2.553935354
Zach LaVine,2020-21,1894.0,4.0,-1.899999976158142,2.0999999046325684,4.442081529293499,-1.4784179252801846,-1.3555494139882622,-1.3862665418112425,3.0865321153052365,2.9636636040133144,3.0865321153052365,3.055814987482256,-0.904168203,3.070533675
Royce O'Neale,2020-21,2061.0,0.2000000029802322,1.600000023841858,1.7999999523162842,0.1248067886683369,1.0647755613400849,1.1311044536792436,1.1145222305944538,1.2559112423475804,1.1895823500084217,1.2559112423475804,1.2393290192627906,1.946847411,1.140498284
Ben Simmons,2020-21,1754.0,0.1000000014901161,2.400000095367432,2.5,1.3164628245319416,2.255657604413589,2.153002371427243,2.1786661796738294,3.4694651959591845,3.5721204289455306,3.4694651959591845,3.495129004205771,2.092189065,2.636572809
Kyle Anderson,2020-21,1743.0,0.5,1.899999976158142,2.400000095367432,0.6378846460063894,1.91195860943044,1.9007113882648468,1.9035231935562449,2.538596034271236,2.549843255436829,2.538596034271236,2.541407839562634,1.565971223,2.605927331
John Collins,2020-21,1744.0,1.600000023841858,0.8999999761581421,2.400000095367432,1.932747515584088,-0.3474515340484297,-0.31043006292659947,-0.319685430707057,1.6223174526574882,1.5852959815356584,1.6223174526574886,1.613062084877031,-0.015252127,2.772235532
Tobias Harris,2020-21,1858.0,1.7999999523162842,0.3000000119209289,2.0999999046325684,1.7212651833795238,0.7149858895706319,0.8160950497390074,0.7908177596969135,2.537360233118531,2.4362510729501556,2.537360233118531,2.5120829430764373,0.871175811,3.469896073
Terry Rozier,2020-21,2143.0,2.900000095367432,-1.399999976158142,1.5,2.497438002184628,-0.9187344026878368,-0.8725364047834456,-0.8840859042595434,1.624901597401182,1.578703599496791,1.6249015974011822,1.6133520979250844,-0.080055281,2.400985211
Kemba Walker,2020-21,1256.0,3.400000095367432,0.8999999761581421,4.400000095367432,2.982664262936003,-0.2832955952656892,-0.27928317909196176,-0.2802862831353936,2.7033810838440413,2.699368667670314,2.7033810838440413,2.7023779798006093,-0.4897699199999999,1.183877076
Harrison Barnes,2020-21,2102.0,1.399999976158142,-0.1000000014901161,1.2999999523162842,1.4307231719892772,-0.6561091865798045,-0.7589949867819212,-0.7332735367313921,0.6717281852073559,0.7746139854094727,0.671728185207356,0.6974496352578852,-1.171415415,0.686222383
Jaylen Brown,2020-21,1999.0,1.899999976158142,-0.5,1.399999976158142,1.9400025857549328,-0.561008691243413,-0.51941089261418,-0.5298103422714883,1.4205916931407525,1.3789938945115199,1.4205916931407527,1.4101922434834444,-0.035030025,2.937348334
Delon Wright,2020-21,1551.0,1.100000023841858,1.600000023841858,2.700000047683716,1.4229182046607765,1.0583227828121122,0.8034625786798779,0.8671776297129364,2.2263807833406544,2.481240987472889,2.2263807833406544,2.290095834373713,1.1540998876292907,1.551419433318078
Richaun Holmes,2020-21,1687.0,0.2000000029802322,1.899999976158142,2.0999999046325684,0.0095035175576174,1.466643972586105,1.4667042157747845,1.4666891549776144,1.4762077333324015,1.4761474901437224,1.476207733332402,1.476192672535232,-0.044812845,0.936050494
Brandon Ingram,2020-21,2093.0,3.5,-2.200000047683716,1.2000000476837158,3.987418909753167,-1.538321766768951,-1.503382822875222,-1.5121175588486542,2.4840360868779445,2.4490971429842157,2.484036086877945,2.4753013509045125,-1.413864796,1.527100044
T.J. McConnell,2020-21,1604.0,1.100000023841858,1.2000000476837158,2.299999952316284,1.8480836108948768,2.004155664459852,1.689601836664812,1.768240293613572,3.537685447559689,3.8522392753547288,3.5376854475596886,3.616323904508449,1.666893349,2.5768228820000005
Deandre Ayton,2020-21,2021.0,0.0,1.2000000476837158,1.2999999523162842,-0.5602093255564266,0.933637542424796,0.8742620277470512,0.8891059064164873,0.3140527021906248,0.37342821686836947,0.31405270219062464,0.3288965808600608,0.62301628,1.105952382
Lonzo Ball,2020-21,1649.0,1.600000023841858,0.4000000059604645,2.0999999046325684,2.107011381661957,0.0709288771606825,-0.039414215219343955,-0.011828442124337334,2.067597166442613,2.1779402588226398,2.067597166442613,2.0951829395376196,0.7860916600000001,0.82342845
Karl-Anthony Towns,2020-21,1498.0,3.299999952316284,-0.800000011920929,2.5999999046325684,3.870078608701752,0.0504282494603306,0.07024538377109885,0.06529110019340678,3.940323992472851,3.9205068581620828,3.940323992472851,3.9353697088951587,-0.626225085,1.64872634
Jonas Valanciunas,2020-21,1623.0,1.5,0.6000000238418579,2.200000047683716,1.3297485450808155,1.5490029267135086,1.4745447422154099,1.4931592883399345,2.8042932872962254,2.878751471794324,2.8042932872962254,2.82290783342075,0.168612893,1.90471647
Jae Crowder,2020-21,1508.0,-0.699999988079071,3.0999999046325684,2.400000095367432,-0.0568751129543684,1.5265936280184558,1.4680957672189097,1.4827202324187962,1.4112206542645411,1.4697185150640875,1.4112206542645414,1.425845119464428,1.029935968,0.8319926350000001
Michael Porter Jr.,2020-21,1767.0,2.5,-0.800000011920929,1.7999999523162842,2.8194266182994663,0.1618156324342212,0.06972233744342562,0.09274566119112454,2.889148955742892,2.9812422507336875,2.889148955742892,2.9121722794905907,0.238125149,3.643527209
OG Anunoby,2020-21,1433.0,0.2000000029802322,2.400000095367432,2.5999999046325684,0.1442902136268186,2.30805633381736,2.2462982631920685,2.2617377808483914,2.390588476818887,2.452346547444179,2.390588476818887,2.40602799447521,1.071537073,2.032134204
Dorian Finney-Smith,2020-21,1761.0,0.5,1.100000023841858,1.600000023841858,0.2793121060924411,0.8580775038091032,0.8053085570319709,0.8185007937262541,1.084620663124412,1.1373896099015444,1.084620663124412,1.0978128998186951,0.696619323,1.40054717
Devonte' Graham,2020-21,1531.0,1.5,0.800000011920929,2.299999952316284,2.2971096310288077,-0.276428287625655,-0.24158502587573596,-0.25029584131321575,2.055524605153072,2.0206813434031528,2.055524605153072,2.046813789715592,-0.805987744,0.281290894
Myles Turner,2020-21,1455.0,-2.200000047683716,4.699999809265137,2.5,-2.167431215209068,3.136362422217214,3.295713104294986,3.255875433775543,1.1282818890859183,0.9689312070081462,1.128281889085918,1.088444218566475,2.26025334,-0.784271145
Jarrett Allen,2020-21,1678.0,-0.3000000119209289,2.0,1.7000000476837158,-0.3676446758552029,0.6367911839497993,0.7086465858287763,0.6906827353590319,0.3410019099735733,0.2691465080945964,0.3410019099735734,0.323038059503829,-0.0923947979399141,-0.5990784708369099
Chris Boucher,2020-21,1415.0,2.0999999046325684,0.4000000059604645,2.5,1.6320274837756032,0.671497434935738,0.6977699535937292,0.6912018239292314,2.3297974373693324,2.303524918711341,2.3297974373693324,2.3232293077048345,1.058774778,2.071390759
Derrick Rose,2020-21,1131.0,1.7000000476837158,2.0999999046325684,3.799999952316284,2.317573566497737,1.522572511159194,1.4736522870168007,1.4858823430523989,3.791225853514538,3.840146077656931,3.791225853514538,3.803455909550136,0.5463148421985925,2.0759044402916342
Matisse Thybulle,2020-21,1264.0,-1.5,4.400000095367432,2.900000095367432,-1.3799600098604452,2.942062086682642,2.886865269647551,2.900664473906324,1.506905259787106,1.5621020768221967,1.506905259787106,1.5207044640458787,4.971192609,2.854193646
Christian Wood,2020-21,1326.0,0.1000000014901161,2.5999999046325684,2.700000047683716,0.4283866611909859,2.1722833731723017,2.1501763305782733,2.15570309122678,2.57856299176926,2.6006700343632874,2.5785629917692594,2.584089752417766,0.056468343,0.167757245
Luguentz Dort,2020-21,1519.0,-1.7999999523162842,3.799999952316284,1.899999976158142,-0.664513851803345,1.2889785745801705,1.4005091624411334,1.3726265154758925,0.7359953106377884,0.6244647227768255,0.7359953106377884,0.7081126636725475,0.024284143,-1.632656289
Raul Neto,2020-21,1317.0,0.0,2.5,2.5999999046325684,-0.4385358343819152,1.930500167689966,1.8814813585902797,1.8937360608652012,1.4429455242083642,1.4919643333080508,1.4429455242083644,1.455200226483286,0.546686397,0.085322654
Tim Hardaway Jr.,2020-21,1823.0,1.2000000476837158,-0.1000000014901161,1.0,1.4126861600802487,-1.161634292153604,-1.0769414437698175,-1.0981146558657642,0.335744716310431,0.2510518679266447,0.33574471631043123,0.31457150421448454,-1.305904718,1.138171737
Bobby Portis,2020-21,1284.0,1.100000023841858,1.5,2.5999999046325684,0.4727619236583036,0.9966121995481032,0.9286596726847592,0.9456478044005951,1.4014215963430627,1.4693741232064068,1.401421596343063,1.4184097280588988,0.331275666,1.286786302
Marcus Smart,2020-21,1483.0,1.2000000476837158,0.6000000238418579,1.7999999523162842,0.943940300438748,1.1331169658515012,1.1254967539821388,1.1274018069494793,2.0694370544208867,2.0770572662902493,2.0694370544208867,2.071342107388227,0.632298688,0.763993515
Alex Caruso,2020-21,1123.0,-1.399999976158142,4.599999904632568,3.200000047683716,-0.8145039293016065,3.4139018281121167,3.4911874211296228,3.471866022875246,2.676683491828016,2.59939789881051,2.6766834918280162,2.6573620935736395,2.24837653,-0.071470923
Pat Connaughton,2020-21,1444.0,0.0,1.899999976158142,1.899999976158142,-0.382963657474817,0.7111418168032965,0.6718569023718718,0.681678130979728,0.2888932448970548,0.3281781593284795,0.2888932448970548,0.298714473504911,1.240048946,0.740371631
DeMar DeRozan,2020-21,1868.0,3.799999952316284,-2.900000095367432,0.8999999761581421,3.562963538868799,-2.2513267863823887,-2.370253792722263,-2.340522041137294,1.192709746146536,1.31163675248641,1.192709746146536,1.2224414977315048,-1.325988279,3.279784384
De'Aaron Fox,2020-21,2036.0,3.200000047683716,-2.700000047683716,0.5,3.5281080370427893,-1.116025478167842,-1.1510879965961038,-1.1423223669890383,2.377020040446685,2.412082558874947,2.3770200404466855,2.385785670053751,-1.838737152,0.764169875
Buddy Hield,2020-21,2240.0,1.899999976158142,-1.7999999523162842,0.2000000029802322,2.148163257250904,-1.2380662645026528,-1.2516433801079536,-1.2482491012066284,0.8965198771429503,0.9100969927482512,0.8965198771429503,0.8999141560442756,-0.672070913,0.175284148
Dejounte Murray,2020-21,1946.0,0.800000011920929,-0.1000000014901161,0.699999988079071,1.3827049896187205,1.5542032815951703,1.3395703042973701,1.3932285486218199,2.7222752939160904,2.9369082712138908,2.7222752939160904,2.7759335382405403,1.474183773,1.419354894
Pascal Siakam,2020-21,1976.0,1.2999999523162842,-0.6000000238418579,0.699999988079071,1.6311997494322743,-0.0694368951209322,0.0050744457476395305,-0.0135533894695034,1.6362741951799138,1.5617628543113422,1.6362741951799138,1.6176463599627708,0.200876801,1.801316227
Jae'Sean Tate,2020-21,1909.0,-0.5,1.2999999523162842,0.699999988079071,-0.5071875403295868,1.2928664214254195,1.1856738526755217,1.212471994862996,0.6784863123459347,0.7856788810958327,0.6784863123459349,0.7052844545334093,0.236323809,0.206809968
Kyle Lowry,2020-21,1601.0,2.200000047683716,-1.0,1.2000000476837158,2.879324937080069,-0.4224529428855382,-0.3143618992145624,-0.3413846601323064,2.564963037865507,2.4568719941945307,2.564963037865507,2.537940276947763,-0.973472547,-0.211932973
Bogdan Bogdanovic,2020-21,1203.0,2.5,0.0,2.5,2.8820690401868005,0.4219183168935281,0.40141283677382394,0.40653920680375,3.2834818769606247,3.3039873570803286,3.2834818769606247,3.2886082469905507,0.162376442,3.909101924
Malcolm Brogdon,2020-21,1930.0,1.7999999523162842,-1.2999999523162842,0.5,2.0769693976772903,-1.0615812530864586,-1.0769288054026058,-1.073091917323569,1.000040592274685,1.0153881445908317,1.0000405922746844,1.0038774803537214,-1.608638004,-0.208553528
Donte DiVincenzo,2020-21,1666.0,0.4000000059604645,0.5,1.0,0.9578220457031902,0.8414975270139501,0.7605805706729536,0.7808098097582027,1.7184026163761437,1.7993195727171403,1.7184026163761437,1.7386318554613929,1.302407557,1.602864301
Norman Powell,2020-21,1989.0,1.100000023841858,-0.800000011920929,0.3000000119209289,1.4894759942928075,-0.7305373369191872,-0.8086501616449486,-0.7891219554635083,0.6808258326478589,0.7589386573736203,0.6808258326478589,0.7003540388292993,-0.8098963658340136,1.5106329016068023
Miles Bridges,2020-21,1858.0,0.1000000014901161,0.4000000059604645,0.5,0.1709501762140665,-0.1644984008493366,-0.027620856021927903,-0.061840242228780075,0.1433293201921386,0.006451775364729906,0.1433293201921386,0.10910993398528643,0.340980113,0.438484443
Jalen Brunson,2020-21,1557.0,1.2999999523162842,-0.1000000014901161,1.2000000476837158,1.8530344332944184,0.2665473886030034,0.3263285823538869,0.311383283916166,2.1793630156483053,2.119581821897422,2.1793630156483053,2.1644177172105845,-1.092618329,0.89962645
Facundo Campazzo,2020-21,1274.0,-0.6000000238418579,2.700000047683716,2.0999999046325684,-0.7602510517922397,1.8720910691903945,1.8378132393573607,1.8463826968156192,1.0775621875651211,1.1118400173981549,1.0775621875651211,1.0861316450233796,0.770475214,-0.294428821
Shai Gilgeous-Alexander,2020-21,1180.0,3.700000047683716,-1.2999999523162842,2.400000095367432,4.444317945861691,-1.7084063466833672,-1.5670579111291263,-1.6023950200176862,2.877260034732564,2.7359115991783236,2.877260034732565,2.841922925844005,-0.76208108,2.873355394
RJ Barrett,2020-21,2286.0,0.3000000119209289,-0.4000000059604645,-0.2000000029802322,0.1813868742025721,0.2766595297529194,0.3556993241997902,0.3359393755880725,0.5370861984023624,0.4580464039554915,0.5370861984023623,0.5173262497906446,0.548397985,0.589821766
Rudy Gay,2020-21,1232.0,-0.800000011920929,2.799999952316284,2.0999999046325684,0.2644037061090433,1.971904731698472,1.9769083929899596,1.9756574776670877,2.241312099099003,2.2363084378075153,2.241312099099003,2.240061183776131,1.469593944,0.862678801
Justin Holiday,2020-21,1993.0,-0.699999988079071,0.800000011920929,0.1000000014901161,-0.8501332554715443,0.3097015981057315,0.29608211195296996,0.2994869834911604,-0.5540511435185743,-0.5404316573658128,-0.5540511435185743,-0.550646271980384,0.322524142,-0.451191925
Brook Lopez,2020-21,1771.0,-0.8999999761581421,1.399999976158142,0.6000000238418579,-0.2228144625614988,1.981049352172515,2.360915263210522,2.26594878545102,2.1381008006490227,1.7582348896110163,2.138100800649023,2.043134322889521,0.236200988,-0.294385014
Isaiah Stewart,2020-21,1370.0,-1.399999976158142,3.0,1.600000023841858,-1.5063497026201451,2.2739898013645186,2.4640184928620608,2.4165113199876753,0.957668790241915,0.7676400987443734,0.9576687902419156,0.9101616173675302,1.377883586,-0.542042487
Jerami Grant,2020-21,1805.0,0.8999999761581421,-0.5,0.4000000059604645,1.2166760337771505,-0.7094299263841904,-0.6434640436213939,-0.6599555143120931,0.5732119901557564,0.50724610739296,0.5732119901557566,0.5567205194650574,-0.637402707,0.451274584
Cameron Johnson,2020-21,1437.0,-1.0,2.200000047683716,1.2999999523162842,-0.410992709567806,0.6172963441998441,0.5888407939933247,0.5959546815449546,0.1778480844255186,0.20630363463203816,0.1778480844255187,0.1849619719771486,-0.050336408,-0.123187986
Kelly Olynyk,2020-21,1856.0,0.4000000059604645,-0.2000000029802322,0.2000000029802322,0.0169495449573042,0.9995764045484028,1.050543411940499,1.0378016600924749,1.067492956897803,1.016525949505707,1.0674929568978033,1.0547512050497792,0.7276419486184277,0.4262264104356535
Davis Bertans,2020-21,1308.0,2.200000047683716,-0.8999999761581421,1.2999999523162842,1.593764382713841,-0.3723036735020982,-0.3545358572441333,-0.3589778113086245,1.2392285254697075,1.2214607092117429,1.2392285254697077,1.2347865714052166,-0.271282566,0.408167754
Duncan Robinson,2020-21,2101.0,0.5,-0.6000000238418579,-0.2000000029802322,0.8759513626512613,-0.3939430226044718,-0.35212798327794415,-0.3625817431095761,0.5238233793733171,0.4820083400467895,0.5238233793733171,0.5133696195416853,-0.313223193,-0.30504949
Ivica Zubac,2020-21,1519.0,-1.0,1.7000000476837158,0.699999988079071,-1.1652681457779648,2.500344968051681,2.71083293620021,2.6582109441630775,1.5455647904222458,1.3350768222737164,1.5455647904222454,1.4929427983851127,-0.168950847,-0.061581124
Steven Adams,2020-21,1605.0,-0.5,1.0,0.5,-0.1269056218251864,1.3001401069833127,1.3005875202732333,1.3004756669507531,1.1736818984480466,1.1732344851581264,1.1736818984480468,1.1735700451255666,0.240597737,-0.997884503
Kevin Huerter,2020-21,2041.0,0.1000000014901161,-0.4000000059604645,-0.2000000029802322,0.2780795500288036,-0.0200677204771484,-0.03640111193704944,-0.03231776407207418,0.2416784380917541,0.2580118295516552,0.24167843809175416,0.2457617859567294,0.291067709,1.134003512
Paul Millsap,2020-21,1085.0,0.1000000014901161,1.7999999523162842,1.899999976158142,0.6267308058575072,1.029111623788257,0.9771052051774398,0.990106809830144,1.603836011034947,1.6558424296457641,1.603836011034947,1.6168376156876512,1.13659113,1.653761118
Immanuel Quickley,2020-21,1194.0,2.900000095367432,-1.2999999523162842,1.600000023841858,2.75692189444178,-0.4448678445305082,-0.5264160298783191,-0.5060289835413664,2.230505864563461,2.312054049911272,2.230505864563461,2.2508929109004137,-0.34824738,0.282794274
Domantas Sabonis,2020-21,2043.0,-0.1000000014901161,-0.2000000029802322,-0.2000000029802322,-0.285236273501836,0.8163310609089045,0.8535966227968137,0.8442802323248364,0.5683603492949774,0.5310947874070685,0.5683603492949777,0.5590439588230004,0.132214605,1.767014728
Dennis Schroder,2020-21,1901.0,-0.1000000014901161,0.0,-0.1000000014901161,0.805903751815186,-0.351880947409428,-0.23675396082262623,-0.26553570746932664,0.5691497909925598,0.45402280440575804,0.5691497909925598,0.5403680443458594,0.897616307,1.451279414
Kenrich Williams,2020-21,1373.0,0.8999999761581421,0.1000000014901161,1.0,0.0430396011761753,0.6457402764007609,0.6972768934590616,0.6843927391944864,0.740316494635237,0.6887798775769363,0.740316494635237,0.7274323403706617,0.408829815,0.469689341
LaMelo Ball,2020-21,1286.0,1.7999999523162842,-0.800000011920929,1.0,1.4054374575192563,-0.2510189408475823,-0.28837551209027423,-0.2790363692796013,1.117061945428982,1.154418516671674,1.117061945428982,1.1264010882396551,0.4916145029999999,0.214954923
Khem Birch,2020-21,1366.0,-1.399999976158142,2.299999952316284,0.8999999761581421,-1.2818750457902102,1.6240856862499076,1.5470036289961537,1.5662741433095921,0.2651285832059438,0.3422106404596974,0.26512858320594357,0.28439909751938197,-0.0352342921674296,-1.2763007022583388
Dillon Brooks,2020-21,1830.0,-0.699999988079071,0.6000000238418579,-0.1000000014901161,0.8219305133509361,0.4897838923874511,0.5450473125320539,0.5312314574959032,1.36697782588299,1.3117144057383872,1.3669778258829899,1.3531619708468394,-0.150715185,-0.500816548
Blake Griffin,2020-21,1073.0,-0.1000000014901161,1.899999976158142,1.899999976158142,0.3710967945350621,0.3033998781910221,0.481600389289479,0.43705026151486476,0.8526971838245412,0.6744966727260842,0.8526971838245412,0.8081470560499269,0.1788209751264755,0.1732546041871838
Josh Hart,2020-21,1349.0,-0.2000000029802322,1.100000023841858,0.800000011920929,-0.3431362530114415,0.0885227362920721,0.19540548421847598,0.168684797236875,-0.1477307687929654,-0.25461351671936944,-0.14773076879296554,-0.17445145577456653,0.734228242,-0.311726389
Gordon Hayward,2020-21,1496.0,0.8999999761581421,-0.5,0.5,1.0865135945344724,-0.340518279557014,-0.39333931809845485,-0.3801340584630946,0.6931742764360176,0.7459953149774583,0.6931742764360176,0.7063795360713778,-0.064888776,2.063727249
Alec Burks,2020-21,1165.0,1.399999976158142,-0.1000000014901161,1.2999999523162842,1.5636925355478954,1.3638276158197058,1.368258611261866,1.3671508624013258,2.931951146809761,2.9275201513676015,2.9319511468097614,2.9308433979492214,1.199827946,2.169544717
Reggie Jackson,2020-21,1460.0,1.5,-1.100000023841858,0.5,1.344611870694689,0.1572774805817292,0.19187970268022553,0.18322914715560146,1.5364915733749147,1.5018893512764182,1.5364915733749145,1.5278410178502906,0.025294224,1.765220635
Grayson Allen,2020-21,1259.0,0.3000000119209289,0.5,0.800000011920929,0.2459198451143631,-0.3766494248002572,-0.46508633876217975,-0.44297711027169906,-0.2191664936478166,-0.1307295796858941,-0.21916649364781665,-0.19705726515733596,0.134263915,0.52262583
Patty Mills,2020-21,1548.0,0.1000000014901161,0.0,0.1000000014901161,0.4731752208910412,-0.0210372287352837,-0.052581833366631026,-0.04469568220879419,0.4205933875244101,0.4521379921557575,0.42059338752441017,0.428479538682247,-1.097798165,-1.574284776
Daniel Theis,2020-21,1551.0,-1.5,1.7000000476837158,0.2000000029802322,-0.9365851963788276,0.3639312346463046,0.4708426955502235,0.4441148303242437,-0.465742500828604,-0.572653961732523,-0.46574250082860413,-0.49247036605458394,-0.0797042142242348,-1.040263361028732
Danilo Gallinari,2020-21,1154.0,1.7999999523162842,-0.800000011920929,1.100000023841858,1.2911059522015185,-0.7836120956884663,-0.7516425359591514,-0.7596349258914801,0.539463416242367,0.5074938565130521,0.539463416242367,0.5314710263100384,-0.771020557,1.278850014
Damion Lee,2020-21,1079.0,0.3000000119209289,1.0,1.2999999523162842,0.4906439091891584,0.940898925877312,0.9400654250113459,0.9402738002278374,1.4307093342005042,1.4315428350664705,1.4307093342005044,1.4309177094169958,0.91298295,0.611131784
Garrett Temple,2020-21,1356.0,-1.2999999523162842,1.7000000476837158,0.4000000059604645,-1.0493829317153005,0.8887527590112837,0.9675153224293266,0.9478246815748157,-0.0818676092859734,-0.1606301727040168,-0.08186760928597392,-0.10155825014048481,1.035998599,-0.8239135649999999
Aaron Gordon,2020-21,1283.0,-0.4000000059604645,0.8999999761581421,0.5,0.6113537159257677,0.1469961163770628,0.18186698208952007,0.17314926566140576,0.7932206980152878,0.7583498323028305,0.7932206980152878,0.7845029815871735,0.1952268235780346,-0.0899581127109826
Josh Jackson,2020-21,1478.0,-1.2999999523162842,1.2999999523162842,0.0,-0.8738330490394183,0.8931677953555619,1.0042436622617956,0.9764746955352372,0.1304106132223773,0.019334746316143625,0.13041061322237735,0.10264164649581897,0.6930947169999999,-1.46009538
Nerlens Noel,2020-21,1382.0,-2.400000095367432,2.5999999046325684,0.2000000029802322,-2.0336204191401324,1.642901460347634,1.5969339464040644,1.6084258248899568,-0.436686472736068,-0.3907189587924984,-0.436686472736068,-0.4251945942501756,3.998194432,0.455897116
Kristaps Porzingis,2020-21,1245.0,1.5,-0.8999999761581421,0.6000000238418579,1.156820702124395,-0.2747729988177452,-0.278003439741123,-0.27719582951027855,0.878817262383272,0.8820477033066498,0.878817262383272,0.8796248726141165,-0.4335233649999999,0.775744075
Bruce Brown,2020-21,1314.0,0.3000000119209289,-0.1000000014901161,0.3000000119209289,-0.0944238508466501,0.3851333188700757,0.17754603752563933,0.2294428578617484,0.0831221866789892,0.29070946802342557,0.08312218667898923,0.13501900701509828,0.517499886,0.347066914
Andrew Wiggins,2020-21,2227.0,-1.100000023841858,0.2000000029802322,-1.0,-0.1202865009793152,0.8294563972620977,0.8434223578839559,0.8399308677284912,0.7231358569046407,0.7091698962827826,0.7231358569046407,0.7196443667491761,0.194758565,0.435517238
Kent Bazemore,2020-21,1185.0,-2.200000047683716,2.5999999046325684,0.4000000059604645,-0.7518739789958659,3.398640244025431,3.3856718458200064,3.388913945371362,2.6337978668241404,2.646766265029565,2.6337978668241404,2.637039966375496,2.545774398,0.675802189
PJ Dozier,2020-21,1088.0,-1.7000000476837158,2.400000095367432,0.800000011920929,-1.4454443875601486,1.6554594187222722,1.7424182117785614,1.720678513514489,0.2969738242184125,0.2100150311621236,0.2969738242184128,0.2752341259543405,1.198165439,-0.063158017
Andre Drummond,2020-21,1093.0,-2.0999999046325684,2.5999999046325684,0.5,-0.2036085499428212,1.74311540170672,1.7480489930867031,1.7468155952417073,1.5444404431438816,1.5395068517638988,1.5444404431438818,1.543207045298886,2.235694834942029,-0.7229024861964573
Marcus Morris Sr.,2020-21,1414.0,1.399999976158142,-1.5,-0.1000000014901161,0.984074798566593,-1.4289289503669051,-1.51921071565557,-1.4966402743334037,-0.5351359170889769,-0.4448541518003122,-0.5351359170889771,-0.5125654757668108,-0.478997948,0.583420737
Tomas Satoransky,2020-21,1242.0,0.4000000059604645,-0.1000000014901161,0.3000000119209289,0.7831985313732099,-0.1791583717085083,-0.13515606641724126,-0.146156642740058,0.6480424649559686,0.6040401596647016,0.6480424649559686,0.6370418886331519,0.058707875,1.073269101
Evan Fournier,2020-21,1094.0,1.2000000476837158,-0.699999988079071,0.5,2.291748302627242,-0.5256138752636155,-0.520411896990993,-0.5217123915591486,1.771336405636249,1.7661344273636266,1.771336405636249,1.7700359110680934,-0.3207893540976966,1.92712305947498
Maxi Kleber,2020-21,1308.0,-1.5,1.399999976158142,-0.1000000014901161,-0.860608937333537,0.6700071309392204,0.7476459391586975,0.7282362371038282,-0.1129629981748395,-0.19060180639431668,-0.11296299817483957,-0.13237270022970882,0.911238373,0.129154161
Chuma Okeke,2020-21,1133.0,-1.399999976158142,1.7000000476837158,0.3000000119209289,-1.2057320495511823,0.9467028509851292,0.9176902586668965,0.9249434067464546,-0.2880417908842858,-0.2590291985660531,-0.28804179088428583,-0.2807886428047277,0.879265123,-0.306149954
Brandon Clarke,2020-21,1326.0,-1.399999976158142,1.2000000476837158,-0.2000000029802322,-0.5853379193458947,1.328675854003043,1.1738228956002303,1.2125361352009332,0.5884849762543356,0.7433379346571483,0.5884849762543356,0.6271982158550384,1.156948985,1.671352064
Talen Horton-Tucker,2020-21,1173.0,-1.5,1.600000023841858,0.1000000014901161,-1.1568282737423694,1.4692812191901752,1.4164954394974938,1.4296918844206639,0.2596671657551244,0.3124529454478058,0.2596671657551244,0.27286361067829445,1.6462574580000002,0.703012546
Caris LeVert,2020-21,1308.0,0.3000000119209289,-0.6000000238418579,-0.3000000119209289,1.135538947771378,-0.0700499290764753,-0.08998948329300606,-0.08500459473887337,1.0455494644783718,1.0654890186949026,1.0455494644783718,1.0505343530325046,0.1121860586285329,1.972845086772544
Shake Milton,2020-21,1353.0,0.4000000059604645,-0.699999988079071,-0.2000000029802322,0.8697093765309284,-0.729895043896471,-0.6232867108713276,-0.6499387941276135,0.2464226656596009,0.13981433263445742,0.2464226656596008,0.21977058240331493,-0.695191499,-0.032604742
Ja Morant,2020-21,1875.0,2.0,-2.900000095367432,-0.8999999761581421,3.3165479731608816,-2.1494020607496886,-2.147021886902918,-2.1476169303646104,1.1695260862579635,1.167145912411193,1.1695260862579637,1.1689310427962711,-1.236049646,-0.762425
Monte Morris,2020-21,1151.0,0.4000000059604645,-0.2000000029802322,0.2000000029802322,0.6296134342751986,0.2772003427951044,0.20305309693650503,0.22158990840115483,0.8326665312117036,0.906813777070303,0.8326665312117036,0.8512033426763534,-0.626465327,-0.072153258
Larry Nance Jr.,2020-21,1091.0,-2.5,2.799999952316284,0.3000000119209289,-1.4851131582484545,2.639783597270668,2.5310353631116005,2.5582224216513674,1.045922204863146,1.1546704390222136,1.045922204863146,1.073109263402913,1.862556637,0.863751772
Josh Okogie,2020-21,1111.0,-1.7000000476837158,1.7999999523162842,0.2000000029802322,-2.242953742263145,0.8238526124637056,0.754092871778693,0.7715328069499461,-1.488860870484452,-1.4191011297994396,-1.4888608704844521,-1.471420935313199,0.165996949,-2.084077265
Tyrese Haliburton,2020-21,1746.0,1.5,-2.5,-1.0,1.1612801748320418,-1.2209203660602166,-1.4128708375121142,-1.3648832196491396,-0.2515906626800723,-0.059640191228174766,-0.25159066268007235,-0.2036030448170978,-1.075798685,0.0145363
Victor Oladipo,2020-21,1080.0,-1.5,1.5,0.0,-0.5944503085631859,1.930690266041709,2.078209816122181,2.041329928602063,1.483759507558995,1.336239957478523,1.4837595075589953,1.4468796200388772,0.3506245414527777,0.1777980309861111
Reggie Bullock,2020-21,1707.0,-0.3000000119209289,-0.699999988079071,-1.0,-0.4604611623940491,-0.5495180106894724,-0.5155836748794886,-0.5240672588319846,-0.9760448372735376,-1.0099791730835215,-0.9760448372735377,-0.9845284212260337,0.32542554,0.520541311
Kentavious Caldwell-Pope,2020-21,1700.0,-0.8999999761581421,-0.1000000014901161,-1.0,-0.0737693281178517,0.5997167563635128,0.5555459355323238,0.566588640740121,0.4817766074144722,0.5259474282456611,0.4817766074144721,0.49281931262226936,1.353344256,0.957937393
Derrick Jones Jr.,2020-21,1288.0,-1.7999999523162842,1.399999976158142,-0.4000000059604645,-1.701817974893655,0.0968542703159335,0.051496647307863574,0.06283605305988106,-1.6503213275857915,-1.6049637045777216,-1.6503213275857915,-1.638981921833774,-0.588955179,-1.46556277
Cory Joseph,2020-21,1395.0,-1.0,0.4000000059604645,-0.6000000238418579,-1.0303174839011515,-0.2181358800152057,-0.23031303281852955,-0.22726874461769858,-1.2606305167196812,-1.2484533639163573,-1.2606305167196812,-1.2575862285188502,-0.824615004118949,-2.077826614637621
Kendrick Nunn,2020-21,1505.0,0.4000000059604645,-1.2000000476837158,-0.800000011920929,0.8577697323096617,-0.3829857439156853,-0.4113299014815298,-0.4042438620900687,0.4464398308281318,0.4747839883939764,0.4464398308281319,0.453525870219593,-0.341471405,-0.739662533
Naz Reid,2020-21,1232.0,-1.399999976158142,1.0,-0.5,-1.307151271588538,0.6686528306711526,0.7414714169984682,0.7232667704166392,-0.5656798545900699,-0.6384984409173855,-0.5656798545900699,-0.5838845011718988,-1.515724008,-2.568033798
Seth Curry,2020-21,1523.0,0.699999988079071,-1.600000023841858,-0.8999999761581421,1.3763798610350708,-1.2223560445453143,-1.1712166197113367,-1.1840014759198312,0.2051632413237341,0.1540238164897565,0.2051632413237341,0.19237838511523964,0.251114057,1.691593903
Payton Pritchard,2020-21,1160.0,0.6000000238418579,-0.8999999761581421,-0.4000000059604645,0.3308369368770951,-1.1981261248998265,-1.2295209716146283,-1.2216722599359278,-0.8986840347375331,-0.8672891880227314,-0.8986840347375331,-0.8908353230588326,-0.617689076,0.006101431
Hamidou Diallo,2020-21,1161.0,-0.800000011920929,0.3000000119209289,-0.5,-0.613228215492188,0.7618136964776459,0.8337467383826732,0.8157634779064162,0.2205185228904852,0.14858548098545787,0.22051852289048524,0.20253526241422826,0.3493193332202283,-0.7648050070905383
Darius Garland,2020-21,1778.0,0.1000000014901161,-1.399999976158142,-1.2999999523162842,0.8856496770963199,-0.6392148023566414,-0.627262597702483,-0.6302506488660226,0.2583870793938368,0.2464348747396785,0.25838707939383687,0.25539902823029736,-1.280562961,-1.825568454
Tyler Herro,2020-21,1472.0,-0.5,-0.6000000238418579,-1.100000023841858,0.0937747155016579,-0.7729937489428976,-0.7648659710156387,-0.7668979154974535,-0.6710912555139807,-0.6792190334412397,-0.6710912555139807,-0.6731231999957955,-0.326971438,-0.958603536
Robin Lopez,2020-21,1266.0,-1.2999999523162842,0.6000000238418579,-0.800000011920929,-1.096507265475222,0.6317098428586608,0.8939911399636452,0.8284208156873991,-0.2025161255115768,-0.4647974226165611,-0.20251612551157672,-0.2680864497878228,-2.047217249,-2.046641609
Terance Mann,2020-21,1215.0,-0.6000000238418579,0.0,-0.699999988079071,-0.7456667820455598,-0.1198632050845847,-0.04739823959536893,-0.06551448096767287,-0.7930650216409287,-0.8655299871301445,-0.7930650216409287,-0.8111812630132327,-0.140298009,0.266602252
Andre Iguodala,2020-21,1244.0,-2.299999952316284,1.5,-0.800000011920929,-2.393997624492457,1.6786122364888083,1.6269544714608526,1.6398689127178414,-0.767043153031604,-0.7153853880036487,-0.7670431530316044,-0.7541287117746156,1.464745943,-1.571588293
Tyus Jones,2020-21,1142.0,-0.1000000014901161,-0.6000000238418579,-0.699999988079071,-0.5530264999210721,0.2215619068687331,0.06572313958847038,0.10468283140853604,-0.4873033603326018,-0.331464593052339,-0.48730336033260174,-0.44834366851253604,-0.26372437,-0.340236845
P.J. Washington,2020-21,1743.0,-1.899999976158142,0.5,-1.399999976158142,-0.959090816601754,0.6194692891042813,0.5616253178655766,0.5760863106752527,-0.3974654987361774,-0.33962152749747265,-0.3974654987361774,-0.38300450592650126,1.463783112,-0.0227570339999999
Landry Shamet,2020-21,1267.0,-0.699999988079071,-0.3000000119209289,-1.0,-0.4009697216845456,-1.1019531622872842,-1.1236381166016425,-1.118216878023053,-1.524607838286188,-1.5029228839718298,-1.524607838286188,-1.5191865997075986,-1.267900693,-1.069607462
Dwight Howard,2020-21,1104.0,-2.0999999046325684,0.8999999761581421,-1.2000000476837158,-1.388570290295058,1.5202675274816562,1.689071244562365,1.6468703152921877,0.3005009542673069,0.1316972371865981,0.30050095426730694,0.2583000249971297,0.692376342,-3.212203921
Malik Beasley,2020-21,1214.0,0.8999999761581421,-2.400000095367432,-1.5,0.860888719730189,-2.151864586876402,-2.190936338713348,-2.1811684007541112,-1.330047618983159,-1.290975867146213,-1.330047618983159,-1.3202796810239223,-1.806824752,-0.704329486
Wendell Carter Jr.,2020-21,1296.0,-2.700000047683716,1.2000000476837158,-1.5,-2.173108681448671,0.8477870325470328,0.9753732647339105,0.943476706687191,-1.1977354167147602,-1.325321648901638,-1.1977354167147602,-1.22963197476148,-0.447255487024,-2.356795757256
Ricky Rubio,2020-21,1612.0,-1.2000000476837158,-0.6000000238418579,-1.7000000476837158,0.2276863123887302,0.1102745776458647,-0.11312002133422872,-0.057271371589205367,0.1145662910545015,0.3379608900345949,0.11456629105450147,0.17041494079952482,-0.052604031,-0.413905294
Desmond Bane,2020-21,1383.0,0.3000000119209289,-2.0,-1.7000000476837158,0.266865478237263,-0.7535817931350294,-0.9112205677692334,-0.8718108741106825,-0.6443550895319705,-0.4867163148977664,-0.6443550895319705,-0.6049453958734194,-0.420003881,-0.603157698
Jeff Green,2020-21,1726.0,-0.699999988079071,-1.2000000476837158,-2.0,-0.6583702245266089,-0.6424286110930529,-0.6414507131719833,-0.6416951876522508,-1.299820937698592,-1.3007988356196618,-1.299820937698592,-1.3000654121788595,-0.821254186,-0.051315611
Lauri Markkanen,2020-21,1181.0,-0.6000000238418579,-1.0,-1.600000023841858,-0.4231452981495532,-0.1308893670709854,-0.11627243131460424,-0.11992666525369952,-0.5394177294641574,-0.5540346652205386,-0.5394177294641574,-0.5430719634032527,-0.514309484,-0.038285
Mason Plumlee,2020-21,1474.0,-0.6000000238418579,-1.2000000476837158,-1.7999999523162842,0.1994829951279836,-0.7071527550262956,-0.7329387041174766,-0.7264922168446812,-0.533455708989493,-0.507669759898312,-0.533455708989493,-0.5270092217166976,0.653199291,0.218820833
Terrence Ross,2020-21,1347.0,-0.699999988079071,-1.0,-1.7000000476837158,0.7368056027469915,-0.5432247525793149,-0.5325435878072489,-0.5352138790002653,0.2042620149397426,0.19358085016767657,0.2042620149397426,0.20159172374672618,-0.121688309,-0.742449141
Russell Westbrook,2020-21,2165.0,0.0,-2.0999999046325684,-2.0999999046325684,1.5420750711124436,-0.179596940898909,-0.19857568328434086,-0.19383099768798287,1.3434993878281023,1.3624781302135345,1.3434993878281027,1.3482440734244607,0.793695432,0.8952448929999999
Deni Avdija,2020-21,1257.0,-2.5,0.699999988079071,-1.7999999523162842,-2.925960340590507,0.4813646311149586,0.511159173534338,0.5037105379294932,-2.4148011670561687,-2.444595709475548,-2.4148011670561687,-2.4222498026610135,0.4781726089999999,-2.459723325
Will Barton,2020-21,1736.0,-0.1000000014901161,-1.899999976158142,-2.0,0.9105370737794116,-1.0184773643359015,-1.0686385477722165,-1.0560982519131377,-0.1581014739928048,-0.1079402905564899,-0.15810147399280483,-0.14556117813372604,-0.113175297,-0.313251564
Bojan Bogdanovic,2020-21,2017.0,-0.699999988079071,-1.399999976158142,-2.200000047683716,1.019740562432853,-0.6477324907698078,-0.6087468918202619,-0.6184932915576484,0.4109936706125909,0.3720080716630453,0.4109936706125912,0.4012472708752046,-0.535341822,0.843255094
Goran Dragic,2020-21,1200.0,-0.699999988079071,-1.100000023841858,-1.7999999523162842,0.8310981619434674,-1.045015452858985,-1.0076818574732158,-1.0170152563196582,-0.1765836955297484,-0.2139172909155176,-0.1765836955297484,-0.18591709437619075,-0.90308812,-2.453851788
Aaron Holiday,2020-21,1136.0,-1.100000023841858,-0.6000000238418579,-1.7000000476837158,-1.0343427461771182,-0.5914641303826674,-0.5783333245747406,-0.5816160260267222,-1.6126760707518588,-1.6258068765597855,-1.6126760707518588,-1.6159587722038404,-0.977127304,-4.071656916
Elfrid Payton,2020-21,1399.0,-1.100000023841858,-1.0,-2.200000047683716,-1.1817581698562716,-0.7215285284093037,-0.6224469040287923,-0.6472173101239203,-1.804205073885064,-1.9032866982655752,-1.804205073885064,-1.8289754799801918,-0.657627697,-3.5357387469999995
Josh Richardson,2020-21,1657.0,-1.0,-1.2000000476837158,-2.299999952316284,-0.5728878460351793,-0.4051947516781879,-0.5827358886300751,-0.5383506043921032,-1.1556237346652545,-0.9780825977133671,-1.1556237346652543,-1.1112384504272825,0.105802277,0.139908914
Sterling Brown,2020-21,1229.0,-1.2999999523162842,-0.8999999761581421,-2.299999952316284,-0.6231439612072399,-0.2605758743890164,-0.15646934946302987,-0.1824959806945265,-0.7796133106702698,-0.8837198355962563,-0.7796133106702698,-0.8056399419017664,0.122146687,-0.969177427
Coby White,2020-21,1947.0,-1.5,-1.0,-2.5,-0.424269406562394,-0.9808644855061406,-0.9168186026255595,-0.9328300733457048,-1.3410880091879536,-1.4051338920685346,-1.3410880091879536,-1.3570994799080989,-1.184717632,-2.943404217
Carmelo Anthony,2020-21,1602.0,0.1000000014901161,-2.5,-2.400000095367432,0.8211409030658449,-2.4974019925204325,-2.488239923291103,-2.4905304405984356,-1.6670990202252578,-1.6762610894545875,-1.6670990202252582,-1.6693895375325907,-1.628552789,-0.962664841
Saddiq Bey,2020-21,1732.0,-0.8999999761581421,-1.600000023841858,-2.5,-0.3305093173355239,-1.2516754866302664,-1.2696389187299935,-1.2651480607050616,-1.6001482360655177,-1.5821848039657902,-1.6001482360655173,-1.5956573780405856,-0.508125545,-0.681077822
Kelly Oubre Jr.,2020-21,1687.0,-3.5999999046325684,1.2000000476837158,-2.5,-2.1855111257707804,1.1059146395534971,1.117217455711074,1.1143917516716797,-1.0682936700597063,-1.0795964862172833,-1.0682936700597065,-1.0711193740991007,-0.074763661,-1.514566315
Collin Sexton,2020-21,1927.0,0.2000000029802322,-2.700000047683716,-2.5,1.63076068749481,-1.7753941713449954,-1.7352040577580001,-1.7452515861547488,-0.1044433702631899,-0.14463348385018548,-0.10444337026319017,-0.11449089865993889,-1.979540817,0.215503219
John Wall,2020-21,1288.0,-0.8999999761581421,-1.5,-2.400000095367432,0.56601463846072,-0.9472468135644656,-0.8801629360683086,-0.8969339054423477,-0.3141482976075888,-0.38123217510374563,-0.31414829760758867,-0.33091926698162777,-1.197967161,-2.604117992
Lou Williams,2020-21,1364.0,0.699999988079071,-3.0999999046325684,-2.400000095367432,0.8171293232310362,-1.8045919499075824,-1.7802955640372524,-1.7863696605048347,-0.963166240806216,-0.9874626266765463,-0.9631662408062163,-0.9692403372737985,-1.4052549037167956,-2.24909722537175
Eric Bledsoe,2020-21,1945.0,-0.6000000238418579,-2.0,-2.5999999046325684,0.5550299503387272,-1.1297596906323253,-1.091382397823224,-1.1009767210254993,-0.5363524474844968,-0.5747297402935981,-0.5363524474844968,-0.5459467706867721,-0.472636403,-0.729900505
Keldon Johnson,2020-21,1795.0,-0.699999988079071,-1.899999976158142,-2.5999999046325684,-0.4578232906408006,-1.2405628204213253,-1.1997619151878662,-1.209962141496231,-1.6575852058286669,-1.698386111062126,-1.6575852058286669,-1.6677854321370316,-0.9046788,-1.570405799
Tristan Thompson,2020-21,1171.0,-2.0999999046325684,-0.4000000059604645,-2.5,-1.541479658378818,0.8937454641771386,0.8394224860453945,0.8530032305783304,-0.7020571723334235,-0.6477341942016793,-0.7020571723334235,-0.6884764278004876,0.077370355,-1.209175656
Marvin Bagley III,2020-21,1072.0,-1.899999976158142,-0.800000011920929,-2.700000047683716,-1.0471234071965625,-0.6640820210404029,-0.6622772412558467,-0.6627284362019857,-1.7094006484524091,-1.7112054282369655,-1.7094006484524091,-1.7098518433985483,-1.64206501,-1.687170574
Bryn Forbes,2020-21,1271.0,0.800000011920929,-3.5999999046325684,-2.799999952316284,0.7737930972284284,-2.257291300140293,-2.273109351022515,-2.2691548383019597,-1.499316253794087,-1.4834982029118646,-1.4993162537940865,-1.4953617410735314,-1.992479156,-0.7905123269999998
Solomon Hill,2020-21,1438.0,-2.400000095367432,-0.4000000059604645,-2.799999952316284,-2.347623067935478,0.017708139238654,-0.08330462965395577,-0.058051437430803314,-2.430927697589434,-2.329914928696824,-2.430927697589434,-2.4056745053662816,0.11866295,-2.346722072
Gary Trent Jr.,2020-21,1735.0,0.0,-2.799999952316284,-2.799999952316284,0.4355727729005118,-1.9838447367134089,-2.0479606039018,-2.031931637104702,-1.612387831001288,-1.5482719638128972,-1.6123878310012882,-1.5963588642041904,-1.307544688794673,-0.6351807130233074
Jaden McDaniels,2020-21,1413.0,-1.7000000476837158,-1.2000000476837158,-2.900000095367432,-1.215530112941985,0.1265529072835017,0.15638353959678108,0.14892588151846123,-1.059146573345204,-1.0889772056584834,-1.059146573345204,-1.0666042314235238,-0.028935108,-2.587791259
Markieff Morris,2020-21,1162.0,-2.5999999046325684,-0.3000000119209289,-2.900000095367432,-1.6804528450838678,-0.4218608864835416,-0.3348293952966283,-0.3565872680933566,-2.015282240380496,-2.1023137315674094,-2.015282240380496,-2.037040113177224,0.534954677,-2.589899011
Doug McDermott,2020-21,1462.0,0.4000000059604645,-3.400000095367432,-3.0,0.6925591388384339,-2.4466863964311183,-2.410644218570739,-2.419654763035834,-1.7180850797323055,-1.7541272575926845,-1.718085079732305,-1.7270956241974003,-2.821823487,-1.011818051
Svi Mykhailiuk,2020-21,1226.0,-1.7000000476837158,-1.399999976158142,-3.0999999046325684,-1.1800480478699888,-0.6216876330714937,-0.5826270790240088,-0.59239221753588,-1.7626751268939975,-1.8017356809414826,-1.7626751268939977,-1.7724402654058689,-0.4978905842990936,-2.4033464363806645
Cedi Osman,2020-21,1415.0,-1.2999999523162842,-1.7000000476837158,-3.0,-0.5894313363161711,-0.7837335290617694,-0.8327344704284757,-0.8204842350867991,-1.4221658067446468,-1.3731648653779405,-1.4221658067446468,-1.40991557140297,-1.135696047,-3.1038648400000004
Kyle Kuzma,2020-21,1808.0,-2.799999952316284,-0.3000000119209289,-3.0999999046325684,-1.6122310453283502,-0.1200735404893704,-0.06600718125052615,-0.07952377106023721,-1.6782382265788762,-1.7323045858177206,-1.6782382265788762,-1.6917548163885874,-0.063579992,-1.641327449
Rui Hachimura,2020-21,1636.0,-2.799999952316284,-0.6000000238418579,-3.400000095367432,-2.3141230942121767,-0.5274142555529558,-0.5379416643486037,-0.5353098121496916,-2.8520647585607803,-2.8415373497651326,-2.8520647585607803,-2.8494329063618684,-0.362334438,-1.18999791
Luke Kennard,2020-21,1153.0,0.699999988079071,-4.199999809265137,-3.5999999046325684,0.1138065766723837,-3.512639940814431,-3.4842660236276455,-3.4913595029243423,-3.3704594469552616,-3.398833364142047,-3.3704594469552616,-3.3775529262519584,-1.117025327,-0.810651198
DeAndre Jordan,2020-21,1241.0,-3.0,-0.6000000238418579,-3.700000047683716,-1.797157656660176,-0.5778858216361417,-0.4279896270932518,-0.4654636757289742,-2.225147283753428,-2.3750434782963175,-2.2251472837534276,-2.26262133238915,-0.414184343,-2.058390078
Patrick Williams,2020-21,1830.0,-3.5,-0.4000000059604645,-3.799999952316284,-2.6171820832317585,-0.6289465092342021,-0.7054266116425519,-0.6863065860404645,-3.3226086948743103,-3.2461285924659604,-3.3226086948743103,-3.303488669272223,0.140399638,-2.497359676
Cole Anthony,2020-21,1107.0,-2.299999952316284,-2.5,-4.699999809265137,-0.5693264283142124,-1.7336127784277835,-1.6479836894391178,-1.669390961686284,-2.21731011775333,-2.302939206741996,-2.21731011775333,-2.2387173900004966,-1.461959949,-4.932383117
Bismack Biyombo,2020-21,1244.0,-5.599999904632568,1.0,-4.599999904632568,-3.5821205303942896,0.421176436320928,0.5011831109734205,0.48118144231029736,-3.080937419420869,-3.1609440940733617,-3.080937419420869,-3.100939088083992,-0.997721257,-5.337015237
Anthony Edwards,2020-21,2098.0,-1.2000000476837158,-2.799999952316284,-4.0,0.9906658592373252,-1.4116047992812495,-1.4409293451710674,-1.433598208698613,-0.4502634859337427,-0.4209389400439243,-0.4502634859337422,-0.4429323494612878,-0.672019449,-0.923107877
Isaiah Roby,2020-21,1319.0,-3.700000047683716,-1.2999999523162842,-5.0,-2.767031112986248,-0.4002607134503171,-0.4059890721725116,-0.40455698249196304,-3.173020185158759,-3.167291826436565,-3.1730201851587596,-3.171588095478211,0.0960828899999999,-3.099382388
Dwayne Bacon,2020-21,1702.0,-2.900000095367432,-1.7000000476837158,-4.599999904632568,-1.685959011426281,-1.3479935796623836,-1.2826554015142602,-1.298989946051291,-2.968614412940541,-3.0339525910886644,-2.968614412940541,-2.984948957477572,-1.168169777,-3.072633432
Isaac Okoro,2020-21,1954.0,-2.799999952316284,-1.600000023841858,-4.5,-1.8862425076025016,-1.0477452281714248,-1.0688679687709604,-1.0635872836210765,-2.9551104763734624,-2.9339877357739264,-2.955110476373462,-2.949829791223578,-0.501349278,-2.970787396
P.J. Tucker,2020-21,1254.0,-4.599999904632568,-0.8999999761581421,-5.5,-3.6515447333227926,0.728116368352209,0.6019943457608163,0.6335248514086644,-3.0495503875619763,-2.9234283649705834,-3.0495503875619763,-3.018019881914128,-0.0631019408207964,-3.784680845438053
Darius Bazley,2020-21,1592.0,-4.199999809265137,-0.800000011920929,-5.0,-2.6136877510717427,-0.5913720444239696,-0.47160716744183223,-0.5015483866873666,-3.0852949185135747,-3.2050597954957123,-3.0852949185135747,-3.1152361377591093,-0.664443745,-4.693468984
Lonnie Walker IV,2020-21,1330.0,-1.7000000476837158,-3.5999999046325684,-5.400000095367432,-0.9481557885798302,-2.550880263392589,-2.5364772827934883,-2.5400780279432635,-3.4846330713733185,-3.499036051972419,-3.4846330713733185,-3.4882338165230937,-1.39833973,-3.211169718
Theo Maledon,2020-21,1685.0,-4.900000095367432,-2.700000047683716,-7.599999904632568,-3.4543911944632684,-1.7939972177626184,-1.7614779704822419,-1.7696077823023357,-5.21586916494551,-5.248388412225887,-5.21586916494551,-5.223998976765604,-1.535017173,-6.337293465
Nikola Jokic,2021-22,2476.0,9.0,5.900000095367432,14.899999618530272,7.081885003374009,3.523950703001548,3.5850274594097877,3.5697582703077275,10.666912462783795,10.605835706375558,10.666912462783797,10.651643273681737,1.970154961,8.497035467
Jayson Tatum,2021-22,2705.0,4.800000190734863,1.7000000476837158,6.599999904632568,4.200308289546671,1.2222597036755891,1.3393665013142866,1.3100898019046125,5.539674790860957,5.42256799322226,5.539674790860957,5.510398091451283,1.40945067,5.404927437
Joel Embiid,2021-22,2297.0,4.300000190734863,3.5999999046325684,7.900000095367432,3.673819756944808,3.4185190919441024,3.47401535462146,3.46014128895212,7.147835111566268,7.092338848888911,7.147835111566268,7.133961045896928,1.207417363,5.748096706
Giannis Antetokounmpo,2021-22,2204.0,5.699999809265137,2.0999999046325684,7.800000190734863,4.908729166908196,2.26810046482902,2.216581174834001,2.2294609973327555,7.125310341742197,7.176829631737216,7.125310341742197,7.138190164240951,1.324225961,7.610343699
Luka Doncic,2021-22,2272.0,5.800000190734863,0.3000000119209289,6.099999904632568,5.383292404096782,-0.8897975025431232,-0.8202442817185658,-0.837632586924705,4.563048122378216,4.4934949015536585,4.563048122378216,4.545659817172076,0.554488063,3.511674003
Rudy Gobert,2021-22,2091.0,0.2000000029802322,6.900000095367432,7.0,0.4298432985353203,4.249798058451376,4.355566616396356,4.32912447691011,4.785409914931676,4.679641356986696,4.785409914931676,4.75896777544543,2.940633117,4.042211856
Stephen Curry,2021-22,2211.0,5.699999809265137,0.5,6.199999809265137,5.853542823559706,0.7181347502558252,0.7297546891526023,0.726849704428408,6.583297512712308,6.571677573815531,6.583297512712308,6.5803925279881135,0.843276147,4.428139982
Fred VanVleet,2021-22,2462.0,3.5,1.7000000476837158,5.300000190734863,2.406588063181714,1.179622318277281,1.1807693190853885,1.1804825688833616,3.5873573822671023,3.5862103814589945,3.5873573822671023,3.5870706320650756,0.571157746,2.421092322
Trae Young,2021-22,2618.0,7.599999904632568,-3.0,4.599999904632568,7.413186515816304,-2.1245910163834183,-2.1636719512892704,-2.1539017175628072,5.249514564527034,5.288595499432885,5.249514564527034,5.259284798253496,-2.665185159,3.338392727
Jrue Holiday,2021-22,2207.0,4.0,1.5,5.5,3.767874573862611,1.2967391688762069,1.3267165515143438,1.3192222058548095,5.0945911253769545,5.064613742738818,5.0945911253769545,5.08709677971742,1.127628924,4.481895032
Devin Booker,2021-22,2345.0,4.300000190734863,0.4000000059604645,4.699999809265137,3.967685305480042,-0.3082286125325735,-0.21887449878029505,-0.24121302721836466,3.7488108066997463,3.659456692947469,3.748810806699747,3.7264722782616775,0.4575444399999999,4.51942417
Kevin Durant,2021-22,2007.0,5.0,0.699999988079071,5.699999809265137,5.276142603821167,0.5955227733221511,0.5933805748026267,0.5939161244325079,5.869523178623793,5.8716653771433185,5.869523178623794,5.870058728253675,-0.074661458,5.314995621
Darius Garland,2021-22,2407.0,4.5,-0.3000000119209289,4.300000190734863,4.406896946665342,-0.03934988700212,0.01359967649161084,0.00036228561817813407,4.420496623156953,4.367547059663222,4.420496623156953,4.40725923228352,0.178507519,3.306022135
Mikal Bridges,2021-22,2848.0,1.7999999523162842,0.8999999761581421,2.799999952316284,0.784743455819279,0.5207870395049795,0.5158896491873851,0.5171139967667837,1.3006331050066642,1.3055304953242586,1.3006331050066642,1.3018574525860627,1.423116952,3.482091191
LeBron James,2021-22,2084.0,4.599999904632568,0.0,4.599999904632568,4.2373505642199065,-0.0379638038110993,-0.07217062553565562,-0.06361892010451654,4.1651799386842505,4.1993867604088075,4.1651799386842505,4.1737316441153895,-0.487434283,3.510844131
Derrick White,2021-22,2180.0,0.800000011920929,3.200000047683716,3.900000095367432,0.1920175756508479,2.383569258648315,2.4543104847990014,2.43662517826133,2.646328060449849,2.5755868342991626,2.646328060449849,2.6286427539121777,0.7476528047021372,1.8755443583383355
Terry Rozier,2021-22,2427.0,2.700000047683716,0.3000000119209289,3.0,2.309253880393906,0.1892844498044476,0.085610148181001,0.11152872358686267,2.3948640285749074,2.498538330198354,2.3948640285749074,2.420782603980769,-0.445779609,2.539378722
Marcus Smart,2021-22,2270.0,1.2999999523162842,2.0,3.299999952316284,0.9779605947153716,1.8714662635196624,1.8636424880097504,1.8655984318872285,2.8416030827251224,2.849426858235034,2.841603082725122,2.8435590266026,2.121819801,2.503315291
Desmond Bane,2021-22,2266.0,2.700000047683716,0.5,3.200000047683716,2.092948709911038,0.1868355153023717,0.20755796194215848,0.20237735028221177,2.300506671853197,2.27978422521341,2.3005066718531966,2.29532606019325,0.571206809,3.414974536
Mike Conley,2021-22,2033.0,2.700000047683716,1.2000000476837158,3.900000095367432,1.8101987145209333,1.9643525970780735,1.8324707048900768,1.8654411779370759,3.6426694194110105,3.774551311599007,3.64266941941101,3.675639892458009,0.577194594,3.283017262
Dejounte Murray,2021-22,2334.0,3.0999999046325684,-0.1000000014901161,3.0,3.0615059924722714,0.6317916421227086,0.4573040687020862,0.5009259620572418,3.518810061174358,3.69329763459498,3.5188100611743574,3.5624319545295133,1.509399325,4.433373318
Chris Paul,2021-22,2139.0,4.099999904632568,-0.5,3.5999999046325684,3.0927072635802464,0.6669348281205191,0.6187411832712151,0.630789594483541,3.7114484468514615,3.7596420917007656,3.7114484468514615,3.7234968580637875,2.103792175,6.178649597
Jakob Poeltl,2021-22,1941.0,1.7000000476837158,2.5,4.199999809265137,1.4602738764537586,1.4806428361495456,1.8298116847304398,1.7425194725852162,3.290085561184199,2.940916712603304,3.290085561184198,3.202793349038975,0.767303224,1.015660069
Domantas Sabonis,2021-22,2136.0,1.2999999523162842,2.299999952316284,3.5999999046325684,0.2890860028183739,1.371544534777963,1.3586762585835923,1.3618933276321847,1.647762261401966,1.6606305375963368,1.6477622614019662,1.6509793304505587,-0.2928687542584269,2.153954726887641
Jimmy Butler,2021-22,1931.0,3.299999952316284,0.800000011920929,4.099999904632568,2.912287100249068,1.0098118794740565,0.8991870605632672,0.9268432652909645,3.811474160812336,3.922098979723124,3.811474160812335,3.8391303655400324,1.290457873,6.475425641
Jarrett Allen,2021-22,1809.0,0.2000000029802322,4.199999809265137,4.400000095367432,-0.5364349638343843,3.0524309127730107,3.1294575559804985,3.1102008951786266,2.5930225921461143,2.5159959489386265,2.5930225921461143,2.5737659313442425,1.466726777,2.965744463
Miles Bridges,2021-22,2809.0,1.899999976158142,-0.1000000014901161,1.7999999523162842,1.5862527451795048,0.1211477526287873,0.1271089798917181,0.12561867307598534,1.713361725071223,1.7074004978082922,1.713361725071223,1.7118714182554902,-0.332990804,1.248578694
Al Horford,2021-22,1981.0,-0.2000000029802322,3.799999952316284,3.700000047683716,-0.1285855742754744,2.888849473127342,2.9241703839377333,2.9153401562351355,2.795584809662259,2.7602638988518677,2.795584809662259,2.786754581959661,2.374486752,1.963557477
Jaylen Brown,2021-22,2197.0,1.600000023841858,1.2000000476837158,2.799999952316284,1.4072111335830495,0.9568700685503794,0.9696490167063598,0.9664542796673647,2.3768601502894096,2.3640812021334288,2.376860150289409,2.3736654132504142,0.788277258,3.579150273
Tyrese Haliburton,2021-22,2655.0,2.799999952316284,-0.8999999761581421,1.899999976158142,1.7433224433657566,-0.4248704961968699,-0.7507334509212156,-0.6692677122401292,0.992588992444541,1.3184519471688867,0.992588992444541,1.0740547311256274,0.0861947197558441,3.006478867020779
Kyle Lowry,2021-22,2133.0,2.200000047683716,0.800000011920929,2.900000095367432,2.237409894074601,0.8707667229783035,0.8795883338647272,0.8773829311431212,3.1169982279393285,3.1081766170529046,3.1169982279393285,3.114792825217722,0.709153983,1.760221481
Karl-Anthony Towns,2021-22,2476.0,3.400000095367432,-1.2999999523162842,2.0999999046325684,3.7287915508887415,0.3964133180380356,0.3778338830091268,0.382478741766354,4.106625433897868,4.125204868926777,4.106625433897868,4.111270292655096,-0.058449125,2.891671244
DeMar DeRozan,2021-22,2743.0,3.900000095367432,-2.299999952316284,1.600000023841858,3.5043448683073763,-1.4865499755818652,-1.5230804127603612,-1.513947803465737,1.9812644555470151,2.017794892725511,1.9812644555470151,1.9903970648416394,-1.554766585,2.707322069
Bam Adebayo,2021-22,1825.0,-0.2000000029802322,3.900000095367432,3.700000047683716,-0.0783186036293159,2.928558763396923,2.8418147329917356,2.8635007405930324,2.7634961293624194,2.850240159767607,2.76349612936242,2.7851821369637166,2.250844735,3.337893757
Anthony Edwards,2021-22,2448.0,1.7999999523162842,0.2000000029802322,2.0,1.805961794029896,-0.4150328706861467,-0.49170917424720695,-0.4725400983569419,1.3142526197826894,1.3909289233437492,1.314252619782689,1.333421695672954,0.467934489,2.289572153
LaMelo Ball,2021-22,2393.0,2.5999999046325684,-0.699999988079071,2.0,2.905937463013995,0.0871768856555379,-0.06948495023687178,-0.030319491263769337,2.836452512777123,2.9931143486695326,2.836452512777123,2.8756179717502257,-0.090628466,1.674381624
Alec Burks,2021-22,2278.0,1.100000023841858,1.2999999523162842,2.400000095367432,0.9057810298503816,0.8494339786767652,0.8677047489115857,0.8631370563528804,1.7734857787619671,1.7552150085271467,1.7734857787619673,1.768918086203262,1.568351162,2.407299569
James Harden,2021-22,2419.0,3.5,-1.600000023841858,2.0,3.935404238884177,-0.6829514209779642,-0.7099064015952579,-0.7031676564409344,3.22549783728892,3.252452817906213,3.225497837288919,3.2322365824432424,0.2192855612922695,2.655210821412154
Immanuel Quickley,2021-22,1761.0,2.0999999046325684,1.600000023841858,3.700000047683716,2.4971382498351486,0.9366011911957602,1.0709835500711211,1.0373879603522809,3.5681217999062698,3.433739441030909,3.5681217999062698,3.5345262101874297,0.368586547,1.4045048700000002
Jalen Brunson,2021-22,2499.0,2.299999952316284,-0.5,1.7999999523162842,2.1004284011141774,-0.873828225829531,-0.8404369099541853,-0.8487847389230218,1.259991491159992,1.2266001752846463,1.259991491159992,1.2516436621911557,0.058388081,2.909478921
CJ McCollum,2021-22,2140.0,3.299999952316284,-0.800000011920929,2.400000095367432,2.711781510455333,-0.6195821180324851,-0.6757328686005251,-0.661695180958515,2.036048641854808,2.092199392422848,2.0360486418548076,2.0500863294968177,-0.7984834577086246,2.295573658877389
Ja Morant,2021-22,1889.0,4.599999904632568,-1.600000023841858,3.0,4.140099224680959,-0.8716286996013881,-0.9113160754391192,-0.9013942314796863,3.22878314924184,3.268470525079571,3.22878314924184,3.238704993201273,-1.279773679,2.738962044
Mitchell Robinson,2021-22,1848.0,0.5,2.5999999046325684,3.0999999046325684,0.5010296399055206,1.38506923475294,1.350267857880719,1.3589682020987741,1.8512974977862395,1.8860988746584608,1.8512974977862395,1.8599978420042946,1.569287974,1.398182653
Donovan Mitchell,2021-22,2266.0,4.599999904632568,-2.700000047683716,1.899999976158142,4.853436455696684,-1.4737454847883389,-1.6741526286416022,-1.6240508426782863,3.179283827055082,3.3796909709083454,3.179283827055082,3.229385613018398,-0.22298918,4.394153221
Royce O'Neale,2021-22,2379.0,0.5,1.2000000476837158,1.7000000476837158,-0.4681082215500283,1.0479213725590055,0.9447003077844605,0.9705055739780967,0.4765920862344321,0.5798131510089772,0.47659208623443217,0.5023973524280684,1.178147235,1.063422684
Clint Capela,2021-22,2018.0,0.5,1.7999999523162842,2.400000095367432,0.29417865335277,1.2496398526274903,1.1644810795533727,1.185770772821902,1.4586597329061428,1.5438185059802603,1.4586597329061426,1.479949426174672,1.294792731,1.57435184
Robert Williams III,2021-22,1804.0,0.3000000119209289,2.700000047683716,3.0,0.4495337506943,3.13277350953026,3.0212328625071176,3.0491180242629032,3.470766613201418,3.5823072602245603,3.470766613201418,3.498651774957203,3.164147506,4.229681183
Josh Hart,2021-22,2335.0,-1.100000023841858,2.700000047683716,1.600000023841858,-0.1097241406647583,-0.7646366054441386,-0.6146143389099488,-0.6521199055434962,-0.7243384795747071,-0.8743607461088969,-0.7243384795747071,-0.7618440462082545,-0.0964441121306532,0.875710717152429
Pascal Siakam,2021-22,2578.0,1.7000000476837158,-0.5,1.2000000476837158,2.129564592440703,0.3134100746708038,0.4269824215531471,0.3985893348325612,2.55654701399385,2.442974667111507,2.55654701399385,2.528153927273264,0.418169125,2.736343591
Gary Payton II,2021-22,1230.0,1.0,4.300000190734863,5.400000095367432,0.212869066054476,2.94124520766059,2.6953381013255084,2.7568148779092785,2.9082071673799845,3.154114273715066,2.9082071673799845,2.9696839439637546,3.973359718,5.992502462
Steven Adams,2021-22,1999.0,1.7000000476837158,0.5,2.200000047683716,1.1679410358746134,1.1127901694045967,1.0566656439392987,1.0706967753056231,2.2246066798139124,2.28073120527921,2.2246066798139124,2.2386378111802365,0.891401504,0.481586368
Patrick Beverley,2021-22,1461.0,2.0999999046325684,1.899999976158142,4.0,1.585019045811874,1.3576271848261892,1.3625706931119732,1.3613348160405272,2.9475897389238472,2.942646230638063,2.9475897389238472,2.9463538618524012,1.202598169,1.4779706390000005
Jordan Clarkson,2021-22,2112.0,2.400000095367432,-0.5,2.0,2.333723396823973,9.235732577865068e-06,-0.003434525771539798,-0.0025735853955103807,2.330288871052433,2.3337326325565506,2.330288871052433,2.3311498114284626,-0.136602942,1.360639278
Cameron Johnson,2021-22,1707.0,1.0,2.0,3.0,0.4610755428968764,1.452516429534432,1.3794053248383213,1.397683101012349,1.8404808677351985,1.9135919724313084,1.8404808677351978,1.8587586439092254,0.44155506,1.547057407
Garrison Mathews,2021-22,1680.0,1.0,2.0,3.0,0.7161544463148193,-0.2077458678386975,-0.14992363910050222,-0.16437919628505102,0.566230807214317,0.5084085784761218,0.5662308072143171,0.5517752500297682,-0.424021399,-0.456016942
Jonas Valanciunas,2021-22,2240.0,0.8999999761581421,0.800000011920929,1.600000023841858,0.4240407610425066,1.2828143703525383,1.319897243080068,1.3106265248981854,1.7439380041225745,1.7068551313950449,1.7439380041225745,1.734667285940692,-0.18817934,0.097759208
Moritz Wagner,2021-22,2429.0,0.6000000238418579,0.699999988079071,1.2999999523162842,0.558131782296268,-1.5150481332297556,-1.1824546824099966,-1.2656030451149363,-0.6243229001137284,-0.9569163509334876,-0.6243229001137286,-0.7074712628186682,-1.338823454,-1.3714620520000005
Andrew Wiggins,2021-22,2329.0,-0.3000000119209289,1.7000000476837158,1.5,-0.0837880958089754,1.599380083414987,1.557683531580809,1.5681076695393532,1.4738954357718337,1.5155919876060115,1.4738954357718337,1.4843195737303778,0.782752659,1.67060362
Jarred Vanderbilt,2021-22,1866.0,0.4000000059604645,2.0,2.400000095367432,-0.2440855263023746,2.057768927361003,1.927603151875515,1.9601445957468868,1.6835176255731408,1.8136834010586282,1.6835176255731403,1.7160590694445121,2.369203541,2.026190703
Dorian Finney-Smith,2021-22,2616.0,0.5,0.4000000059604645,0.8999999761581421,0.2092476126506426,0.5133733910147679,0.4736425924189356,0.4835752920678936,0.6828902050695781,0.7226210036654105,0.6828902050695782,0.6928229047185362,1.084558426,1.213038345
De'Anthony Melton,2021-22,1633.0,0.699999988079071,2.200000047683716,2.900000095367432,0.4027155536600624,1.6649514929562568,1.5332535054514345,1.5661780023276402,1.9359690591114969,2.067667046616319,1.9359690591114969,1.9688935559877025,2.30486887,2.467276514
Jusuf Nurkic,2021-22,1579.0,-0.3000000119209289,3.400000095367432,3.0999999046325684,-0.1398200544907571,2.571782500348942,2.437195123210499,2.4708419674951094,2.297375068719742,2.431962445858185,2.297375068719742,2.3310219130043524,0.816430158,0.174406113
D'Angelo Russell,2021-22,2077.0,2.799999952316284,-1.100000023841858,1.7000000476837158,2.74414081934681,-1.1688809078608784,-1.1581077295518818,-1.1608010241291309,1.5860330897949286,1.5752599114859318,1.5860330897949284,1.5833397952176793,-0.949269311,0.926258095
Jaren Jackson Jr.,2021-22,2126.0,-0.3000000119209289,1.899999976158142,1.600000023841858,-0.1012677258604035,2.4282329197684405,2.308131923311325,2.338157172425604,2.206864197450922,2.326965193908037,2.2068641974509218,2.2368894465652005,2.123068689,0.783400881
Khris Middleton,2021-22,2141.0,2.200000047683716,-0.699999988079071,1.5,2.7743665199777343,-0.065939228090934,-0.0894551423288836,-0.0835761637693962,2.6849113776488505,2.7084272918868004,2.684911377648851,2.690790356208338,0.121308939,2.825686588
Gary Trent Jr.,2021-22,2417.0,1.600000023841858,-0.6000000238418579,1.100000023841858,1.496309663713495,0.0445745492104543,-0.3079501647405778,-0.21981898625281973,1.1883594989729171,1.5408842129239493,1.1883594989729171,1.2764906774606752,0.823770713,2.609248472
Robert Covington,2021-22,1927.0,-0.800000011920929,2.700000047683716,1.899999976158142,-1.218728293460192,2.5024508435398256,2.363139889522266,2.397967628026656,1.144411596062074,1.2837225500796337,1.144411596062074,1.179239334566464,2.9883082002407217,1.0616319995103096
Shai Gilgeous-Alexander,2021-22,1942.0,2.799999952316284,-0.8999999761581421,1.899999976158142,3.0838193914423315,-0.782749972271266,-0.7558141706894632,-0.7625481210849139,2.3280052207528685,2.3010694191710654,2.3280052207528685,2.3212712703574176,-0.348177966,1.475308297
Bobby Portis,2021-22,2028.0,0.800000011920929,1.0,1.7999999523162842,0.8768646137982105,1.4312675682658014,1.3831166454165158,1.3951543761288372,2.2599812592147264,2.308132182064012,2.2599812592147264,2.2720189899270475,0.792456214,0.587737353
Alex Caruso,2021-22,1147.0,0.3000000119209289,4.699999809265137,4.900000095367432,-0.8778577623251688,2.9815575833868917,2.897134034190786,2.9182399214898123,2.0192762718656176,2.103699821061723,2.019276271865617,2.0403821591646434,2.454808819,2.434299546
Tyler Herro,2021-22,2151.0,2.0999999046325684,-0.800000011920929,1.2999999523162842,1.7654800924601843,-1.106919862601347,-1.0488924065801601,-1.063399270585457,0.7165876858800242,0.6585602298588373,0.7165876858800242,0.7020808218747274,-0.12025251,1.328843671
Keldon Johnson,2021-22,2358.0,1.2999999523162842,-0.3000000119209289,1.0,0.6384565051475216,-0.3230180399460201,-0.38145112678204696,-0.3668428550730402,0.2570053783654746,0.31543846520150154,0.25700537836547466,0.2716136500744814,-0.294506203,1.008967198
Harrison Barnes,2021-22,2596.0,0.0,0.6000000238418579,0.6000000238418579,0.185446666928419,-1.845749493505349,-1.8196402363582311,-1.8261675506450104,-1.6341935694298124,-1.66030282657693,-1.6341935694298122,-1.6407208837165914,-1.763060006,-0.683921805
Montrezl Harrell,2021-22,1618.0,2.0,0.6000000238418579,2.5999999046325684,0.8460054246593947,1.5063479850696042,1.4996639642801721,1.5013349694775302,2.345669388939567,2.352353409728999,2.345669388939567,2.347340394136925,-1.174794491981109,1.8112300999750155
Bogdan Bogdanovic,2021-22,1821.0,2.5,-0.6000000238418579,1.899999976158142,2.233018184236081,-0.0529361975501009,-0.15246951453186627,-0.1275861852864249,2.080548669704215,2.18008198668598,2.0805486697042146,2.105431998949656,0.096098761,2.29397217
Paul George,2021-22,1077.0,1.100000023841858,3.900000095367432,4.900000095367432,1.1667947174681892,2.628600012796316,2.518357048196511,2.545917789346462,3.685151765664701,3.7953947302645052,3.6851517656647004,3.7127125068146514,2.237075728,2.84646471
Jordan Poole,2021-22,2255.0,1.899999976158142,-1.0,0.8999999761581421,1.593199857470675,-0.979463254713893,-0.9520088227556448,-0.9588724307452068,0.64119103471503,0.613736602756782,0.6411910347150301,0.6343274267254682,-0.085349463,1.649429838
Jae Crowder,2021-22,1886.0,-0.3000000119209289,1.899999976158142,1.600000023841858,-0.5607650267704457,1.487141131452013,1.4908736177280946,1.489940496159074,0.9301085909576492,0.9263761046815674,0.9301085909576489,0.9291754693886284,3.00097205,1.679104406
Spencer Dinwiddie,2021-22,1962.0,1.7000000476837158,-0.2000000029802322,1.5,0.743982541850511,-0.69069146274073,-0.60646376144376,-0.6275206867680025,0.1375187804067509,0.05329107910978104,0.13751878040675103,0.1164618550825085,-0.9956365428080808,-0.3293558508333332
Otto Porter Jr.,2021-22,1396.0,0.699999988079071,2.299999952316284,3.0,-0.2868051566739727,2.12017259609188,1.9442000510899557,1.9881931873404364,1.6573948944159829,1.8333674394179074,1.657394894415983,1.7013880306664637,2.550243219,2.529763122
Matisse Thybulle,2021-22,1650.0,-2.0999999046325684,4.199999809265137,2.0999999046325684,-2.9982191066832264,3.32534982132085,3.1523119938377087,3.195571450708494,0.1540928871544826,0.32713071463762367,0.15409288715448222,0.19735234402526736,3.50957541,2.591484958000001
P.J. Tucker,2021-22,1981.0,-0.800000011920929,2.200000047683716,1.2999999523162842,-0.90359963814161,1.5567402071310552,1.5755948421804433,1.5708811834180962,0.6719952040388335,0.6531405689894452,0.6719952040388333,0.6672815452764862,1.111124427,0.254692961
Deni Avdija,2021-22,1953.0,-0.8999999761581421,2.0999999046325684,1.100000023841858,-1.0425451337291574,1.1990185634081951,1.245072870791197,1.2335592939454467,0.2025277370620395,0.15647342967903777,0.20252773706203975,0.19101416021628936,0.9557376749999998,-0.394591226
Kevin Love,2021-22,1650.0,1.600000023841858,0.2000000029802322,1.7999999523162842,1.53758004887245,0.739054410125156,0.7882014547103995,0.7759146935640886,2.3257815035828493,2.276634458997606,2.3257815035828493,2.3134947424365384,-0.379709233,-0.033459219
Wendell Carter Jr.,2021-22,1852.0,-0.4000000059604645,1.600000023841858,1.2000000476837158,-0.5382681159247332,2.2066902707041365,2.1217180832805353,2.1429611301364355,1.583449967355802,1.6684221547794031,1.583449967355802,1.6046930142117022,0.951979189,1.00533512
Buddy Hield,2021-22,2463.0,1.2999999523162842,-1.0,0.3000000119209289,0.703399212421575,-1.1852946957308852,-1.20850004809595,-1.2026987100046838,-0.505100835674375,-0.4818954833093102,-0.505100835674375,-0.49929949758310876,-0.823640621492197,-0.6261517192452983
Draymond Green,2021-22,1304.0,-1.7000000476837158,4.300000190734863,2.700000047683716,-1.0944117524481187,3.5723909273972523,3.627360477184966,3.613618089738037,2.532948724736848,2.477979174949134,2.5329487247368476,2.5192063372899183,3.341295505,1.600251169
Anthony Davis,2021-22,1404.0,-0.5,2.700000047683716,2.200000047683716,-0.9591384356979704,2.477104306648307,2.439542499493988,2.4489329512825675,1.4804040637960174,1.5179658709503365,1.4804040637960174,1.489794515584597,0.949758119,2.051264257
Terance Mann,2021-22,2292.0,-0.1000000014901161,0.4000000059604645,0.3000000119209289,-0.3414840345992342,1.0223892325751445,0.9810750830615536,0.9914036204399512,0.6395910484623192,0.6809051979759102,0.6395910484623193,0.649919585840717,0.280589101,0.752329848
Cody Martin,2021-22,1842.0,0.3000000119209289,0.8999999761581421,1.100000023841858,-0.4614225740136322,0.9085191930690478,0.9163849235300912,0.9144184909148302,0.4549623495164589,0.44709661905541564,0.454962349516459,0.452995916901198,0.512654842,0.6528408039999999
Lonzo Ball,2021-22,1212.0,0.1000000014901161,2.700000047683716,2.799999952316284,-0.1591836545269082,2.552208272372376,2.5048102499349345,2.5166597555442944,2.3456265954080258,2.3930246178454677,2.345626595408026,2.357476101017386,1.820822167,1.592041528
Brandon Clarke,2021-22,1246.0,1.600000023841858,1.100000023841858,2.700000047683716,0.7353644254968442,1.8735210584444992,1.7196874751468714,1.758145870971278,2.455051900643716,2.6088854839413433,2.4550519006437157,2.493510296468122,0.794963931,4.181283515
John Collins,2021-22,1663.0,0.699999988079071,0.699999988079071,1.399999976158142,-0.0683212646331608,1.0469078775127796,0.9656094921565997,0.9859340884956447,0.8972882275234387,0.9785866128796188,0.897288227523439,0.9176128238624839,-0.409059697,0.7590336480000001
Andre Drummond,2021-22,1417.0,-0.5,2.5,2.0,-1.0898232357091553,2.1004657534000035,2.1239947802108823,2.118112523508162,1.034171544501727,1.0106425176908482,1.034171544501727,1.0282892877990069,2.827974327025052,1.1570862429826023
Aaron Gordon,2021-22,2376.0,0.6000000238418579,-0.4000000059604645,0.2000000029802322,0.5052805358343925,0.1123177591903698,0.07874882980483056,0.08714106215121538,0.584029365639223,0.6175982950247623,0.584029365639223,0.5924215979856079,-0.179033524,0.600123807
Javonte Green,2021-22,1479.0,0.5,1.399999976158142,1.899999976158142,-0.4449627328235459,1.3968964868953149,1.2373236331572808,1.2772168465917892,0.7923609003337349,0.951933754071769,0.7923609003337349,0.8322541137682433,1.045940831,1.621651054
Luke Kennard,2021-22,1891.0,1.5,-0.6000000238418579,0.8999999761581421,1.3753727076188589,-0.5766937760236632,-0.6433313980231534,-0.6266719925232809,0.7320413095957055,0.7986789315951957,0.7320413095957055,0.748700715095578,0.100797429,1.478291297
Zach LaVine,2021-22,2328.0,2.799999952316284,-2.5999999046325684,0.2000000029802322,2.527243202964085,-1.99724085512452,-1.8513577048676397,-1.8878284924318598,0.6758854980964455,0.530002347839565,0.6758854980964453,0.6394147105322252,-1.663268757,1.630845431
Caleb Martin,2021-22,1372.0,0.1000000014901161,2.200000047683716,2.299999952316284,-0.369051128612856,1.90333906661551,1.8641359496902272,1.8739367289215476,1.4950848210773713,1.534287938002654,1.4950848210773713,1.5048856003086917,1.800377875,2.661262892
Tyrese Maxey,2021-22,2627.0,1.2999999523162842,-1.5,-0.1000000014901161,0.9053987677666347,-1.2590466780949758,-1.2248921282037704,-1.2334307656765715,-0.3194933604371356,-0.3536479103283411,-0.3194933604371356,-0.32803199790993676,-0.948949162,0.971836386
Malik Monk,2021-22,2103.0,1.7000000476837158,-1.100000023841858,0.5,1.4615021887293242,-1.1950407707002295,-1.3435481197416577,-1.3064212824813006,0.1179540689876661,0.26646141802909473,0.11795406898766658,0.15508090624802362,-0.323704533,0.945301054
Kristaps Porzingis,2021-22,1481.0,1.399999976158142,0.4000000059604645,1.7999999523162842,0.3801856450873933,2.0527512458514616,1.906281625592349,1.942899030657127,2.286467270679742,2.432936890938855,2.286467270679742,2.3230846757445205,0.9344899084807562,2.776621320812964
Max Strus,2021-22,1587.0,2.200000047683716,-0.699999988079071,1.5,1.135765990701801,-0.3252874202827217,-0.3011758438395699,-0.3072037379503578,0.834590146862231,0.8104785704190793,0.834590146862231,0.8285622527514431,-0.243149023,0.618159182
Hassan Whiteside,2021-22,1148.0,1.0,2.299999952316284,3.299999952316284,0.9086912689617604,1.5127680158296304,1.7812296737508928,1.714114259270577,2.689920942712653,2.421459284791391,2.689920942712653,2.6228055282323375,2.573156434,2.245054539
Bradley Beal,2021-22,1439.0,1.100000023841858,0.699999988079071,1.7999999523162842,0.2189920916969853,-0.6236081803771055,-0.5268213740785578,-0.5510180756531946,-0.3078292823815725,-0.4046160886801202,-0.3078292823815725,-0.3320259839562093,-1.328841644,0.458784817
Seth Curry,2021-22,2135.0,1.100000023841858,-0.800000011920929,0.3000000119209289,0.6882705594462516,-0.5631176715837957,-0.5922434425245195,-0.5849619997893385,0.0960271169217321,0.12515288786245593,0.09602711692173205,0.1033085596569131,-0.4875889348810304,1.0910715104585478
Isaiah Hartenstein,2021-22,1191.0,1.0,1.600000023841858,2.5999999046325684,1.5530973400940138,2.452089267066278,2.8537417934136986,2.7533286618268433,4.406839133507712,4.005186607160292,4.406839133507712,4.306426001920857,2.389692445,3.314928764
Kevon Looney,2021-22,1717.0,-0.5,1.399999976158142,0.8999999761581421,-0.7759172511911746,2.065741737983215,2.1325424851451924,2.1158422983546976,1.3566252339540172,1.2898244867920403,1.3566252339540177,1.339925047163523,1.5513425719999998,-0.169162226
Delon Wright,2021-22,1430.0,-0.800000011920929,2.5,1.7000000476837158,-0.5126833182081537,2.113784248341613,1.8835148556939132,1.9410822038558382,1.3708315374857594,1.6011009301334593,1.3708315374857594,1.4283988856476846,1.8226788270000005,2.688161225
Chris Boucher,2021-22,1658.0,-0.3000000119209289,1.2999999523162842,1.0,-0.2067606241911596,2.016236765507322,1.966415664974849,1.9788709401079672,1.7596550407836895,1.8094761413161624,1.7596550407836893,1.7721103159168075,1.31740144,1.934962115
Bruce Brown,2021-22,1736.0,0.3000000119209289,0.3000000119209289,0.6000000238418579,-0.7435906059009073,0.8556303543187328,0.788821767871884,0.8055239144835962,0.0452311619709765,0.11203974841782549,0.04523116197097665,0.06193330858268886,1.026603855,1.733598546
JaVale McGee,2021-22,1149.0,-0.2000000029802322,2.5,2.299999952316284,-0.4682081516108488,2.287212156661383,2.6162894274986845,2.534020109789359,2.148081275887836,1.819004005050534,2.1480812758878356,2.06581195817851,0.976522397,-0.578380815
Grayson Allen,2021-22,1805.0,0.5,-0.1000000014901161,0.4000000059604645,-0.0446243010182796,0.2939695950592514,0.2757971767324004,0.2803402813141131,0.2311728757141207,0.2493452940409718,0.2311728757141208,0.2357159802958335,0.140238578,1.266539792
Lauri Markkanen,2021-22,1857.0,1.399999976158142,-1.100000023841858,0.4000000059604645,0.7286567060103998,-0.1412332443818623,-0.11839659628750707,-0.12410575831109587,0.6102601097228927,0.5874234616285374,0.6102601097228927,0.604550947699304,0.895013876,1.864002423
Monte Morris,2021-22,2239.0,1.399999976158142,-1.5,-0.2000000029802322,1.5233500251080667,-0.9801835210301244,-1.0703271200084472,-1.0477912202638664,0.4530229050996195,0.5431665040779423,0.4530229050996195,0.4755588048442003,-0.28800548,1.384964628
Kevin Porter Jr.,2021-22,1867.0,0.2000000029802322,0.1000000014901161,0.3000000119209289,0.5399110737084815,-0.7592156768751005,-1.0361903317952477,-0.9669466680652108,-0.4962792580867662,-0.21930460316661904,-0.4962792580867662,-0.42703559435672933,-0.933565266,-1.606582296
Kenrich Williams,2021-22,1072.0,-1.2000000476837158,3.799999952316284,2.5999999046325684,-1.259727628759649,2.676943921966847,2.7642350163296134,2.7424122427389213,1.5045073875699644,1.4172162932071979,1.5045073875699644,1.4826846139792722,1.215099088,1.413441716
Reggie Bullock,2021-22,1875.0,-0.3000000119209289,0.5,0.2000000029802322,-0.5862885078868145,-0.3156218011637908,-0.21742623131843258,-0.24197512377977212,-0.8037147392052472,-0.9019103090506053,-0.803714739205247,-0.8282636316665867,0.89554425,0.322903804
Pat Connaughton,2021-22,1691.0,0.6000000238418579,-0.1000000014901161,0.5,-0.0122900729341324,-0.4330797529258319,-0.39765121340340814,-0.40650834828401405,-0.4099412863375405,-0.4453698258599643,-0.40994128633754057,-0.4187984212181465,-0.151904212,0.726641772
Kevin Huerter,2021-22,2158.0,0.4000000059604645,-0.6000000238418579,-0.2000000029802322,0.525000569931671,-0.8176913644699965,-0.8514886900284414,-0.8430393586388302,-0.3264881200967703,-0.29269079453832547,-0.3264881200967704,-0.3180387887071592,-0.62109467,0.056642305
Tre Jones,2021-22,1127.0,0.3000000119209289,1.7999999523162842,2.0999999046325684,-0.0315304722836511,0.4482856409349465,0.481262321786263,0.47301815157343385,0.4497318495026118,0.4167551686512954,0.4497318495026119,0.4414876792897828,-0.586783792,-0.123335298
Tyus Jones,2021-22,1549.0,1.600000023841858,-0.699999988079071,0.800000011920929,1.3623069582406326,0.0161812708548197,-0.10875681986360075,-0.07752229718399563,1.253550138377032,1.3784882290954523,1.2535501383770318,1.284784661056637,0.1018323959999999,2.597699503
Austin Rivers,2021-22,1376.0,-0.2000000029802322,1.5,1.2999999523162842,-1.427502595200748,-1.0763455675070686,-1.1500909334866418,-1.1316545919917484,-2.57759352868739,-2.5038481627078166,-2.57759352868739,-2.5591571871924965,0.147137961,-1.623704812
Deandre Ayton,2021-22,1713.0,-0.699999988079071,1.100000023841858,0.4000000059604645,-0.7000159694963103,1.6500647965672697,1.6406820782402103,1.643027757821975,0.9406661087438998,0.9500488270709594,0.9406661087439,0.9430117883256647,1.048161806,2.233679249
Malcolm Brogdon,2021-22,1206.0,2.299999952316284,-0.6000000238418579,1.7000000476837158,1.5176121787417258,-0.4742547092314653,-0.44789422726740247,-0.4544843477584181,1.0697179514743231,1.0433574695102605,1.0697179514743234,1.0631278309833077,-1.397317777,0.638197008
Danny Green,2021-22,1334.0,-0.2000000029802322,1.399999976158142,1.2000000476837158,-1.208720548025325,1.128819269462264,1.0723114104782816,1.0864383752242772,-0.1364091375470433,-0.07990127856306084,-0.1364091375470433,-0.1222821728010477,1.215329932,-0.333551933
Nikola Vucevic,2021-22,2418.0,-2.0,1.399999976158142,-0.6000000238418579,-1.5266368272026156,1.3151405763208368,1.3455509704916297,1.3379483719489313,-0.1810858567109858,-0.2114962508817788,-0.18108585671098587,-0.18868845525368427,0.57452553,-0.792191817
Brandon Ingram,2021-22,1869.0,1.2999999523162842,-1.2999999523162842,0.0,1.6944461565519495,-0.8934226662427495,-0.867590965069,-0.8740488903624373,0.8268551914829494,0.8010234903092001,0.8268551914829495,0.8203972661895123,-0.787530859,1.830875243
John Konchar,2021-22,1252.0,0.4000000059604645,0.8999999761581421,1.2999999523162842,-0.4532328652754389,1.0739426719556115,0.98807287096532,1.0095403212128928,0.5348400056898814,0.6207098066801726,0.5348400056898812,0.5563074559374539,0.901163619,1.030593634
Ivica Zubac,2021-22,1829.0,-0.800000011920929,0.800000011920929,0.1000000014901161,-0.7726628281600596,1.0333985288531071,1.3180839601710095,1.2469126023415336,0.5454211320109499,0.2607357006930475,0.5454211320109499,0.47424977418147396,0.045986751,-1.206244694
Tobias Harris,2021-22,2519.0,0.699999988079071,-1.5,-0.800000011920929,0.50280755678811,-0.7727220817708377,-0.7424736768385753,-0.7500357780716409,-0.2396661200504654,-0.2699145249827277,-0.2396661200504654,-0.24722822128353095,-0.297688537,0.351812202
Duncan Robinson,2021-22,2022.0,0.4000000059604645,-0.800000011920929,-0.4000000059604645,-0.2168457915830584,-0.4609921791955158,-0.4292284875753193,-0.4371694104803684,-0.6460742791583778,-0.6778379707785742,-0.6460742791583777,-0.6540152020634268,-0.310078578,-0.414098601
Myles Turner,2021-22,1235.0,-1.2000000476837158,2.400000095367432,1.2000000476837158,-1.306996857834999,2.7482458595210475,2.6494772993744844,2.6741694394111253,1.342480441539485,1.4412490016860484,1.3424804415394853,1.3671725815761262,1.728587334,-0.012783424
Cameron Payne,2021-22,1278.0,0.2000000029802322,0.800000011920929,1.0,-0.1096861589947354,-0.0041956002370679,0.05760449485239122,0.04215447108002644,-0.0520816641423442,-0.1138817592318033,-0.05208166414234418,-0.06753168791470895,-0.072741342,-1.048785717
Gabe Vincent,2021-22,1576.0,-0.8999999761581421,1.100000023841858,0.2000000029802322,-0.5369474886715362,0.7900407502659937,0.751889687715209,0.7614274533529052,0.2149421990436728,0.25309326159445755,0.21494219904367284,0.224479964681369,0.23353563,-1.096278597
Precious Achiuwa,2021-22,1698.0,-2.5,2.400000095367432,-0.1000000014901161,-1.95340165586882,2.222215787731026,2.2042235600302464,2.208721616955441,0.2508219041614268,0.26881413186220593,0.25082190416142636,0.25531996108662103,-0.243697136,-3.47147061
Marquese Chriss,2021-22,1541.0,-0.800000011920929,1.0,0.2000000029802322,-2.305464265688255,0.1238651185123449,0.2938217147187032,0.2513325656671136,-2.011642550969552,-2.1815991471759104,-2.011642550969552,-2.0541317000211414,0.656328741,-2.107651139
De'Aaron Fox,2021-22,2083.0,1.899999976158142,-2.5,-0.6000000238418579,1.8650060715540828,-1.9084764279114723,-1.8817885987935563,-1.888460556073035,-0.0167825272394737,-0.043470356357389495,-0.016782527239473488,-0.023454484518952157,-1.286762301,-0.13534425
George Hill,2021-22,1253.0,-0.8999999761581421,1.7999999523162842,0.800000011920929,-0.9307899709187598,1.36160366963349,1.435776160541935,1.4172330378148237,0.504986189623175,0.4308136987147303,0.5049861896231752,0.48644306689606387,0.849972802,0.055215847
Nassir Little,2021-22,1088.0,0.0,1.399999976158142,1.399999976158142,-0.5317992020389744,0.9784067424046302,0.988339519162335,0.9858563249729086,0.4565403171233608,0.44660754036565586,0.45654031712336063,0.4540571229339343,0.256726377,-0.258781881
Jae'Sean Tate,2021-22,2026.0,-1.2999999523162842,0.699999988079071,-0.5,-1.7441473399151668,0.7015276899342657,0.6505587441755972,0.6633009806152642,-1.0935885957395697,-1.042619649980901,-1.0935885957395697,-1.0808463592999025,-1.011298161,-1.593411314
Hamidou Diallo,2021-22,1269.0,-0.800000011920929,1.399999976158142,0.6000000238418579,-1.2830989498237182,1.2832704442887994,1.0726462001594537,1.1253022611917902,-0.2104527496642643,0.00017149446508124555,-0.21045274966426453,-0.15779668863192797,1.041437627,0.859164355
Luguentz Dort,2021-22,1665.0,-1.2999999523162842,1.2000000476837158,-0.1000000014901161,-1.1490018567896136,0.1860274366215086,0.19630922529521425,0.1937387781267878,-0.9526926314943992,-0.962974420168105,-0.9526926314943994,-0.9552630786628258,-0.6441194670000001,-1.508275475
Evan Fournier,2021-22,2326.0,0.8999999761581421,-1.7999999523162842,-0.8999999761581421,0.3761778556182549,-1.52345133583827,-1.5819667830815924,-1.5673379212707619,-1.2057889274633375,-1.147273480220015,-1.2057889274633375,-1.191160065652507,-0.328487725,0.013285715
Devonte' Graham,2021-22,2162.0,1.0,-1.7999999523162842,-0.699999988079071,0.9407778122671618,-0.6098014433403021,-0.8019401687260768,-0.753905487379633,0.138837643541085,0.3309763689268598,0.13883764354108508,0.1868723248875288,-0.882142602,-1.023191501
Reggie Jackson,2021-22,2337.0,-0.8999999761581421,0.0,-0.8999999761581421,-0.0944945784882041,-0.4509589693229947,-0.3703431287112036,-0.3904970888641514,-0.4648377071994078,-0.5454535478111988,-0.4648377071994077,-0.4849916673523555,-0.724533657,-1.525355452
Anfernee Simons,2021-22,1681.0,2.0999999046325684,-2.299999952316284,-0.2000000029802322,2.030582421282219,-2.5453146918958,-2.4841401499233733,-2.49943378541648,-0.4535577286411536,-0.5147322706135808,-0.45355772864115407,-0.4688513641342609,-2.193279169,-0.052334088
OG Anunoby,2021-22,1703.0,0.3000000119209289,-0.699999988079071,-0.4000000059604645,0.2840222174695659,1.203818581024099,1.0695262600912112,1.1030993403244331,1.3535484775607771,1.487840798493665,1.3535484775607771,1.387121557793999,0.742655956,1.921145873
Nicolas Batum,2021-22,1462.0,-1.600000023841858,1.600000023841858,0.0,-1.1091949813142874,0.9052999594244144,0.7553395226956621,0.79282963187785,-0.3538554586186252,-0.20389502188987296,-0.35385545861862533,-0.31636534943643735,0.9768102520000002,-0.032545804
Kentavious Caldwell-Pope,2021-22,2329.0,-1.0,-0.1000000014901161,-1.0,-0.637201079851582,-0.4304671887826019,-0.47473750083985267,-0.46366992282553987,-1.1119385806914348,-1.0676682686341838,-1.1119385806914348,-1.1008710026771218,-0.275120354,-0.274141908
Tim Hardaway Jr.,2021-22,1245.0,0.0,0.5,0.5,-0.8241308868349267,-0.5312932770402957,-0.5361911393789252,-0.5349666737942678,-1.3603220262138518,-1.3554241638752225,-1.360322026213852,-1.3590975606291944,0.378470597,0.563714577
Devin Vassell,2021-22,1905.0,-0.1000000014901161,-0.5,-0.6000000238418579,-0.0772421575431969,0.2710792372870087,0.09004658935237152,0.1353047513360308,0.0128044318091746,0.1938370797438118,0.012804431809174621,0.05806259379283389,0.81532123,0.880122341
Dwight Powell,2021-22,1773.0,0.3000000119209289,-0.800000011920929,-0.5,-0.2168325629363423,0.1736845171048179,0.18776002721593518,0.18424114968815586,-0.0290725357204071,-0.0431480458315244,-0.029072535720407106,-0.03259141324818643,-0.515235285,0.298882357
Cory Joseph,2021-22,1600.0,-0.4000000059604645,0.0,-0.4000000059604645,-0.3824746776810442,-0.2687067748779811,-0.24518386711831863,-0.2510645940582342,-0.6276585447993629,-0.6511814525590254,-0.6276585447993628,-0.6335392717392785,-0.901236,-1.989644556
Maxi Kleber,2021-22,1450.0,-3.0,2.799999952316284,-0.2000000029802322,-2.1344525711335938,2.750484019223998,2.8987490494232038,2.8616827918734016,0.76429647828961,0.6160314480904043,0.76429647828961,0.7272302207398078,1.84599002,-1.095134783
RJ Barrett,2021-22,2417.0,-0.6000000238418579,-0.699999988079071,-1.2999999523162842,-0.178850604980071,-1.329559196317632,-1.2213160461250476,-1.2483768336731937,-1.4001666511051187,-1.5084098012977032,-1.4001666511051187,-1.4272274386532646,-1.128995907,-1.442889602
Eric Bledsoe,2021-22,1361.0,-2.200000047683716,2.0,-0.2000000029802322,-1.543603540515794,1.605132875449616,1.54077904299015,1.5568675011050164,-0.0028244975256439,0.061529334933821955,-0.002824497525643954,0.013263960589222412,0.932798611,-1.105730045
Daniel Gafford,2021-22,1416.0,0.4000000059604645,-0.699999988079071,-0.3000000119209289,-0.6365582985622625,-0.1987863207314339,-0.23690207405470606,-0.227373135723888,-0.8734603726169687,-0.8353446192936964,-0.8734603726169686,-0.8639314342861506,-0.411678689,-0.22245895
Jaden McDaniels,2021-22,1785.0,-2.700000047683716,1.899999976158142,-0.800000011920929,-2.6748318174266803,1.9680694016789404,1.8139027873071623,1.8524444409001068,-0.860929030119518,-0.7067624157477399,-0.860929030119518,-0.8223873765265735,-0.204487637,-2.297312759
Isaac Okoro,2021-22,1963.0,-1.2000000476837158,0.2000000029802322,-0.8999999761581421,-1.0275463384340957,0.3335091920806818,0.38059441037455344,0.36882310580108546,-0.6469519280595422,-0.6940371463534138,-0.6469519280595423,-0.6587232326330102,0.528242285,0.373105479
Kelly Oubre Jr.,2021-22,1983.0,0.2000000029802322,-1.100000023841858,-1.0,0.358548583617071,-0.398618326555001,-0.4067539056081928,-0.40472001084489484,-0.0482053219911218,-0.04006974293793003,-0.04820532199112182,-0.04617142722782386,-0.792207601,0.193150765
Nemanja Bjelica,2021-22,1120.0,-1.2000000476837158,1.399999976158142,0.2000000029802322,-1.0576610970837033,1.06612037743676,1.3571879608816486,1.2844210650204264,0.2995268637979453,0.008459280353056764,0.29952686379794535,0.22675996793672315,1.093889903,-1.29269435
Danilo Gallinari,2021-22,1641.0,1.100000023841858,-2.0,-0.8999999761581421,0.6291984639048073,-1.6379279390757624,-1.6631572862697408,-1.6568499494712463,-1.0339588223649336,-1.0087294751709552,-1.0339588223649336,-1.0276514855664391,-1.24471972,-0.649830484
Patty Mills,2021-22,2315.0,0.2000000029802322,-1.600000023841858,-1.399999976158142,0.5372095266690841,-0.673240876857882,-0.7262232568587363,-0.7129776618585226,-0.1890137301896522,-0.13603135018879797,-0.18901373018965228,-0.17576813518943857,-0.966405264,-0.582617961
Malik Beasley,2021-22,1960.0,0.800000011920929,-2.0999999046325684,-1.2999999523162842,0.5067788543361122,-1.5005502946613094,-1.5952542942252785,-1.571578294334286,-1.0884754398891658,-0.9937714403251972,-1.0884754398891663,-1.0647994399981737,-1.177545535,-0.526745495
Mason Plumlee,2021-22,1771.0,-2.0,0.8999999761581421,-1.100000023841858,-1.696716512597232,2.137090498059277,2.079472706424032,2.093877154332843,0.3827561938268002,0.440373985462045,0.38275619382680004,0.39716064173561083,0.500670162,-1.445975195
Landry Shamet,2021-22,1405.0,-0.8999999761581421,0.2000000029802322,-0.6000000238418579,-0.5548680977641715,0.3762314745160515,0.3827334630925632,0.3811079659484352,-0.1721346346716081,-0.17863662324811996,-0.17213463467160828,-0.17376013181573624,-0.642999149,-1.29951075
Grant Williams,2021-22,1855.0,-1.2000000476837158,0.0,-1.100000023841858,-0.6942022686720897,0.7259617902279117,0.6584298123188839,0.6753128067961409,-0.0357724563532058,0.03175952155582207,-0.035772456353205806,-0.018889461875948754,0.414132964,-0.974682434
Kyle Anderson,2021-22,1458.0,-1.600000023841858,0.699999988079071,-0.8999999761581421,-1.5681147867633367,0.8366395107426793,0.7251234329946713,0.7530024524316733,-0.8429913537686654,-0.7314752760206574,-0.8429913537686654,-0.8151123343316634,1.802404247,0.514578289
Will Barton,2021-22,2277.0,-0.6000000238418579,-0.8999999761581421,-1.5,-0.1960483491350845,-0.8654695266048473,-0.9036762250491299,-0.8941245504380593,-1.0997245741842143,-1.061517875739932,-1.0997245741842145,-1.090172899573144,-0.033800561,0.2458870699999999
Amir Coffey,2021-22,1525.0,0.0,-0.8999999761581421,-0.8999999761581421,0.0329602433844255,-0.8066388047784554,-0.8715115112538038,-0.8552933346349666,-0.8385512678693781,-0.7736785613940299,-0.8385512678693783,-0.8223330912505411,-0.186469457,0.200946854
Georges Niang,2021-22,1736.0,0.2000000029802322,-1.399999976158142,-1.2999999523162842,-0.3774261618539359,-1.0899569697797402,-1.0949305064097734,-1.093687122252265,-1.4723566682637093,-1.467383131633676,-1.4723566682637093,-1.471113284106201,-1.5016363850000003,-2.321694206
P.J. Washington,2021-22,1743.0,0.0,-1.2999999523162842,-1.2999999523162842,-0.0013123073166562,0.2573008073630415,0.13600846117905394,0.16633154772505082,0.1346961538623977,0.2559885000463853,0.13469615386239775,0.1650192404083946,0.1899155,-1.329178692
Jerami Grant,2021-22,1500.0,-0.5,-0.800000011920929,-1.2000000476837158,-0.2849627574517778,-0.066506235261074,-0.17839954857308724,-0.1504262202450839,-0.463362306024865,-0.3514689927128518,-0.46336230602486506,-0.4353889776968617,-0.546472957,-0.473855873
Caris LeVert,2021-22,1752.0,0.8999999761581421,-2.200000047683716,-1.2999999523162842,0.7753624899419999,-1.0270933171475938,-1.1292002780350816,-1.1036735378132096,-0.3538377880930817,-0.2517308272055939,-0.35383778809308175,-0.3283110478712098,-0.8860923667057832,0.2307808035906793
Raul Neto,2021-22,1350.0,-0.5,-0.6000000238418579,-1.100000023841858,-0.3847350010722216,-0.8938480731693511,-0.8949824624336266,-0.8946988651175576,-1.279717463505848,-1.2785830742415727,-1.2797174635058481,-1.279433866189779,-0.690366163,-1.352819669
Taurean Prince,2021-22,1177.0,-0.699999988079071,-0.1000000014901161,-0.800000011920929,-0.8617964689283997,-0.5556771966923699,-0.5403873704666662,-0.5442098270230922,-1.402183839395066,-1.4174736656207696,-1.4021838393950659,-1.4060062959514918,-0.282724946,-1.060073483
Facundo Campazzo,2021-22,1175.0,-2.5,1.600000023841858,-0.8999999761581421,-3.9568233417262575,1.3900391536731458,1.2768320250368297,1.3051338071959087,-2.6799913166894287,-2.566784188053112,-2.679991316689428,-2.651689534530349,-0.211111611,-2.291759427
Gary Harris,2021-22,1730.0,-1.100000023841858,-0.4000000059604645,-1.5,-0.6431144854107241,-0.1927043449283604,-0.30762455424758384,-0.2788945019177779,-0.950739039658308,-0.8358188303390846,-0.950739039658308,-0.922008987328502,-0.185996852,-0.323137136
Josh Richardson,2021-22,1572.0,-0.3000000119209289,-1.100000023841858,-1.399999976158142,-0.4784372774245171,-0.0944981018307521,-0.17762056511754673,-0.15683994929584805,-0.6560578425420639,-0.5729353792552692,-0.6560578425420638,-0.6352772267203651,0.70649024800625,0.7948380717206249
Marvin Bagley III,2021-22,1146.0,-0.8999999761581421,-0.1000000014901161,-1.0,-0.6875101029958152,-0.5117649803546978,-0.4099318244020568,-0.435390113390217,-1.097441927397872,-1.1992750833505128,-1.097441927397872,-1.1229002163860322,-0.9502602449371728,-1.6035544691710295
Jalen Smith,2021-22,1307.0,-4.099999904632568,2.900000095367432,-1.2000000476837158,-0.2902544943846445,-0.0270423378974976,0.05598159292593024,0.035225610220073277,-0.2342729014587143,-0.3172968322821421,-0.23427290145871427,-0.25502888416457126,-0.0856750119221621,-0.3880175052681079
Cole Anthony,2021-22,2059.0,0.0,-1.899999976158142,-1.899999976158142,0.7425690249355665,-0.9642369745371592,-0.9464773424309043,-0.9509172504574679,-0.2039083174953377,-0.22166794960159264,-0.20390831749533778,-0.20834822552190135,-0.469291057,-1.718883304
Norman Powell,2021-22,1458.0,1.2999999523162842,-2.799999952316284,-1.5,0.987448504398616,-2.148536416434508,-2.281540911101793,-2.2482897874349717,-1.2940924067031765,-1.1610879120358923,-1.294092406703177,-1.2608412830363558,-1.7053852355466392,0.2218006370192043
Obi Toppin,2021-22,1190.0,-0.699999988079071,-0.6000000238418579,-1.2999999523162842,-0.1314233714634026,0.7728940001973853,0.7296258649213682,0.7404428987403724,0.5982024934579654,0.6414706287339826,0.5982024934579655,0.6090195272769698,0.332770213,1.841592846
Carmelo Anthony,2021-22,1793.0,0.1000000014901161,-1.899999976158142,-1.899999976158142,0.3811658153549706,-0.675939787925964,-0.754559470564828,-0.7349045499051119,-0.3733936552098573,-0.29477397257099336,-0.37339365520985734,-0.35373873455014126,-0.5811150630000002,-0.561420878
Christian Wood,2021-22,2094.0,-0.699999988079071,-1.2999999523162842,-2.0,-0.1327762763420269,0.4142567552693785,0.36197158220299364,0.3750428754695898,0.2291953058609667,0.2814804789273516,0.22919530586096673,0.2422665991275629,-0.329589491,-0.737820061
Torrey Craig,2021-22,1570.0,-2.299999952316284,0.4000000059604645,-1.899999976158142,-1.7170788004003068,0.0976206228134774,0.11718457914909516,0.11229359006519071,-1.5998942212512115,-1.6194581775868293,-1.5998942212512117,-1.6047852103351161,-0.5201620804097743,-2.168370315243108
Joe Ingles,2021-22,1122.0,-0.3000000119209289,-1.100000023841858,-1.5,-0.6365128182200901,-0.564446290862506,-0.6033834949044341,-0.5936491938939521,-1.2398963131245242,-1.200959109082596,-1.2398963131245242,-1.2301620121140422,-0.133498107,0.406020758
Cedi Osman,2021-22,1434.0,-0.699999988079071,-1.100000023841858,-1.7999999523162842,-0.2528445582834189,-0.9153741393674364,-0.9590280989237712,-0.9481146090346875,-1.2118726572071898,-1.1682186976508553,-1.21187265720719,-1.2009591673181064,-0.480509934,0.141760538
Saben Lee,2021-22,1455.0,-1.0,-0.800000011920929,-1.7999999523162842,-1.6678715619771347,-0.1789884622095386,-0.3350231283313351,-0.296014461800886,-2.00289469030847,-1.8468600241866733,-2.00289469030847,-1.9638860237780207,0.8834986269999999,-0.45220311
Coby White,2021-22,1675.0,0.699999988079071,-2.5999999046325684,-1.899999976158142,0.497183111917733,-1.9564395392629277,-1.8282691009221852,-1.860311710507371,-1.331085989004452,-1.4592564273451947,-1.3310859890044522,-1.363128598589638,-1.739650519,-2.190224909
Mo Bamba,2021-22,1796.0,-2.400000095367432,0.3000000119209289,-2.0999999046325684,-1.8105811274309869,1.0629896268916323,1.0922223392360357,1.084914161149935,-0.7183587881949509,-0.7475915005393545,-0.7183587881949511,-0.7256669662810518,1.096465524,-1.668293722
Dewayne Dedmon,2021-22,1065.0,-2.400000095367432,0.699999988079071,-1.7000000476837158,-1.6195596823973244,1.246689488987936,1.2695694727552391,1.2638494768134132,-0.3499902096420852,-0.3728701934093883,-0.34999020964208527,-0.3557102055839112,1.247718576,-1.732410759
Naz Reid,2021-22,1194.0,-2.299999952316284,0.6000000238418579,-1.7999999523162842,-2.560221828935496,1.1973683931377954,1.1649416920510918,1.1730483673227674,-1.3952801368844043,-1.3628534357977007,-1.3952801368844043,-1.3871734616127287,-0.4915680780000001,-2.223328171
Bojan Bogdanovic,2021-22,2131.0,0.3000000119209289,-2.5,-2.299999952316284,0.974160056062944,-1.6352948832784289,-1.6409463170283214,-1.639533458590848,-0.6667862609653774,-0.6611348272154849,-0.6667862609653774,-0.6653734025279041,-1.75122231,-0.114470315
Gordon Hayward,2021-22,1564.0,-0.800000011920929,-1.2999999523162842,-2.0999999046325684,-0.6408715705773617,-0.1901069308617566,-0.3413876881333787,-0.3035674988154732,-0.9822592587107404,-0.8309785014391182,-0.9822592587107404,-0.9444390693928348,-0.8904240759999998,0.265659108
Trey Lyles,2021-22,1518.0,-0.3000000119209289,-1.7999999523162842,-2.0999999046325684,-0.383342275876898,-1.1182971675772222,-1.1732459587112587,-1.1595087609277495,-1.556588234588157,-1.5016394434541203,-1.5565882345881568,-1.5428510368046475,-1.2214952126161354,-1.526954917828237
Saddiq Bey,2021-22,2691.0,0.1000000014901161,-2.5999999046325684,-2.5,0.0765044696085404,-1.1407571348165864,-1.3156373871605238,-1.2719173240745394,-1.2391329175519836,-1.064252665208046,-1.2391329175519834,-1.195412854465999,-1.150104193,-0.533404686
Jaxson Hayes,2021-22,1381.0,-0.8999999761581421,-1.2999999523162842,-2.200000047683716,-0.5165359700460731,0.4125400589803011,0.4225592852472926,0.4200544786805447,-0.0939766847987805,-0.103995911065772,-0.09397668479878052,-0.09648149136552842,-0.537134574,-0.169217735
De'Andre Hunter,2021-22,1545.0,-2.0,-0.3000000119209289,-2.299999952316284,-1.2840617549540043,-0.3811311012488361,-0.34264876124239074,-0.3522693462440021,-1.626710516196395,-1.6651928562028404,-1.626710516196395,-1.6363311011980064,-1.226018416,-2.016137407
Furkan Korkmaz,2021-22,1381.0,-1.2000000476837158,-1.0,-2.0999999046325684,-0.9834359218101636,-0.6927461632151846,-0.6942774377149135,-0.6938946190899812,-1.677713359525077,-1.6761820850253482,-1.677713359525077,-1.6773305409001447,-0.735187548,-1.991799121
Talen Horton-Tucker,2021-22,1498.0,-2.5999999046325684,0.2000000029802322,-2.400000095367432,-2.054105530159048,0.1746693341534003,0.14183230924776247,0.1500415654741719,-1.9122732209112847,-1.8794361960056478,-1.9122732209112856,-1.9040639646848763,0.320240795,-1.024281668
Kyle Kuzma,2021-22,2204.0,-1.7999999523162842,-0.699999988079071,-2.5,-0.9592992008352847,-0.5774699769975155,-0.5228481538845908,-0.536503609662822,-1.4821473547198756,-1.5367691778328,-1.4821473547198756,-1.4958028104981067,-0.391017372,-1.883627986
Chuma Okeke,2021-22,1720.0,-3.700000047683716,1.2000000476837158,-2.400000095367432,-2.3831344263373038,1.5735355606850956,1.4220771987219432,1.4599417892127313,-0.9610572276153602,-0.8095988656522082,-0.9610572276153606,-0.9231926371245724,1.959944839,-0.3185081969999999
Isaiah Stewart,2021-22,1802.0,-3.299999952316284,0.800000011920929,-2.400000095367432,-3.165295128290108,1.0956892098999746,1.1094583765861956,1.1060160849146405,-2.055836751703912,-2.069605918390133,-2.0558367517039122,-2.0592790433754673,-0.56165597,-4.086953399
Eric Gordon,2021-22,1669.0,0.1000000014901161,-2.5999999046325684,-2.5999999046325684,-0.040424657837479,-1.5731486943399478,-1.8200651847972833,-1.7583360621829494,-1.8604898426347625,-1.6135733521774267,-1.8604898426347622,-1.7987607200204283,-1.910865639,-1.315240222
James Johnson,2021-22,1191.0,-1.7999999523162842,-0.699999988079071,-2.5,-1.797554527106313,0.3851216524315675,0.3257936487851404,0.34062564969674713,-1.4717608783211724,-1.4124328746747454,-1.4717608783211724,-1.456928877409566,-0.2329872729999999,-2.499873593
Shake Milton,2021-22,1146.0,-1.5,-1.2999999523162842,-2.799999952316284,-0.7237157101299059,-0.8877899936052978,-0.9791257292508551,-0.9562917953394656,-1.702841439380761,-1.6115057037352036,-1.702841439380761,-1.6800075054693715,-0.983989698,-1.573517672
Dennis Schroder,2021-22,1837.0,-1.899999976158142,-0.800000011920929,-2.799999952316284,-0.6590684027411874,-0.5855091760676884,-0.522196758662492,-0.5380248630137912,-1.1812651614036795,-1.2445775788088758,-1.1812651614036795,-1.1970932657549787,-1.0661931571546,-1.8846466250157865
Kenyon Martin Jr.,2021-22,1638.0,-0.1000000014901161,-2.700000047683716,-2.900000095367432,0.2221163481231574,-1.8308451628362448,-1.9017666846185501,-1.884036304172974,-1.6796503364953927,-1.6087288147130874,-1.6796503364953927,-1.6619199560498166,-1.24516265,-0.748932211
Aleksej Pokusevski,2021-22,1233.0,-2.799999952316284,-0.1000000014901161,-3.0,-1.72462592184835,1.0386932567222789,1.0569446892716856,1.0523818311343338,-0.6676812325766646,-0.6859326651260711,-0.6676812325766643,-0.6722440907140161,1.046397649,-2.356279996
Nickeil Alexander-Walker,2021-22,1460.0,-1.899999976158142,-1.100000023841858,-3.0,-1.4556649496167455,-1.412173615277195,-1.3023481194971247,-1.3298044934421422,-2.7580130691138702,-2.8678385648939404,-2.7580130691138702,-2.7854694430588878,-0.77890670856412,-2.761216696421556
Richaun Holmes,2021-22,1074.0,-1.7000000476837158,-1.2999999523162842,-3.0,-1.822461935404613,-0.1249642131934202,-0.1754800945280407,-0.16285112419438555,-1.9979420299326536,-1.947426148598033,-1.9979420299326538,-1.9853130595989985,-0.88999374,-1.715955087
Justin Holiday,2021-22,2026.0,-1.2999999523162842,-1.7999999523162842,-3.0999999046325684,-1.0570510340314974,-0.05537805862681,-0.1788190771233404,-0.1479588224992078,-1.2358701111548378,-1.1124290926583074,-1.2358701111548378,-1.2050098565307052,-0.9807137310763248,-1.6982603894880892
Garrett Temple,2021-22,1074.0,-3.0,-0.3000000119209289,-3.299999952316284,-3.1410314478814563,-0.8876235296347722,-0.8808433297839645,-0.8825383797466664,-4.0218747776654205,-4.028654977516228,-4.0218747776654205,-4.023569827628123,-0.9134221,-4.156246772
Lonnie Walker IV,2021-22,1612.0,-1.2999999523162842,-1.7999999523162842,-3.0999999046325684,-0.8211194150476421,-1.615834844103422,-1.6284806818378257,-1.6253192224042246,-2.449600096885468,-2.4369542591510642,-2.449600096885468,-2.4464386374518665,-0.928077874,-1.577070148
Bryn Forbes,2021-22,1250.0,-0.5,-3.200000047683716,-3.700000047683716,-0.3432958842029565,-2.438710062112586,-2.3555979939794227,-2.3763760110127135,-2.6988938781823792,-2.7820059463155427,-2.6988938781823792,-2.71967189521567,-1.8464187439533437,-1.8642182943359256
Avery Bradley,2021-22,1406.0,-2.799999952316284,-0.8999999761581421,-3.799999952316284,-2.3571199616942797,-0.6310525216690396,-0.8119864913521593,-0.7667529989313795,-3.169106453046439,-2.988172483363319,-3.169106453046439,-3.1238729606256594,-0.288836549,-2.123278187
Frank Jackson,2021-22,1142.0,-1.600000023841858,-2.299999952316284,-3.900000095367432,-1.0829749181201114,-1.3938231997551498,-1.361553618715202,-1.3696210139751888,-2.444528536835313,-2.476798117875261,-2.444528536835313,-2.4525959320953,-1.876060887,-3.496981856
Chimezie Metu,2021-22,1249.0,-3.5,-0.3000000119209289,-3.900000095367432,-2.745896805607348,0.5823266931968807,0.5885077761981337,0.5869625054478205,-2.1573890294092144,-2.1635701124104676,-2.1573890294092144,-2.158934300159528,0.663949296,-2.316305664
Russell Westbrook,2021-22,2678.0,-1.2000000476837158,-2.0999999046325684,-3.299999952316284,-0.3216447536532558,-1.654458530116569,-1.5862878045310715,-1.6033304859274455,-1.9079325581843276,-1.976103283769825,-1.9079325581843274,-1.9249752395807014,-0.963627122,-2.30874934
Drew Eubanks,2021-22,1245.0,-2.5,-1.600000023841858,-4.099999904632568,-1.4089920580892723,-1.145825924534096,-1.175587514630096,-1.1681471171060958,-2.584579572719369,-2.5548179826233683,-2.5845795727193686,-2.5771391751953683,-1.7945344668353416,-3.44065787897992
Marcus Morris Sr.,2021-22,1564.0,0.0,-3.900000095367432,-3.900000095367432,0.122551950210185,-2.510536740498462,-2.4376793256668554,-2.455893679374757,-2.3151273754566706,-2.3879847902882774,-2.3151273754566706,-2.333341729164572,-1.315655766,-2.101758889
Oshae Brissett,2021-22,1528.0,-1.2000000476837158,-2.799999952316284,-4.0,-0.8833609917569728,-1.4465339956962835,-1.522425840724766,-1.5034528794676452,-2.405786832481738,-2.3298949874532564,-2.4057868324817386,-2.386813871224618,-0.891037958,-1.583236711
Killian Hayes,2021-22,1637.0,-3.700000047683716,-0.5,-4.199999809265137,-2.8101827008162577,0.3151312780076759,0.2687161530669513,0.2803199343021324,-2.541466547749306,-2.4950514228085816,-2.541466547749306,-2.529862766514125,0.407414385,-3.0343251450000004
Doug McDermott,2021-22,1223.0,-0.1000000014901161,-4.5,-4.599999904632568,-0.1884173582192657,-2.950888491168751,-2.8619134931660066,-2.8841572426666926,-3.0503308513852723,-3.1393058493880166,-3.0503308513852723,-3.0725746008859582,-2.580560028,-3.109919538
Jordan Nwora,2021-22,1141.0,-2.799999952316284,-2.0999999046325684,-4.900000095367432,-1.7977675548293437,-2.339095941442332,-2.2585977764208085,-2.2787223176761895,-4.056365331250152,-4.136863496271676,-4.056365331250152,-4.076489872505533,-1.109117165,-3.589865739
Ben McLemore,2021-22,1260.0,-1.7999999523162842,-3.0999999046325684,-4.900000095367432,-0.8172780053919079,-2.5888017283190083,-2.693613085739614,-2.6674102463844624,-3.5108910911315223,-3.406079733710916,-3.510891091131522,-3.48468825177637,-2.689119838,-3.363023794
Terrence Ross,2021-22,1448.0,-1.600000023841858,-3.5,-5.099999904632568,-1.1858472323125009,-3.020061657773649,-2.9834356149969556,-2.9925921256911288,-4.169282847309457,-4.20590889008615,-4.169282847309456,-4.178439358003629,-1.577788692,-3.812073329
R.J. Hampton,2021-22,1369.0,-4.0,-1.7999999523162842,-5.800000190734863,-2.695665959274965,-2.0462175288436373,-1.991938800619837,-2.005508482675787,-4.6876047598948025,-4.741883488118603,-4.6876047598948025,-4.701174441950752,-0.763745705,-4.149664495
Nikola Jokic,2022-23,2323.0,10.0,4.099999904632568,14.100000381469728,7.444589358778132,2.1475596269124617,2.093441979593707,2.1069713914233956,9.53803133837184,9.592148985690594,9.53803133837184,9.551560750201528,1.609821997,9.206600754
Luka Doncic,2022-23,2391.0,8.300000190734863,-0.4000000059604645,7.800000190734863,7.2148479268193215,-0.987867595326076,-0.9571602009872988,-0.9648370495719931,6.257687725832023,6.2269803314932455,6.257687725832023,6.250010877247329,-0.095860739,5.239728972
Joel Embiid,2022-23,2284.0,4.5,3.700000047683716,8.199999809265137,4.034002969745474,2.6938499889139944,2.725858819297404,2.717856611701551,6.759861789042878,6.727852958659469,6.759861789042878,6.751859581447025,0.818925601,6.284336063
Damian Lillard,2022-23,2107.0,9.300000190734863,-1.5,7.800000190734863,7.718921492969424,-2.3612791052362385,-2.368161223953127,-2.366440694273905,5.350760269016297,5.357642387733186,5.350760269016297,5.352480798695519,-2.14783113,4.2845921
Jimmy Butler,2022-23,2138.0,6.099999904632568,0.5,6.599999904632568,4.903028433780251,0.0653165305301693,-0.11844183077601135,-0.07250224044946618,4.784586603004239,4.96834496431042,4.784586603004239,4.830526193330785,0.822964524,7.958091359
Kyrie Irving,2022-23,2241.0,5.599999904632568,0.4000000059604645,6.0,4.207013744576341,0.0067327557896203,0.09682688506935398,0.07430335274942056,4.303840629645695,4.2137465003659615,4.303840629645695,4.281317097325761,-0.2740864081664435,3.933203473818385
Fred VanVleet,2022-23,2535.0,3.799999952316284,1.2000000476837158,5.0,3.539141788858164,0.7045807747225804,0.7112175949342787,0.7095583898813541,4.250359383792443,4.243722563580745,4.250359383792443,4.248700178739518,0.511310727,1.682737371
Shai Gilgeous-Alexander,2022-23,2416.0,5.0,0.2000000029802322,5.199999809265137,4.114433090473898,0.6261494900869476,0.6824107111638658,0.6683454058946361,4.796843801637763,4.7405825805608455,4.796843801637763,4.782778496368534,0.144853976,5.199557253
Anthony Davis,2022-23,1904.0,2.700000047683716,4.599999904632568,7.300000190734863,1.92585992612101,3.800229534640768,3.7428285074188508,3.7571787642243297,5.668688433539861,5.726089460761778,5.668688433539861,5.68303869034534,1.959624578,5.216518788
Donovan Mitchell,2022-23,2432.0,5.900000095367432,-1.0,4.900000095367432,5.440799628073435,-0.7615653062531272,-0.8446632371131884,-0.823888754398173,4.596136390960247,4.679234321820308,4.596136390960247,4.616910873675263,0.531747996,5.44803452
Giannis Antetokounmpo,2022-23,2024.0,3.799999952316284,2.299999952316284,6.099999904632568,3.5339319782583445,1.9791718377875596,1.957966241358601,1.9632676404658405,5.491898219616946,5.513103816045904,5.491898219616946,5.497199618724185,1.14864066,6.252435022
Stephen Curry,2022-23,1941.0,7.5,-1.0,6.5,6.576474529448852,-0.4935868872215099,-0.43083980406465894,-0.4465265748538717,6.145634725384193,6.082887642227342,6.145634725384193,6.12994795459498,-0.59962375,4.383030164
Jrue Holiday,2022-23,2183.0,3.5,2.0,5.599999904632568,4.080710485026863,1.7076562271341489,1.7101226103309872,1.7095060145317775,5.790833095357851,5.788366712161012,5.790833095357851,5.790216499558641,1.014066405,3.52200473
James Harden,2022-23,2135.0,5.5,0.3000000119209289,5.800000190734863,5.178843182716026,-1.2574131388357774,-1.1539020410432044,-1.1797798154913477,4.024941141672821,3.9214300438802487,4.024941141672821,3.9990633672246783,0.233635297,3.509557946
Derrick White,2022-23,2319.0,1.899999976158142,3.0999999046325684,5.0,1.3707738202238462,2.2779627776405573,2.510336959359022,2.4522434139294056,3.881110779582868,3.6487365978644037,3.881110779582868,3.8230172341532516,1.702178222,3.543584139
Trae Young,2022-23,2541.0,5.199999809265137,-1.100000023841858,4.099999904632568,5.107939443799721,-1.7850685177984522,-1.8644786495431678,-1.8446261166069888,3.2434607942565536,3.3228709260012694,3.2434607942565536,3.2633133271927326,-2.219429885,1.363289922
Darius Garland,2022-23,2447.0,3.799999952316284,0.699999988079071,4.5,4.137503049951878,-0.1084080675812647,-0.016208762036731064,-0.03925858842286446,4.121294287915147,4.029094982370613,4.121294287915147,4.0982444615290134,0.00958434,2.647486682
Jayson Tatum,2022-23,2732.0,4.400000095367432,-0.699999988079071,3.700000047683716,4.710660469240414,-0.5323570809125457,-0.4869034301937578,-0.4982668428734548,4.223757039046657,4.178303388327869,4.223757039046657,4.21239362636696,1.051296278,5.694254568
Brook Lopez,2022-23,2373.0,-0.6000000238418579,5.0,4.400000095367432,0.0227139613638188,3.4170616789739525,3.5969476707762316,3.551976172825661,3.61966163214005,3.4397756403377713,3.6196616321400503,3.57469013418948,2.110438492,2.174653709
Domantas Sabonis,2022-23,2736.0,3.299999952316284,0.2000000029802322,3.5,2.95732777430023,-0.7714982486977374,-0.7073259940833336,-0.7233690577369345,2.250001780216897,2.1858295256024927,2.2500017802168966,2.2339587165632953,-0.2129488519999999,3.044748304
Kawhi Leonard,2022-23,1748.0,4.699999809265137,2.0999999046325684,6.800000190734863,4.490001149959971,1.0707316211535645,1.114534879469532,1.1035840648905402,5.604536029429503,5.5607327711135355,5.604536029429503,5.593585214850512,1.120026813,6.604820802
Lauri Markkanen,2022-23,2273.0,3.5,1.0,4.5,3.113748378535961,0.8220119343718975,0.745177806080774,0.764386338153555,3.858926184616736,3.9357603129078584,3.858926184616735,3.878134716689516,-0.26699159,4.17576606
Ja Morant,2022-23,1948.0,4.699999809265137,1.0,5.599999904632568,4.386138926304079,0.717810643439658,0.8040952096141349,0.7825240680705157,5.190234135918214,5.103949569743737,5.190234135918214,5.1686629943745945,-0.195743451,3.065987267
Tyrese Haliburton,2022-23,1883.0,6.900000095367432,-1.0,5.900000095367432,5.6348843772934645,-2.1377838592154705,-2.2569416589604416,-2.2271522090241986,3.377942718333023,3.497100518077994,3.377942718333023,3.407732168269266,-0.58065438,4.936923733
Jalen Brunson,2022-23,2379.0,5.0,-0.8999999761581421,4.099999904632568,4.989175241199065,-2.312976695254985,-2.044763990264509,-2.111817166512128,2.944411250934556,2.6761985459440796,2.9444112509345555,2.8773580746869367,-1.547134623,2.264734624
Kristaps Porzingis,2022-23,2120.0,3.0999999046325684,1.7000000476837158,4.800000190734863,2.7710272538586858,1.5516603814580483,1.7614798491776111,1.7090249822477204,4.532507103036297,4.3226876353167345,4.532507103036297,4.480052236106406,0.548095992,2.807386958
Paul George,2022-23,1939.0,3.0999999046325684,1.7000000476837158,4.800000190734863,3.140068556643064,0.701896810731934,0.7441516641708055,0.7335879508110875,3.884220220813869,3.841965367374998,3.8842202208138694,3.8736565074541516,0.744462234,3.701483301
DeMar DeRozan,2022-23,2682.0,2.200000047683716,0.4000000059604645,2.700000047683716,1.739648545122405,-0.4644717283170559,-0.3629302987888939,-0.3883156561709344,1.3767182463335113,1.2751768168053492,1.3767182463335113,1.3513328889514706,-0.13469738,3.255622757
Josh Hart,2022-23,2454.0,1.399999976158142,1.7999999523162842,3.0999999046325684,0.7800596356288443,1.4415605499209512,1.4831857028275106,1.4727794146008708,2.263245338456355,2.2216201855497957,2.263245338456355,2.2528390502297153,1.5410139774425429,2.420203276310513
Immanuel Quickley,2022-23,2344.0,1.2000000476837158,2.200000047683716,3.400000095367432,1.0972515567080754,1.9251227518234664,1.9064356701667342,1.911107440580917,3.00368722687481,3.0223743085315418,3.00368722687481,3.008358997288992,0.720180839,3.427514162
De'Aaron Fox,2022-23,2435.0,4.5,-1.5,3.0,4.767399484976089,-2.5285158011165847,-2.486731755482957,-2.497177766891364,2.280667729493132,2.238883683859504,2.280667729493132,2.270221718084725,-1.149032446,2.332395684
LeBron James,2022-23,1954.0,4.400000095367432,0.1000000014901161,4.5,4.258379714210625,-0.1150715488643406,-0.02423480740439235,-0.04694399276937941,4.234144906806233,4.143308165346284,4.234144906806233,4.211435721441246,0.413309536,4.953245984
Moritz Wagner,2022-23,2609.0,0.800000011920929,1.7999999523162842,2.700000047683716,-0.5156682095570684,0.2796614244012125,0.6511676449108789,0.5582910897834622,0.1354994353538104,-0.23600678515585588,0.13549943535381048,0.04262288022639382,-0.39537407,-0.14934229
Kevin Durant,2022-23,1672.0,4.800000190734863,0.699999988079071,5.5,4.199148128342828,1.6291923797405132,1.6488895619452655,1.6439652663940771,5.848037690288093,5.8283405080833415,5.848037690288093,5.843113394736905,0.527674490138756,5.763426276305622
Alex Caruso,2022-23,1575.0,-0.1000000014901161,6.099999904632568,6.0,-0.1222713879004788,3.67190509323779,3.683754620764976,3.6807922388831793,3.5614832328644974,3.5496337053373113,3.561483232864497,3.5585208509827004,3.151581724,0.655389212
Devin Booker,2022-23,1835.0,5.300000190734863,-0.8999999761581421,4.400000095367432,5.206380777630473,-1.655203652010701,-1.5293486812076842,-1.5608124239084384,3.677032096422789,3.5511771256197724,3.677032096422789,3.6455683537220347,-0.22799936,4.741370987
Mikal Bridges,2022-23,2963.0,1.399999976158142,0.4000000059604645,1.7000000476837158,0.8922571400210092,0.024208520159911,-0.32569728590246194,-0.23822083438686867,0.5665598541185473,0.9164656601809202,0.5665598541185473,0.6540363056341405,0.1659712068849139,2.271433537975025
Anthony Edwards,2022-23,2842.0,1.2999999523162842,0.4000000059604645,1.600000023841858,1.809746749718809,0.2625766659697788,0.32936052615886957,0.3126645611115969,2.139107275877679,2.0723234156885875,2.1391072758776786,2.122411310830406,1.070152503,2.067679161
Austin Rivers,2022-23,1843.0,2.5,1.600000023841858,4.099999904632568,-1.5479060419294155,-2.2633838523429595,-2.1492391370824393,-2.177775315897569,-3.697145179011855,-3.8112898942723747,-3.697145179011855,-3.7256813578269847,-0.821651906,-3.173506162
Desmond Bane,2022-23,1841.0,3.5,0.3000000119209289,3.799999952316284,2.913479535214119,0.6849191005553656,0.796541349704192,0.7686357874169853,3.710020884918311,3.5983986357694846,3.710020884918311,3.6821153226311045,0.796750178,4.225930796
Draymond Green,2022-23,2297.0,-1.100000023841858,3.5,2.400000095367432,-0.6813184659712425,3.255422580940992,3.19796961229937,3.2123328544597753,2.516651146328128,2.5741041149697494,2.5166511463281274,2.5310143884885328,2.587609804,1.676668866
Jaren Jackson Jr.,2022-23,1787.0,1.100000023841858,2.799999952316284,3.900000095367432,0.6159019540643308,3.485047480998185,3.5442031361065256,3.5294142223294402,4.160105090170856,4.100949435062516,4.160105090170856,4.145316176393771,3.69149815,3.801090107
Kevon Looney,2022-23,1958.0,1.5,1.899999976158142,3.400000095367432,1.3625938683654304,1.6077120068431334,1.564618527923002,1.5753918976530348,2.927212396288432,2.970305875208564,2.927212396288432,2.937985766018465,1.314925069,1.617489347
Aaron Gordon,2022-23,2055.0,2.0,0.8999999761581421,2.900000095367432,2.2903999002204487,1.0465924271787292,1.008532028036048,1.0180471278217182,3.2989319282564966,3.336992327399178,3.2989319282564966,3.308447028042167,1.081320504,4.210550721
Tim Hardaway Jr.,2022-23,2152.0,1.100000023841858,1.7000000476837158,2.700000047683716,0.8158765913833923,-0.3522774044328366,-0.20740527931231717,-0.24362331059244702,0.6084713120710752,0.4635991869505557,0.6084713120710752,0.5722532807909453,-0.208951742,0.482746103
Kentavious Caldwell-Pope,2022-23,2381.0,0.699999988079071,1.2999999523162842,2.0,0.6253569850859866,1.4775575426288636,1.2049667417564753,1.2731144419745724,1.830323726842462,2.10291452771485,1.830323726842462,1.898471427060559,2.297263937,2.644097378
Bam Adebayo,2022-23,2598.0,-1.100000023841858,2.700000047683716,1.600000023841858,-0.1803855588095502,1.7310719125024907,1.7609798003126165,1.753502828360085,1.5805942415030665,1.5506863536929405,1.5805942415030663,1.5731172695505349,0.840960084,1.278272994
Buddy Hield,2022-23,2482.0,1.7999999523162842,-0.1000000014901161,1.7000000476837158,1.4707300773810932,-0.7762418340025836,-0.7781372102355245,-0.7776633661772893,0.6925928671455687,0.6944882433785096,0.6925928671455687,0.6930667112038039,-0.430644139,1.351614997
Julius Randle,2022-23,2737.0,2.5999999046325684,-1.2999999523162842,1.2999999523162842,3.420695961553124,-1.7956084962687249,-1.6051141597723229,-1.6527377438964233,1.8155818017808008,1.6250874652843992,1.8155818017808012,1.7679582176567008,-0.429024783,2.099100358
Zach LaVine,2022-23,2768.0,2.299999952316284,-1.100000023841858,1.2000000476837158,1.7699487187540548,-1.475447076402076,-1.2905342032178657,-1.336762421513918,0.4794145155361888,0.29450164235197884,0.4794145155361891,0.4331862972401368,-0.7443307730000001,1.823128922
Harrison Barnes,2022-23,2662.0,0.800000011920929,0.4000000059604645,1.2000000476837158,0.6931357844971231,-0.5366832313433261,-0.44221699776324697,-0.4658335561582667,0.2509187867338761,0.15645255315379702,0.25091878673387613,0.22730222833885638,-0.671537724,0.840805762
Mike Conley,2022-23,2029.0,2.5999999046325684,-0.3000000119209289,2.400000095367432,1.913264274493762,-0.957818220686495,-0.8717065031977749,-0.8932344325699549,1.0415577712959874,0.955446053807267,1.0415577712959871,1.0200298419238072,-0.3487202959443076,0.976298135973386
Donte DiVincenzo,2022-23,1894.0,-0.1000000014901161,2.700000047683716,2.700000047683716,0.1412989119014004,1.8761055377184876,1.8313813259476959,1.8425623788903938,1.972680237849096,2.017404449619888,1.9726802378490962,1.983861290791794,1.684094282,1.913718706
Rudy Gobert,2022-23,2148.0,-2.0,4.099999904632568,2.0999999046325684,-1.0258359469159384,2.4356183876572306,2.548175482461741,2.5200362087606134,1.5223395355458025,1.4097824407412922,1.5223395355458025,1.494200261844675,1.232093291,0.141439815
Kemba Walker,2022-23,1703.0,0.3000000119209289,3.0999999046325684,3.400000095367432,0.419723904655312,-3.3502290638785444,-3.1924149406624043,-3.231868471466439,-2.7726910360070924,-2.9305051592232325,-2.7726910360070924,-2.8121445668111273,-2.454668246,-2.783592846
Luguentz Dort,2022-23,2272.0,-0.800000011920929,2.5,1.7000000476837158,-0.4563114211934406,0.8549423463640075,0.8270658317003426,0.8340349603662588,0.370754410506902,0.39863092517056686,0.37075441050690205,0.3777235391728182,-0.0605101209999999,-0.720854984
Saben Lee,2022-23,2171.0,0.6000000238418579,1.2999999523162842,1.899999976158142,-2.470622279767958,1.2108035583410282,1.5377128313318358,1.4559855130841337,-0.932909448436122,-1.2598187214269296,-0.932909448436122,-1.014636766683824,-0.2365292791608579,-1.6702456736997322
Clint Capela,2022-23,1730.0,0.699999988079071,2.200000047683716,3.0,0.2536259991193621,0.5151198284070576,0.5186870051087293,0.5177952109333114,0.7723130042280915,0.7687458275264197,0.7723130042280915,0.7714212100526735,0.5968087,1.236317716
Caris LeVert,2022-23,2237.0,-0.4000000059604645,1.899999976158142,1.5,-0.2058704604416853,0.8015609565813188,0.9000550038638473,0.8754314920432151,0.694184543422162,0.5956904961396334,0.694184543422162,0.6695610316015298,1.058238901,0.714665726
Mitchell Robinson,2022-23,1591.0,1.0,2.200000047683716,3.0999999046325684,1.1911067289748198,1.7122013180378903,1.7477881861445197,1.738891469117862,2.93889491511934,2.90330804701271,2.9388949151193398,2.929998198092682,2.540446906,2.398628041
Spencer Dinwiddie,2022-23,2725.0,1.7000000476837158,-1.100000023841858,0.6000000238418579,1.3858499828780044,-1.194188757490041,-1.1214764818903644,-1.1396545507902833,0.26437350098764,0.19166122538796349,0.26437350098764,0.2461954320877211,-0.8109426887280733,1.1479898369170642
Tre Jones,2022-23,1984.0,1.2000000476837158,0.699999988079071,1.7999999523162842,0.6096491483986551,-0.595344758281186,-0.8730268948464435,-0.8036063607051291,-0.2633777464477883,0.01430439011746909,-0.26337774644778833,-0.193957212306474,-0.654155089,-0.044523279
Jarrett Allen,2022-23,2220.0,-0.5,1.7999999523162842,1.2999999523162842,0.0640093443009424,2.4061472888761304,2.4368392977550615,2.4291662955353286,2.500848642056004,2.470156633177073,2.500848642056004,2.493175639836271,1.737015605,2.33081061
Josh Okogie,2022-23,1350.0,0.0,3.700000047683716,3.700000047683716,-0.5072159427635082,2.1103453772977385,2.0939239591613625,2.098029313695456,1.5867080163978544,1.6031294345342304,1.5867080163978544,1.590813370931948,1.5612440769999998,0.925648252
Pascal Siakam,2022-23,2652.0,2.299999952316284,-1.7000000476837158,0.6000000238418579,2.2417047044177045,-1.237609557879341,-1.187322068370272,-1.199893940747539,1.0543826360474324,1.0040951465383636,1.0543826360474324,1.0418107636701655,-0.657459139,2.226200054
Delon Wright,2022-23,1221.0,1.0,3.5,4.5,0.4908174102210456,1.9725539460592056,1.9898770900087621,1.9855463040213728,2.480694500229808,2.463371356280251,2.4806945002298075,2.476363714242418,2.543083454,3.325802946
Kyle Anderson,2022-23,1957.0,0.4000000059604645,1.2000000476837158,1.7000000476837158,-0.0810592147776653,1.0365534661384612,1.0532380627139843,1.0490669135701034,0.972178847936319,0.9554942513607959,0.972178847936319,0.9680076987924381,1.821655045,2.05526143
Chris Paul,2022-23,1889.0,2.200000047683716,-0.3000000119209289,1.899999976158142,2.911476366455256,0.3482033248074809,0.19522359737239173,0.233468529231164,3.106699963827648,3.2596796912627366,3.106699963827648,3.14494489568642,1.142227061,3.078510986
Jamal Murray,2022-23,2133.0,2.5999999046325684,-1.399999976158142,1.2000000476837158,3.946817938772313,-0.8835710419331765,-0.8410664078937913,-0.8516925664036376,3.1057515308785217,3.0632468968391366,3.1057515308785217,3.0951253723686754,-0.522596825,1.312777559
Kevin Porter Jr.,2022-23,2024.0,1.7999999523162842,-0.5,1.2999999523162842,1.0407606644237353,-2.6799653838693325,-2.668177367720001,-2.671124371757334,-1.627416703296266,-1.6392047194455972,-1.6274167032962659,-1.6303637073335988,-1.232973547,-1.114649545
Anfernee Simons,2022-23,2171.0,1.7999999523162842,-0.699999988079071,1.100000023841858,1.9544966241735249,-1.9621280476535063,-1.824364710925782,-1.858805545107713,0.1301319132477429,-0.0076314234799814695,0.13013191324774298,0.09569107906581187,-1.756969945,0.190709667
Jaylen Brown,2022-23,2405.0,0.2000000029802322,0.3000000119209289,0.5,1.0297707681987147,-0.429465748845116,-0.33383722296642804,-0.35774435443610003,0.6959335452322867,0.6003050193535987,0.6959335452322867,0.6720264137626146,0.2301662269999999,2.53647808
Isaiah Joe,2022-23,1395.0,2.700000047683716,0.3000000119209289,3.0,2.685277164149262,-0.103167155491412,-0.0866831140221262,-0.09080412438944764,2.598594050127136,2.5821100086578497,2.5985940501271356,2.5944730397598144,0.283711021,1.9570583340000005
Cameron Johnson,2022-23,1199.0,1.2999999523162842,2.700000047683716,4.0,1.6292443969843322,0.9718102653156354,0.9986447815441049,0.9919361524869874,2.627889178528437,2.6010546622999677,2.627889178528437,2.62118054947132,1.1565821938990826,3.691928872302752
De'Anthony Melton,2022-23,2150.0,-0.2000000029802322,1.100000023841858,1.0,-0.1658279485159463,1.115721303362881,1.050646658649009,1.066915319827477,0.884818710133063,0.9498933548469347,0.8848187101330628,0.9010873713115307,2.124385855,1.505723978
D'Angelo Russell,2022-23,2304.0,2.200000047683716,-1.600000023841858,0.699999988079071,1.8569222795361249,-1.0746666596002417,-0.9632585956772537,-0.9911106116580007,0.8936636838588714,0.7822556199358832,0.8936636838588712,0.8658116678781241,-0.7508120484270834,0.186761421608507
Malcolm Brogdon,2022-23,1744.0,2.200000047683716,-0.4000000059604645,1.7999999523162842,1.54693965345494,-0.0593089731103979,0.012842090834616224,-0.005195675151637311,1.5597817442895563,1.487630680344542,1.5597817442895563,1.5417439783033027,-0.288471412,1.137065534
Al Horford,2022-23,1922.0,0.2000000029802322,1.100000023841858,1.2999999523162842,0.2557667200638915,1.2360538844050228,1.2865375755366282,1.2739166527537267,1.5423042956005195,1.4918206044689144,1.5423042956005197,1.5296833728176182,1.126251022,0.952293522
John Konchar,2022-23,1494.0,-0.800000011920929,3.299999952316284,2.5,-0.3590394096661553,2.4986432009880217,2.4672394037695713,2.4750903530741835,2.108199994103416,2.1396037913218664,2.108199994103416,2.116050943408028,2.940673595,1.694903221
Tyrese Maxey,2022-23,2016.0,2.299999952316284,-1.100000023841858,1.2000000476837158,1.970854549098542,-1.831162368624379,-1.8272055203560642,-1.828194732423143,0.1436490287424778,0.1396921804741631,0.14364902874247787,0.14265981667539918,-0.713018006,2.486063217
Steven Adams,2022-23,1133.0,0.4000000059604645,3.5,3.900000095367432,1.1407423488677946,3.4508147916779586,3.557442591941649,3.5307856418757266,4.698184940809444,4.591557140545753,4.698184940809444,4.671527990743521,2.228517181,0.833276462
T.J. McConnell,2022-23,1526.0,0.4000000059604645,1.899999976158142,2.200000047683716,0.3779829961980047,0.8219606088578587,0.8956205085469517,0.8772055336246783,1.2736035047449563,1.1999436050558634,1.2736035047449565,1.255188529822683,-0.274584115,0.275079759
Jaden McDaniels,2022-23,2416.0,-1.0,1.2999999523162842,0.3000000119209289,-0.2436790061760568,1.4880951187080838,1.4789481803272881,1.4812349149224868,1.2352691741512316,1.244416112532027,1.2352691741512314,1.23755590874643,0.672888925,0.174643954
Bradley Beal,2022-23,2715.0,-1.2999999523162842,1.2999999523162842,0.0,2.9533077826940315,-1.6376570894706273,-1.4701502622277922,-1.512026969038501,1.4831575204662393,1.3156506932234042,1.4831575204662393,1.4412808136555304,-0.664615288,2.452060112
Kyle Lowry,2022-23,1718.0,0.5,1.0,1.5,0.6817266571548402,0.5761301705226736,0.6285410662003226,0.6154383422809102,1.3102677233551627,1.2578568276775137,1.3102677233551627,1.2971649994357504,0.547239414,-0.913606173
Marcus Smart,2022-23,1957.0,0.2000000029802322,0.699999988079071,0.8999999761581421,0.9342106198696954,0.6436995764045609,0.5773384362292648,0.5939287212730888,1.5115490560989602,1.5779101962742563,1.5115490560989602,1.5281393411427842,1.285135222,0.248231938
CJ McCollum,2022-23,2649.0,1.2999999523162842,-1.399999976158142,-0.1000000014901161,2.252571180415127,-1.995082005513008,-1.8564607898935879,-1.8911160937984426,0.3961103905215393,0.25748917490211887,0.39611039052153907,0.36145508661668435,-0.152686873,0.989408011
Jalen Smith,2022-23,1246.0,-0.3000000119209289,3.200000047683716,2.900000095367432,-1.6688655416894629,-0.2119295017052732,-0.18473683326847107,-0.1915350003776716,-1.8536023749579336,-1.880795043394736,-1.853602374957934,-1.8604005420671346,-1.070169518,-3.192127471
Coby White,2022-23,1730.0,1.100000023841858,0.2000000029802322,1.2999999523162842,0.7661969831419807,-0.2064845801864989,-0.19047279078998522,-0.19447573813911362,0.5757241923519953,0.5597124029554819,0.5757241923519955,0.571721245002867,0.586342519,0.600742493
Royce O'Neale,2022-23,2409.0,-0.699999988079071,0.800000011920929,0.1000000014901161,-0.8706133856785989,1.5024052064620577,1.4867020229667645,1.4906278188405877,0.6160886372881655,0.6317918207834587,0.6160886372881655,0.6200144331619888,0.939144528,-0.768714542
Onyeka Okongwu,2022-23,1849.0,-0.3000000119209289,1.2999999523162842,1.0,-0.5034337145703208,1.6953305665943528,1.666510905791208,1.673715820991994,1.163077191220887,1.191896852024032,1.163077191220887,1.170282106421673,0.9662950380000002,0.871438726
Kelly Olynyk,2022-23,1942.0,0.2000000029802322,0.5,0.699999988079071,0.55501812258202,0.0549537402112184,0.1844361470376895,0.15206554533107175,0.7394542696197095,0.6099718627932383,0.7394542696197095,0.7070836679130917,-0.003093118,-0.570858587
Cole Anthony,2022-23,1552.0,2.0,-0.5,1.600000023841858,1.2180671393705624,-0.8987124190193891,-0.7732097166523751,-0.8045853922441286,0.4448574227181873,0.3193547203511733,0.4448574227181873,0.4134817471264338,-0.014549763,-0.497138316
Bogdan Bogdanovic,2022-23,1508.0,2.5999999046325684,-0.8999999761581421,1.7000000476837158,1.769436174017888,-1.626742505568547,-1.4982082407340924,-1.530341806942706,0.2712279332837952,0.14269366844934117,0.2712279332837957,0.23909436707518217,-0.3558937870000001,0.897101647
Alec Burks,2022-23,1122.0,3.0,0.1000000014901161,3.0999999046325684,2.8819306571692778,-0.658783182226161,-0.7244536221986138,-0.7080360122055005,2.157477034970664,2.223147474943117,2.157477034970664,2.1738946449637773,-0.040299874,2.245729488
Isaiah Hartenstein,2022-23,1626.0,-1.2999999523162842,2.5999999046325684,1.2999999523162842,-1.0352080303177555,2.078355357217663,2.0735312166001956,2.074737251754563,1.03832318628244,1.0431473268999076,1.03832318628244,1.0395292214368073,1.455669169,-0.642123143
Kevin Huerter,2022-23,2203.0,2.299999952316284,-1.899999976158142,0.3000000119209289,2.284150237181455,-1.382251383206439,-1.4114088738675257,-1.4041195012022538,0.8727413633139292,0.9018988539750159,0.8727413633139292,0.880030735979201,0.079594095,2.175585633
Jakob Poeltl,2022-23,1906.0,0.5,0.3000000119209289,0.800000011920929,0.0755954990283605,0.5671557680429836,0.6851271211241687,0.6556342828538726,0.7607226201525293,0.6427512670713441,0.7607226201525292,0.7312297818822331,0.5214103613672613,0.8166459502597062
Sam Merrill,2022-23,1290.0,1.100000023841858,1.2000000476837158,2.200000047683716,-5.143680725400663,1.6607362415024625,2.190018760939629,2.0576981310803375,-2.9536619644610336,-3.4829444838982004,-2.953661964461034,-3.0859825943203254,2.008818593,2.846457861
Larry Nance Jr.,2022-23,1381.0,-0.6000000238418579,2.5999999046325684,2.0,0.1154128714146709,1.5207602319522762,1.4408311974337096,1.4608134560633512,1.5562440688483807,1.636173103366947,1.5562440688483805,1.5762263274780222,2.067817695,1.94869276
Tobias Harris,2022-23,2436.0,0.0,-0.1000000014901161,-0.2000000029802322,0.2475361096739837,-0.1926601257069137,-0.2696975143142151,-0.25043816716238976,-0.0221614046402314,0.05487598396707,-0.02216140464023142,-0.0029020574884060513,0.699942261,1.632121111
Mason Plumlee,2022-23,2054.0,0.8999999761581421,-0.699999988079071,0.3000000119209289,0.4911352334047789,-1.4066633220705889,-1.3177086615238192,-1.3399473266605115,-0.8265734281190404,-0.9155280886658099,-0.8265734281190402,-0.8488120932557326,-0.5522257856037001,-0.1387467029444985
Kenrich Williams,2022-23,1206.0,-0.5,2.900000095367432,2.400000095367432,-0.4059032407366333,1.0567140109409197,1.156144574411528,1.131286933543876,0.7502413336748945,0.6508107702042863,0.7502413336748947,0.7253836928072427,0.8986015579999999,1.734833504
Tyler Herro,2022-23,2337.0,1.2000000476837158,-1.2999999523162842,-0.1000000014901161,1.9137866265050711,-1.009507761478396,-0.8487191348514371,-0.8889162915081769,1.065067491653634,0.9042788650266751,1.065067491653634,1.0248703349968942,0.294421353,1.067035669
Dejounte Murray,2022-23,2693.0,0.5,-1.0,-0.5,0.6770342510964301,-1.2402774778335266,-1.3470197659365013,-1.3203341939107573,-0.6699855148400712,-0.5632432267370965,-0.6699855148400712,-0.6432999428143272,0.083062549,1.938538066
Cedi Osman,2022-23,1548.0,0.5,0.699999988079071,1.2000000476837158,0.3554680920624782,-0.1105721158759295,0.033190580072552364,-0.0027500939145681247,0.3886586721350306,0.2448959761865487,0.3886586721350306,0.35271799814791005,0.101985395,0.178801331
Dillon Brooks,2022-23,2214.0,-2.0,1.899999976158142,-0.1000000014901161,-1.0081131300906134,1.0678896784661551,1.1457778304858508,1.126305792480927,0.1376647003952376,0.059776548375541694,0.13766470039523737,0.11819266239031356,0.241105362,-1.014410565
Grayson Allen,2022-23,1972.0,-0.1000000014901161,0.2000000029802322,0.1000000014901161,0.1985086048551436,0.880014591332734,0.9241465995945786,0.9131135975291174,1.1226552044497222,1.0785231961878776,1.1226552044497222,1.111622202384261,1.036919355,1.779493944
Monte Morris,2022-23,1695.0,1.899999976158142,-1.2000000476837158,0.699999988079071,1.168252814981071,-2.398886220566765,-2.356969261025137,-2.367448500910544,-1.188716446044066,-1.230633405585694,-1.188716446044066,-1.1991956859294732,-0.630857914,0.136014678
Brandon Ingram,2022-23,1538.0,1.7999999523162842,-1.0,0.800000011920929,2.543219044076815,-1.1884230283757349,-1.049448151042394,-1.0841918703757292,1.4937708930344211,1.3547960157010803,1.4937708930344211,1.459027173701086,-0.595735208,1.870323244
Michael Porter Jr.,2022-23,1798.0,1.600000023841858,-1.2999999523162842,0.3000000119209289,2.102691256859931,-0.8640340831661645,-0.815827832504483,-0.8278793951699034,1.2868634243554482,1.2386571736937668,1.2868634243554482,1.274811861690028,0.417607981,2.63115331
Terry Rozier,2022-23,2221.0,0.699999988079071,-0.8999999761581421,-0.2000000029802322,1.3675579728430771,-1.8884498349494292,-1.8658830166694877,-1.871524721239473,-0.4983250438264108,-0.5208918621063521,-0.49832504382641063,-0.5039667483963959,-0.625063695,-0.095182261
Jerami Grant,2022-23,2246.0,0.5,-0.8999999761581421,-0.4000000059604645,0.4403145823490229,-0.7816528020988147,-0.7724277088874948,-0.7747339821903246,-0.3321131265384719,-0.34133821974979184,-0.3321131265384719,-0.33441939984130176,-0.81061176,0.690183328
Tyus Jones,2022-23,1940.0,1.600000023841858,-1.600000023841858,0.0,1.886368407452414,-1.170721313916775,-1.1757648168354051,-1.1745039411057476,0.710603590617009,0.7156470935356392,0.710603590617009,0.7118644663466664,-0.023116078,1.17315992
LaMelo Ball,2022-23,1268.0,2.200000047683716,-0.8999999761581421,1.2999999523162842,3.018234695677563,-2.7152649348958224,-2.654049356059687,-2.669353250768721,0.364185339617876,0.30296976078174076,0.364185339617876,0.3488814449088422,-0.682331989,-0.233279303
Wendell Carter Jr.,2022-23,1690.0,-1.2000000476837158,1.5,0.3000000119209289,-0.6103046017507311,0.6088352554098525,0.7868751515904697,0.7423651775453155,0.1765705498397385,-0.0014693463408785856,0.17657054983973863,0.1320605757945844,-0.175331228,-0.481310421
Kyle Kuzma,2022-23,2239.0,-1.0,0.5,-0.5,-0.3881128671889528,0.0917839761333864,0.10553816138855737,0.10209961507476462,-0.2825747058003954,-0.2963288910555664,-0.28257470580039545,-0.2860132521141882,-0.4842412149999999,-1.000155825
Jusuf Nurkic,2022-23,1391.0,-1.100000023841858,2.0,0.8999999761581421,-0.1108671571115394,1.5995376028226762,1.6290075749383743,1.6216400819094496,1.518140417826835,1.4886704457111368,1.518140417826835,1.5107729247979103,0.419360416,-0.989091189
Dwight Powell,2022-23,1458.0,-0.5,1.2000000476837158,0.699999988079071,0.638862606108808,1.1435246706561215,1.1610693818826672,1.1566832040760309,1.7999319879914757,1.7823872767649296,1.7999319879914752,1.795545810184839,0.002456883,0.222884335
Gary Trent Jr.,2022-23,2118.0,0.4000000059604645,-0.699999988079071,-0.3000000119209289,0.545813573605045,-0.7709023483734793,-1.010042493335939,-0.9502574570953242,-0.4642289197308938,-0.22508877476843425,-0.4642289197308941,-0.40444388349027915,-0.136019824,1.042656976
Nicolas Batum,2022-23,1709.0,-0.800000011920929,0.8999999761581421,0.1000000014901161,-0.1745524055228825,0.8285943686060322,0.9099652960644413,0.889622564199839,0.7354128905415588,0.6540419630831497,0.7354128905415588,0.7150701586769564,1.574671419,0.579896459
Saddiq Bey,2022-23,2129.0,1.7000000476837158,-2.0999999046325684,-0.4000000059604645,0.286496437145262,-2.554016250522332,-2.6361206975916343,-2.615594585824309,-2.349624260446372,-2.26751981337707,-2.3496242604463724,-2.329098148679047,-0.4601227253710662,0.6466698313372475
Pat Connaughton,2022-23,1443.0,-0.6000000238418579,1.0,0.4000000059604645,0.081164018199585,1.021773212047154,1.0450073476765174,1.0391988137691768,1.1261713658761023,1.102937230246739,1.1261713658761023,1.1203628319687617,1.158761787,-0.032193392
Daniel Gafford,2022-23,1604.0,0.4000000059604645,-0.3000000119209289,0.0,-0.3622399209406965,0.139126265031309,0.22323600929539228,0.20220857322937147,-0.1390039116453042,-0.2231136559093875,-0.13900391164530423,-0.16003134771132504,-0.042287331,-0.066447077
Anthony Lamb,2022-23,1195.0,-0.8999999761581421,1.899999976158142,0.8999999761581421,-1.3326101352502462,0.8066385119852294,0.8994959654320511,0.8762816020703457,-0.433114169818195,-0.5259716232650168,-0.43311416981819506,-0.4563285331799005,-0.114123043,-1.246592442
Kevin Love,2022-23,1240.0,-0.699999988079071,1.600000023841858,0.8999999761581421,0.0262733066704238,-0.5105291012438556,-0.01015513993875955,-0.13524863026503356,0.0161181667316643,-0.4842557945734318,0.01611816673166425,-0.10897532359460976,0.7718484341459677,-1.4123782439741934
Isaac Okoro,2022-23,1652.0,-0.800000011920929,0.699999988079071,-0.1000000014901161,-1.0529347106902482,0.9799861387248318,1.0895828153104836,1.0621836461640706,0.0366481046202353,-0.07294857196541649,0.03664810462023538,0.009248935473822328,1.240135301,0.401920173
Kelly Oubre Jr.,2022-23,1548.0,-0.2000000029802322,0.3000000119209289,0.1000000014901161,0.1368548702624585,-0.4711693514663198,-0.6926535335802828,-0.637282488051792,-0.5557986633178242,-0.3343144812038613,-0.5557986633178243,-0.5004276177893335,-0.206165933,-0.2045379
Dennis Smith Jr.,2022-23,1390.0,-3.0,3.5,0.5,-2.926748221771162,2.380715673631235,2.345237619515625,2.354107133044528,-0.5815106022555372,-0.5460325481399266,-0.5815106022555367,-0.572641088726634,1.412673544,-1.005275205
Jordan Clarkson,2022-23,1988.0,2.200000047683716,-2.799999952316284,-0.6000000238418579,2.5303403269451423,-2.305129489907699,-2.128950936643052,-2.1729955749592134,0.4013893903020897,0.2252108370374435,0.4013893903020902,0.35734475198592897,-1.606570902,-0.395383253
John Collins,2022-23,1441.0,-1.5,1.7000000476837158,0.2000000029802322,-1.8384698601057543,-0.2684417775361172,-0.29320247968581203,-0.2870123041483883,-2.1316723397915665,-2.1069116376418715,-2.1316723397915665,-2.1254821642541426,0.370096853,-0.681107306
Myles Turner,2022-23,1825.0,-0.2000000029802322,-0.1000000014901161,-0.3000000119209289,-0.4621541552984475,0.2263171034769805,0.3571244756544233,0.3244226326100626,-0.1050296796440242,-0.235837051821467,-0.10502967964402421,-0.1377315226883849,0.558895571,0.662681918
Josh Green,2022-23,1539.0,-1.100000023841858,1.0,-0.1000000014901161,-0.0775499414778353,-0.1462627409302057,-0.01978666921947382,-0.05140568714715678,-0.0973366106973091,-0.22381268240804097,-0.09733661069730912,-0.12895562862499207,-0.286529916,-0.457327486
Malik Monk,2022-23,1719.0,1.100000023841858,-1.5,-0.4000000059604645,0.7301027198011405,-0.9613632021388012,-0.9346539435191544,-0.941331258174066,-0.204551223718014,-0.23126048233766072,-0.20455122371801393,-0.21122853837292555,-1.1990367000000002,0.578014396
Andrew Wiggins,2022-23,1190.0,-0.699999988079071,1.399999976158142,0.699999988079071,-1.2645116146871225,0.657448689978036,0.7676795063975113,0.7401218022926424,-0.4968321082896113,-0.6070629247090865,-0.4968321082896112,-0.5243898123944801,1.068203115,2.311645427
Ivica Zubac,2022-23,2170.0,-2.0,1.2000000476837158,-0.800000011920929,-1.6749518357407238,1.5336001146359517,1.9062896647934036,1.8131172772540403,0.2313378290526795,-0.14135172110477212,0.23133782905267974,0.13816544151331644,0.415353751,-1.556550497
Chris Boucher,2022-23,1523.0,-0.3000000119209289,0.1000000014901161,-0.2000000029802322,-0.4328645906291795,0.4723379640398297,0.4840035300855796,0.4810871385741421,0.0511389394564002,0.039473373410650214,0.051138939456400134,0.04822254794496261,0.2318635589999999,0.234902789
Christian Wood,2022-23,1738.0,0.3000000119209289,-0.800000011920929,-0.4000000059604645,0.2610538691329425,-0.9472593835289106,-0.8634504203147362,-0.8844026611182797,-0.6023965511817937,-0.6862055143959681,-0.6023965511817937,-0.6233487919853372,-0.445127198,-0.303981835
Dorian Finney-Smith,2022-23,2009.0,-2.0999999046325684,1.2000000476837158,-0.8999999761581421,-1.5299981889245775,0.4873398775956803,0.47067429388081156,0.47484068980952876,-1.0593238950437658,-1.0426583113288972,-1.059323895043766,-1.0551574991150487,0.2546710201707317,-1.7339631632648085
Markelle Fultz,2022-23,1778.0,-0.3000000119209289,-0.4000000059604645,-0.699999988079071,-0.0373602877662547,-0.6797486830612535,-0.8869554805498508,-0.8351537811777014,-0.9243157683161054,-0.7171089708275081,-0.9243157683161055,-0.8725140689439561,0.25832347,0.263525391
Damion Lee,2022-23,1506.0,-1.100000023841858,0.800000011920929,-0.3000000119209289,-1.1946265648912726,0.1076046283144677,0.2805754155799835,0.2373327187636045,-0.9140511493112892,-1.087021936576805,-0.9140511493112891,-0.9572938461276681,-0.326788,-1.443701096
Terance Mann,2022-23,1872.0,-0.1000000014901161,-0.6000000238418579,-0.699999988079071,0.0590932563955673,-0.6449839944777954,-0.5763439439069014,-0.5935039565496248,-0.5172506875113341,-0.5858907380822281,-0.5172506875113341,-0.5344107001540576,-0.256637294,0.128392628
Caleb Martin,2022-23,2077.0,-2.200000047683716,1.2000000476837158,-1.0,-1.6843398611492897,0.8155842093046551,0.9052207600611757,0.8828116223720455,-0.7791191010881137,-0.8687556518446345,-0.779119101088114,-0.8015282387772442,1.123033638,-0.139787373
Nikola Vucevic,2022-23,2746.0,-0.699999988079071,-0.699999988079071,-1.399999976158142,-0.1882349971928782,-0.2685488458652845,-0.2976464095488326,-0.2903720186279456,-0.4858814067417109,-0.45678384305816266,-0.48588140674171076,-0.47860701582082377,0.3799899029999999,-0.045121272
Deni Avdija,2022-23,2020.0,-1.7999999523162842,0.800000011920929,-1.0,-1.342762141858521,0.4563259106268567,0.5744724855829642,0.5449358418439372,-0.7682896562755568,-0.8864362312316643,-0.7682896562755568,-0.7978263000145838,1.010926014,-0.985240329
Jeff Green,2022-23,2602.0,1.5,-2.900000095367432,-1.399999976158142,-3.192908116923865,-2.1552376699991727,-1.9548644583291066,-2.004957761246623,-5.147772575252971,-5.3481457869230375,-5.147772575252971,-5.197865878170488,-2.296772079,-4.409585025
Luke Kennard,2022-23,1315.0,0.8999999761581421,-0.8999999761581421,0.0,0.5610601579255043,-0.1206556543796534,-0.05805213883151053,-0.07370301771854622,0.5030080190939937,0.4404045035458509,0.5030080190939938,0.48735714020695814,0.3026597661064639,1.4806580351292775
Dennis Schroder,2022-23,1986.0,-0.5,-0.5,-1.0,0.1604869993672256,-0.4031671202559669,-0.23439434215567864,-0.2765875366807507,-0.073907342788453,-0.2426801208887413,-0.07390734278845304,-0.1161005373135251,-0.384392211,-1.476620153
Matisse Thybulle,2022-23,1200.0,-2.200000047683716,2.5,0.2000000029802322,-2.324388185373904,1.7938987579590882,1.5686620001896063,1.6249711896319767,-0.7557261851842973,-0.530489427414816,-0.7557261851842978,-0.6994169957419274,2.6404364663875,1.2274997871025002
Xavier Tillman,2022-23,1180.0,-1.2999999523162842,1.5,0.2000000029802322,-0.7228150842269407,1.648816133319378,1.695693786021046,1.6839743728456291,0.9728787017941052,0.9260010490924373,0.9728787017941052,0.9611592886186884,0.750506969,0.550540671
Grant Williams,2022-23,2045.0,-1.0,0.0,-1.0,-1.0373502500495295,0.2851049154549518,0.3158635316759243,0.30817387762068116,-0.7214867183736055,-0.7522453345945777,-0.7214867183736052,-0.7291763724288484,0.599094934,-0.799881869
Bruce Brown,2022-23,2280.0,-1.7000000476837158,0.4000000059604645,-1.2999999523162842,-1.0441270465107542,-0.0558738836935835,0.03139048902609866,0.009574395846178113,-1.0127365574846556,-1.1000009302043376,-1.0127365574846554,-1.0345526506645761,0.525355029,0.131712303
Jalen McDaniels,2022-23,1913.0,-1.2999999523162842,0.3000000119209289,-1.0,-0.8401228528522658,0.5913981896610213,0.5477354829025843,0.5586511595921936,-0.2923873699496816,-0.24872466319124453,-0.2923873699496815,-0.28147169326007226,1.0121309727569263,-0.5508010809012024
Bobby Portis,2022-23,1818.0,-0.2000000029802322,-0.699999988079071,-0.8999999761581421,0.0563200328214907,-0.2976537019703408,-0.29262372673900905,-0.29388122054684196,-0.2363036939175183,-0.2413336691488501,-0.23630369391751835,-0.23756118772535126,0.3821945989999999,0.667463843
Troy Brown Jr.,2022-23,1860.0,-1.600000023841858,0.6000000238418579,-1.0,-1.3833049352705526,-0.0968015085019251,-0.007490035508866004,-0.029817903757130775,-1.3907949707794187,-1.4801064437724778,-1.3907949707794187,-1.4131228390276833,0.549954574,-0.950117092
Devin Vassell,2022-23,1178.0,0.4000000059604645,-0.5,-0.1000000014901161,-0.1249480635848579,-2.102874405838977,-2.2366966015225,-2.2032410526016193,-2.3616446651073577,-2.227822469423835,-2.361644665107358,-2.3281891161864774,-0.867881662,-0.140189464
Devonte' Graham,2022-23,1338.0,0.699999988079071,-1.2000000476837158,-0.6000000238418579,0.2121511068062305,-1.633836373012258,-1.5581778263948969,-1.5770924630492371,-1.3460267195886664,-1.4216852662060275,-1.3460267195886664,-1.3649413562430066,-1.111524678894619,-2.313451882267564
Bojan Bogdanovic,2022-23,1893.0,2.0,-3.299999952316284,-1.2999999523162842,1.7142922443673347,-3.3522632587837937,-3.315522622309112,-3.324707781427782,-1.6012303779417771,-1.637971014416459,-1.6012303779417771,-1.6104155370604474,-2.378543464,0.040313293
Jevon Carter,2022-23,1810.0,-1.600000023841858,0.4000000059604645,-1.2000000476837158,-1.2007394289933964,0.5826557970426433,0.6579085951732813,0.6390953956406217,-0.542830833820115,-0.6180836319507531,-0.5428308338201151,-0.5616440333527747,0.793500894,-1.068601435
Brandon Clarke,2022-23,1090.0,-0.800000011920929,0.6000000238418579,-0.2000000029802322,-1.2808558369511494,1.1864521582832894,1.1778050200225743,1.179966804587753,-0.1030508169285748,-0.09440367866785992,-0.1030508169285751,-0.10088903236339641,0.72479083,2.094980278
Russell Westbrook,2022-23,2126.0,0.5,-2.0,-1.5,0.6356281119252859,-1.8700032988282025,-1.7988438884654245,-1.8166337410561189,-1.163215776540138,-1.2343751869029167,-1.1632157765401385,-1.181005629130833,0.0113439216171213,-1.2044147337723428
Malik Beasley,2022-23,2093.0,0.0,-1.600000023841858,-1.600000023841858,0.3160225445890923,-1.3437536057816966,-1.3656658969643107,-1.3601878241686571,-1.0496433523752184,-1.0277310611926043,-1.0496433523752184,-1.0441652795795648,-0.3590911957472527,-1.1347696746043956
Naz Reid,2022-23,1251.0,-1.100000023841858,0.4000000059604645,-0.699999988079071,-1.2332313751455857,-0.0376296379082863,0.13202525110077148,0.08961152884850701,-1.101206124044814,-1.270861013053872,-1.101206124044814,-1.1436198462970786,-0.245261702,-1.291220125
Collin Sexton,2022-23,1145.0,1.0,-1.600000023841858,-0.6000000238418579,1.001052530696391,-2.0232757046273684,-2.0376917986343814,-2.0340877751326283,-1.03663926793799,-1.0222231739309773,-1.0366392679379903,-1.0330352444362372,-2.249806285,-1.275343047
Keita Bates-Diop,2022-23,1452.0,-1.2999999523162842,0.1000000014901161,-1.2000000476837158,-0.5935982105288302,-0.8747045479851558,-0.730929511370545,-0.7668732705241976,-1.3245277218993752,-1.468302758513986,-1.3245277218993752,-1.3604714810530278,-0.7602300130000001,-0.361660173
Ben Simmons,2022-23,1105.0,-1.600000023841858,0.8999999761581421,-0.699999988079071,-0.7611674804603258,1.2410242281229549,1.2698607124700476,1.2626515913832743,0.5086932320097216,0.4798567476626291,0.5086932320097218,0.5014841109229485,2.138125994,-0.350039734
Torrey Craig,2022-23,1948.0,-1.399999976158142,-0.1000000014901161,-1.600000023841858,-1.468703116488097,-0.0548960144562289,-0.012748013014240816,-0.023285013374737838,-1.4814511295023378,-1.523599130944326,-1.4814511295023378,-1.4919881298628348,0.456630608,-1.596683671
Gary Harris,2022-23,1184.0,0.1000000014901161,-1.100000023841858,-1.0,0.0665912139938665,-1.2730345781906276,-1.3069510305350496,-1.2984719174489439,-1.240359816541183,-1.2064433641967611,-1.240359816541183,-1.2318807034550774,0.414562162,-0.009195322
Naji Marshall,2022-23,1792.0,-0.8999999761581421,-0.6000000238418579,-1.5,-1.301419376914568,-0.8145744209754797,-0.793326828643659,-0.7986387267266142,-2.094746205558227,-2.115993797890048,-2.094746205558227,-2.1000581036411825,0.145177665,-1.037368935
Drew Eubanks,2022-23,1584.0,-1.600000023841858,0.1000000014901161,-1.600000023841858,-1.0280115290280707,-0.8186203636348859,-0.6183695428166945,-0.6684322480212423,-1.6463810718447651,-1.8466318926629566,-1.6463810718447651,-1.696443777049313,0.4298185950000001,-1.403805542
Talen Horton-Tucker,2022-23,1313.0,-1.100000023841858,-0.1000000014901161,-1.2000000476837158,-0.6653520716960079,0.1251215854049712,0.2628908177648178,0.22844850967485614,-0.40246125393119,-0.5402304862910366,-0.40246125393119003,-0.4369035620211517,-0.15180829,-0.7883165799999999
Cory Joseph,2022-23,1227.0,0.3000000119209289,-1.5,-1.2000000476837158,0.5565738649956948,-1.5776315441401174,-1.5808188119534203,-1.5800219950000947,-1.0242449469577255,-1.0210576791444226,-1.0242449469577255,-1.0234481300043998,-1.290045637,-1.82974012
Victor Oladipo,2022-23,1106.0,-2.0,1.0,-1.0,-0.8321747253930957,0.0637315024521852,0.23304211546839657,0.19071446221434374,-0.5991326099246991,-0.7684432229409105,-0.5991326099246991,-0.6414602631787519,1.399743908,-0.812394265
Gordon Hayward,2022-23,1577.0,-1.899999976158142,0.3000000119209289,-1.600000023841858,-1.246803568232047,-0.7268694609310687,-0.5870934324053416,-0.6220374395367734,-1.8338970006373887,-1.9736730291631157,-1.8338970006373887,-1.8688410077688205,-0.434521962,-0.259267125
Trey Lyles,2022-23,1247.0,-0.3000000119209289,-1.0,-1.2999999523162842,0.6395293209138709,0.0670116423068967,0.09887890425319887,0.09091208876662331,0.7384082251670698,0.7065409632207676,0.7384082251670698,0.7304414096804942,-0.011829018,-0.668286232
Gabe Vincent,2022-23,1759.0,-1.600000023841858,-0.2000000029802322,-1.7999999523162842,-0.8076981138695762,-0.2896711424767951,-0.143423381686123,-0.17998532188379102,-0.9511214955556992,-1.0973692563463713,-0.9511214955556992,-0.9876834357533673,-0.190382013,-3.315162502
Killian Hayes,2022-23,2154.0,-2.400000095367432,0.4000000059604645,-2.0,-2.2971370982688453,-1.2131578443838118,-1.2075182376889408,-1.2089281393626585,-3.5046553359577857,-3.5102949426526573,-3.504655335957786,-3.506065237631504,-0.383575533,-3.463488508
Keldon Johnson,2022-23,2063.0,0.8999999761581421,-2.799999952316284,-2.0,0.596901451122028,-3.2819205477795084,-3.23029831026599,-3.2432038696443692,-2.633396859143961,-2.6850190966574803,-2.633396859143962,-2.646302418522341,-2.213546805,-1.691359437
Josh Richardson,2022-23,1530.0,-0.800000011920929,-1.0,-1.7999999523162842,-0.1317811598898397,-0.2491099274124995,-0.44216526129049727,-0.3939014278209978,-0.573946421180337,-0.3808910873023392,-0.573946421180337,-0.5256825877108375,0.2749600350405228,-0.2183199730555555
Jarred Vanderbilt,2022-23,1879.0,-1.5,-0.4000000059604645,-1.899999976158142,-0.7934469170831896,-0.6790211816244142,-0.6665764220538757,-0.6696876119465103,-1.4600233391370654,-1.4724680987076038,-1.4600233391370652,-1.4631345290296998,1.3458495157094197,1.2253154577456091
De'Andre Hunter,2022-23,2126.0,-1.5,-0.699999988079071,-2.0999999046325684,-1.2697002000935065,-0.5303213495190078,-0.4543790692234748,-0.47336463929735806,-1.724079269316981,-1.8000215496125143,-1.7240792693169813,-1.7430648393908645,-1.218520498,-1.687707354
Norman Powell,2022-23,1567.0,-0.3000000119209289,-1.600000023841858,-1.899999976158142,-0.2106308732572188,-1.6249868149330873,-1.5107944819747527,-1.5393425652143364,-1.7214253552319716,-1.8356176881903061,-1.7214253552319716,-1.7499734384715553,-0.998493781,0.530841415
Jaylen Nowell,2022-23,1252.0,0.2000000029802322,-2.0,-1.7999999523162842,0.0876862213809871,-1.3803291947200818,-1.4738093006671529,-1.4504392741803849,-1.386123079286166,-1.2926429733390947,-1.3861230792861658,-1.3627530527993978,-0.677508784,-0.827114266
Rui Hachimura,2022-23,1466.0,-2.200000047683716,0.1000000014901161,-2.0,-1.4063073705236524,0.4227017284252123,0.4714768038123006,0.4592830349655285,-0.9348305667113518,-0.98360564209844,-0.9348305667113518,-0.9470243355581238,-0.7150366800518417,-1.7042166560395635
Shake Milton,2022-23,1567.0,-0.2000000029802322,-1.899999976158142,-2.0999999046325684,-0.6062639720049339,-1.8165671498911544,-1.6710454522733786,-1.7074258766778225,-2.2773094242783127,-2.4228311218960883,-2.2773094242783127,-2.313689848682756,-1.064190253,-1.146026595
Jonas Valanciunas,2022-23,1968.0,-0.699999988079071,-1.5,-2.200000047683716,-0.1450553578466565,-0.5755926842016348,-0.4950115525540517,-0.5151568354659475,-0.6400669104007082,-0.7206480420482912,-0.6400669104007082,-0.660212193312604,-0.483931457,-1.813885938
Precious Achiuwa,2022-23,1140.0,-1.7999999523162842,-0.2000000029802322,-2.0,-0.8688915465380925,-0.8616143270845328,-0.7440777657407165,-0.7734619060766705,-1.6129693122788091,-1.7305058736226253,-1.6129693122788091,-1.642353452614763,-0.679801862,-3.148231298
Deandre Ayton,2022-23,2035.0,-2.299999952316284,-0.1000000014901161,-2.400000095367432,-1.2800908219308769,0.109888787569975,0.21152392199333708,0.18611513838749655,-1.0685668999375395,-1.1702020343609019,-1.0685668999375397,-1.0939756835433803,-0.282276676,-0.200411873
Aaron Nesmith,2022-23,1816.0,-0.8999999761581421,-1.399999976158142,-2.299999952316284,-1.137441706481933,-1.485778516067284,-1.4709581458449652,-1.4746632384005447,-2.6083998523268983,-2.623220222549217,-2.6083998523268983,-2.6121049448824776,-0.784308636,-2.176684429
Nick Richards,2022-23,1217.0,-0.800000011920929,-1.399999976158142,-2.0999999046325684,-0.8721985000601266,-0.0423171776050364,0.08132683340101886,0.05041583064950507,-0.7908716666591078,-0.914515677665163,-0.7908716666591077,-0.8217826694106215,-0.20348053,-1.806449853
Patrick Beverley,2022-23,1816.0,-2.700000047683716,0.2000000029802322,-2.400000095367432,-1.9019247490458184,-0.1008579144007512,-0.11271195245794764,-0.10974844294364852,-2.014636701503766,-2.0027826634465695,-2.014636701503766,-2.011673191989467,1.256598149661344,-1.306813512805066
Seth Curry,2022-23,2093.0,-0.4000000059604645,-2.0999999046325684,-2.5,-0.486194643466783,-1.859714382127903,-1.7867025252167918,-1.8049554894445696,-2.2728971686835746,-2.345909025594686,-2.272897168683575,-2.2911501329113526,-1.370574253,-1.542759696
Terrence Ross,2022-23,1330.0,-0.5,-1.899999976158142,-2.299999952316284,-0.2920062354039273,-2.196492115519764,-2.0889561576097284,-2.1158401470872374,-2.380962393013656,-2.4884983509236913,-2.3809623930136556,-2.4078463824911647,-0.3058424127383459,-1.52385663161203
Thomas Bryant,2022-23,1081.0,-0.699999988079071,-1.7000000476837158,-2.400000095367432,-0.4918424232006491,-1.3521922395371,-1.2994661936981713,-1.3126477051579033,-1.7913086168988204,-1.844034662737749,-1.7913086168988204,-1.8044901283585524,-0.9517636948473636,-0.6276713001119333
Lamar Stevens,2022-23,1120.0,-3.200000047683716,0.699999988079071,-2.5,-2.7517103526859983,0.3644634017063273,0.504696094232806,0.4696379211011864,-2.247014258453192,-2.387246950979671,-2.2470142584531922,-2.2820724315848118,0.603289162,-2.29196383
Max Strus,2022-23,2272.0,-0.6000000238418579,-2.0999999046325684,-2.5999999046325684,-0.6970300748705786,-1.3042623225863086,-1.1155012995486255,-1.1626915553080461,-1.812531374419204,-2.0012923974568873,-1.812531374419204,-1.8597216301786248,-1.21264054,-2.094137393
Oshae Brissett,2022-23,1083.0,-1.600000023841858,-1.0,-2.5999999046325684,-1.344906554733776,-0.2963125415887054,-0.28835418163662746,-0.290343771624647,-1.6332607363704037,-1.6412190963224813,-1.6332607363704035,-1.635250326358423,-0.258279478,-2.006639298
Marcus Morris Sr.,2022-23,1825.0,-1.5,-1.2000000476837158,-2.5999999046325684,-0.5128844427843634,-1.4332275022658127,-1.341511915885922,-1.3644408124808944,-1.854396358670285,-1.946111945050176,-1.8543963586702854,-1.8773252552652577,-0.176836363,-1.489987185
Georges Niang,2022-23,1512.0,-0.6000000238418579,-2.0999999046325684,-2.5999999046325684,-0.1683409240506499,-1.8919716601709864,-1.8911596277517866,-1.8913626358565865,-2.0595005518024365,-2.060312584221636,-2.0595005518024365,-2.0597035599072364,-1.076911555,-1.979788688
Joe Harris,2022-23,1527.0,-0.6000000238418579,-2.200000047683716,-2.799999952316284,-0.3583451592453814,-1.3837482505451957,-1.2400114611026753,-1.2759456584633053,-1.5983566203480568,-1.7420934097905771,-1.5983566203480568,-1.6342908177086868,-1.210331428,-1.652322163
Taurean Prince,2022-23,1192.0,-2.0,-0.699999988079071,-2.700000047683716,-1.1478545604820547,-0.6182295541090509,-0.46422463032612793,-0.5027258612718586,-1.6120791908081826,-1.7660841145911057,-1.6120791908081826,-1.6505804217539133,-0.482799633,-2.026547943
Reggie Jackson,2022-23,1657.0,-2.5,-0.4000000059604645,-2.900000095367432,-1.2375461788750584,-0.4226828082406626,-0.2249878606503301,-0.2744115975479132,-1.4625340395253883,-1.660228987115721,-1.4625340395253885,-1.5119577764229715,-1.466617955476765,-4.240498904522632
Jordan Poole,2022-23,2458.0,-1.2999999523162842,-1.7999999523162842,-3.0999999046325684,-0.3232293596500536,-1.1064194724719485,-1.0892669615794133,-1.0935550893025472,-1.412496321229467,-1.4296488321220022,-1.412496321229467,-1.4167844489526007,-1.84930213,-2.543803984
P.J. Tucker,2022-23,1920.0,-2.900000095367432,-0.3000000119209289,-3.200000047683716,-2.6079778156820104,-0.4604839466858239,-0.47184680449814487,-0.46900609004506466,-3.079824620180155,-3.0684617623678343,-3.079824620180155,-3.076983905727075,0.107730812,-3.289689108
RJ Barrett,2022-23,2475.0,-0.699999988079071,-2.5999999046325684,-3.299999952316284,-1.0234735697428186,-2.2950833808970503,-2.066934623531801,-2.1239718128731133,-3.0904081932746195,-3.318556950639869,-3.0904081932746195,-3.147445382615932,-1.485857209,-2.192963836
Eric Gordon,2022-23,1965.0,-0.5,-3.0,-3.5,-0.3208396163847719,-2.4527181756505514,-2.4352414158126194,-2.439610605772102,-2.7560810321973914,-2.7735577920353234,-2.7560810321973914,-2.760450222156874,-1.33187743316743,-1.132471004730789
Jordan Nwora,2022-23,1188.0,-1.7000000476837158,-3.200000047683716,-4.900000095367432,-1.86345999908461,-3.168255303781669,-3.0130243178237777,-3.051832064313251,-4.876484316908388,-5.031715302866279,-4.876484316908387,-4.91529206339786,-1.667144851409091,-2.9644068893914146
Lonnie Walker IV,2022-23,1297.0,-2.400000095367432,-2.5,-4.900000095367432,-1.8064150007605324,-2.6714874126184545,-2.653421520894346,-2.6579379938253735,-4.459836521654879,-4.477902413378986,-4.4598365216548785,-4.464352994585906,-1.318875451,-1.895841743
Bol Bol,2022-23,1505.0,-3.299999952316284,-1.399999976158142,-4.699999809265137,-2.19253048971807,-0.5187755578563229,-0.3796404676599242,-0.4144242402090238,-2.5721709573779945,-2.711306047574393,-2.5721709573779945,-2.606954729927094,1.281823644,-1.753998719
Doug McDermott,2022-23,1314.0,-1.2000000476837158,-4.199999809265137,-5.400000095367432,-0.4348909733895221,-3.44731968462915,-3.3239191034344184,-3.354769248733101,-3.758810076823941,-3.882210658018672,-3.7588100768239405,-3.789660222122623,-2.946861485,-3.3676284030000003
Reggie Bullock,2022-23,2364.0,-2.5999999046325684,-2.0,-4.599999904632568,-1.942421144591634,-1.7417545561327088,-1.6895495973533532,-1.702600837048192,-3.631970741944987,-3.6841757007243428,-3.631970741944987,-3.645021981639826,-0.310145131,-2.00388269
