player,season,mp,y_defense,baseline,hats_features,structure_loss_0.10,component_fixed,component_fixed_l2,component_fixed_masked,published_output_0.075,direct_component_blend_0.25
Kevin Durant,2013-14,3122.0,-0.6000000238418579,-0.09735726476935866,-0.24854046827416987,-0.170432724127014,-0.2661457467294318,-0.2500133809679809,0.03999307245280942,-0.10279756122016422,-0.13955438525937694
Chris Paul,2013-14,2171.0,3.9000000953674316,2.2798608998536647,2.003638985662539,1.8900400983303147,2.1221654455693684,2.312539424809623,2.0090335378526785,2.166816769057959,2.2404370362825907
Kevin Love,2013-14,2797.0,0.8999999761581421,-0.11259923305384927,0.009286721283890506,0.051503434476848894,0.1592806518081802,0.006334836511738578,0.33269739965458395,-0.07200804581916811,-0.04462926183834189
James Harden,2013-14,2777.0,-0.30000001192092896,-0.05908059445525174,0.07587451576990054,0.05562457200533054,0.12700898139189215,0.0018416435512498691,0.11379874114607783,-0.05345363791532447,-0.012558200493465767
Kyle Lowry,2013-14,2862.0,1.2999999523162842,0.5878964048666575,0.8751953010837364,0.8290968040476766,0.6667952614323822,0.7237438350114985,0.8716543736837455,0.6067836594746394,0.6076211190080887
Joakim Noah,2013-14,2820.0,4.5,3.1298828498705262,3.8034006993080083,3.843065368096036,3.158416745878318,3.3032873261319295,3.5448952942345877,3.176284758586015,3.137016323872474
Paul George,2013-14,2898.0,2.9000000953674316,2.7732979277379375,3.0428921863006835,2.9992051390592147,2.5956600786398116,2.7536994638445282,2.4717315469378627,2.7705210071019866,2.728888465463406
LeBron James,2013-14,2902.0,-1.2999999523162842,-0.2878174926741108,-0.4758681922794991,-0.5485186396377476,-0.31773466866520145,-0.4165231547580458,-0.40212310109634514,-0.32046266501912785,-0.2952967866718834
Goran Dragic,2013-14,2668.0,0.20000000298023224,-0.560227003292905,-0.6799563152894903,-0.68251229582564,-0.48396138242534903,-0.4778524975410648,-0.4159967988746828,-0.57918703278259,-0.541160598076016
Dirk Nowitzki,2013-14,2628.0,0.4000000059604645,0.32985556948256944,0.3494541324974082,0.29568025698889494,0.3309961141233401,0.4175141626027016,0.5771795958699713,0.30993735635590086,0.3301407056427621
Carmelo Anthony,2013-14,2982.0,-0.4000000059604645,-0.20100214753722606,-0.19921752061234982,-0.28441945375131455,-0.25163237228227897,-0.1899505936751333,-0.30590621407365026,-0.24412255637041472,-0.21365970372348927
Kawhi Leonard,2013-14,1923.0,5.0,3.774599239903571,4.134960821573094,3.9954923502974515,3.805855909758528,3.8039465446028524,3.9228681824059253,3.7546236572375298,3.78241340736731
DeMarcus Cousins,2013-14,2298.0,3.299999952316284,2.5098633275939823,2.704493195758088,2.6031423777586977,2.440987271755509,2.502693764987507,2.4061494902131155,2.4643477908710985,2.492644313634364
Ricky Rubio,2013-14,2638.0,1.7999999523162842,1.4074385619155727,1.4264398935235123,1.3664268961293011,1.297642121782592,1.2231388459791777,1.1899364257112646,1.3086508583510952,1.3799894518823275
Jimmy Butler,2013-14,2591.0,3.4000000953674316,2.628524572980491,2.8530892600668514,2.841579762616948,2.607745637473548,2.7259468433195257,2.935801231042979,2.6485355863951527,2.6233298391037554
Blake Griffin,2013-14,2863.0,0.30000001192092896,1.7592434591550314,1.6254209102396802,1.5588522279913257,1.8056672945313879,1.7632887617015818,1.802910606514582,1.6652860207545837,1.7708494179991203
Kemba Walker,2013-14,2614.0,2.299999952316284,2.2049559589048746,2.002597671187227,1.9760807988685944,2.0851140801077053,2.0920826641419277,1.9449164988099585,2.1896852528055937,2.1749954892055823
Isaiah Thomas,2013-14,2497.0,0.4000000059604645,-0.21857328709648235,-0.24086183926934024,-0.24764647273753343,-0.20295974321112242,-0.2644772628873249,-0.4725337066603011,-0.21798560505679312,-0.21466990112514236
Klay Thompson,2013-14,2868.0,0.800000011920929,1.3526808601938842,1.3257630128797728,1.2930837041027865,1.1571183512632566,0.934162023631953,0.9324557562250073,1.3313601190369317,1.3037902329612272
Mike Conley,2013-14,2446.0,0.4000000059604645,0.20150693279073054,0.24234978511169672,0.250337373234178,0.06075444064749952,0.09765412475119456,0.2260426196054552,0.16738025661627054,0.1663188097549228
LaMarcus Aldridge,2013-14,2498.0,2.200000047683716,1.527873752490747,1.272425603946057,1.2395230843766443,1.5570510498007313,1.6562017298424803,1.407768362862302,1.4641352700471213,1.5351680768182432
Wesley Matthews,2013-14,2780.0,-0.10000000149011612,0.16302466632629448,0.39581542560830035,0.3831810914019229,0.1774438578757318,0.18649597897291945,0.22433385888056984,0.12991334965944826,0.16662946421365382
Mario Chalmers,2013-14,2178.0,2.5,1.834643513338845,1.5493183450830126,1.4625900646497265,1.634828524476877,1.5267046764353254,1.5334323498788116,1.6933043564386967,1.784689766123353
Anthony Davis,2013-14,2358.0,2.299999952316284,1.06352742177884,1.160704980214007,0.9883182058481128,1.105592553905182,1.0963229760072455,1.3562980914538043,0.9893466935637715,1.0740437048104254
Robin Lopez,2013-14,2603.0,2.0,2.1776903447002134,2.1105708561441254,2.086580208918276,2.153392539880821,2.141997910302071,1.8609602401564465,2.1220366521826537,2.1716158934953653
Damian Lillard,2013-14,2937.0,-1.5,-0.6741768810935336,-0.7866634508758203,-0.7630567089944283,-0.7447852197947995,-0.7717918267510742,-0.8579526747031095,-0.6920065374622094,-0.6918289657688501
Paul Millsap,2013-14,2482.0,2.700000047683716,2.1754897757871685,2.231859250203905,2.1064137247145207,2.249628399963214,2.183959039058939,2.485617882084517,2.1357713846214175,2.19402443183118
DeMarre Carroll,2013-14,2341.0,2.5999999046325684,1.8479410217848748,1.7758554183530246,1.6953016969109322,1.86371636278693,1.8083947591576044,2.1205786455343896,1.8024048257217384,1.8518848570353885
Nicolas Batum,2013-14,2956.0,0.0,0.29369478372737634,0.2391473371148033,0.2562047279837024,0.2899985213451893,0.38666205007908916,0.04332179084855886,0.22293948573649436,0.2927707181318296
John Wall,2013-14,2980.0,-0.20000000298023224,0.3205219917564257,0.3300647387025634,0.30423168437860454,0.1259776859672736,0.1611877357699131,-0.08700590199533903,0.28287930830530433,0.2718859153091377
Andre Iguodala,2013-14,2040.0,2.5999999046325684,2.86118291667442,2.8881775225624837,2.835991016017938,2.8632676267582693,2.835328527113966,2.5089226113838246,2.811465868130541,2.861704094195382
DeAndre Jordan,2013-14,2870.0,1.100000023841858,2.3164585111507625,1.9693367877394152,1.9300079066795193,2.294079657619146,2.144346829284382,2.16192420500257,2.213039628867411,2.3108637977678583
Ty Lawson,2013-14,2222.0,-0.30000001192092896,-1.9171411276487191,-1.709075204233014,-1.7494142090329672,-1.8031548694504824,-1.5705356889158049,-1.6841412794520103,-1.9133515071072458,-1.88864456309916
Chandler Parsons,2013-14,2783.0,-0.800000011920929,-0.08186009120035738,-0.25726323218107644,-0.265882696682627,-0.021212135581608477,-0.04031911377834156,-0.012693185718946315,-0.10454906278240997,-0.06669810229567016
Manu Ginobili,2013-14,1550.0,1.100000023841858,1.6010935044006325,1.7969938644945223,1.798817367859589,1.742931778224345,1.6753271844967208,1.6496617546288634,1.5810702518572917,1.6365530728565607
Marcin Gortat,2013-14,2655.0,2.5,2.8118823925100385,3.0001807113444805,2.947986229604827,2.905536391052547,2.9168015275409194,2.6950358017215406,2.7841012350098824,2.8352958921456652
George Hill,2013-14,2434.0,2.0999999046325684,1.23256652347581,1.9037938475434688,1.8918574287825956,1.2064087994375214,1.2210348534448454,1.3828535656133187,1.3050974166696183,1.226027092466238
Danny Green,2013-14,1651.0,4.0,2.614641151836647,2.818534798675449,2.8044432436111477,2.6606521757605606,2.8849901426947433,2.5551716882802076,2.628167341641499,2.6261439078176254
Serge Ibaka,2013-14,2666.0,2.299999952316284,1.4224211770355741,1.4448919852924353,1.495192781341281,1.453964473773357,1.5761835768306434,1.7647436751051335,1.4405120911410423,1.43030700122002
Trevor Ariza,2013-14,2723.0,0.699999988079071,0.9147354208120186,0.9671256077958089,0.8366882451764587,0.9281945277095232,1.0581608173849426,0.9008042680516992,0.8470976139453615,0.9181001975363948
Anderson Varejao,2013-14,1800.0,3.5999999046325684,2.081273964873028,1.97117374955916,1.8815008495805774,2.287611392620619,2.28508292025386,2.528909697762742,1.9906955339887709,2.132858321809926
David West,2013-14,2472.0,1.5,2.1980808348338976,2.5571184959522975,2.5225315999305895,2.3162195961509746,2.722138195101669,2.179801603445849,2.2394902685059814,2.227615525163167
Deron Williams,2013-14,2059.0,0.6000000238418579,1.1794325471213662,0.9702494950212106,0.9727269366360777,1.0308903879009423,0.8785726191117594,0.7879955499277265,1.1150181165444204,1.1422970073162602
Patrick Beverley,2013-14,1751.0,1.899999976158142,1.5640270401152851,1.4729965260087772,1.424085656380671,1.4660296959775199,1.3862985713865625,1.5940144005380812,1.503908412033007,1.539527704080844
Channing Frye,2013-14,2312.0,0.4000000059604645,0.5068378059689851,0.6331299700285078,0.6150715304167925,0.5635995547268802,0.617979666543294,0.5840026136879086,0.511410940561914,0.5210282431584589
Patty Mills,2013-14,1527.0,0.8999999761581421,1.170275161029417,1.461666385815997,1.5439998559023638,1.1731410866699266,1.0989010433487234,1.5782317760097337,1.272809923910971,1.1709916424395446
Dwight Howard,2013-14,2396.0,2.4000000953674316,1.8249178240420831,1.1802413674905559,1.1963695211387502,1.720661968373566,1.7070879010192692,1.913116774908516,1.7546040216587204,1.7988538601249537
Vince Carter,2013-14,1973.0,0.4000000059604645,0.16523260493756747,-0.015025110844775584,-0.025988918917268393,0.22038213230278814,0.28884958350598644,0.2762428361991479,0.13128470739244383,0.17901998677887265
Darren Collison,2013-14,2069.0,1.600000023841858,-0.4043273931894712,-0.010383633649187707,-0.16960160915520434,-0.3659713202744266,-0.31135920471395145,-0.20883179530145113,-0.3900345648875683,-0.39473837496071007
Andre Drummond,2013-14,2619.0,0.20000000298023224,0.0453913037753583,0.22633131007945373,0.21101084791701183,0.017448296709516975,0.22425438938893572,0.32234238961099304,-0.004774360925385024,0.03840555200889797
PJ Tucker,2013-14,2490.0,0.8999999761581421,0.7667935601975242,0.6420490529740315,0.5807453688000249,0.7309483347642773,0.6668936608062663,1.216794823878104,0.6826334785575486,0.7578322538392125
Draymond Green,2013-14,1797.0,4.599999904632568,3.299393229761573,3.7410755979317685,3.754071600143713,3.278119780711388,3.567609987576978,3.466099828215955,3.309271788261466,3.2940748674990266
Roy Hibbert,2013-14,2409.0,3.4000000953674316,3.2627422957945704,3.753376728864563,3.8794840366257723,3.1965310246929266,3.6865938479156894,3.023843920481039,3.311494029934463,3.2461894780191596
Andrew Bogut,2013-14,1769.0,4.400000095367432,3.886165930794008,4.022389080920433,3.9777760329268785,3.8432565669940946,3.793921800917781,4.016475216236834,3.8372039855904663,3.87543858984403
Al Jefferson,2013-14,2553.0,1.7999999523162842,1.843373231114416,1.754098127665739,1.8043018216451472,1.9252413232533248,1.4768114155819394,1.8987324680110331,1.8500499049364691,1.8638402541491432
David Lee,2013-14,2288.0,1.2000000476837158,1.8991495304425796,1.72002254188616,1.6987991398074853,1.8711129540923874,1.8247003841311633,1.6457938743082972,1.9087478128863842,1.8921403863550315
Nikola Pekovic,2013-14,1663.0,2.200000047683716,0.58830232687186,0.6232777248711929,0.6559076956670085,0.53098151614596,0.4535395610814119,0.6221065519469738,0.6356715618331981,0.573972124190385
Corey Brewer,2013-14,2609.0,0.699999988079071,1.3239366334753173,1.0132481766522716,0.9608432259121937,1.1666385020197647,1.0543549509573877,1.10158145013936,1.2220475429114903,1.284612100611429
Tim Duncan,2013-14,2158.0,3.0,2.3613112077300378,2.7044687604583517,2.622622202047163,2.4993890884538943,2.3372423416640924,2.377697909441422,2.3576854729338463,2.3958306779110017
Kyrie Irving,2013-14,2496.0,-1.2000000476837158,-1.7593506357490896,-1.3901142491570755,-1.3645526980619278,-1.700902978110812,-1.5713270096091696,-1.8743869078167694,-1.7184923546047475,-1.7447387213395202
Kyle Korver,2013-14,2408.0,-0.6000000238418579,0.4714196994052938,0.4672829879457848,0.42724654797955314,0.4156868848281231,0.32091718433187455,0.6388151137498902,0.4788673802634025,0.4574864957610012
Paul Pierce,2013-14,2098.0,1.7999999523162842,2.1670908474664152,2.205873793734352,2.1148173337947624,2.1377823882678806,2.0524166332957687,1.850797661069691,2.102907766676088,2.1597637326667813
Gordon Hayward,2013-14,2800.0,-0.10000000149011612,-0.18532954743461538,-0.5488060269456345,-0.6262289849653431,-0.22423067065527397,-0.13861666764404207,-0.26381382729204206,-0.2924040343538356,-0.19505482823978004
Eric Bledsoe,2013-14,1416.0,2.200000047683716,1.4109388984705642,1.2009750146336664,1.2033665184197446,1.2759438979017135,1.2476370215071002,1.4262678555966595,1.382949629818789,1.3771901483283515
Chris Bosh,2013-14,2531.0,1.0,2.132940516745377,2.2707546702371353,2.220319255587149,2.2996716623209803,2.44698732795569,2.2587494688598366,2.138683894199104,2.174623303139278
DeMar DeRozan,2013-14,3017.0,-1.2999999523162842,-1.2192234961038046,-0.9415298100953178,-0.8922106884947498,-1.149765678615318,-1.1678121241189285,-0.964875024356323,-1.1524220065046111,-1.201859041731683
Reggie Jackson,2013-14,2277.0,0.4000000059604645,-0.10646722045855453,0.06566443736296845,0.11716953976599138,-0.3185437079487768,-0.2059558605960024,-0.19842970429421847,-0.05248733099618906,-0.1594863423311101
Russell Westbrook,2013-14,1412.0,0.4000000059604645,-0.8455324209352693,-0.39780088410673975,-0.468122115217441,-0.9227173631834353,-0.9454032870736625,-0.7053803813599953,-0.7935372739766537,-0.8648286564973108
Monta Ellis,2013-14,3023.0,-0.800000011920929,-1.3278639975438788,-0.9992084387915412,-1.0540474910995465,-1.0652423876341683,-0.8835276345669354,-1.0382395400230373,-1.332704461851758,-1.2622085950664512
Bradley Beal,2013-14,2530.0,0.4000000059604645,0.13947832098655977,0.22435541020772976,0.16066468606039983,0.031818211868691396,0.08932459311956933,0.28016799831858824,0.15447349245920294,0.11256329370709267
Marc Gasol,2013-14,1970.0,2.799999952316284,1.5997344659073085,1.5235687157194175,1.5354569442774173,1.6748701013731884,1.6135490340960508,1.7886132976678037,1.558673732814565,1.6185183747737784
Josh McRoberts,2013-14,2360.0,-1.0,0.41931089125504656,0.5543050719529207,0.5558178191949628,0.29127548507169376,0.3461369269845568,0.29842977857792663,0.4290574625216238,0.3873020397092084
Jared Sullinger,2013-14,2041.0,1.100000023841858,0.8729132966959424,0.8164111239182416,0.737992164734853,0.9925316831306142,1.3372138018641575,0.9788334027608949,0.8609691198873519,0.9028178933046104
Marco Belinelli,2013-14,2016.0,-1.2999999523162842,-1.333370553077731,-0.9996784468067959,-0.9296129149344841,-1.404836789613226,-1.4831362800338241,-1.2031926213037138,-1.2430612243842203,-1.3512371122116047
Randy Foye,2013-14,2485.0,-1.399999976158142,-1.8594178075959327,-1.956330351574021,-1.980410087813754,-2.0662561907977155,-1.9840644244286743,-1.9480751791668611,-1.8529966431241534,-1.9111274033963783
Courtney Lee,2013-14,1973.0,1.0,0.9380702351114508,0.9454340129706535,1.022302177495269,0.7730685334121055,0.8092384489027543,0.6413799293834079,0.9625394224909568,0.8968198096866145
Rudy Gay,2013-14,2531.0,-0.5,-0.5684426768006696,-0.7258089460800504,-0.787476682110055,-0.5784690808484981,-0.604867571165696,-0.5053164815960156,-0.6034849396980628,-0.5709492778126267
Jeremy Lin,2013-14,2054.0,1.7999999523162842,0.8599128314602683,0.71413922360235,0.7571559840874107,0.8657961449118677,0.9854877774636759,0.8556360364736377,0.8420771597309337,0.8613836598231682
Mike Dunleavy,2013-14,2584.0,0.10000000149011612,0.8792252939472489,1.2409530764439949,1.2808300073675343,0.9506777582381285,0.7643490581917549,1.0782342553880693,0.9653168729078546,0.8970884100199689
Amir Johnson,2013-14,2214.0,1.2000000476837158,1.5710102899084695,1.3600545486075524,1.3639663530582333,1.4939781901069527,1.51035001878212,1.6407842616826667,1.5552654143982725,1.5517522649580902
Shane Battier,2013-14,1468.0,2.700000047683716,1.6320156524700404,2.2112493650156053,2.300486509389924,1.5162761789926003,1.6879869365937337,1.4982026511650721,1.724443877061171,1.6030807841006802
Luol Deng,2013-14,2213.0,0.6000000238418579,0.17006920445505214,0.2958283332750095,0.21371125003556274,0.2398485769452107,0.3379534087453683,0.30610275733590286,0.17793574789711133,0.18751404757759177
Kris Humphries,2013-14,1376.0,3.0,0.8232403358455324,1.1069944812076,1.178394795437,0.7127337621420875,0.7091606816783629,0.9484554963500639,0.8728753200820396,0.7956136924196711
Tiago Splitter,2013-14,1271.0,4.199999809265137,4.101278963792667,4.027494726095773,4.050441724757693,3.8931906854445337,4.380404383563521,3.656777958625682,4.072456532619737,4.049256894205634
Boris Diaw,2013-14,1974.0,0.30000001192092896,0.3779909943893262,0.4134645022782325,0.46203053401346506,0.3587227747490026,0.4060841135884639,0.467974307478491,0.45476035794724257,0.37317393947924526
Shaun Livingston,2013-14,1974.0,0.8999999761581421,1.6059396993831605,1.4218185643444643,1.3670533365140825,1.563736921118327,1.622616279530943,1.5663887503877785,1.5207943623265727,1.5953890048169521
Greg Monroe,2013-14,2690.0,-0.30000001192092896,-0.44695181818382074,-0.25970814177217805,-0.3420687649416172,-0.37756643774550924,-0.1635944288899462,-0.3640825435087056,-0.48468894241499483,-0.42960547307424285
Derek Fisher,2013-14,1428.0,2.0,1.4703357959683074,1.7364305066665475,1.6839026988808556,1.500829337145373,1.366646252895993,1.5512276594368175,1.480556709817317,1.4779591812625736
Michael KiddGilchrist,2013-14,1502.0,4.400000095367432,2.021421163230932,1.7016285400167117,1.6385736806618776,2.1264831843545,2.040317763302176,2.1388080937177922,1.9072435602989668,2.0476866685118242
Zach Randolph,2013-14,2705.0,-1.2999999523162842,0.23419034251718612,0.2694855586917733,0.28654222518954464,0.3489201579465472,0.325354929226518,0.4513796333841934,0.2580854274576166,0.26287279637452643
Jeff Teague,2013-14,2542.0,-0.5,-0.39821215528085574,-0.7783466561087873,-0.7431110617177601,-0.5463824628008402,-0.7144824056600897,-0.7841532912461696,-0.3950235988775967,-0.43525473216085186
Dwyane Wade,2013-14,1775.0,-0.20000000298023224,0.7871102561118284,0.32924415532833196,0.2731926739642921,0.7493901013466684,0.7525372536515818,0.7046614030179805,0.6913669131864918,0.7776802174205384
Michael CarterWilliams,2013-14,2414.0,0.6000000238418579,0.06141491179085955,0.2995666612872699,0.16905577196819793,0.004037807099515456,-0.15390959287171474,-0.0800463793804276,0.014616059160184124,0.04707063561802352
Jae Crowder,2013-14,1254.0,3.0,2.0915601599724707,2.388652240155863,2.353643630249597,2.3864637689238144,2.415475621796141,2.405441669215222,2.096972013136682,2.1652860622103067
Joe Johnson,2013-14,2575.0,-2.700000047683716,-1.6103659494271083,-1.3668014056709696,-1.335050596521484,-1.4936809332151377,-1.2382057945105718,-1.6703032998375353,-1.5679799112326989,-1.5811946953741156
Lance Stephenson,2013-14,2752.0,-0.800000011920929,-0.02309027356591374,0.45358904023895463,0.44966397184797335,0.14979817299824794,0.20630620921542714,0.11829154785613338,0.05325821826972539,0.02013183807512668
Tony Allen,2013-14,1278.0,2.4000000953674316,2.8774383977509927,2.8220334014611086,2.7106097238596742,2.850319457090832,3.3438449843766023,2.811723924031414,2.8177534969313576,2.8706586625859525
Nene,2013-14,1560.0,3.799999952316284,2.731930219304957,2.6384725866432954,2.6238648249993832,2.84734065023026,2.804344208804866,2.6983753252093994,2.6828871461182433,2.760782827036283
Terrence Ross,2013-14,2159.0,-0.10000000149011612,-0.48957945262531827,-0.28789819829672225,-0.34044286052464945,-0.4891751200642717,-0.4403868345223445,-0.4489408034316647,-0.47405307030724503,-0.48947836948505663
Chris Andersen,2013-14,1396.0,1.600000023841858,2.1509119617078123,1.6970039168899609,1.74581693679163,2.2367159979597364,2.3476553720599758,2.3833229246895073,2.1319749710859077,2.172362970770793
Kirk Hinrich,2013-14,2116.0,2.0999999046325684,2.2322197396540693,2.4198832022362904,2.4129257384502,2.195021219831775,2.0158372454981968,2.346325356169557,2.2408719136468984,2.222920109698496
Iman Shumpert,2013-14,1962.0,1.0,1.9651976331054821,1.7444323410259195,1.6188666056023326,2.1382649969013365,1.984572793691145,1.9303423212169275,1.8317159946363588,2.0084644740544455
Nick Young,2013-14,1810.0,-1.5,-1.7201173509838261,-2.0118087079711193,-2.023156666532279,-1.7229485799779019,-1.790359459694261,-1.5617194960329426,-1.716361028962889,-1.720825158232345
Alec Burks,2013-14,2193.0,-0.699999988079071,-0.9394213037213011,-0.8669966498198888,-0.9240776545161542,-0.9463868409055578,-0.7955013155638193,-1.0509613103068411,-0.9622023704394245,-0.9411626880173654
Jamal Crawford,2013-14,2094.0,-2.5,-2.100186973469255,-2.108658114975422,-1.9874785714862044,-2.039393954646367,-2.124461536569411,-1.876102277652343,-2.038141232399473,-2.084988718763533
Tyreke Evans,2013-14,2028.0,-0.800000011920929,-1.2729569804019212,-1.4390994746890098,-1.4724295279247324,-1.284511922392584,-1.1418167259725216,-1.2197610313093115,-1.2994175189805703,-1.2758457158995868
Spencer Hawes,2013-14,2470.0,0.5,-0.47891767181960976,-0.31640770000270674,-0.2932661783327493,-0.5158759180350209,-0.47424020281865864,-0.7495278851956115,-0.4459412334508562,-0.4881572333734625
Wilson Chandler,2013-14,1927.0,0.0,-1.16410109779033,-1.206428844725848,-1.1781847458085055,-1.250867159712868,-1.060656215116235,-1.0978399017922862,-1.143839902752094,-1.1857926132709646
Gerald Green,2013-14,2330.0,-1.2999999523162842,-1.0905905368355584,-1.119237502709867,-1.0626616798259336,-1.0854373356027214,-1.0073992101393805,-1.0458717390564334,-1.091736220585042,-1.0893022365273493
CJ Watson,2013-14,1193.0,3.200000047683716,2.693671764680082,2.876738617101978,2.8163829722495852,2.6778535924489058,3.071416051756148,2.6793647720604037,2.685133241281238,2.6897172216222875
Matt Barnes,2013-14,1735.0,-0.30000001192092896,-0.2973667193898839,-0.5896227173685739,-0.5784883224832505,-0.23472227712485305,-0.2178389015606943,-0.33326925421137443,-0.3236038726376058,-0.28170560882362616
Jose Calderon,2013-14,2468.0,-2.0,-2.2257306775391097,-2.142307870020279,-2.0671269443247464,-2.1515642461528666,-2.13044389533525,-2.1447987068739867,-2.1847223449650586,-2.207189069692549
Jrue Holiday,2013-14,1143.0,-0.10000000149011612,-0.3270428808874622,-0.34672270341819655,-0.45139018636147243,-0.49203282573595664,-0.5963405401282255,-0.5697005196126853,-0.36547374827162166,-0.36829036709958585
Brandon Jennings,2013-14,2728.0,-2.799999952316284,-2.3227742510208866,-2.400585999800907,-2.3800349048248806,-2.3609271093084745,-2.2457928206808746,-2.423750374452084,-2.3124508468212026,-2.332312465592784
Jodie Meeks,2013-14,2556.0,-1.2999999523162842,-1.9891935147401938,-1.9821197400585424,-2.016057401700243,-2.0027071795254674,-2.172422071062793,-1.8276184122593688,-1.9766185069183977,-1.9925719309365122
Kyle Singler,2013-14,2337.0,-0.30000001192092896,-0.718396207368105,-0.5085520974862388,-0.5923001180611074,-0.6460018714627016,-0.7527210147761833,-0.5295427103250316,-0.7450003839323455,-0.7002976233917542
Matthew Dellavedova,2013-14,1271.0,0.6000000238418579,0.12627862116287716,0.03622753029590429,0.12975365041674292,0.11749008526270777,0.21518500742431979,0.0637296356280529,0.15060400441832456,0.12408148718783482
Pablo Prigioni,2013-14,1283.0,0.0,0.7198301076262262,0.7263348755934819,0.6351278843800556,0.6869692273515737,0.4979086498434786,0.7921721639211149,0.6444921604391396,0.7116148875575632
Jonas Valanciunas,2013-14,2282.0,0.10000000149011612,0.7887051094497135,0.7928532934069504,0.7613700678267455,0.7647769977575272,0.7426741733377146,0.9633028692245884,0.7927621518879617,0.7827230815266669
Nick Collison,2013-14,1353.0,0.699999988079071,1.8063026182386082,1.5064483525508128,1.5613200132692082,1.7889609467823369,1.3347337439608336,1.5762376395277853,1.8219018975520571,1.8019672003745404
Tony Parker,2013-14,1997.0,-1.0,-1.3690340052339431,-0.9389393907140309,-0.7982100162577768,-1.191538891238534,-1.295740925756366,-1.446065219631206,-1.2501441744470059,-1.3246602267350909
Thabo Sefolosha,2013-14,1584.0,2.299999952316284,1.4328175114013257,1.550019271821401,1.49095335427288,1.4943668791649538,1.5254319670372847,1.7879338868703376,1.4372580688938887,1.4482048533422327
Nikola Vucevic,2013-14,1812.0,0.8999999761581421,0.18148954125731465,0.6969497125866602,0.6795264307351161,0.26258616358270465,0.3395320364846875,0.15866596402287808,0.23655157366246568,0.20176369683866213
DJ Augustin,2013-14,1939.0,-2.0999999046325684,-0.7519869659457574,-0.7213143954648515,-0.6566963845064795,-0.8773757473618868,-0.9963378846869118,-0.5588747647708348,-0.6862531057007301,-0.7833341612997897
Avery Bradley,2013-14,1855.0,0.8999999761581421,-0.30637041311428664,-0.3139868678772961,-0.342562009541592,-0.2757285372354391,-0.2072218472668435,-0.27602802760593004,-0.3198235271493467,-0.29870994414457475
Taj Gibson,2013-14,2351.0,0.800000011920929,1.746884623341919,1.9284212165940997,1.9733175976603583,1.7307067247375154,1.418807876663962,2.393417752697466,1.8206515685874294,1.742840148690818
Khris Middleton,2013-14,2460.0,-0.8999999761581421,-0.9835117599037784,-1.1750531590488031,-1.2320797982361347,-0.9534819287418046,-0.7770389258612405,-1.0320419748136498,-1.0268410362491511,-0.9760043021132849
Victor Oladipo,2013-14,2487.0,2.4000000953674316,1.5658798714713373,1.4096455980008968,1.324535104233205,1.5415778925369348,1.3871299725523087,1.6605301765768874,1.5079063208807062,1.5598043767377368
Nate Wolters,2013-14,1309.0,1.2999999523162842,0.42641122718897784,0.6785605731689104,0.5421228452529039,0.48471156166799917,0.4011263213748803,0.28606446026633486,0.4218059928546471,0.4409863108087332
Ray Allen,2013-14,1936.0,-1.600000023841858,-1.5944440597428233,-1.5330297143655378,-1.4638841560612335,-1.5502124644587814,-1.4873015135424912,-1.5518290040444633,-1.5477187139377069,-1.5833861609218127
Andray Blatche,2013-14,1618.0,1.100000023841858,0.23276850300860136,0.5912703579308534,0.5931131322468832,0.30798500654828453,0.21590276732005076,0.46056520430619285,0.2720013438635709,0.25157262889352217
Samuel Dalembert,2013-14,1614.0,2.5,1.2324417809293073,0.8303096493577468,0.8405858871756441,1.3010899588702194,1.1739314649966965,1.4488853373294326,1.1738745130210542,1.2496038254145354
Jeremy Evans,2013-14,1209.0,1.100000023841858,0.9199260528404473,0.7345509068696283,0.6785927296538625,0.7403074226298121,0.6595605365793633,0.4659439951572105,0.8388329340523885,0.8750213952877884
Derrick Favors,2013-14,2201.0,0.4000000059604645,0.30465026155481345,0.08950889926313857,0.08416825745401443,0.45629264537909175,0.29752831949335357,0.38932228815413494,0.2333280629582142,0.34256085751088305
Jeremy Lamb,2013-14,1538.0,0.0,0.6665452645383272,0.5430418753109809,0.5574177615409882,0.45944805132014654,0.4254500437198378,0.22674799168465556,0.6574593448991793,0.614770961233782
Shelvin Mack,2013-14,1490.0,-0.5,-1.5330338625749513,-1.2723388359081902,-1.218076327678943,-1.5318223791684578,-1.4953902485589143,-1.4253628432926335,-1.4326181749036624,-1.5327309917233278
Patrick Patterson,2013-14,1533.0,0.800000011920929,1.434445072664046,1.5183573614094283,1.5652256082106601,1.32298155332493,1.4628549466032976,1.319029006877039,1.432768924684939,1.4065791928292672
Greivis Vasquez,2013-14,1779.0,-0.4000000059604645,-0.20124701298920816,-0.19997068901408102,-0.15108688628476058,-0.38747237704387294,-0.39246344443003345,-0.41994980567084583,-0.14270924574409244,-0.24780335400287437
Nick Calathes,2013-14,1173.0,3.5,2.2758294865160202,2.3981496462181418,2.381900464820923,2.117165531778557,1.9697386241256636,2.511127683053374,2.274885144952321,2.2361634978316545
Omri Casspi,2013-14,1283.0,1.2999999523162842,1.1371493445813008,0.9736150279216904,1.0084899969524614,0.9771363479038477,1.105427560381484,1.0993288879040042,1.1469950084455307,1.0971460954119374
Raymond Felton,2013-14,2017.0,-0.6000000238418579,-0.02134765823817084,-0.0837923175389887,-0.15381400746094756,0.03784640656799057,0.06718151208516873,0.11258869627946355,-0.07742919896533752,-0.006549142036630488
Markieff Morris,2013-14,2153.0,-0.6000000238418579,0.02237328030765466,0.008285418270895718,0.051994105188695815,0.20228875645507172,0.22314990390220282,0.3342938800684512,0.043003934498026544,0.06735214934450892
Anthony Morrow,2013-14,1426.0,-0.8999999761581421,-1.1588083253118628,-1.3353188610186244,-1.3156448931763032,-1.1678572405613947,-1.1620854222307868,-1.0724679585924293,-1.1639322643856547,-1.1610705541242459
Timofey Mozgov,2013-14,1770.0,1.100000023841858,1.2123459165137227,1.0107237130375968,1.169371380166111,1.31665564319477,1.3435492952558978,1.3858385190821105,1.2176365324200566,1.2384233481839846
Josh Smith,2013-14,2730.0,0.800000011920929,0.46655968176044504,0.6612704807884574,0.5618353893980061,0.3389612132771662,0.4049268900529323,0.47390934586242894,0.4151259332558182,0.4346600646396253
Terrence Jones,2013-14,2078.0,-1.600000023841858,-0.0434846635245939,-0.060773563432087264,-0.03784083558615869,-0.08904021723514965,-0.11418976625364896,-0.04198932559415014,-0.017320241008379745,-0.05487355195223284
Kosta Koufos,2013-14,1349.0,2.0999999046325684,2.1663652096895634,1.7857002338790662,1.8456326983375133,2.1444071001568585,2.0366054453370226,2.5042254213431923,2.155944928237483,2.1608756823063873
Marcus Thornton,2013-14,1741.0,-0.8999999761581421,-1.4209006905697246,-1.1940060387556928,-1.1444274232366753,-1.2299257479114167,-1.1959957352446098,-1.0154547321610266,-1.3478904712251052,-1.3731569549051477
Tyson Chandler,2013-14,1662.0,1.100000023841858,0.19342139041202566,0.3764618258234365,0.351271664793002,0.2690411671878149,0.28776953135205574,0.13948753934052152,0.2011292584130936,0.21232633460597297
Jared Dudley,2013-14,1729.0,0.20000000298023224,-0.05485948365865939,-0.14751308533000465,-0.07616573744714278,-0.07660819130591678,0.011962235471496746,-0.12458612967472427,-0.014458088935098222,-0.06029666057047374
ETwaun Moore,2013-14,1506.0,1.0,1.169989953254962,0.9025418908556586,0.8815737029855122,1.0215461289987324,0.7271653472561564,1.0377658904331561,1.1239552830961093,1.1328789971909046
AlFarouq Aminu,2013-14,2045.0,0.5,0.04757624989909863,0.4002507971383737,0.35166816834551834,-0.019169983863272122,0.05271709816784903,0.1821955466382119,0.04078402364911434,0.03088969145850594
Anthony Tolliver,2013-14,1298.0,-0.30000001192092896,0.005411886151862569,0.01803705584391411,0.055722806597885685,0.05700387792364714,0.03345561861242091,0.27246211514370955,0.0749842097744656,0.01830988409480871
Giannis Antetokounmpo,2013-14,1897.0,0.20000000298023224,0.27049084672341167,0.45017935148416666,0.40043249613013004,0.17324300659126057,0.016934532964018326,0.09004748802882273,0.22852439722949558,0.24617888669037388
Alan Anderson,2013-14,1773.0,-0.10000000149011612,-0.48891468934445725,-0.3437592436999243,-0.4373065041549603,-0.44601061640526996,-0.3707037118210162,-0.03272251837195683,-0.48911820999342565,-0.4781886711096604
Kentavious CaldwellPope,2013-14,1583.0,0.20000000298023224,1.3251664131811596,1.089665249463645,1.0809410417332754,1.2561051945595034,0.996725718769417,1.2021302243881995,1.2498435291460188,1.3079011085257455
Kenneth Faried,2013-14,2178.0,-2.4000000953674316,-0.3780309339303635,-0.43106862112972427,-0.4421637637175425,-0.524437673545703,-0.4346297746945569,-0.4546781013172769,-0.41523053923677783,-0.4146326188341984
Maurice Harkless,2013-14,1950.0,0.4000000059604645,0.3512805966487488,0.45658607807153484,0.37546869662019206,0.1784283983685898,0.1393004016305438,0.4399078341239023,0.3111423621953886,0.3080675470787091
Brandon Knight,2013-14,2400.0,-2.299999952316284,-2.114232533292061,-2.240537875794854,-2.268997482871694,-2.1079798782225527,-1.9637911719976393,-2.1114228034894067,-2.1315704593811473,-2.112669369524684
Ian Mahinmi,2013-14,1248.0,3.5,3.301497448713461,3.610083175630802,3.607865646956359,3.252952699437991,3.792748886271158,3.169001448280083,3.3421321802023884,3.2893612613945935
JR Smith,2013-14,2421.0,-3.0999999046325684,-1.983304572975542,-2.2434570712691495,-2.2313459585775797,-2.0064328615524682,-1.8761766663971728,-1.8523454810797682,-1.986268712496614,-1.9890866451197735
Kyle OQuinn,2013-14,1188.0,1.600000023841858,1.7789542630939401,1.0842014921483467,0.9770823803723188,1.8261181440259306,1.8257791064809052,1.6374183731219645,1.6373203406599237,1.7907452333269378
Gerald Wallace,2013-14,1416.0,1.600000023841858,1.7620250466910827,1.715868783000393,1.5450591977890902,1.6283414809087495,1.5448246103301988,1.5622186786265435,1.657125185176041,1.7286041552454994
Marvin Williams,2013-14,1674.0,-1.7000000476837158,-0.7430549308545067,-0.5308026225382796,-0.5347906507890303,-0.7303297518724904,-0.5908778984709087,-0.7649771747577908,-0.748589887485674,-0.7398736361090026
Brandan Wright,2013-14,1077.0,-1.399999976158142,-0.7619798205260886,-0.9649549263952668,-0.937986798648808,-0.7902130287106404,-0.9985683395747557,-0.6504907688430797,-0.7434140639640759,-0.7690381225722265
Jordan Hill,2013-14,1500.0,-0.30000001192092896,-0.3003395254716039,-0.599150401736755,-0.6022613293732609,-0.47702415288816075,-0.4372599139897948,-0.18301868343829458,-0.33010978476111513,-0.3445106823257431
Kevin Martin,2013-14,2177.0,-2.0999999046325684,-1.5224416208465783,-1.631861115783509,-1.5426577965713326,-1.53530828794144,-1.764027321805103,-1.5407618945538388,-1.4922529858197224,-1.5256582876202938
Mirza Teletovic,2013-14,1396.0,-2.200000047683716,-1.9273074110635509,-1.8818208944552208,-1.754851899251587,-2.0027501349625374,-1.8474276651044332,-1.81993675003121,-1.8358254453235745,-1.9461680920382975
Jason Thompson,2013-14,2007.0,0.30000001192092896,0.6342343234305217,0.526857024724358,0.5490949138506606,0.6715835672582927,0.637239009926553,0.4611055909755246,0.6031805086077553,0.6435716343874645
Dion Waiters,2013-14,2072.0,-0.800000011920929,-0.5074087864324758,-0.6113897176329783,-0.5965539078210047,-0.6847695304519609,-0.6352412818887172,-0.7961366330571658,-0.49474074943194585,-0.551748972437347
Elton Brand,2013-14,1414.0,0.800000011920929,0.4785656939376554,0.2654763577416439,0.3143226974032258,0.33213196491256536,0.2190928016559583,0.5814350888908542,0.47200590431109357,0.4419572616813829
Steve Blake,2013-14,1498.0,-0.30000001192092896,-0.9693124606365408,-0.6219275523236653,-0.6399557724982856,-0.8674149036858261,-0.7990025774639881,-0.8836660472041462,-0.9358696744324677,-0.9438380713988621
Shawn Marion,2013-14,2409.0,-0.20000000298023224,-0.5160637536085295,-0.572818729025534,-0.633736742023791,-0.3544590895106786,-0.4370701424937483,-0.36069476003117573,-0.5454069327270289,-0.47566258758406676
Arron Afflalo,2013-14,2552.0,-3.0,-2.902888697213142,-2.6375501925276232,-2.5505610951240762,-2.9020457639641704,-2.8078582983907734,-2.7561096602750546,-2.807471700565009,-2.9026779639008993
Aaron Brooks,2013-14,1557.0,-1.7999999523162842,-1.6180005327116065,-1.4415376636752029,-1.4750939860122327,-1.4990985386739022,-1.4299970591428377,-1.4449013139031277,-1.582629933312959,-1.5882750342021803
Jordan Crawford,2013-14,1859.0,-1.899999976158142,-2.015954111316079,-1.8121080227676951,-1.717757676225586,-1.9667710301726637,-1.744119598985424,-2.1326391235015136,-1.937777934907822,-2.003658341030225
Dante Cunningham,2013-14,1635.0,0.20000000298023224,0.19128444606571798,0.4282789395720542,0.361667790432228,0.3431045883355015,0.34756685047938185,0.36385406411122057,0.22923602697916806,0.22923948163316388
Kevin Garnett,2013-14,1109.0,3.5,3.1270379380665005,3.3097169372431114,3.22127519338801,3.12462268393458,3.0327034098654346,2.921092664970848,3.0697594550972114,3.1264341245335205
Amare Stoudemire,2013-14,1466.0,-0.20000000298023224,-1.386567967949567,-1.5533079584454323,-1.4560545354923564,-1.594751841733989,-1.5519725186291846,-1.2662837373650855,-1.3609169840010598,-1.4386139363956725
Martell Webster,2013-14,2157.0,-2.5,-1.5376576288077883,-1.505745553566422,-1.3978741502064165,-1.7334787556824174,-1.5511514518822356,-1.6006231015019234,-1.5091905118716922,-1.5866129105264455
Steven Adams,2013-14,1197.0,0.10000000149011612,1.204710968172326,1.2141019476809893,1.2553813196655401,1.1863824790640258,1.0548112664663203,1.3363156385463533,1.2293691213757156,1.200128845895251
Trey Burke,2013-14,2262.0,-2.200000047683716,-2.4743306797945612,-2.516141592832098,-2.532126638183435,-2.556311350771021,-2.5418363015045506,-2.632687123252949,-2.475416659244274,-2.494825847538676
Gerald Henderson,2013-14,2461.0,-0.20000000298023224,0.14433800830546026,0.49086681582476,0.47258580317322174,0.0813076878234702,0.17699697128529573,-0.004190770513199882,0.1712208512948013,0.12858042818496274
Kelly Olynyk,2013-14,1400.0,-1.2000000476837158,-0.20680152313206868,-0.42578415480232834,-0.36274695973707094,-0.1847311574319816,-0.30231778344231064,-0.11940182942128749,-0.20948147671884454,-0.2012839317070469
Zaza Pachulia,2013-14,1325.0,0.30000001192092896,-0.42877527975489105,-0.3018968068036881,-0.41303124915592526,-0.42943621478426935,-0.7286128232462504,-0.5383149328934743,-0.48133806990933053,-0.4289405135122356
Phil Pressey,2013-14,1132.0,0.8999999761581421,0.8273628159859758,0.7307571358510506,0.7996014682276821,0.7329948748181202,0.6811633830275694,0.6946075689765906,0.8234752860377059,0.803770830694012
Austin Rivers,2013-14,1339.0,-0.8999999761581421,-1.4739503042392605,-1.6455254890950708,-1.615621737843763,-1.3601514272584472,-1.525638496164543,-1.3455570606795797,-1.469376780019888,-1.4455005849940572
Brian Roberts,2013-14,1667.0,-0.800000011920929,-1.8564836496477273,-1.6932017294045414,-1.6915166725416566,-1.9262456749747257,-1.8166583976705493,-1.7322887132628055,-1.8064641874619387,-1.8739241559794768
Ramon Sessions,2013-14,2214.0,-2.4000000953674316,-2.66449930113812,-2.1437976147668656,-2.1065961946087377,-2.475893130684286,-2.5275661365988276,-2.2679353399423374,-2.499420387135584,-2.6173477585246614
Thaddeus Young,2013-14,2718.0,-1.2000000476837158,-0.4380688021257558,-0.439198122492617,-0.4957473347305119,-0.497504294147907,-0.6844088266026993,-0.33947483700381986,-0.4761080466232076,-0.4529276751312936
Richard Jefferson,2013-14,2213.0,-1.600000023841858,-1.9766595435165177,-2.2295686609269914,-2.1781570057699717,-2.1280363243649205,-2.0908351307514805,-2.313834949727304,-2.0320132411021135,-2.014503738728618
Ryan Kelly,2013-14,1312.0,-1.899999976158142,-0.6617221700964199,-0.47576052810973257,-0.526869226331719,-0.7273550128742294,-0.5951629851978874,-0.5824037156226691,-0.6677424387186345,-0.6781303807908723
Miles Plumlee,2013-14,1964.0,1.600000023841858,1.8123899377600292,1.6620611851846674,1.686028440611568,1.8614176303430852,1.7032428951558687,2.0258027887903043,1.7842510514645185,1.8246468609057933
Tayshaun Prince,2013-14,1948.0,1.2999999523162842,0.444061479057082,0.5558330156907674,0.6828365275719296,0.38371779175287735,0.5492990937834049,0.5180465892183123,0.49379361190902143,0.4289755572310308
Cody Zeller,2013-14,1416.0,-0.20000000298023224,0.5803524478670227,0.54247767148043,0.5847854220484843,0.5289452200918928,0.5168169257340284,0.6043936079065039,0.630542890890657,0.5675006409232403
Tobias Harris,2013-14,1850.0,-1.899999976158142,-1.1186114097118636,-0.7986539019479282,-0.7452788026676092,-1.1220821045542588,-1.303745604974981,-0.7666010732756321,-1.0574266086651223,-1.1194790834224624
Ersan Ilyasova,2013-14,1478.0,0.699999988079071,0.7340430169816954,0.7293037759494682,0.622222899599256,0.7062840727315466,0.757537485898567,0.5789193508453103,0.6458407050165317,0.7271032809191582
DeJuan Blair,2013-14,1214.0,-0.10000000149011612,0.7155425571814822,0.6331819951853271,0.6338167527216765,0.8706558166353981,0.7878807939134645,0.7266707186725414,0.6865269565694694,0.7543208720449611
Darrell Arthur,2013-14,1161.0,1.899999976158142,1.7958402550545467,1.251258953737631,1.2623801940924064,1.8752739400038108,1.830539020760368,1.8541604102805267,1.7518124165166995,1.8156986762918628
Francisco Garcia,2013-14,1083.0,-1.399999976158142,0.06734327062801643,-0.41344497782496475,-0.41822581661804387,0.031270307126754576,-0.05246678521573295,0.19350626262518497,0.03839333726217243,0.058325029752700965
Mason Plumlee,2013-14,1275.0,-0.8999999761581421,-0.9337102832862187,-0.7832281231840541,-0.6765590736186202,-0.8576907301828609,-1.074112853855091,-0.9742397838551053,-0.8806478953749646,-0.9147053950103792
Norris Cole,2013-14,2014.0,-0.30000001192092896,-1.1410321964920482,-1.214889486575609,-1.1800579364344896,-1.121311858162979,-0.9097652514123091,-1.0749085935905345,-1.1203124719366475,-1.136102111909781
Evan Fournier,2013-14,1503.0,-0.800000011920929,-0.9817313593482804,-1.230412804670818,-1.2220686675177082,-0.8296066145400331,-0.7837706037527531,-0.7733547189872371,-0.9611107498275927,-0.9437001731462186
Mo Williams,2013-14,1834.0,-1.600000023841858,-1.3564592280373327,-1.4170132310014352,-1.4078701209402662,-1.1675206934141291,-0.9023043438952885,-0.9587676131666961,-1.3657328421725787,-1.309224594381532
Andrea Bargnani,2013-14,1257.0,0.6000000238418579,-0.7927408077635096,-0.5976947891973757,-0.6402072815618686,-0.7099203218675276,-0.7318555546782629,-0.7473209899785774,-0.7903697399091325,-0.7720356862895141
Jerryd Bayless,2013-14,1686.0,-2.4000000953674316,-2.2430441491344615,-2.234593802944087,-2.172291515093554,-2.2489666054333073,-2.102912717741587,-2.219056067322692,-2.224550766581105,-2.244524763209173
Pau Gasol,2013-14,1884.0,-0.800000011920929,-0.8432667358481958,-1.002751104106443,-0.9909453399343575,-0.86632797353085,-1.124103067755682,-0.7840119612589772,-0.8712158402885444,-0.8490320452688593
Jarrett Jack,2013-14,2252.0,-0.800000011920929,-1.4155553945061659,-1.2592965058430579,-1.2288117522267636,-1.4597939964898419,-1.342017991202367,-1.4869186398723415,-1.3649369794344923,-1.426615045002085
Mike Miller,2013-14,1707.0,-3.0,-2.6241595061196463,-2.4810993497226423,-2.386669489992481,-2.7615737757368946,-2.691098709740707,-2.5657855155228866,-2.557385132616684,-2.6585130735239586
Jameer Nelson,2013-14,2179.0,-3.700000047683716,-2.9464055185493554,-2.8424235443154973,-2.8148921403099108,-2.9177319039568204,-2.9815814484644054,-2.9340197173114615,-2.8970091203848742,-2.9392371149012217
JJ Barea,2013-14,1471.0,-1.7000000476837158,-1.119790747541691,-1.2706932514765306,-1.2518938975880385,-1.1366998313543466,-1.1959151159804307,-0.9086460224981632,-1.1030873492009041,-1.124018018494855
Bismack Biyombo,2013-14,1072.0,1.100000023841858,1.485699915377423,1.1146094666368611,1.1489728159607613,1.5780573989445865,1.1040662209977743,2.168177335445569,1.4802217339298602,1.5087892862692138
Trevor Booker,2013-14,1553.0,-2.700000047683716,-1.04307134549788,-1.1224689485996078,-1.0336167784069983,-1.0350084693061299,-1.2326963155469592,-1.0725924369876267,-1.0227024008587484,-1.0410556264499424
John Salmons,2013-14,1726.0,-0.20000000298023224,0.029826427417516312,0.11205292992909976,0.1630927111440525,-0.20436257377601164,-0.07617089679905686,-0.08998878882241829,0.05984190855561479,-0.028720822880865676
Travis Outlaw,2013-14,1065.0,-1.2999999523162842,-1.2810631654903288,-1.1310542851061087,-1.0926717364029166,-1.2821981762954198,-1.1004338948302963,-1.4147017906749522,-1.2262361858356872,-1.2813469181916015
Lou Williams,2013-14,1445.0,-4.0,-3.2158278800101376,-3.115830922041406,-3.0855704190231585,-3.219346993367851,-3.24747057642812,-3.094433600009016,-3.134724434407914,-3.2167076583495655
Glen Davis,2013-14,1662.0,0.4000000059604645,-0.08120517922342964,0.5675662957277852,0.6155636732008716,-0.05336836413936258,-0.01610341832946932,0.13321408175698685,0.0661190282609314,-0.07424597545241288
Lavoy Allen,2013-14,1072.0,-0.4000000059604645,-1.6076576470100528,-1.7242989215806914,-1.7168864015507708,-1.6097414566128168,-1.4217410455788266,-1.0685970028304796,-1.5361923928815053,-1.6081785994107438
Kendrick Perkins,2013-14,1207.0,1.7000000476837158,2.043353439332838,1.4183026137219112,1.4312868505120961,2.0040540312439004,1.8940766868848475,1.9757574364658201,1.996960116810184,2.0335285873106033
JJ Hickson,2013-14,1859.0,-0.10000000149011612,-0.4953013501139828,-0.3390682620875092,-0.3429726524530675,-0.5103924885553783,-0.5159854075215826,-0.24151198621543044,-0.4473110352213785,-0.4990741347243317
OJ Mayo,2013-14,1346.0,-2.0999999046325684,-1.890322951347696,-2.228232521500173,-2.237673954901207,-2.009996680571636,-2.0807397492791706,-1.8973252322140055,-1.8763435116367362,-1.9202413836536811
Brandon Bass,2013-14,2266.0,-1.2000000476837158,-0.7658447474204979,-0.7149004878179797,-0.6559525110096984,-0.8208595194875563,-0.8094279158745634,-0.9477598245970889,-0.7406870504774938,-0.7795984404372625
Luis Scola,2013-14,1399.0,0.0,0.9517497265553049,1.472022139221969,1.461211581179053,0.9301183969558219,0.8695813788179255,1.01797205297997,1.0481740039331042,0.9463418941554341
Tony Snell,2013-14,1231.0,-0.800000011920929,-1.1535064848642897,-1.0364526714657736,-0.9726560438539087,-1.236539229470634,-1.5364657832201156,-0.8697861243518209,-1.058012966511955,-1.1742646710158757
Caron Butler,2013-14,1419.0,-2.0999999046325684,-1.6406696730542039,-1.3038045816494632,-1.3134611793791877,-1.5320187280475839,-1.395316611871806,-1.4648416303128726,-1.6048434796189832,-1.613506936802549
Eric Gordon,2013-14,2057.0,-3.9000000953674316,-3.5633901656598166,-4.04511852677087,-4.057546849989601,-3.5779640824836454,-3.5223630931278644,-3.5060209033266254,-3.5378573269122473,-3.5670336448657736
John Henson,2013-14,1856.0,-1.0,-0.9555452600642028,-0.9882340595677,-0.9700946950304936,-1.086392564115197,-1.2126977370288883,-0.871406524828523,-0.9748664460566564,-0.9882570860769513
Luke Ridnour,2013-14,1141.0,-2.200000047683716,-2.7824362079521077,-2.862558622816451,-2.86883002341868,-2.546354641230109,-2.4212013840684365,-2.577256871816933,-2.757240196355668,-2.723415816271608
Robert Sacre,2013-14,1089.0,0.20000000298023224,-0.16696314039516308,-0.47502083538874507,-0.4942731667828412,-0.2796338465539076,-0.35054607282425787,-0.20707800949292077,-0.201560897152823,-0.19513081693484924
Hollis Thompson,2013-14,1742.0,-3.0,-1.7704411458751155,-1.848614164411497,-1.8336721368869588,-1.7936854583840687,-1.7980620986004783,-1.6578459907341043,-1.785845724221239,-1.7762522240023537
James Anderson,2013-14,2309.0,-1.399999976158142,-1.461519173048921,-1.5608516738819143,-1.596676897987358,-1.3893968395138523,-1.5016302752525312,-1.2348386137955871,-1.4826109407953134,-1.443488589665154
Wesley Johnson,2013-14,2240.0,-1.2000000476837158,-0.6479181667889717,-0.6695457275880556,-0.697349344310729,-0.6692411518159262,-0.6930845023888587,-0.5277965274050407,-0.6967702618535379,-0.6532489130457104
Rodney Stuckey,2013-14,1950.0,-2.4000000953674316,-2.7337795616560228,-2.9747552228457974,-2.8342404814702435,-2.7957245703885407,-2.794056756492507,-2.5336889526595145,-2.705098310874376,-2.749265813839152
Kendall Marshall,2013-14,1564.0,-4.300000190734863,-3.507343298319474,-3.4304316530635655,-3.354949128611004,-3.3831583598516186,-3.468439847447196,-3.403871729044289,-3.4505189030647996,-3.47629706370251
Tony Wroten,2013-14,1765.0,-1.5,-1.4601143202641769,-1.8965367590971836,-1.9259971612702935,-1.3923945292937807,-1.4977420474488838,-0.9600677970918792,-1.4869665579477906,-1.4431843725215778
Tristan Thompson,2013-14,2594.0,-2.799999952316284,-1.173684670296583,-1.0559355401284727,-0.9929457620384132,-1.3894868383216021,-1.1646853303948794,-1.473928346646297,-1.1772553852434988,-1.2276352123028378
Andrew Nicholson,2013-14,1174.0,-0.800000011920929,0.1637776586489145,0.09014268471281439,0.18625797883847328,0.08199259822426813,0.19148933289627312,0.03796449028829452,0.18898774022437287,0.14333139354275293
Gary Neal,2013-14,1114.0,-4.699999809265137,-3.477953897665171,-3.683086415085909,-3.6502304533115977,-3.4746271267520945,-3.3908288275011023,-3.4878155966519007,-3.430293359842457,-3.477122204936902
Derrick Williams,2013-14,1820.0,-2.200000047683716,-1.3084342670925093,-1.0848461284111124,-1.0303275784110935,-1.455695136805625,-1.4413089135414396,-1.3556945670964153,-1.2714309837534277,-1.3452494845207883
Jeff Green,2013-14,2805.0,-2.200000047683716,-1.0680462262077648,-1.1514641207310274,-1.1629564203417029,-1.1585696814226663,-1.1440027806464028,-1.1452307667496013,-1.0753107612704418,-1.0906770900114902
Mike Scott,2013-14,1482.0,-2.9000000953674316,-2.2652008091180065,-2.288003043758185,-2.1426224190652543,-2.2878850932799404,-2.310266616699314,-2.1860503394903565,-2.1982002055374967,-2.2708718801584897
Harrison Barnes,2013-14,2204.0,-0.6000000238418579,-0.3588411677872164,-0.09032427899161766,-0.1051941891658244,-0.4779754520240236,-0.35751556161872267,-0.24038902791375827,-0.30752868881537404,-0.3886247388464182
Evan Turner,2013-14,2457.0,-1.899999976158142,-2.4034417419397682,-2.3562298533750434,-2.256000202351483,-2.3675149358554917,-2.215272975118551,-2.3413635230418173,-2.3402560525824643,-2.394460040418699
Tim Hardaway Jr.,2013-14,1875.0,-5.5,-3.176846528224429,-3.199792817130196,-3.037609636676298,-3.273049925115416,-3.196052389624896,-3.0952527151020517,-3.1122821051436347,-3.2008973774471756
Elliot Williams,2013-14,1157.0,-3.700000047683716,-2.188179929581317,-2.5401373905188933,-2.501521012786093,-2.1201886793791735,-2.356318564952918,-1.9707782313995168,-2.210102349206354,-2.1711821170307815
Carlos Boozer,2013-14,2141.0,-1.2999999523162842,-0.25682061678818097,0.03948836065004385,0.12840545799916578,-0.09271887982473646,-0.1757405707852901,-0.01108592252827275,-0.17327829778582277,-0.21579518254731983
Ben McLemore,2013-14,2187.0,-3.700000047683716,-1.8284780281306918,-2.0286204209771137,-2.0110657512113868,-1.9181710266362124,-1.880114345999183,-2.16432459712784,-1.8473910659791837,-1.850901277757072
Chris Paul,2014-15,2857.0,2.0999999046325684,0.6317778921691651,0.39989445962450804,0.41080759303993375,0.5228417579425523,0.4676943091269985,0.22992500020445605,0.5619245911150178,0.6045438586125119
James Harden,2014-15,2981.0,0.10000000149011612,0.12721550808884413,-0.2082457545837717,-0.17595537350184748,0.14947503476927526,0.05085318133136896,-0.029088528029644067,0.07095792489919109,0.1327803897589519
Anthony Davis,2014-15,2455.0,4.5,3.307800719478778,3.0868089862237897,2.9131182419205324,3.301204646792502,3.294502031171345,3.3906127066333047,3.1604938948641172,3.3061517013072095
Kawhi Leonard,2014-15,2033.0,5.199999809265137,3.4230452292224323,3.841475347646885,3.7798942635515247,3.4857968852941674,3.553879442239886,3.455337896954535,3.419989365947615,3.4387331432403663
Draymond Green,2014-15,2490.0,5.099999904632568,4.853110927297028,4.89867762995708,4.881331146604504,4.797762617539952,5.259202347543143,4.794560028748038,4.793963010271166,4.839273849857759
Danny Green,2014-15,2312.0,3.0,2.5002466719350407,2.4510229448585643,2.418994830728515,2.57825697437843,2.533347191252035,2.616503118694789,2.470493250529386,2.519749247545888
Kyrie Irving,2014-15,2730.0,-0.8999999761581421,-0.9948563835787209,-0.9761179304816121,-0.9320783592626956,-0.9077848826396431,-0.9125336499548413,-0.9572554681656857,-0.9715093386639332,-0.9730885083439514
DeAndre Jordan,2014-15,2820.0,1.2000000476837158,2.1799191992561537,1.865303104128493,1.7692075786220172,2.1140283720265263,2.1572755154157903,1.6720587272077938,2.056702792959691,2.163446492448747
Klay Thompson,2014-15,2455.0,1.0,1.23319369432414,1.2727396393509451,1.3278319056847419,1.2449166683297233,1.1567224332846466,1.252707350308236,1.2380156660816646,1.2361244378255358
LeBron James,2014-15,2493.0,-0.10000000149011612,0.45383605646986447,-0.11395709558249409,-0.11354649419139418,0.2458649532805065,0.2948460449331366,0.10120791880460317,0.3632603540058682,0.40184328067252495
Russell Westbrook,2014-15,2302.0,-0.5,-0.6029441234295516,-0.5837122007168503,-0.5775617625494952,-0.704394764056155,-0.7720825983076112,-0.6461437927219151,-0.6415087594490455,-0.6283067835862024
Marc Gasol,2014-15,2687.0,2.5999999046325684,1.3318140825906206,1.117505489807553,1.1190946957014667,1.4135740373103127,1.310349876951172,1.6842046988701576,1.290433418615963,1.3522540712705435
Kyle Korver,2014-15,2418.0,0.10000000149011612,0.552003260902763,0.689785374461061,0.6570077892765779,0.5815539627672611,0.5188900384920879,0.6891629261957712,0.5935112684032222,0.5593909363688875
Khris Middleton,2014-15,2378.0,3.0999999046325684,2.5461698960086596,2.5059518873219035,2.4751093961073503,2.6826223074426263,3.126053292837398,2.67915938129717,2.5287632962297963,2.580282998867151
LaMarcus Aldridge,2014-15,2512.0,1.899999976158142,0.4721334750446792,0.2760317291085914,0.3061597133534741,0.5408266513238198,0.38761810208964326,1.0207825409363767,0.48480012347694823,0.48930676911446436
DeMarcus Cousins,2014-15,2013.0,4.400000095367432,3.739099637204709,3.9039649458138115,3.747158775049404,3.82605383433589,3.9069546336876027,3.651981394622637,3.621722258008597,3.7608381864875042
Gordon Hayward,2014-15,2618.0,0.20000000298023224,-0.04764832273209714,0.024808524294573392,-0.00977967576037928,-0.043434389226876445,-0.04909413376824297,0.03217601363500827,-0.0756114083050855,-0.04659483935579197
Kyle Lowry,2014-15,2414.0,0.6000000238418579,0.766895784009842,0.8410425167532432,0.7675403521881985,0.6545789950788147,0.5413477260023452,0.648947304517925,0.6961553024761827,0.7388165867770853
Eric Bledsoe,2014-15,2800.0,1.2000000476837158,1.4084806972085038,1.1810911597840617,1.095173216820702,1.3826082078207957,1.276081847863214,1.2798874044683208,1.3153301518899538,1.4020125748615768
Damian Lillard,2014-15,2925.0,-1.2999999523162842,-0.9042596182190744,-1.0173639854064245,-0.9806820567247155,-0.8944854720181388,-0.9766516007349517,-0.6813929140977397,-0.8768206260577346,-0.9018160816688405
Kevin Love,2014-15,2532.0,1.600000023841858,1.2469167616996188,0.9449914881634108,1.007256973093463,1.2488551965736523,1.2913800851402308,1.3609041964541242,1.20868711813567,1.2474013704181273
Rudy Gobert,2014-15,2158.0,4.800000190734863,4.411509857895102,4.29144095119223,4.2350690600228855,4.35667085990261,4.29456701489227,4.409808956714537,4.336932653016447,4.3978001083969795
Paul Millsap,2014-15,2390.0,2.4000000953674316,1.7359559931439263,1.646895442832873,1.5840073623699684,1.761043538481877,1.592949151411247,1.6715181611095051,1.690243639281529,1.7422278794784138
Jimmy Butler,2014-15,2513.0,-0.20000000298023224,1.2950321200746502,1.2666108298772543,1.2343677942883367,1.3585417764554022,1.2522395704041331,1.2501514690345608,1.245487055544324,1.3109095341698382
Marcin Gortat,2014-15,2453.0,3.5999999046325684,3.0629208120997355,3.011807200823335,3.0286652906314124,3.1372105565832524,3.004243113466631,2.904255838093681,3.0723660174981475,3.0814932482206148
JJ Redick,2014-15,2409.0,0.699999988079071,0.05011951836702504,0.09103178591891808,0.13847457116738365,0.10817696048075187,0.027741651481109908,-0.07844698620527313,0.06608531390101992,0.06463387889545674
John Wall,2014-15,2837.0,0.0,1.300922798523354,1.3406969502928512,1.2979604677762335,1.4547412400315156,1.2241986635550748,1.0725865608178917,1.2919513625238426,1.3393774089003945
Tim Duncan,2014-15,2227.0,3.5,2.884213520944828,3.265047773976876,3.226297064623135,2.942921002093314,2.8091550403376946,2.8994638674392377,2.898972712765514,2.8988903912319497
Ty Lawson,2014-15,2665.0,-1.7999999523162842,-2.3773778694747865,-2.410968705019967,-2.4148048252639547,-2.4481880885799265,-2.367861296190216,-2.560855029721075,-2.362586095899763,-2.3950804242510717
Wesley Matthews,2014-15,2024.0,1.2999999523162842,1.5141114109429734,1.756109942382277,1.664299150095477,1.5878151653332426,1.5013496220415954,1.6631368573467156,1.5190663017246075,1.5325373495405405
Zach Randolph,2014-15,2304.0,1.2999999523162842,0.9334653567136199,1.2010043854150279,1.1788499377150103,0.9373696402063061,0.8619356322854811,1.0980752104692768,0.9550848336289864,0.9344414275867914
Mike Conley,2014-15,2225.0,0.5,0.10601462879074268,0.14777059586404645,0.16670235826164556,0.015460311265876353,0.15136207749121888,0.40811224741235874,0.09638229880792576,0.08337604940952609
Rudy Gay,2014-15,2408.0,-1.100000023841858,-1.1519661022393548,-1.3689331438415109,-1.3242439327724784,-1.290340286646335,-1.158953079887828,-1.4353324246483115,-1.199337507814055,-1.1865596483410998
DeMarre Carroll,2014-15,2189.0,1.0,0.49335580068110524,0.6581169517267295,0.5446546191568974,0.5068467251929616,0.5081493834139108,0.5628627708785581,0.4685762411598368,0.49672853180906934
Tyson Chandler,2014-15,2286.0,2.5999999046325684,2.0377819587473764,1.9180730976031937,1.9389586534218917,2.1774451772800325,2.3431507379920977,2.301653775715275,2.0321755183906096,2.0726977633805403
Jeff Teague,2014-15,2228.0,0.5,0.6751632331129966,0.6935261990526239,0.7082062541078731,0.7814015038963394,0.5375985879718453,0.5677365451980911,0.6954881298442429,0.7017228008088323
Tony Allen,2014-15,1648.0,4.800000190734863,4.165944570738653,4.443615954928874,4.468950514302261,4.110350096505545,4.835456883174338,4.088565233443185,4.1700619464767295,4.1520459521803765
Lou Williams,2014-15,2016.0,-2.200000047683716,-0.9146684185490949,-0.9050670561829396,-0.9366268085087373,-0.8982367902091485,-0.9042521238896464,-1.115740124511487,-0.9245295721833772,-0.9105605114641083
Nikola Mirotic,2014-15,1654.0,2.200000047683716,1.7587399738338183,1.7619026182856514,1.742983004532921,1.786182424741022,1.7606692795905574,1.9570786231157569,1.763652561543664,1.7656005865606192
Monta Ellis,2014-15,2699.0,0.800000011920929,1.107069628729004,1.2002944800447288,1.1616729749646337,0.9896872185169894,0.7687782033746793,1.1206562819114891,1.077018941874824,1.0777240261760004
Derrick Favors,2014-15,2280.0,2.0999999046325684,2.326355573047899,2.0046055705356802,1.994308698674829,2.40038629844239,2.323757735812849,2.211269503069103,2.2644360816427125,2.3448632543965218
Blake Griffin,2014-15,2356.0,-1.2000000476837158,-0.11305119755305051,-0.3834480840255875,-0.37994189165751435,-0.05654898089304921,-0.011094887339969786,-0.38949958067084695,-0.132963062624666,-0.0989256433880502
Serge Ibaka,2014-15,2116.0,3.0,2.2466247889884783,1.851542077112511,1.830600654930258,2.2971361343553065,2.1804759427331097,2.2741055547723668,2.194868291540215,2.259252625330185
Al Horford,2014-15,2318.0,1.600000023841858,1.654549934121179,1.7515956106631152,1.7570874016264615,1.7904339084000211,1.719995585564907,1.9044624378167434,1.658183852054819,1.6885209276908895
Luol Deng,2014-15,2421.0,-0.10000000149011612,-0.7811891872989389,-0.7098817667274886,-0.6455394168224513,-0.8666064666159647,-0.8494092787922113,-0.882203816010874,-0.7618935433651615,-0.8025435071281954
Darren Collison,2014-15,1565.0,2.299999952316284,0.5043708955773006,0.4288103790631141,0.36873057060476805,0.47186189834491554,0.20848718087443058,0.420852556088913,0.48328635767851397,0.49624364626920436
Tyreke Evans,2014-15,2690.0,-1.2999999523162842,-0.6919683222493787,-0.9105592831220155,-0.8717399811572317,-0.6742192556201493,-0.9035966194147639,-0.7462709299540917,-0.7258921579928959,-0.6875310555920714
George Hill,2014-15,1267.0,1.7000000476837158,1.465545968477324,1.4850944082828192,1.4913691639558375,1.3657458398207742,1.3840887314858765,1.3184328905478033,1.4751950692354552,1.4405959363131866
Kemba Walker,2014-15,2119.0,1.2000000476837158,0.7096124252125676,0.93776214777561,0.9445751661282336,0.5234740001867451,0.6147975611949892,0.7773133999988535,0.752251637787425,0.663077818956112
Andrew Bogut,2014-15,1583.0,4.699999809265137,4.750224278554423,4.730108322229148,4.722412028975631,4.843921199698646,5.538262102186987,4.833513677073123,4.714468782943753,4.773648508840479
Joakim Noah,2014-15,2049.0,2.5999999046325684,2.1363581381701153,1.7718318386530196,1.7542601835841793,2.1792743292078076,2.3140500217553583,2.187598428015915,2.117262193132207,2.1470871859295384
Matt Barnes,2014-15,2271.0,0.699999988079071,0.9331829797318973,0.6196134057401228,0.5058758580627859,0.9264915259121503,0.9039024504999648,0.7039589953284411,0.8387834098273846,0.9315101162769606
Anthony Morrow,2014-15,1806.0,0.10000000149011612,0.2468124385004029,0.29322956638561404,0.29762214800265296,0.10518178033605463,0.13239795750466182,-0.05106111240167821,0.22748910666999833,0.21140477395931584
Chandler Parsons,2014-15,2186.0,-0.800000011920929,-0.364293573746345,-0.4691808962930715,-0.49945463180507693,-0.38857376408151506,-0.14137327499914926,-0.38226014897952476,-0.39412688896981063,-0.3703636213301375
Pau Gasol,2014-15,2681.0,0.5,1.7620931747582342,1.4760643556003945,1.4875679978937952,1.8917813791253173,1.7104324414226166,2.149985798348573,1.7533240727766308,1.794515225850005
Manu Ginobili,2014-15,1587.0,1.399999976158142,1.821729772598969,1.613636688269393,1.6029262004309306,1.7952626086333325,1.8202070316180605,1.989575706156391,1.7867936482021465,1.8151129816075597
Zaza Pachulia,2014-15,1730.0,3.200000047683716,2.9290108763874376,2.927046129952787,2.980451440751257,2.854655096705813,2.729773687469968,3.0196724768511234,2.9639493437511897,2.9104219314670314
Patrick Patterson,2014-15,2156.0,-0.800000011920929,-0.1922210479722453,-0.26061330384616666,-0.2776812100107793,-0.13969087336482755,-0.1291606241512467,-0.12939034331950053,-0.21365503940917918,-0.17908850432039086
Devin Harris,2014-15,1685.0,0.4000000059604645,0.8537629572559414,0.775060039764821,0.8191964333110469,0.812624223656124,0.9195688799713356,0.8157079521093751,0.8538995367459119,0.8434782738559871
Reggie Jackson,2014-15,2268.0,-0.800000011920929,-0.43511638804700553,-0.7270193615301423,-0.7189412970133314,-0.5028199023424541,-0.4903400559467307,-0.8756491855362044,-0.44475395168965615,-0.45204226662086766
Thaddeus Young,2014-15,2434.0,0.4000000059604645,0.16520173146997702,0.19753750370347828,0.127334257044388,0.15564250984355443,0.07185569292080368,-0.23749961318877938,0.12167028542044334,0.16281192606337136
Trevor Ariza,2014-15,2930.0,0.30000001192092896,0.750196593176572,0.8914164966013555,0.8002596762332703,0.7946482316762553,0.8765643035697805,0.9652514988068226,0.6855099685976931,0.7613095028014929
Elfrid Payton,2014-15,2489.0,0.20000000298023224,-0.1730372823646016,-0.13115247120318796,-0.19027480322711912,-0.20660625534931756,-0.38297613242908785,-0.3628232725948817,-0.2242293416783948,-0.1814295256107806
Marcus Smart,2014-15,1808.0,1.7999999523162842,2.020656095134948,1.9950048328080683,1.8774362113205887,2.255439680386673,2.1218694902608197,2.1595912434946882,1.9372728605101726,2.0793519914478793
Bradley Beal,2014-15,2107.0,0.5,0.3741231849242898,0.18256922308300388,0.1770696156098252,0.4070399215276411,0.3696628007079241,0.13733115614842006,0.36141537366726106,0.3823523690751276
Andre Iguodala,2014-15,2069.0,1.600000023841858,1.811739493788631,1.7111599148765853,1.686278928751225,1.8270816607114293,1.8092646075487786,2.068529640077243,1.8061775992676057,1.8155750355193307
Timofey Mozgov,2014-15,2045.0,2.4000000953674316,1.804768885611233,1.4495731938710548,1.4366346020487701,1.7297328288172786,1.7142409705533335,1.47885941993453,1.7764570688000891,1.7860098714127441
Dirk Nowitzki,2014-15,2282.0,-1.2999999523162842,-0.5622082242831207,-0.8204036285825859,-0.7537564304340802,-0.581267213800287,-0.518176092881071,-0.6054708157909299,-0.5652651804384243,-0.5669729716624123
PJ Tucker,2014-15,2383.0,1.2999999523162842,1.6180620475987302,1.64020301645136,1.5417924146767872,1.491645632083457,1.4292128244789353,1.5510603972672425,1.5619153107144974,1.5864579437199118
Deron Williams,2014-15,2114.0,0.0,-0.5099891649245503,-0.8287193429837877,-0.8403242765183124,-0.5640566410517891,-0.36708374273930094,-0.5445263004519828,-0.563642737040168,-0.52350603395636
Mario Chalmers,2014-15,2368.0,1.5,1.6066693655140303,1.2590232968157422,1.1702740214837828,1.382968490689373,1.4020451552781537,1.330128066622928,1.4852625029387803,1.5507441468078662
Goran Dragic,2014-15,2640.0,-1.600000023841858,-0.791216237433009,-0.7119482449861982,-0.6934594161162551,-0.7613263522712725,-0.7333559917873118,-0.665110592309568,-0.7884840973599097,-0.7837437661425749
Danilo Gallinari,2014-15,1426.0,0.20000000298023224,0.3740515807306034,0.43885011477377606,0.4169068254365529,0.1568736152604872,0.18410867711102244,0.1629039270877633,0.35098185652431235,0.3197570893630744
Kentavious CaldwellPope,2014-15,2587.0,-0.4000000059604645,-0.09598673302253818,-0.09194602242239196,-0.12726217202930895,-0.10250513215789635,-0.07958094616769383,-0.1713409556936309,-0.10239950267501872,-0.09761633280637773
Jae Crowder,2014-15,1647.0,0.30000001192092896,0.5571526231901969,0.7398563804050622,0.7413968812244396,0.5653008918807053,0.5555850107481478,0.7199147938129,0.5582836586791792,0.559189690362824
Jared Dudley,2014-15,1717.0,1.7999999523162842,2.0003792870396526,2.1335590274474723,2.171927617314687,2.0377999612252355,1.797198743022324,2.1396532747829555,2.0142739515583843,2.0097344555860484
CJ Miles,2014-15,1841.0,0.20000000298023224,0.9642992532424068,1.1415194240167854,1.1073946954388894,0.9863354106027846,1.0092043655051361,0.8527065323498999,0.9749800810157423,0.9698082925825012
Kelly Olynyk,2014-15,1423.0,2.0999999046325684,2.0321166105401693,1.966518121401206,2.0490998721709595,2.0356779722555345,2.098281611136033,1.9729037076840175,2.037781158387566,2.0330069509690105
JR Smith,2014-15,2080.0,-1.0,-0.577562688761631,-0.6654107470025821,-0.6838301051745445,-0.6977156563321569,-0.6922245057572974,-0.8586671802903983,-0.5861194246981781,-0.6076009306542625
Jonas Valanciunas,2014-15,2096.0,1.2000000476837158,0.6373927885823479,0.4112300179162399,0.4109776147127724,0.42730261501617484,0.28145735204195993,0.4291368578182614,0.5818736418264447,0.5848702451908047
Ed Davis,2014-15,1840.0,0.4000000059604645,-0.3668897936127813,-0.6435389819854779,-0.6374527348368326,-0.33753905589169214,-0.2029524109600718,-0.19226807504114043,-0.4588110421609927,-0.359552109182509
Jonas Jerebko,2014-15,1230.0,2.799999952316284,2.4831797075561672,2.4312132384270173,2.5648307862008792,2.3795925264921873,2.629099409881761,2.6714785032409387,2.4983622065157274,2.4572829122901725
Jeremy Lin,2014-15,1907.0,0.4000000059604645,-0.054040648482395995,-0.23088623337962255,-0.30594948574182407,-0.13988826067687463,0.03451183827534107,-0.05834867898640261,-0.14832306303053355,-0.07550255153101565
Brook Lopez,2014-15,2100.0,0.6000000238418579,0.7076843774638201,0.6370944641481614,0.6253266940608637,0.7151996416982965,0.6826738898848772,0.4786280125055793,0.6747841780003121,0.7095631935224391
Nicolas Batum,2014-15,2380.0,-0.20000000298023224,0.23651492224868348,0.27251273974793405,0.225218036365305,0.2813904802649897,0.1925578230310287,0.2760914576804638,0.2004093702003784,0.24773381175276002
Robert Covington,2014-15,1956.0,-0.20000000298023224,1.3732255122040757,1.4058346641867492,1.3494172843870216,1.4114578628393397,1.1816404036513999,1.6073717380863481,1.329979063950992,1.3827835998628917
Michael KiddGilchrist,2014-15,1587.0,3.0,2.002704086382878,1.6659987646868366,1.672137106785929,1.907931817259725,1.8433278868374854,1.9921675682747417,1.949268808987976,1.9790110191020898
Paul Pierce,2014-15,1914.0,0.20000000298023224,0.7703625472358624,0.6102719813980803,0.5714900343182108,0.7296811788908382,0.6336300869540288,0.6446321289216297,0.7640492483884588,0.7601922051496064
Isaiah Thomas,2014-15,1726.0,-2.9000000953674316,-0.922139862001487,-1.6507627450514564,-1.6755426494842887,-1.0229147353678008,-0.9039406287061444,-1.280396634027808,-0.9740644063863888,-0.9473335803430654
Jrue Holiday,2014-15,1303.0,-0.6000000238418579,-0.4355598978365334,-0.5669386189331973,-0.557485116767549,-0.42606323115005107,-0.49974863641243367,-0.3941789065403879,-0.4433641977464992,-0.4331857311649129
Ersan Ilyasova,2014-15,1319.0,0.4000000059604645,1.0582555211465239,1.1126239423065942,1.1696620864288094,1.0407350510650977,0.9847530996384906,0.9477321635835604,1.064538963619386,1.0538754036261673
Amir Johnson,2014-15,1979.0,0.800000011920929,0.7012576433062452,0.7311845370758374,0.7544989485896114,0.6057316189158973,0.5844652068506172,0.5211193471868738,0.7000378571157934,0.6773761372086582
Iman Shumpert,2014-15,1545.0,2.299999952316284,1.5186576206831568,1.4956939970253171,1.4340476904245663,1.5169334780238268,1.3037006312888737,1.7958564606609055,1.4807592811995882,1.5182265850183243
Cody Zeller,2014-15,1487.0,2.0999999046325684,1.676797508107322,1.7832130445113268,1.8178702203030708,1.648511396841378,1.5330106503491043,1.7478102895800296,1.7163239957343315,1.6697259802908362
Patrick Beverley,2014-15,1727.0,1.0,0.34866433198167124,0.06958709619813147,0.05297927128544641,0.3615538406396481,0.36757069127058384,0.6142941233340093,0.28069679520875307,0.35188670914616543
Kenneth Faried,2014-15,2086.0,-0.10000000149011612,-0.3365037885377558,-0.17455705874398528,-0.25175362309506766,-0.32291982691948046,-0.16277880322037447,-0.4896758180788392,-0.3542167962470775,-0.33310779813318697
Brandon Jennings,2014-15,1173.0,0.10000000149011612,-0.8279334605982662,-0.6346926021641099,-0.5788026925126523,-1.042170173129327,-0.9351817577033634,-1.053563961425301,-0.7726326504795925,-0.8814926387310315
Josh Smith,2014-15,2300.0,2.5999999046325684,2.518961908143914,2.5099822790952264,2.4614827135471486,2.33927063497468,2.366975855298839,2.5721983714103853,2.5009852818955887,2.4740390898516056
AlFarouq Aminu,2014-15,1366.0,2.5999999046325684,2.6122348391466668,2.33161824167907,2.2831065923006806,2.6322875137164354,2.504628023171698,2.510205291474625,2.5235459703540886,2.617248007789109
Corey Brewer,2014-15,2087.0,0.8999999761581421,1.1898819332909392,1.1598446737284247,1.0765402317994,1.154515356491446,1.0443441391244317,1.2894939810282346,1.116788101846756,1.1810402890910658
Gerald Henderson,2014-15,2315.0,1.100000023841858,0.698752686904725,0.938211070149342,0.8827787436370924,0.8455212113359014,0.6825660789831628,0.9142921359313421,0.7305466351210766,0.7354448180125192
Ben McLemore,2014-15,2670.0,-0.4000000059604645,-0.25244482914889116,-0.8824310773951329,-0.9162037671616144,-0.21308924668517526,-0.29047946239918077,-0.534025432065187,-0.31821294408850603,-0.24260593353296217
Markieff Morris,2014-15,2581.0,0.8999999761581421,1.6662706852266076,1.5239522137069668,1.4848823436905287,1.7487814486070947,1.6756427464051935,1.6046099026316138,1.6058442890796683,1.6868983760717293
James Johnson,2014-15,1370.0,1.2999999523162842,1.457943738444377,1.455797732301117,1.3494118719967114,1.5380602221465784,1.324138011013857,1.3088426553995502,1.3851336672713095,1.4779728593699273
Andre Roberson,2014-15,1286.0,3.4000000953674316,2.631916295590347,2.3251719146405274,2.292802395611588,2.5858960334611236,2.5994873846618116,2.5727963535601983,2.5402608838322407,2.620411230058041
Brandon Knight,2014-15,2035.0,-0.20000000298023224,0.20375136862769386,0.13998481381684602,0.20670576162333465,0.1735355840951677,0.40012284513408714,0.026260145504940352,0.19002266556619027,0.19619742249456232
Brandan Wright,2014-15,1449.0,1.2999999523162842,1.7337763664146832,1.7319237264912117,1.6952331315692133,1.5105333917272663,1.3301210618131802,1.2664334411989808,1.742963022808703,1.677965622742829
Omer Asik,2014-15,1982.0,2.4000000953674316,1.1415651617320286,0.9979987621440195,1.0341072863512937,1.0255019723242156,1.1459603547125359,1.017683898121675,1.1152926332840216,1.1125493643800755
Andre Drummond,2014-15,2502.0,0.4000000059604645,1.0838621564772268,0.8181036781977225,0.7917839781182561,0.9248899552123602,1.005008705722564,1.015961331350072,1.0161977554899708,1.0441191061610102
Greg Monroe,2014-15,2137.0,0.20000000298023224,1.6666811070072312,1.668375620539776,1.574307058983536,1.5228780194496156,1.2991355544367065,1.5038327068251713,1.585395414785975,1.6307303351178273
Jared Sullinger,2014-15,1566.0,0.5,0.8135257353799843,1.04043771427644,1.0055589192890346,0.8322264915284874,0.9165032597704811,0.9534015337029482,0.832753286102502,0.81820092441711
JJ Barea,2014-15,1362.0,-0.30000001192092896,-0.8143171241625007,-0.9522050753100024,-0.874971408578604,-0.797812673066478,-0.8195425961132736,-0.5450810552157946,-0.7932007426472983,-0.810191011388495
Marvin Williams,2014-15,2035.0,0.8999999761581421,0.8483847291258622,1.0534235263074738,0.9981211199655294,0.8781337396799463,0.851198908237139,0.7267571042451761,0.8712683631251914,0.8558219817643832
Alan Anderson,2014-15,1744.0,1.399999976158142,0.8882555407392967,1.114903064466305,1.0196445628521367,0.8549609748865399,0.9525718737881738,0.9767591996693826,0.9027937375432756,0.8799318992761074
Carmelo Anthony,2014-15,1428.0,-2.5,-2.630847682845386,-2.3506429891625182,-2.3190095369468446,-2.6357468393913157,-2.9022509552200906,-2.5213762820546877,-2.5898343040450835,-2.6320724719818687
Cory Joseph,2014-15,1444.0,0.5,1.3861334993191068,1.0795123561078661,1.1638963895536163,1.1710386026752926,1.0733919563896768,1.2887173119780777,1.4279841526022679,1.332359775158153
Donatas Motiejunas,2014-15,2037.0,0.800000011920929,1.2779517377977911,1.3562417695996627,1.257702524467457,1.2947040601473336,1.237071282485045,1.440194538516772,1.2951126725207915,1.2821398183851769
Nene,2014-15,1693.0,2.799999952316284,2.189245593529641,2.105152768625059,2.0901482936601714,2.1191905111774436,2.0732325307916044,2.177860752598961,2.179742423324014,2.1717318229415916
Derrick Rose,2014-15,1530.0,0.800000011920929,-0.5241636142166445,-0.40899992155860654,-0.40083218272807186,-0.5510165813568353,-0.600583305465171,-0.5302391465975711,-0.46076611775432486,-0.5308768560016922
Luis Scola,2014-15,1659.0,0.6000000238418579,1.2248486508363072,1.1593583463920591,1.198822586443739,1.134122488053217,1.1341447888987792,1.2413941872235323,1.2750391746787673,1.2021671101405347
Rodney Stuckey,2014-15,1874.0,-0.20000000298023224,0.09374518765642732,0.0828383170547356,0.07557587271984227,0.13354118489048405,0.12571206881718383,0.014236979426630325,0.10991392823364902,0.10369418696494151
CJ Watson,2014-15,1422.0,1.100000023841858,0.6701240605588558,0.5187271915288237,0.4886135282465925,0.6673823527572715,0.5339966917908531,0.7869729232757356,0.6591633844354852,0.6694386336084597
Harrison Barnes,2014-15,2318.0,-0.10000000149011612,0.6794117089073616,0.9658792480811051,0.9604451730959472,0.774801845854409,0.7333635622093605,0.7298562537943376,0.7107667015857444,0.7032592431441234
Mike Dunleavy,2014-15,1838.0,-0.5,0.9143827143147866,0.9083354644639361,0.9099972413687614,0.9182045421755222,0.8266457475356701,0.6760228810188214,0.9074679492005194,0.9153381712799704
Robin Lopez,2014-15,1638.0,1.399999976158142,1.1696907743623521,0.7711425734282107,0.8138342317025089,1.1623804320195,1.066767512658735,1.2660442986357072,1.1560266752447954,1.167863188776639
Trevor Booker,2014-15,1564.0,0.8999999761581421,1.2856600866263934,1.0749516252272153,1.056230513556415,1.2377637245851476,1.020472958232,1.4325456245941994,1.2943878522978496,1.273685996116082
Joe Johnson,2014-15,2791.0,-2.5999999046325684,-1.975359112749212,-1.9179384541618072,-1.8872957579434722,-2.0144016856015488,-2.0367608801444237,-2.3474072340748555,-1.9873164334415752,-1.9851197559622964
Victor Oladipo,2014-15,2573.0,-1.100000023841858,-1.01115815974174,-1.0499638106654463,-1.1360048871246258,-1.0847715013019608,-0.9448888516662295,-1.2224561674057557,-1.0600011913156318,-1.0295614951317953
Pablo Prigioni,2014-15,1197.0,1.7999999523162842,0.24733222898403998,0.9638955473470795,0.9234204697029949,0.1418579318760784,0.20242801625714762,0.14012838425797353,0.32240040533163516,0.2209636547070496
Jason Terry,2014-15,1641.0,0.30000001192092896,0.6939549549194762,0.5655108608931254,0.5436024718016428,0.800672637437679,0.6860126101594077,1.0310476125871317,0.6995649752808325,0.720634375549027
Tristan Thompson,2014-15,2194.0,0.0,-0.25052127158051635,-0.289287802707636,-0.2235947792091652,-0.19647696642317408,-0.19285902853774262,-0.10772742089514503,-0.2255709914049091,-0.23701019529118078
Steven Adams,2014-15,1771.0,2.0,1.4127502016340465,1.3102528458146283,1.3160350681135107,1.4693062173198288,1.3256075368388307,1.4392040456875748,1.3883015535288743,1.4268892055554923
Amare Stoudemire,2014-15,1245.0,0.20000000298023224,-1.2559873468395815,-1.4235738135075535,-1.4108576355628977,-1.3538690844441932,-1.7954262102745044,-1.0977112295444935,-1.242578536976411,-1.2804577812407345
Mo Williams,2014-15,1980.0,-1.399999976158142,-1.2913470627640802,-1.6612562574108916,-1.608485785785682,-1.37718224297722,-1.305736550363581,-1.3238688725950174,-1.2990814256820036,-1.3128058578173651
Wilson Chandler,2014-15,2471.0,-1.600000023841858,-1.494732507362286,-1.5287720120633335,-1.5752061306204348,-1.7107223288046063,-1.5464155477845547,-1.9814648024652692,-1.5123171517025016,-1.548729962722866
Langston Galloway,2014-15,1457.0,1.2999999523162842,0.1777808441160491,0.65282378852736,0.528454967150824,0.10611160220550055,0.24770562839352653,-0.03820502278377086,0.16917495605040808,0.15986353363841196
Tony Snell,2014-15,1412.0,0.4000000059604645,-0.39159560712578434,-0.27335201151921484,-0.2464287398499435,-0.27546039185272286,-0.337057602845093,-0.021175860323304097,-0.3391377856162081,-0.36256180330751897
Tyler Zeller,2014-15,1731.0,0.30000001192092896,0.6211056100379957,0.3856536912261475,0.4074070415541439,0.6555563894830446,0.6635907517128243,0.6479392749341454,0.6402027577813467,0.629718304899258
Roy Hibbert,2014-15,1926.0,2.0,1.7473543041257202,1.5104128003043462,1.5220123143058317,1.707027971855454,1.7913503018286612,1.8258770213149067,1.7368044670746567,1.7372727210581538
Dwight Howard,2014-15,1223.0,1.899999976158142,2.209463496534012,1.7781207964029289,1.6996104470654352,2.2729959565972124,2.2834310683631016,2.5553987390462054,2.1794676776693174,2.225346611549812
Dwyane Wade,2014-15,1971.0,-2.5,-1.2774747660539405,-1.787638949428172,-1.8082486319249829,-1.4323611957113833,-1.2419913314937672,-1.31275438319554,-1.3112607136506484,-1.3161963734683013
Giannis Antetokounmpo,2014-15,2541.0,-0.4000000059604645,0.6608018201119008,0.8797451392636773,0.840455968214322,0.9710811621054471,0.736171306720918,0.9937371729822747,0.6706192671221538,0.7383716556102874
Wayne Ellington,2014-15,1675.0,-0.5,-0.9486812528090222,-1.1741988113352424,-1.1388450461907804,-0.8309906864634481,-0.8695133128657335,-0.7647930100607153,-0.9255628797392154,-0.9192586112226286
Gerald Green,2014-15,1446.0,-2.0,-2.2314988921952925,-2.435521789679209,-2.3356138825317205,-2.2018703785221634,-2.0425882542317613,-2.089939171119556,-2.2052145712261333,-2.22409176377701
Ryan Anderson,2014-15,1675.0,-1.7999999523162842,-2.351608277278043,-2.3645550397038804,-2.316833624704482,-2.4387121134754834,-2.339644505259428,-2.2267125794197775,-2.3024858209154755,-2.373384236327403
Chris Bosh,2014-15,1556.0,0.4000000059604645,-0.16450454104476508,0.14374991802299758,0.20357343688140572,-0.07761382943052636,0.0020507828931543015,-0.19977662082644906,-0.11206403132766574,-0.1427818631412054
Michael CarterWilliams,2014-15,2149.0,2.299999952316284,2.0652368168987687,1.9475904058287477,1.7728166331571027,1.9461742258168804,1.6543811215064381,1.9129613012432631,1.973652519561272,2.0354711691282965
Tobias Harris,2014-15,2369.0,-1.0,-0.8955880100007362,-0.8055659445728163,-0.8134108857571505,-0.8729959127511044,-0.8699960162100818,-0.8584594459737619,-0.899594391507786,-0.8899399856883282
Alex Len,2014-15,1518.0,2.5,1.6263973957995659,1.1891636822454683,1.1545032730064826,1.5985995869484764,1.5223728514597838,1.5888733896508205,1.5625418911764006,1.6194479435867934
Jeff Green,2014-15,2454.0,-0.800000011920929,-0.9469089112215986,-0.5982761014928198,-0.6422013484991156,-0.9686504910325311,-1.0680830232644947,-0.982597913873714,-0.8845484642397876,-0.9523443061743317
Taj Gibson,2014-15,1692.0,0.800000011920929,1.105031089362382,0.6567754631586231,0.6420112159008626,1.140643511283291,0.8673119479048498,1.1176531204779918,1.068431170467894,1.1139341948426094
Kris Humphries,2014-15,1345.0,1.5,0.9554219542865718,1.0017071655200531,1.0524805942162117,0.9027875962539504,0.8479520791954409,1.1337543038620876,0.9809669733307722,0.9422633647784164
Kosta Koufos,2014-15,1348.0,3.299999952316284,2.9064657219264185,3.224666461910955,3.287327491962811,3.1095705714912683,3.660664942389002,3.4400180974149706,2.9665539547548216,2.957241934317631
Luc Mbah a Moute,2014-15,1916.0,2.299999952316284,1.6847989369272482,1.6597029494832236,1.6680864333719703,1.566094086033353,1.4229483551599473,1.7268059636050572,1.7054532528800177,1.6551227242037743
David West,2014-15,1895.0,0.30000001192092896,0.32464881479793173,0.28280808081993647,0.2793014066593029,0.4278839733210267,0.45219195106249016,0.054982265690927526,0.3099449895227716,0.35045760442870544
DeMar DeRozan,2014-15,2100.0,-1.2000000476837158,-0.7642928703188528,-0.9695861922637455,-0.957835245622273,-0.7283724609591775,-0.7204239454352832,-0.8101803424239136,-0.7879825837137326,-0.755312767978934
Jodie Meeks,2014-15,1462.0,-0.6000000238418579,-0.5987087093154576,-0.5159628836785659,-0.5473860528805223,-0.6034387855862207,-0.4579681530181706,-0.3952539373012222,-0.5610457630158242,-0.5998912283831483
Aaron Brooks,2014-15,1885.0,-2.9000000953674316,-0.46697071228906767,-0.33736553646654754,-0.3461099699368301,-0.4839640437404371,-0.4870664249720457,-0.4423422466456579,-0.4032140577990158,-0.47121904515191004
Rasual Butler,2014-15,1505.0,-0.800000011920929,-1.435886494539915,-0.988917922850422,-0.8779753542345721,-1.4143033455728051,-1.4729245208027837,-1.271046434612857,-1.298430826829419,-1.4304907072981377
Boris Diaw,2014-15,1984.0,-0.6000000238418579,0.18245469445118262,0.21236426373993386,0.3149963826127521,0.2673261428514595,0.3511326065300241,0.35006186395914746,0.2819908260799653,0.20367255655125183
Eric Gordon,2014-15,2018.0,-1.899999976158142,-1.487601510618265,-1.6080355681550844,-1.576281473619363,-1.4081148166013524,-1.4123198942257325,-1.4052059459768025,-1.4865151273869748,-1.4677298371140368
Joe Ingles,2014-15,1673.0,0.10000000149011612,0.8023043503979369,0.48002828824902166,0.4772703724769307,0.6880316729878653,0.7030599281630653,0.6921705904680738,0.7498327839354346,0.7737361810454191
Brian Roberts,2014-15,1330.0,-0.30000001192092896,-0.338158943593344,-0.35454516519578094,-0.23270277448108623,-0.2928460744542577,-0.35206682589234717,-0.24535606145650546,-0.2462683771903325,-0.32683072630857246
Rajon Rondo,2014-15,2018.0,0.4000000059604645,0.8035670879748349,0.7461346332896872,0.6981084231404673,0.6666243447366298,0.7692416526408101,0.7098273038231471,0.731776128185749,0.7693314021652837
Anthony Tolliver,2014-15,1432.0,-1.600000023841858,0.3813488421074537,0.2909304164564403,0.3247594389557582,0.3417653768331341,0.31962258975790475,0.1210514624587459,0.37909071560548097,0.3714529757888738
Beno Udrih,2014-15,1494.0,-0.699999988079071,-0.8153542926745132,-0.5942837910207734,-0.530378401832301,-0.701373030581965,-0.6311142194588906,-0.512320264200565,-0.7219197318773545,-0.7868589771513761
Nikola Vucevic,2014-15,2529.0,-1.0,-0.71270497844293,-0.7262761293972976,-0.6683074847104249,-0.6732785452887715,-0.5223845911565522,-0.8012466963979241,-0.7109659930467762,-0.7028483701543904
Jamal Crawford,2014-15,1703.0,-2.299999952316284,-2.523028240364025,-2.575875630899529,-2.5700788980734486,-2.4760697098777484,-2.4773250478639164,-2.55408209793051,-2.4785891460022187,-2.511288607742456
Richard Jefferson,2014-15,1244.0,0.10000000149011612,-0.2282808830437798,-0.28638319367811804,-0.21559557011062763,-0.16035863925463867,0.017871815146210286,-0.25019521686017865,-0.2000044992247128,-0.21130032209649452
Kevin Martin,2014-15,1302.0,-2.5,-2.7976448269887193,-3.2826418212931396,-3.338244959499246,-2.602274372850847,-3.013924712348382,-2.6364908039969985,-2.822634944375959,-2.748802213454251
Nerlens Noel,2014-15,2311.0,2.700000047683716,2.9616685572134043,2.7365906758873066,2.6728534464962608,2.9793913486214616,2.8141294415715508,3.0934279947977985,2.888005999196442,2.966099255065419
Terrence Ross,2014-15,2092.0,-1.7999999523162842,-1.9453595527816034,-1.922622350500248,-1.8950704374816396,-2.0787286070204174,-2.040218989077407,-2.109466242624542,-1.9384965071735702,-1.978701816341307
Evan Fournier,2014-15,1661.0,-1.5,-2.069895614889994,-2.0385623271965403,-2.0037610498217666,-2.0133943175504174,-2.0079856384109864,-1.8923601524248608,-2.0132607989198585,-2.0557702905551
Solomon Hill,2014-15,2381.0,-0.20000000298023224,-0.5439400646224547,-0.44152973947768204,-0.4469787376632952,-0.4408624845763702,-0.5616978024635535,-0.6447795414155623,-0.5347486791102829,-0.5181706696109336
Evan Turner,2014-15,2260.0,0.20000000298023224,-0.5984484419673376,-0.3980499974376538,-0.39744099964284824,-0.7482029844229469,-0.6624481585009663,-0.6357083221673165,-0.5718468982214523,-0.6358870775812399
Courtney Lee,2014-15,2354.0,-1.899999976158142,-1.4652360247964644,-1.3369154013016895,-1.2661400912364926,-1.4820856827658688,-1.4599158019417846,-1.2346968232011564,-1.383403599563661,-1.4694484392888154
Jameer Nelson,2014-15,1407.0,-1.2999999523162842,-0.3304745659392039,-0.6835887245076301,-0.7479261934833613,-0.634996799410863,-0.6153798105630134,-0.9426178050628737,-0.3694575355633272,-0.40660512430711865
DJ Augustin,2014-15,1964.0,-1.5,-1.304175150055389,-1.2340913755616987,-1.1696512544144388,-1.289392672576167,-1.408885165066946,-1.6055367851752484,-1.2394202054701562,-1.3004795306855836
Jordan Clarkson,2014-15,1476.0,-1.600000023841858,-1.875429706445631,-1.9132405499424503,-1.8852684974966056,-1.8146151595502413,-1.7717255406907422,-1.8606460746260367,-1.8526433712625265,-1.8602260697217834
Bojan Bogdanovic,2014-15,1854.0,-2.0,-2.5884137373024196,-2.664072244307508,-2.578030796849055,-2.633164242791742,-2.590759698957723,-2.498724258409599,-2.5449854824657563,-2.5996013636747506
Trey Burke,2014-15,2288.0,-2.0,-2.040207672714694,-1.7062507856933378,-1.6841567099558337,-1.8963173228619128,-1.8575335185408168,-1.7546906297128695,-1.959833898522315,-2.0042350852514987
Caron Butler,2014-15,1623.0,-1.5,-0.5215122553715374,-0.7983926307726423,-0.7641648506723872,-0.691447975040227,-0.6945864825296258,-0.7855239175982004,-0.5187939226037739,-0.5639961852887099
Gorgui Dieng,2014-15,2193.0,-0.699999988079071,0.4672849690763342,0.12446674160353273,0.037462714448671885,0.26169561760558996,0.3588074775079063,0.23496333093728064,0.3254305714175477,0.4158876312086482
Steve Blake,2014-15,1529.0,-1.0,0.07933693480415893,0.14911850472407864,0.13483711269133045,0.19141647451969662,0.21099851712734252,0.2790753945835338,0.13245497410867002,0.10735681973304335
Wesley Johnson,2014-15,2245.0,-1.5,-1.5407132569696653,-2.034251030171918,-2.0159899260390644,-1.7813803891631426,-1.6974411542090841,-1.9223149980694765,-1.5855041904466298,-1.6008800400180347
OJ Mayo,2014-15,1697.0,-1.5,-0.5675735696769519,-0.5741963030547204,-0.5537220296965188,-0.7057512417962688,-0.6614197927782411,-0.35739550786443086,-0.5151754123983073,-0.6021179877067812
Miles Plumlee,2014-15,1194.0,0.5,-0.528292628474783,0.04969767944123851,0.14314600840752212,-0.4057196617841174,-0.10187731316237975,0.3050244915959788,-0.3956543831499831,-0.4976493868021166
Jason Thompson,2014-15,1991.0,0.20000000298023224,-0.5812795203588467,-0.8136057579116874,-0.7252364776697015,-0.6942831419311564,-0.5745249746418546,-0.811039360434652,-0.6106919038985077,-0.6095304257519241
Al Jefferson,2014-15,1992.0,0.30000001192092896,0.6691989319773117,0.7075198023619493,0.7050428195537317,0.7149803412064772,0.6142054385052005,0.6091643817369976,0.6820027505510807,0.680644284284603
Tayshaun Prince,2014-15,1397.0,-1.0,-0.8100426864731471,-0.45723940772556265,-0.3718653922928522,-0.8398283098382733,-1.266771994103529,-1.0151215378582512,-0.7402090614348849,-0.8174890923144287
Dion Waiters,2014-15,2208.0,-1.2000000476837158,-0.4229401524027149,-0.25393936935816724,-0.3020709345138898,-0.4767430571748755,-0.5063561709740585,-0.8145892521491823,-0.4033678476363681,-0.436390878595755
Kyle Singler,2014-15,1743.0,-0.8999999761581421,-1.6095311249786404,-1.2517708792611604,-1.2567702289724418,-1.3534241254601447,-1.4531999174151287,-1.4174069004434475,-1.5439990100457655,-1.5455043750990165
Hollis Thompson,2014-15,1776.0,-1.100000023841858,-0.4772136238113781,-0.4146113001441285,-0.3682384158731721,-0.4406230493273865,-0.6040921782931354,-0.1341520148709523,-0.4233860555637903,-0.46806598019038026
Arron Afflalo,2014-15,2502.0,-1.600000023841858,-2.269491634924961,-2.0996230669306675,-2.0179580076893866,-2.227288787128356,-2.233391215821935,-2.619978383226405,-2.1857383860608963,-2.2589409229758095
Channing Frye,2014-15,1870.0,-1.2000000476837158,-1.2038621585770628,-1.0230951873906702,-1.0621978878919778,-1.2816563385621276,-1.2998569384655694,-1.4074828320873896,-1.1677570975450446,-1.223310703573329
Jordan Hill,2014-15,1874.0,0.30000001192092896,-1.6561293148585987,-1.724273902011532,-1.7514580458268334,-1.5218701690280039,-1.9170108306723093,-1.7916034035606898,-1.6767865896021636,-1.62256452840095
Quincy Pondexter,2014-15,1793.0,-2.4000000953674316,-0.9999658312006525,-1.8852514386612764,-1.8745097107872253,-1.1371698092110378,-1.0677705825071433,-1.3301750001775647,-1.1029737416372007,-1.0342668257032488
Otto Porter Jr.,2014-15,1432.0,-1.399999976158142,-0.24783398453406716,-0.12914402846250866,-0.10806960181326129,-0.30075953821644064,-0.32507929237972344,-0.28046427370251414,-0.20539184161741578,-0.26106537295466054
Andrew Wiggins,2014-15,2969.0,-2.0999999046325684,-1.5950069982408943,-1.8154617326952962,-1.8912118496058412,-1.7054525981508872,-2.078819658814145,-1.7461326156507422,-1.6599039743481159,-1.6226183982183926
Jerryd Bayless,2014-15,1717.0,-0.20000000298023224,-0.1837403469016055,-0.06164419393394251,0.014050735451296611,-0.08736131568192357,-0.0586506627038087,0.05592095176627959,-0.1320748953727222,-0.15964558909668503
Bismack Biyombo,2014-15,1243.0,0.30000001192092896,1.390775603141496,0.8997988431704373,0.9284690322238291,1.3098258759649686,1.3605550380961537,1.7007576720801674,1.3799825133183556,1.370538171347364
Tony Parker,2014-15,1953.0,-2.799999952316284,-1.8254696496780523,-1.75270900759796,-1.656295473618682,-1.7814969836215777,-1.8689270311147022,-1.8711657709949823,-1.7408961269687502,-1.8144764831639337
Kobe Bryant,2014-15,1207.0,-3.5,-2.765639449775079,-3.322929082232609,-3.404812019608647,-2.781905194678504,-2.992429197268586,-2.9499941288337084,-2.84197129310974,-2.7697058860009354
Matthew Dellavedova,2014-15,1380.0,-1.7999999523162842,-1.396085610856018,-1.7485587798392164,-1.7131196549342547,-1.3285261244144346,-1.1532248272273806,-1.2160212248235913,-1.3889293641706684,-1.3791957392456222
Jerami Grant,2014-15,1377.0,0.30000001192092896,0.5304081183180946,0.5511699046508829,0.602073256932547,0.5724891448963813,0.3807609082589163,0.7768182280793923,0.5446990826085504,0.5409283749626663
John Henson,2014-15,1228.0,0.5,1.6557436643581052,1.4665153553303047,1.4932913479641603,1.6869961831064992,1.3771481143631499,1.61503409736891,1.6807774399083375,1.6635567940452036
Avery Bradley,2014-15,2428.0,-0.8999999761581421,-0.24632362953482329,-0.24634847283203729,-0.29633151229685395,-0.34289161872940466,-0.18833207157258797,-0.32682996666141045,-0.2834158386007002,-0.27046562683346864
Jarrett Jack,2014-15,2241.0,-0.5,-1.722530670416544,-1.561446893645622,-1.4997274684580744,-1.7649294519081442,-1.6138347368734676,-1.6628647011122055,-1.6735212816936735,-1.733130365789444
Shane Larkin,2014-15,1865.0,-0.20000000298023224,-0.13221632122994706,-0.002662429987420001,-0.09261852050385042,-0.12738245113032226,-0.16775637851764114,-0.21158897112169217,-0.17231928285483913,-0.13100785370504087
Andre Miller,2014-15,1253.0,-2.9000000953674316,-1.0687816006226754,-1.470254068270169,-1.4355398986372758,-1.0061664166813853,-1.0898479085148507,-0.9441838796347977,-1.1206981800646507,-1.0531278046373527
Kent Bazemore,2014-15,1324.0,0.0,0.6359239806392797,0.24931480955293286,0.16848540285988434,0.5962248055574427,0.6389366118080083,0.7098499143565378,0.5837159872903352,0.6259991868688205
Tarik Black,2014-15,1196.0,-1.2000000476837158,-0.644413437073111,-0.9064736459770368,-0.877797438855544,-0.5780899814488081,-0.5826135247341379,-0.6364833345523503,-0.6861510330425901,-0.6278325731670353
Chris Kaman,2014-15,1398.0,0.20000000298023224,0.21683895544140963,-0.30262080089376886,-0.27368541579604944,0.14451382148796776,0.15148895810476953,0.24397224717894206,0.17273712173740383,0.19875767195304916
Mason Plumlee,2014-15,1743.0,-1.899999976158142,-0.46306797314467063,-0.5547706811264153,-0.6119747460212034,-0.4652262883225174,-0.5019665056165532,-0.4987028810237939,-0.47176283158988114,-0.4636075519391323
Brandon Bass,2014-15,1929.0,-1.100000023841858,-0.8177731745103597,-0.6827376989891755,-0.5754556658420729,-0.9500250085489813,-0.9974560123467617,-0.9838702823658682,-0.761118537415834,-0.850836133020015
Chase Budinger,2014-15,1286.0,-1.7000000476837158,-1.2426915422928826,-1.1673390069286254,-1.1562612691715979,-1.284025475144631,-1.200721641062037,-1.2289817004731636,-1.2521484548120658,-1.2530250255058197
Omri Casspi,2014-15,1416.0,-3.4000000953674316,-2.4686524189357115,-2.6558725233499234,-2.6177612455435857,-2.578296827888292,-2.6420897682968816,-2.712702774662196,-2.4621127194304564,-2.4960635211738564
Dante Cunningham,2014-15,1652.0,0.0,-0.19354200982129455,-0.1229357909682369,-0.07345998202686976,-0.18059863684023975,-0.3349639772902831,-0.18828062401770834,-0.17134591759172618,-0.19030616657603083
Shaun Livingston,2014-15,1468.0,-0.699999988079071,0.12538091286561423,0.03847217377428461,0.09491666312523847,0.34112508750981113,0.22591496701938216,0.8237930339211765,0.1865460376596612,0.17931695652666346
Ray McCallum,2014-15,1436.0,-2.0,-2.4797218416921227,-2.5602394079989645,-2.5659527596328133,-2.6304981560986525,-2.4240863954753444,-2.8290199665805837,-2.4658278348997293,-2.517415920293755
Dennis Schroder,2014-15,1516.0,-2.0,-1.1229150944161073,-1.5676344258932897,-1.4376497950040785,-1.119721641264836,-1.084876575538374,-1.3018289651597466,-1.1008199537710757,-1.1221167311282896
Quincy Acy,2014-15,1287.0,-0.4000000059604645,0.8058158680006442,0.38406408045319934,0.3616676799747281,0.7554784925476437,0.8528523172917892,0.7271835532456987,0.7438996196039921,0.7932315241373941
Marco Belinelli,2014-15,1388.0,-3.0999999046325684,-2.702569291106463,-2.6548275899490203,-2.531020038616195,-2.6150581658693244,-2.5989707770655506,-2.4645069359650646,-2.610716730472932,-2.680691509797178
Greivis Vasquez,2014-15,1991.0,-2.4000000953674316,-1.2327289981676497,-1.5293537143962448,-1.4529816193552612,-1.3423089521098446,-1.149924171255456,-1.2302639299884675,-1.2400208110124809,-1.2601239866531984
Kirk Hinrich,2014-15,1610.0,-0.6000000238418579,0.3538810910838674,0.24859651261385005,0.2279503898284156,0.3601791129834594,0.22844014007947838,0.7076420875221586,0.3994061619916822,0.35545559655876535
Marreese Speights,2014-15,1207.0,-1.600000023841858,0.5798339659460798,0.17328821549941265,0.25407014507596004,0.49106897324509213,0.47932549854877377,0.6629676828007696,0.631516468103297,0.557642717770833
Carl Landry,2014-15,1192.0,-1.399999976158142,-1.003630175964823,-1.3712275616681544,-1.3543988901521797,-0.8809871255989072,-0.9817655497458212,-1.3639997691757464,-1.0254963187692978,-0.972969413373344
KJ McDaniels,2014-15,1352.0,0.699999988079071,1.0780318455565179,0.6235156052003665,0.48828665684639694,0.996066452402472,1.506671542934326,0.5801217345817021,1.0162587283027806,1.0575404972680065
Carlos Boozer,2014-15,1692.0,-1.7999999523162842,-1.6935896161704311,-1.6105085650226667,-1.6198834213924997,-1.5524785079588463,-1.8549991405097823,-1.7909891065278032,-1.716720779101323,-1.6583118391175349
Ramon Sessions,2014-15,1188.0,-1.7000000476837158,-0.9571478491498714,-1.636435679081321,-1.5451071297011971,-1.129294285290333,-0.8865711634027209,-1.178384647796453,-1.0343211897916333,-1.0001844581849868
Kevin Seraphin,2014-15,1235.0,-0.800000011920929,-0.7937281620734826,-1.7096921268110759,-1.7375012356796358,-0.7296154780173215,-0.7823027913610524,-0.6764047706966957,-0.8864326653777765,-0.7776999910594424
Dante Exum,2014-15,1817.0,-0.800000011920929,0.34110869020576284,0.2725495514632438,0.23964899397893263,0.563341980496106,0.5156731650020174,0.6279803827154447,0.31485509527835615,0.3966670127783486
Tim Hardaway Jr.,2014-15,1681.0,-4.099999904632568,-2.8738677783082998,-3.106393388364439,-3.1165755114391063,-2.8070354119100793,-2.8714414113540747,-2.8765947459541783,-2.865047412969782,-2.8571596867087443
Norris Cole,2014-15,1831.0,-1.7999999523162842,-0.9078254913664614,-1.0356781090428733,-1.031566668759862,-1.0134328107157502,-0.9405921724787483,-0.9182477151816882,-0.9325533400830801,-0.9342273212037837
Ryan Kelly,2014-15,1233.0,-2.299999952316284,-1.4598094087927822,-2.0051352806677922,-2.043158950873691,-1.4755119663918084,-1.5297213668309535,-1.5698129117464326,-1.489020134993069,-1.4637350481925386
Kendrick Perkins,2014-15,1148.0,0.800000011920929,0.3108352948575458,-0.11720111735714889,-0.013348501275473726,0.23216045823019935,0.350079147561775,0.6366673103565283,0.3536921246672896,0.2911665857007092
Austin Rivers,2014-15,1563.0,-1.100000023841858,-1.40007182655036,-1.457768570729153,-1.4164313194549054,-1.2377269689948924,-1.2172357863706254,-1.196410691438831,-1.379769152063123,-1.359485612161493
Gary Neal,2014-15,1193.0,-3.799999952316284,-1.4621201243143584,-2.23165510661385,-2.1799659816252728,-1.5532499427014625,-1.569597498440571,-1.8227537775903924,-1.4895592782233247,-1.4849025789111345
Derrick Williams,2014-15,1462.0,-3.4000000953674316,-3.2839261547564638,-3.077221361788212,-2.94724478806981,-3.3087092911893787,-3.6539363123368545,-3.4925498927652128,-3.2186992504731067,-3.2901219388646923
Spencer Hawes,2014-15,1274.0,-0.4000000059604645,-0.4632974773879854,-1.0628338140575115,-1.005835404223401,-0.35736458359107304,-0.4739854756283562,-0.2315826896965389,-0.5111370248485971,-0.4368142539387573
JJ Hickson,2014-15,1411.0,-1.100000023841858,-0.7632035730457165,-0.8255140381038102,-0.7592144380210015,-0.8700399431401935,-0.7985167960568369,-0.9564420592261385,-0.7400227520740801,-0.7899126655693358
Henry Sims,2014-15,1399.0,-1.899999976158142,-0.29885732978217217,-0.23433700576284267,-0.17810148403491402,-0.33327047691206885,-0.3510467484405108,-0.17337092867666487,-0.2728791852488893,-0.30746061656464635
Lance Thomas,2014-15,1490.0,-1.7000000476837158,-1.1203966393439013,-1.0613499748393647,-1.0793116846881508,-1.1609109521207968,-1.2242573495413953,-1.2209588857980689,-1.1331453349704061,-1.1305252175381253
Jason Smith,2014-15,1785.0,-2.700000047683716,-1.7645026350467898,-2.1083459090554686,-2.211231376459456,-1.8781476016301728,-2.231078461947374,-2.0979490920736863,-1.8200648623398665,-1.7929138766926356
Lance Stephenson,2014-15,1573.0,-2.299999952316284,-1.0503894029928265,-0.9555551712239181,-0.8787201384841767,-0.9903363605212809,-1.091446324958235,-1.116853937111312,-1.0415923398236493,-1.0353761423749401
Jose Calderon,2014-15,1270.0,-5.300000190734863,-3.2309942679656154,-3.6216985975732174,-3.662311740389232,-3.418311645595562,-3.8613447629034265,-3.5548909018650496,-3.286516698003817,-3.277823612373102
Zach LaVine,2014-15,1902.0,-4.800000190734863,-3.281072466646924,-3.846696645805025,-3.8695827632738835,-3.38292636382652,-3.6882332117590595,-3.3940134739522905,-3.3314992814794713,-3.3065359409418233
Draymond Green,2015-16,2808.0,5.199999809265137,4.319288517336066,4.153654509630768,4.070340461246555,4.710309672599059,4.91158353882306,4.478789721667621,4.234197151806021,4.417043806151814
Kawhi Leonard,2015-16,2380.0,5.099999904632568,3.7182102842936335,3.9481374380011554,3.9588679041306913,3.5914393241642077,4.270902191008446,3.8128817697362956,3.718644110750061,3.686517544261277
Chris Paul,2015-16,2420.0,1.600000023841858,1.0863707271074319,1.0965897053736307,1.029870390902074,0.945406837987927,0.9057582972374147,1.1969289930060036,1.0683954838671046,1.0511297548275558
LeBron James,2015-16,2709.0,1.399999976158142,1.5471856943364732,1.067430150159355,1.0723634714220438,1.5147966595296314,1.3694121133719286,1.4017501452299685,1.453356166666731,1.5390884356347627
Russell Westbrook,2015-16,2750.0,0.0,1.0900562073363047,0.7564388155660494,0.7125075561459453,0.9096181809243185,0.9495936326342311,0.8490242723899364,0.9833852662750696,1.0449467007333082
James Harden,2015-16,3125.0,-0.6000000238418579,-1.136636561075742,-1.4361625900499972,-1.459317679467267,-1.1004851601161083,-1.1166221292504188,-0.9416637488190204,-1.1676013830431382,-1.1275987108358336
Kyle Lowry,2015-16,2851.0,0.30000001192092896,0.478032330733498,0.5138104047836111,0.4922817469594801,0.4203396878900704,0.32968735893980955,0.31232316995842613,0.43053321590734506,0.4636091700226411
Kevin Durant,2015-16,2578.0,0.0,0.7580776644743206,0.6554835386256895,0.5536225165225916,0.9314759461534883,0.7747409664377629,0.965877385682545,0.7259792637404439,0.8014272348941125
Paul George,2015-16,2819.0,2.299999952316284,1.3225176050062273,1.3852801567274118,1.339813169494357,1.4528604576740003,1.2947921501905273,1.420998650274432,1.3086950930443997,1.3551033181731706
Kemba Walker,2015-16,2885.0,1.100000023841858,0.6714536031823208,0.7767054012243163,0.78547524726638,0.6280882297021613,0.7125399791560104,0.7822781864027442,0.6749425324997927,0.660612259812281
Nikola Jokic,2015-16,1733.0,4.5,2.792611188169631,2.9217613343033753,2.8741268794671595,2.9106422660393716,2.914483425404622,2.753804246453838,2.7693293417064138,2.822118957637066
Steven Adams,2015-16,2014.0,5.300000190734863,3.41012786393961,3.4735427339880047,3.4288311885335556,3.427049076064419,3.328862900580492,3.2821952652226405,3.4072021538921726,3.4143581669708123
Isaiah Thomas,2015-16,2644.0,-0.8999999761581421,-1.139142128135494,-1.1231834817031672,-1.028885234712087,-1.1579705068623052,-1.256772759509446,-1.0679104426662662,-1.1001030754957224,-1.143849222817197
DeMarcus Cousins,2015-16,2246.0,4.099999904632568,2.5358365492112487,2.565525918862145,2.4899160754077427,2.5869625717186766,2.646098177950672,2.872363077051759,2.49067671968492,2.548618054838106
CJ McCollum,2015-16,2780.0,0.8999999761581421,-0.34788012194798124,-0.6524529950015272,-0.6314483793056337,-0.36594472225334024,-0.37579606852412095,-0.5769346328709828,-0.35446072789645794,-0.352396272024321
Jimmy Butler,2015-16,2474.0,1.2000000476837158,0.8673651260693387,0.9564593025739725,0.8419860929877252,0.8470829777208178,0.7960054008499649,0.8853393192562692,0.8450826026051618,0.8622945889822085
Ricky Rubio,2015-16,2323.0,2.700000047683716,1.4169595141312457,1.4601805162798236,1.3258199682247338,1.496490758639942,1.6749393967554458,1.3648754790648459,1.2833999568646566,1.4368423252584197
Damian Lillard,2015-16,2676.0,-2.0999999046325684,-1.9138622086465227,-1.5274723657819225,-1.4992206213366122,-1.9041703045922274,-1.8977401955400306,-1.851089720820783,-1.8469134939461982,-1.911439232632949
JJ Redick,2015-16,2097.0,1.5,-0.11580219253246743,-0.02507997125163408,0.05259358419617849,-0.24226352972892617,-0.3497344379647854,-0.006624246180968907,-0.029212975155626333,-0.1474175268315821
Kevin Love,2015-16,2424.0,1.2000000476837158,0.567436211957097,0.5710158971825593,0.5172120021537885,0.550498654553638,0.545822535656837,0.745936467991497,0.5529750058201883,0.5632018226062323
DeAndre Jordan,2015-16,2598.0,1.899999976158142,1.9668320446260652,1.8251280016472953,1.6594153867633648,2.1255430968823976,2.06997687673778,2.4840910185086154,1.9418253959738465,2.0065098076901484
Kentavious CaldwellPope,2015-16,2789.0,1.7999999523162842,1.4531388637311626,1.1560213596456217,1.044275831102615,1.4671374202526568,1.3269000070653654,1.2261070428020664,1.363234633155071,1.4566385028615363
Khris Middleton,2015-16,2852.0,-0.4000000059604645,-0.3240342612868291,-0.505978403019786,-0.5636229317289505,-0.3102710691761936,-0.27179132845754755,-0.15034543407574097,-0.357928649158477,-0.32059346325917026
Marvin Williams,2015-16,2338.0,0.800000011920929,0.6550901437942672,0.6330740712712133,0.6247163307026715,0.7322694082945592,0.6161645203324924,0.7274583109681727,0.6579331224039163,0.6743849599193402
Paul Millsap,2015-16,2647.0,1.7999999523162842,1.5519737567470744,1.609095471351441,1.633039056179916,1.6831223787594802,1.5762672741904895,2.02663483297274,1.5411576945912424,1.584760912250176
Klay Thompson,2015-16,2666.0,-0.8999999761581421,-0.07007394289188836,0.18241488690611432,0.23933527173217634,0.10159540350538587,0.026509639974739985,0.2226167265378169,-0.012898235081954541,-0.0271566062925698
Pau Gasol,2015-16,2291.0,2.4000000953674316,1.9816555746150768,1.8307622204947906,1.7720925989581962,2.0270949404098446,2.0103753670746505,2.1804421999769117,1.952128949831274,1.9930154160637685
Tristan Thompson,2015-16,2269.0,2.299999952316284,1.0692083364588238,0.9989863969865014,0.9842843573216907,1.1565436773424511,1.0605351726390242,0.9887177936244389,1.0894043124151027,1.0910421716797307
John Wall,2015-16,2784.0,0.0,0.4632432995067025,0.4071207006271327,0.2979492088265106,0.4205623034369723,0.3555795946231187,0.1991017771457988,0.4263223744999421,0.45257305048927
Derrick Favors,2015-16,1983.0,3.0999999046325684,1.5420330471550001,1.5857633501688828,1.584803921495617,1.5051803036891303,1.4158994151191449,1.6077615882830314,1.5661354592031147,1.5328198612885326
Patrick Beverley,2015-16,2041.0,1.7999999523162842,1.2468289656945615,1.3213192611654594,1.153256293539497,1.2846261641442889,1.3224114208823836,1.3926807500166094,1.1510700654556014,1.2562782653069933
Brook Lopez,2015-16,2457.0,2.5,1.6255597006734568,1.686843557719422,1.6033626536079593,1.9453100360066644,1.7806975014244877,1.658381377047215,1.562608504122999,1.7054972845067586
Kristaps Porzingis,2015-16,2047.0,3.299999952316284,1.9965197293642618,1.591739929042653,1.5132425278338557,2.0879839535303066,1.9078236551253582,2.2160161181587656,1.9247452998476904,2.019385785405773
Victor Oladipo,2015-16,2379.0,1.100000023841858,0.4761231935193007,0.5571976809177185,0.520017317297685,0.5754201362397585,0.5622077069913851,0.7131737409932686,0.4571180363807462,0.5009474291994152
Tim Duncan,2015-16,1536.0,5.300000190734863,4.223367187041469,4.396457485323848,4.466103172686748,4.246193350971279,4.790402404997503,4.478207507654389,4.265813726113067,4.229073728023922
Wesley Matthews,2015-16,2644.0,0.10000000149011612,-0.47727471226082285,-0.30956663966168346,-0.3863261540649382,-0.41916377739894684,-0.40927548506766953,-0.26617657856687593,-0.522138819017018,-0.46274697854535385
Anthony Davis,2015-16,2164.0,2.299999952316284,1.293420081863554,1.1336557611396796,1.0344005275295696,1.3318781604833105,1.3156285155460132,1.3498742427594874,1.2237525170665016,1.303034601518493
Jrue Holiday,2015-16,1831.0,0.20000000298023224,-0.2620758362228336,-0.33167353719381265,-0.44732168872487166,-0.21422440215318334,-0.28682047144487743,-0.2602126324783343,-0.30716370965590384,-0.250112977705421
LaMarcus Aldridge,2015-16,2261.0,1.5,1.9016280687566236,1.800367425492623,1.8247198067628567,2.0162620808627696,1.886593648741234,2.153699745123021,1.9108371610217938,1.93028657178316
Marcin Gortat,2015-16,2256.0,3.299999952316284,2.0628357342364687,2.0191034216248376,1.9316321652771848,1.9439383410060769,2.0218468652702812,1.9314171731217706,2.0552126499768457,2.033111385928871
Al Horford,2015-16,2631.0,1.7999999523162842,1.4796965397395452,1.4965016707467125,1.541821799156852,1.6083837756870467,1.596590056722338,2.122493457844262,1.520797387672037,1.5118683487264206
KarlAnthony Towns,2015-16,2627.0,0.20000000298023224,-0.16612604820300872,-0.06967601585282529,-0.12525043160904042,-0.35113818124696794,-0.2364051362083853,-0.2520903442260899,-0.192216225848083,-0.21237908146399853
Goran Dragic,2015-16,2363.0,0.8999999761581421,0.7090679673250757,0.6781813189979676,0.730191745275474,0.6359836116375799,0.6256014286832752,0.8441846124148596,0.7194979083081767,0.6907968784032017
Danny Green,2015-16,2062.0,2.200000047683716,2.9463946080340078,2.9305396932422605,2.958454566977382,2.938681336174006,3.4756238913851116,3.0031307457605685,2.946745703870905,2.9444662900690073
Dirk Nowitzki,2015-16,2364.0,0.10000000149011612,1.1071270133361462,0.6626346684321254,0.6586004827221844,0.9886365608173975,1.0092596421860325,0.6547635859016905,1.0483402815494391,1.0775044002064589
Reggie Jackson,2015-16,2424.0,-1.7000000476837158,-1.208369211366871,-1.3022154329549518,-1.2644905689186472,-1.143555396301714,-1.1172448189194797,-1.4221947745859937,-1.1793288079346076,-1.1921657576005817
Hassan Whiteside,2015-16,2125.0,2.0,2.123281398984126,1.820524021408719,1.750728954533165,1.9772074989846986,2.0812343661324273,2.1007521757041463,2.0664508932589767,2.0867629239842693
Ryan Anderson,2015-16,2008.0,0.30000001192092896,-0.6730587749540236,-0.26675302500668807,-0.24160524793865684,-0.36209739466136653,-0.4280741527811276,-0.3081433000439234,-0.586404588634151,-0.5953184298808593
Jared Dudley,2015-16,2098.0,0.8999999761581421,0.9023982674011971,0.794653499725445,0.8047472706680387,0.9462607193432472,1.0056941769739742,0.8393943135964419,0.8807097134523368,0.9133638803867097
Gordon Hayward,2015-16,2893.0,-0.8999999761581421,-0.2441546075655944,-0.2341521008712204,-0.24022506845545927,-0.3221506083028678,-0.2798779262428211,-0.2844110111499879,-0.2708821300496557,-0.26365360774991276
Rudy Gobert,2015-16,1932.0,3.5,3.3794016393214044,3.290554255625209,3.1552144924946037,3.5892846498854016,3.3695158459290804,3.5324242507560197,3.310926789665469,3.4318723919624037
Mario Chalmers,2015-16,1373.0,2.5,1.9240129741304124,1.6115457986411839,1.5996676506921021,1.8431728931855202,1.8908211524209428,1.942173977746192,1.8394305412632457,1.9038029538941894
Rodney Hood,2015-16,2541.0,-1.0,-1.0423949639481758,-0.9794555964095717,-0.977321277624933,-1.1073649286163256,-1.117840163617604,-1.1330456632747052,-1.0100540035346814,-1.0586374551152131
Greg Monroe,2015-16,2314.0,-0.10000000149011612,-0.21408989957828328,-0.3269806869077136,-0.3395131567239894,-0.2985271229731826,-0.4979270414262968,-0.05467162864417119,-0.26551615157178826,-0.23519920542700812
Jae Crowder,2015-16,2308.0,0.10000000149011612,1.006510692715357,0.9624854286701723,0.9222370469175674,0.9551351163820223,0.7673510411830932,1.1351261524820664,0.9932628986726652,0.9936667986320233
Tobias Harris,2015-16,2513.0,0.699999988079071,-0.04853909813423829,0.12682875969584192,0.16163944858464382,0.0663979608368394,0.050304128024573784,-0.03130444612142447,-0.02369172609197981,-0.01980483339146887
Kyle Korver,2015-16,2401.0,1.0,0.22901237959119972,0.5228932522680558,0.5372408240977067,0.3503342336597729,0.31299791398099863,0.6780630896757751,0.32004633479819145,0.259342843108343
Giannis Antetokounmpo,2015-16,2823.0,-0.20000000298023224,-0.2182973137910802,-0.24797469709992573,-0.2824213248209815,-0.20008855739542217,-0.11888520192186203,-0.010315179023578258,-0.2506456037078868,-0.2137451246921657
Ed Davis,2015-16,1684.0,2.0,2.2144126584492203,1.9403097884512728,1.9084975415186536,2.3040759275764673,2.2359272652172493,1.9232092726392358,2.116904807842761,2.2368284757310324
Andre Drummond,2015-16,2666.0,1.600000023841858,2.5749765305191548,2.360189247981175,2.3622150566585622,2.6128498126567776,2.660692827982095,2.521473435014731,2.487054558600215,2.5844448510535605
JR Smith,2015-16,2362.0,-1.2999999523162842,-0.734015113356301,-0.7726017537093661,-0.8232518818128173,-0.7066459799028338,-0.6581028055587477,-0.7475040470497196,-0.7593878471191057,-0.7271728299929342
Carmelo Anthony,2015-16,2530.0,-2.700000047683716,-1.5258619419541264,-1.9416897911037747,-2.0091683145129995,-1.7555359643591522,-1.617540890133025,-1.8143679402391397,-1.5782149847806313,-1.5832804475553828
Danilo Gallinari,2015-16,1839.0,-0.8999999761581421,-1.349482648431471,-1.0095516226051038,-1.0090279817618808,-1.3644558212360793,-1.2766501905210161,-1.4030527624155051,-1.3173347992665896,-1.353225941632623
George Hill,2015-16,2524.0,0.6000000238418579,0.4884964724438692,0.6741111185653058,0.6719750876180526,0.6404761087661768,0.6245771521433856,0.9869496434709113,0.5193297799361076,0.5264913815244461
Avery Bradley,2015-16,2536.0,-0.6000000238418579,-0.46456493407590804,-0.3249033291663468,-0.32758575419532376,-0.4555191200965918,-0.42724773580244774,-0.16989335208431983,-0.4720302265497605,-0.462303480581079
Patrick Patterson,2015-16,2020.0,0.8999999761581421,0.9377158660534058,0.9020187647467185,0.8638929478522871,1.04783845238361,1.032441941879735,1.180486448071414,0.9658671852737559,0.9652465126359568
Serge Ibaka,2015-16,2500.0,1.399999976158142,1.3888893029441252,1.1845184109353242,1.1312406193185425,1.337075772582001,1.3602626851654425,1.0659405770273664,1.3445820696676043,1.375935920353594
David West,2015-16,1404.0,2.700000047683716,2.0382544398841573,2.374756778679647,2.5247650805176556,2.0492207648363965,2.7291540020262834,2.258934094594416,2.1392348153429306,2.040996021122217
Matthew Dellavedova,2015-16,1867.0,1.0,-0.03841073842084869,0.4790168170162154,0.5423048862678326,0.05266543375984811,0.05070245476092017,0.07278566474356074,0.06191661068000295,-0.01564169537567449
Jared Sullinger,2015-16,1915.0,1.899999976158142,1.870771621752927,2.0527112253040833,2.121135908742058,1.9708496558859099,1.9002421892063297,2.351458941391403,1.9001361448474046,1.895791130286173
Thaddeus Young,2015-16,2407.0,0.5,0.700804079387604,1.0797363713777308,0.961965827504105,0.6065309693845141,0.5737126640883429,0.5986967356057242,0.6402104253922845,0.6772358018868316
Kent Bazemore,2015-16,2083.0,1.2999999523162842,1.7377256195626425,1.7827787402955053,1.802904395057292,1.860832845264798,1.8668836727414013,2.158875438831483,1.7029274009456614,1.7685024259881814
Robert Covington,2015-16,1903.0,1.899999976158142,1.3638892761438421,1.4065249289247757,1.2889879556827801,1.4691707962839828,1.3885889592662424,1.412000863013369,1.294067144098417,1.3902096561788773
Amir Johnson,2015-16,1800.0,1.2999999523162842,1.6360034220136535,1.6404494115613601,1.6642610907733155,1.6896853817994293,1.7662345779655357,1.7412532436643222,1.6435050563634177,1.6494239119600975
Jeremy Lin,2015-16,2048.0,2.200000047683716,1.6593609740815247,1.5110211355783842,1.5369279639632103,1.5161114573654468,1.4120118924970888,1.4520233786286223,1.640817483451836,1.6235485949025055
Luol Deng,2015-16,2394.0,0.20000000298023224,0.2374890246589641,0.5963075073773796,0.6218163675037272,0.2462599785330048,0.3412565797039861,0.31986165903840325,0.2804867283094272,0.2396817631274743
Monta Ellis,2015-16,2734.0,0.20000000298023224,0.9251373342711778,0.8716825261974127,0.8293264092642066,0.8893509536263885,0.692003948332161,0.9048333469637726,0.9232244437905742,0.9161907391099805
Jeremy Lamb,2015-16,1227.0,2.4000000953674316,2.548444917334097,2.3001026719386286,2.3819378287795776,2.5051365981307407,2.975271161101116,2.394395630009905,2.5266124688429863,2.537617837533258
Patty Mills,2015-16,1662.0,-0.10000000149011612,0.0780368207707727,0.436681259257061,0.5295969488056257,0.2679938040513909,0.3564695506189586,0.2181586612404932,0.18358621662307273,0.12552606659092724
PJ Tucker,2015-16,2540.0,0.8999999761581421,0.5206452647698693,0.605221417041057,0.5289320185470034,0.5551122369553082,0.30037012170143806,0.664722867988865,0.47281129994521054,0.529262007816229
Otto Porter Jr.,2015-16,2276.0,0.0,0.9221647326562076,1.0635588605068265,0.9647489204878557,0.8524968881540786,0.7714687134330682,0.8099480854606692,0.8553602948161797,0.9047477715306753
Terrence Ross,2015-16,1747.0,0.4000000059604645,0.6031099304660973,0.8232752270721975,0.8711153352020461,0.5047684950062914,0.509025368331863,0.42915678044157657,0.6683470022983056,0.5785245716011458
Jeff Teague,2015-16,2255.0,-0.4000000059604645,-0.5712061264512256,-0.7031277015133639,-0.6642253305785286,-0.6220997056948153,-0.5117717641144002,-0.2998809006599188,-0.5332213339274169,-0.583929521262123
Andrew Wiggins,2015-16,2845.0,-0.800000011920929,-0.5878001997076768,-0.6722753670214766,-0.7089434646216504,-0.7974934306833578,-0.6624448784665652,-0.9536731042129576,-0.6425592425186691,-0.6402235074515971
Lou Williams,2015-16,1907.0,-2.200000047683716,-2.142849556183263,-2.3132550449409988,-2.281938329319153,-2.0512372737263567,-2.5727435294305567,-2.0844542002299318,-2.16641083263558,-2.119946485569036
Mike Conley,2015-16,1761.0,-0.8999999761581421,0.6369826101994688,0.6654058672163209,0.6508262097061671,0.35020429725890606,0.36416962384159013,0.2896953047573467,0.5906834552691185,0.5652880319643281
Langston Galloway,2015-16,2033.0,1.5,0.3767782866526165,0.3976057377278067,0.42584432746973105,0.2815340357843139,0.21277059637087645,0.3746120050790106,0.4133750813322615,0.3529672239355408
Marcus Smart,2015-16,1667.0,1.899999976158142,2.1867314508118567,2.1641165834804648,2.048672020130105,2.108738777919107,1.8855077842300445,2.2164995345889467,2.1077108734981658,2.1672332825886693
Jonas Valanciunas,2015-16,1557.0,0.10000000149011612,-0.04099764721641726,0.15326405959191833,0.22132584872322375,0.00462513889345062,0.09993309672002837,0.13215317571888585,0.01357810730839594,-0.029591950688950288
Nikola Vucevic,2015-16,2037.0,0.5,0.6384997211358401,0.5759562034332101,0.6633720629113413,0.6811127987445631,0.6144286572999874,0.5039653612120407,0.6357900843332611,0.6491529905380209
Aaron Gordon,2015-16,1863.0,0.0,0.25112269659850367,0.37752582662794987,0.387577361039978,0.4147207244746848,0.32651459453142034,0.27278191410305264,0.26064206314321536,0.29202220356754893
Marc Gasol,2015-16,1791.0,2.5999999046325684,2.0862922865440954,1.8814461240847582,1.777651246278485,2.16187091686372,1.98383813230518,2.059341771150878,2.0238021307936633,2.1051869441240014
Dennis Schroder,2015-16,1621.0,1.2000000476837158,1.4691141452270202,1.7705917966903146,1.8166875612055189,1.1858577431037447,1.309237836761124,1.4034581472086378,1.5278924653032147,1.3983000446962013
Garrett Temple,2015-16,1951.0,2.0,1.4345884079459947,1.3070457617170248,1.309815860983381,1.428118344653056,1.4927836778686285,1.5160897409656076,1.4001029785875527,1.43297089212276
Trevor Ariza,2015-16,2859.0,-1.100000023841858,-0.6436473314422821,-0.432884681583312,-0.599165466575894,-0.5636347461063356,-0.4157876787002315,-0.31469746850865365,-0.680119356558362,-0.6236441851082954
Chris Bosh,2015-16,1778.0,0.20000000298023224,0.869311079349212,0.7966779824044364,0.8358329728034073,0.8249053918775824,0.8226990217953747,0.8246491284013897,0.9129803925807413,0.8582096574813045
DeMar DeRozan,2015-16,2804.0,-3.0999999046325684,-2.0723342105326177,-1.9280925246657559,-1.765265842025279,-1.9455069974350678,-1.9315223519540177,-1.900584464282241,-2.000642348072757,-2.0406274072582304
Evan Fournier,2015-16,2566.0,-1.899999976158142,-1.6432984530264831,-1.617372302161959,-1.6200255531290535,-1.6598406968498032,-1.609137503330846,-1.6006116519099445,-1.6510776505419817,-1.6474340139823132
Courtney Lee,2015-16,2334.0,0.6000000238418579,-0.13704389876772802,0.16919116490401487,0.17252661930980578,-0.15996236741123898,-0.2614009516854224,-0.20756323425549597,-0.07895259604986124,-0.14277351592860577
Kelly Olynyk,2015-16,1395.0,2.0,2.005817153908136,2.5227746150297126,2.621965091079892,1.8666089587834365,1.853945124679893,1.9783335621386722,2.1125277421758337,1.9710151051269609
Chandler Parsons,2015-16,1799.0,-0.10000000149011612,-0.7638958327323894,-0.9194819562459416,-0.8721892931535026,-0.8498026535918954,-0.7020632735808477,-0.9449012408581436,-0.7801513754304732,-0.7853725379472658
Thabo Sefolosha,2015-16,1758.0,2.0,1.1764206309500473,1.4040562928861513,1.403813396912522,1.246953429436164,1.160769480231255,1.5861611095531711,1.2339181704269384,1.1940538305715767
Dwyane Wade,2015-16,2258.0,-1.600000023841858,-0.9162144741690462,-1.0326774078612133,-0.9855847527874942,-0.8904805879885815,-0.7716037648464082,-0.9766856417083559,-0.9343776978238828,-0.90978100262393
Clint Capela,2015-16,1471.0,1.7000000476837158,2.4458984300175386,3.356394014705137,3.4307678747069064,2.532322872941049,2.4535526088793747,2.4797762210835925,2.523096346944663,2.467504540748416
Michael CarterWilliams,2015-16,1649.0,2.299999952316284,1.0576201310396516,0.8958247310426418,0.7891823894018302,1.00171192241568,0.8399920073668948,1.0196227310666974,0.9679021209726437,1.0436430788836586
Darren Collison,2015-16,2219.0,-1.7000000476837158,-1.8542833957675593,-1.5963087156325702,-1.544521353805508,-1.8853879836559757,-1.7506373581123778,-1.7688479814796967,-1.8239875993710106,-1.8620595427396633
Cory Joseph,2015-16,2046.0,1.5,1.1637482760867957,1.0974513798111674,1.1374951646057971,1.0908177653671944,1.210668392013941,1.0785429322718685,1.1930608199678165,1.1455156484068953
Ian Mahinmi,2015-16,1816.0,2.9000000953674316,2.1500756674284425,2.268921729421504,2.219773682506271,2.2246285977220555,2.1292557368293483,2.2176382401356207,2.1522483899845994,2.168713900001846
AlFarouq Aminu,2015-16,2341.0,0.6000000238418579,0.42267981289150386,0.5038585249325815,0.45750929315722977,0.42628404971515316,0.5192700199751304,0.3602720937526291,0.3757221713138418,0.4235808720974162
Andrew Bogut,2015-16,1451.0,2.9000000953674316,3.4482386940154384,3.326113712357337,3.216887896263392,3.63472501000194,3.4892576104119977,3.824661561845441,3.4199520978567866,3.4948602730120637
Omri Casspi,2015-16,1880.0,-1.2000000476837158,-0.6771845926216681,-0.5278643514824661,-0.5406960085379908,-0.7246614698295735,-0.5940280980633721,-0.6882583862973366,-0.6617343458465774,-0.6890538119236445
Cody Zeller,2015-16,1774.0,1.600000023841858,1.2812621835187912,0.9550808073659842,0.933545704197917,1.3059471643695575,1.2375382514280668,1.170125135437022,1.2471905043440086,1.2874334287314828
Will Barton,2015-16,2353.0,-0.6000000238418579,-0.9636280096991809,-0.8617914103629007,-0.8813594743127724,-1.0783511861917117,-1.0152067085164034,-0.8255705220576858,-0.9275622049461575,-0.9923088038223136
Trevor Booker,2015-16,1632.0,1.600000023841858,1.535298882387365,1.8714734157755206,1.8657135876574076,1.66041222205524,1.5843922975947526,1.68444340882369,1.5801489355777738,1.5665772173043337
Jose Calderon,2015-16,2024.0,-0.5,-1.3540331048012426,-0.9208787685515423,-0.9528135711079311,-1.3531574181213417,-1.3084600378266458,-1.4050212798395938,-1.3364678290409546,-1.3538141831312673
Rajon Rondo,2015-16,2537.0,-1.5,-1.2203427499011583,-1.175056337857567,-1.208841743706157,-1.1284680190772562,-0.9247775125505902,-1.2753236456424921,-1.2321598758822225,-1.1973740671951827
Rudy Gay,2015-16,2379.0,-0.20000000298023224,-0.18726320796853582,-0.3300019576773765,-0.36553575398437016,-0.2707723067238118,-0.22542367796125756,-0.056921196787837844,-0.21435267669638625,-0.20814048265735483
Andre Iguodala,2015-16,1732.0,0.4000000059604645,1.0101022191848321,1.10394992864056,1.1289000863278358,1.0374459581000974,0.9592946209855007,1.1294702259224054,1.000094628807477,1.0169381539136486
Robin Lopez,2015-16,2219.0,-0.20000000298023224,0.29659181107554927,0.08448170463130905,0.05040487379875484,0.1542407284453145,0.2975472051289841,-0.09723879334088836,0.2583705205245866,0.2610040404179906
Nikola Mirotic,2015-16,1646.0,-0.10000000149011612,0.5721529269510314,0.3977753409670519,0.2810681829001572,0.7326540319715601,0.7359545324395347,0.6950293914154112,0.5460280528490423,0.6122782032061636
Mirza Teletovic,2015-16,1686.0,-1.7000000476837158,-1.885180622171805,-1.926069017670381,-1.794688560912689,-1.8217980710948096,-1.7689058368920152,-1.9849514651676645,-1.8466430218950753,-1.8693349844025562
Tony Allen,2015-16,1620.0,1.5,0.8578300564249368,1.1875531521558067,1.0700277753713308,0.8650291319079356,0.7222966455287881,0.8371160829269084,0.8357682757013084,0.8596298252956865
Nicolas Batum,2015-16,2448.0,-1.7999999523162842,-0.47536023457137266,-0.3860249409562742,-0.42191008401387603,-0.5354171016819131,-0.3637369584303481,-0.5587819615187288,-0.4701505817636046,-0.49037445134900776
Gorgui Dieng,2015-16,2220.0,0.4000000059604645,1.0639678782297102,1.0930560600533465,0.9979812756713314,1.004568557027061,1.0204758392013804,0.9976779251266061,0.9681294503939005,1.0491180479290478
Kyrie Irving,2015-16,1667.0,-2.200000047683716,-1.2632225983244623,-1.152068178881484,-1.1119714863921837,-1.1740964387719544,-1.1716843887490092,-1.2847963366443154,-1.2073961771693507,-1.2409410584363352
Zaza Pachulia,2015-16,2004.0,1.7000000476837158,1.3928445772118934,1.5475503843817242,1.5492109473302662,1.360929062100435,1.3722838129499129,1.1112177847705191,1.3948463117241423,1.3848656984340288
Andre Roberson,2015-16,1553.0,1.2999999523162842,2.598065920769465,2.476623616320287,2.40610388221052,2.532131423947274,2.5873978734848375,2.5144679052709766,2.499810635462201,2.5815822965639175
Ersan Ilyasova,2015-16,1881.0,-0.20000000298023224,-0.8846851616349114,-0.0826336067748156,-0.04993941931740456,-0.7835634962434832,-0.8381422985748009,-0.5205962802739195,-0.7732051290692182,-0.8594047452870544
Joe Johnson,2015-16,2703.0,-1.7999999523162842,-2.3498353499911153,-2.018023371587587,-1.9114875166902914,-2.2965136058069473,-2.1758700070790593,-2.5478142873233,-2.2668086017630373,-2.336504913945073
Mason Plumlee,2015-16,2084.0,-0.4000000059604645,-0.030815185887224098,-0.1698453647704619,-0.23995272092181183,0.009739553021586633,0.024997929101084004,-0.20840580047665647,-0.07093739492367052,-0.020676501160021416
Deron Williams,2015-16,2106.0,-0.6000000238418579,-1.0184899217355434,-0.903011618044482,-0.8776934963834516,-1.004165537882559,-0.9340348020661239,-0.9917293891564815,-0.999221973190921,-1.0149088257722974
Allen Crabbe,2015-16,2105.0,-1.100000023841858,-1.176397504535878,-1.1501679588868416,-1.0972318210949323,-1.1852352990509483,-1.01342379998751,-1.1299716292692907,-1.1442288420816547,-1.1786069531646457
Channing Frye,2015-16,1200.0,0.20000000298023224,0.48538051580849784,0.3705787402649855,0.35250345757376456,0.41880499915748304,0.5255211805298146,0.4246838845023858,0.48073734686716185,0.46873663664574416
Blake Griffin,2015-16,1170.0,0.20000000298023224,0.11557656942171757,0.16891854783747345,0.27499564635542345,0.15673948844031843,0.1903596790904208,0.47216287668584167,0.15596549395806317,0.1258672991763678
CJ Miles,2015-16,1464.0,-0.699999988079071,-0.33172917794739676,-0.057717460710356494,0.023199811286599703,-0.4165909656271928,-0.29409383071768685,-0.45579767537522464,-0.2562005519666278,-0.3529446248673458
Raul Neto,2015-16,1499.0,1.5,1.1161384487267134,1.4103424923626247,1.4228681288426734,1.06495666154632,1.065153656979509,1.0850329370929552,1.1329469282960345,1.103343001931615
Justise Winslow,2015-16,2232.0,1.600000023841858,1.6389120012705378,1.5217717477610349,1.4897037029726279,1.6659246376680612,1.6749021890325722,1.751734496275316,1.6218969599765924,1.6456651603699186
Bismack Biyombo,2015-16,1808.0,2.200000047683716,1.9017051310948418,1.5705330821371053,1.5726936506615696,2.036249110230816,1.9453656621411248,2.0691061492191145,1.8881632186252741,1.9353411258788356
Boris Diaw,2015-16,1386.0,0.4000000059604645,0.9511185702048887,0.6652860399082409,0.79171302971966,0.8711759078729572,1.0787643593167795,0.8498214360086862,1.0291655794988357,0.9311329046219058
Taj Gibson,2015-16,1936.0,0.20000000298023224,0.5167172539898911,0.30484685043877613,0.35648522120464665,0.34073386373289705,0.394240867355503,0.6544743305206091,0.5076573155057917,0.47272140642564253
TJ McConnell,2015-16,1606.0,0.10000000149011612,-0.2590168705371009,0.46249363818878403,0.40944853316271335,-0.14484823411227427,0.14689323037467483,-0.04951180451397397,-0.24152433237474943,-0.2304747114308942
Tony Parker,2015-16,1980.0,0.0,-0.23982323690224616,0.11428098742100265,0.21692542352376387,-0.2911101265486177,-0.1942950833394932,-0.12831068466918555,-0.12877742674296005,-0.252644959313839
Ish Smith,2015-16,2239.0,-1.100000023841858,-1.4260053697658726,-1.516078872759436,-1.5338058057734816,-1.2716345583194726,-1.4365524441070887,-1.3717837522890348,-1.4270872285766212,-1.3874126669042726
Evan Turner,2015-16,2271.0,0.699999988079071,0.5154919364970756,0.6334332624904133,0.6221408368131499,0.514166729542975,0.3920784075932489,0.6797482649743012,0.5517822157959336,0.5151606347585505
Wesley Johnson,2015-16,1666.0,1.7999999523162842,2.356409668415891,2.208618935094027,2.0872907333038557,2.2008643469236513,2.2536797735874936,2.3033934809167738,2.31514361357692,2.317523338042831
Iman Shumpert,2015-16,1316.0,1.399999976158142,1.140995845489719,1.3043930454768273,1.2531539028110734,1.0509787136454465,0.8712496265496187,1.1429531179885646,1.1124550239050843,1.118491562528651
Darrell Arthur,2015-16,1516.0,1.7999999523162842,0.9459005009722521,0.7808631929492539,0.7891876615962755,0.9099359283668766,0.8136027215403965,0.8405351732692385,0.9479987758520799,0.9369093578209082
Devin Harris,2015-16,1280.0,0.30000001192092896,0.9972661534245959,1.0329344120852642,1.0276906624523872,0.887867015132841,0.6724996658003025,0.7088128631956344,0.9568955029927609,0.9699163688516572
Luc Mbah a Moute,2015-16,1274.0,3.5,2.5120786264485586,3.1080081720033803,3.179234748352423,2.441155896635118,2.0874566809553623,2.451163843537698,2.593917080258487,2.4943479439951983
Elfrid Payton,2015-16,2145.0,-0.4000000059604645,-0.7208703049289453,-0.877563021865977,-0.8449471260314318,-0.6819129049093692,-0.7150800699727675,-0.873255395555977,-0.7219662210250284,-0.7111309549240513
Gerald Green,2015-16,1557.0,0.20000000298023224,-0.28562606706881144,-0.2874720375338924,-0.1886535361701091,-0.25342143262276917,-0.2006061398598118,-0.13450426069339688,-0.23315374583911094,-0.2775749084573009
Zach Randolph,2015-16,2016.0,-1.7999999523162842,-1.3262797852443646,-1.2522507845579662,-1.1838535190921857,-1.262256631691038,-1.1722188843560457,-1.5528933055431418,-1.2672141175387304,-1.3102739968560329
Anthony Tolliver,2015-16,1341.0,0.0,1.074354972660267,1.2849577628846152,1.3124341270905993,0.9700395487205478,0.9981988464415097,0.7622416590706536,1.0981492586691297,1.0482761166753372
Raymond Felton,2015-16,2192.0,-0.800000011920929,-1.2245000391626637,-1.0891376924204463,-1.1173837441446586,-1.276030602186864,-1.2378148710035173,-1.182114352054141,-1.195869556014511,-1.2373826799187138
JJ Barea,2015-16,1667.0,-1.899999976158142,-2.0209398007097947,-1.9913835513746867,-1.9164059502710777,-2.049187460482538,-1.967709262954202,-2.4168134259498846,-1.9817542400373545,-2.0280017156529806
Bradley Beal,2015-16,1708.0,-1.399999976158142,-1.6427465193960302,-1.5109536398047698,-1.4313288237569024,-1.4802893622128923,-1.5051256411056089,-1.4686414564452377,-1.568759802313242,-1.6021322301002459
Dwight Howard,2015-16,2280.0,0.5,1.0081830473615563,0.692601815693916,0.6320720730519256,0.862253427661321,0.8302072325317542,1.1713683838739393,0.9358325338793774,0.9717006424364975
Shaun Livingston,2015-16,1520.0,-0.4000000059604645,-0.09671911455037227,0.0586941379647815,0.1436390705816423,-0.010287159193978457,0.03279833035106372,0.18180239281662655,-0.03960289177890712,-0.0751111257112738
ETwaun Moore,2015-16,1263.0,0.30000001192092896,-0.9849149433235616,-0.8431782741905014,-0.7733790096338965,-0.9899053583132157,-0.9868700476836961,-0.9708506341820629,-0.9283958822477127,-0.9861625470709752
Markieff Morris,2015-16,1629.0,2.0999999046325684,0.805847799070319,0.7503723638658522,0.7405563807739446,0.6538293625721027,0.6579147506333037,0.3673326584162929,0.7815439440796201,0.7678431899457648
Larry Nance Jr.,2015-16,1266.0,1.0,0.7983600555700473,0.8948445474625294,0.7910712001719331,0.6266538337653623,0.4476184603737632,0.6463528788582488,0.7471882977399461,0.755433500118876
Brandon Bass,2015-16,1342.0,-0.4000000059604645,-0.683521041179664,-0.8763775802103771,-0.8127661357746604,-0.5938005659464443,-0.7999601672384117,-0.6317514376413034,-0.6913253023068324,-0.661090922371359
Gary Harris,2015-16,2439.0,-1.899999976158142,-1.4671282345184382,-1.415322815195305,-1.4279700261378812,-1.4505288778850387,-1.4249846349754862,-1.6038441479788867,-1.487280997249844,-1.4629783953600883
Lavoy Allen,2015-16,1599.0,-0.5,0.9534877681482556,0.9074495318396354,0.9844579845874353,0.9877842916266005,0.9337654301620164,0.9700188381280479,0.9739450045444378,0.9620618990178419
Jerryd Bayless,2015-16,1505.0,-0.8999999761581421,-1.993270018138942,-2.263737687403645,-2.184600213567399,-1.975234883063012,-1.7574634469944113,-1.722589301285277,-1.999387693748635,-1.9887612343699597
Gerald Henderson,2015-16,1431.0,0.4000000059604645,-0.010899648182454147,0.2535336547219042,0.24985910040608544,0.0898878288325261,0.04118881860166569,0.08323040707071326,-0.021594622141891617,0.014297221071290916
Ronnie Price,2015-16,1211.0,1.5,2.1535650580226067,2.4067890530385254,2.3904540312744076,2.3567841168858785,2.2204923838817776,2.417676297083772,2.1634938680917517,2.2043698227384247
Harrison Barnes,2015-16,2042.0,-0.800000011920929,-0.433682759558916,-0.29706866041619845,-0.22084482569592756,-0.27414209139067186,-0.2744410098958445,-0.008831718626059595,-0.3574010563122724,-0.393797592516855
Corey Brewer,2015-16,1669.0,0.800000011920929,0.8078769202304215,1.268831424166192,1.1674962752798066,0.9418107153957916,1.0189516210836578,0.9650612655323829,0.8017080072067081,0.841360369021764
Jon Leuer,2015-16,1255.0,0.30000001192092896,0.7445196357631865,0.6244100773148847,0.5441898840036509,0.7051560979438523,0.6308046827881033,0.5053279181946383,0.7047237947637285,0.7346787513083529
JaMychal Green,2015-16,1446.0,0.10000000149011612,0.17348485888241422,-0.012577500722103369,0.04852832781847578,0.08429286394082863,0.05756635236792024,0.08224445525766694,0.16460369653866558,0.15118686014701782
Jeff Green,2015-16,2253.0,-0.800000011920929,-0.8777079165377418,-0.5678074822376261,-0.4896447813348016,-0.9164341463666273,-0.7901385635777323,-0.7744723154462883,-0.7928722110991356,-0.8873894739949633
Rodney Stuckey,2015-16,1275.0,-0.4000000059604645,0.27624974253373,0.3939103001876617,0.4460948405405735,0.3813152705520571,0.37412011766153264,0.42477860340510376,0.3016906120033811,0.3025161245383118
Jerami Grant,2015-16,2066.0,0.8999999761581421,0.39535048611083295,0.7033987509264931,0.6576636810058939,0.2613885006894196,0.40201266235900257,0.6104174096962346,0.4024160363651799,0.3618599897554796
Frank Kaminsky,2015-16,1708.0,0.0,0.3427690667772224,0.37273718866241634,0.3960035574055438,0.38325281707717707,0.3791313755586044,0.5971204797054387,0.3971566159538157,0.3528900043522111
Timofey Mozgov,2015-16,1326.0,2.299999952316284,1.0141510439568133,0.8027531897063971,0.8240746920770899,0.9476822024875151,1.0710617017213788,0.8018291907125141,0.9994489258616385,0.9975338335894888
Lance Thomas,2015-16,1313.0,0.0,-0.46079630139364813,-0.558894609620034,-0.5526283340303528,-0.40858053273098077,-0.3296144050685418,-0.4741753141158332,-0.48093932631834097,-0.44774235922798133
Randy Foye,2015-16,1642.0,-0.10000000149011612,-0.9546509397308749,-0.9096366208889313,-0.8948661019261168,-0.8695671269090204,-1.1691712439273902,-0.7297138497337428,-0.8847192846089234,-0.9333799865254113
Eric Gordon,2015-16,1481.0,-1.7999999523162842,-1.3368910327105745,-1.3701921290820787,-1.364261873110428,-1.2357533728136807,-1.2992076713210967,-1.4745016526911066,-1.3085573408913973,-1.3116066177363512
Jonas Jerebko,2015-16,1176.0,1.100000023841858,0.5580022592508306,0.5696170886940376,0.6201017960183266,0.6716235810143645,0.6762067262781,0.5423369827787452,0.5771948082940456,0.586407589691714
Kyle Anderson,2015-16,1245.0,0.30000001192092896,1.1439001998454934,1.6814729855153088,1.6643886088207536,1.2432418796556228,0.9410501385140393,1.385249595326734,1.2403679716613496,1.1687356197980256
Toney Douglas,2015-16,1262.0,-2.0999999046325684,-1.624873356439446,-1.1149754518266313,-1.1309350100116,-1.6133415081267468,-1.4117542013230866,-1.360833438516942,-1.6040233847061938,-1.6219903943612712
Maurice Harkless,2015-16,1457.0,-1.0,-0.25266437544964326,-0.5577130273345605,-0.566661977689841,-0.4420482975913608,-0.3729198189481464,-0.29683091977705556,-0.29984879729203007,-0.30001035598507264
Kosta Koufos,2015-16,1482.0,0.20000000298023224,-0.22145554851960875,-0.19843291966910132,-0.22165851336962927,-0.20355844510334536,-0.145046145057815,-0.26831479860338825,-0.22144788060455373,-0.2169812726655429
Trey Burke,2015-16,1366.0,-2.0999999046325684,-1.9546892920282346,-2.1424514274843576,-1.9414101366742607,-1.9509606102593369,-1.9276133690446926,-1.8318587280992737,-1.8796611795280251,-1.9537571215860101
Kenneth Faried,2015-16,1694.0,-2.5999999046325684,-1.0377111570409507,-1.0857832308101105,-1.131719410425993,-1.0500033596105631,-1.0057472926704711,-1.2801903833296906,-1.0745245427397048,-1.0407842076833538
Jordan Hill,2015-16,1513.0,-0.4000000059604645,0.18242423055428858,0.17894553588886977,0.30587003614358593,0.20209627373285952,0.25997523745540085,0.23774474697317913,0.2327690678553454,0.18734224134893132
Tony Snell,2015-16,1301.0,1.0,1.0398085874175347,0.885367951482012,0.89445914174875,0.9465308837196172,0.9574454976224613,1.1721307792491151,1.0654791337506753,1.0164891614930553
Aron Baynes,2015-16,1233.0,0.30000001192092896,0.05955943636473229,-0.04782076166250666,-0.09315693805759932,-0.009099780509143798,-0.16521224949751692,-0.1198612183989247,0.050687049453489015,0.04239463214626327
Meyers Leonard,2015-16,1333.0,-0.6000000238418579,-0.9738733388516005,-1.8313129457799937,-1.8687644507849224,-0.8951260877334204,-1.1022129938338565,-0.9883469067427905,-1.0363194062765997,-0.9541865260720556
Dion Waiters,2015-16,2152.0,-1.100000023841858,-0.8663875732263853,-0.8116911450751367,-0.8017112952148957,-0.8521718746121505,-0.8386979422853424,-0.8405904946748916,-0.8636182112292962,-0.8628336485728266
Willie CauleyStein,2015-16,1412.0,-0.699999988079071,-0.3332845689745419,-0.38954402284310263,-0.3833727743980064,-0.36776748104894685,-0.41848122830817014,-0.3567125318832504,-0.3488347885364538,-0.34190529699314315
Jamal Crawford,2015-16,2126.0,-2.5999999046325684,-1.6165969657184494,-1.749821894954365,-1.6259225652556346,-1.609086466576672,-1.7094842652591085,-1.7242665807105166,-1.5777472773615513,-1.614719340933005
Alonzo Gee,2015-16,1632.0,1.100000023841858,0.47564603376643233,0.6488317754841377,0.6131434635115005,0.6263733401807636,0.6055884417847501,0.45315131660215763,0.4277837182840091,0.5133278603700151
Joe Ingles,2015-16,1241.0,-0.10000000149011612,0.2080667990096322,0.17530548335537802,0.2585461659028559,0.3352031562418191,0.47161483070690646,0.5371513364113829,0.26394740613806433,0.23985088831767892
Donald Sloan,2015-16,1318.0,-2.299999952316284,-2.1331980043168755,-1.945709140417344,-1.8724392577027982,-2.0502679860590405,-1.8224954437725236,-2.3224107800589864,-2.0849905473054586,-2.1124654997524166
DJ Augustin,2015-16,1178.0,-2.9000000953674316,-1.5391741559039467,-1.4269152762080122,-1.3563545138430437,-1.55821016496707,-1.4226840117160615,-1.4028322128898847,-1.477947758275213,-1.5439331581697275
Matt Barnes,2015-16,2190.0,-1.7000000476837158,-1.0351927077798058,-1.0131509125411247,-1.0838283071763022,-1.162451447721821,-1.1102442666974395,-1.236878048636051,-1.0646551424259756,-1.0670073927653096
Brandon Knight,2015-16,1870.0,-2.5,-1.4146411792988587,-1.595252403454917,-1.5300645945352147,-1.317692649596664,-1.4162733169489885,-1.3805238454294277,-1.4260131960814109,-1.3904040468733099
Luis Scola,2015-16,1636.0,-1.2000000476837158,-0.6423243264226016,-0.31721771793199594,-0.2670275768524993,-0.6071677223951403,-0.44306222443609716,-0.7045065456642828,-0.5776001792309268,-0.6335351754157362
Mike Scott,2015-16,1146.0,-0.8999999761581421,0.7593006149086634,0.9458927313885108,1.0863947895576314,0.6440322030309544,1.3215396305014635,0.9915495125148046,0.8570502889027373,0.7304835119392362
Jason Terry,2015-16,1258.0,-2.4000000953674316,-2.1143382067042262,-2.0121232491789547,-2.0384677029280374,-2.0661309821792737,-1.9411817391662647,-2.1725202050375705,-2.073818944690832,-2.102286400572988
Tyson Chandler,2015-16,1618.0,0.30000001192092896,-0.7662901521895906,-0.7248920414638826,-0.725372818711742,-0.7937448712227851,-0.7687302378816501,-0.8996205680536213,-0.7781995370208836,-0.7731538319478893
Myles Turner,2015-16,1367.0,1.399999976158142,0.9312246737242891,0.7945946626401186,0.7847266960521637,0.7834258190689743,0.8318082129501212,1.0256097947966294,0.9648186379127955,0.8942749600604604
Shane Larkin,2015-16,1751.0,-0.6000000238418579,-1.0494627424710985,-1.0312621576842802,-1.0680606817915206,-0.7883052157150988,-0.7989166835879045,-0.8002108451696356,-1.085560552835032,-0.9841733607820986
Alex Len,2015-16,1821.0,1.7999999523162842,0.2927694322073089,-0.029751273042217155,-0.005856421808917326,0.33692340224818546,0.1961969542819943,0.19842166255544785,0.25596409297839284,0.30380792471752804
Ben McLemore,2015-16,1443.0,-0.800000011920929,-0.2299382885286705,-0.7996131248300135,-0.6993839252033948,-0.19716595399702833,-0.18896754207667313,-0.3126257494302853,-0.28478160275530723,-0.22174520489575994
Tayshaun Prince,2015-16,1462.0,0.30000001192092896,-0.06798014390578651,0.048566476490511684,0.12026087270016451,-0.2159000369854884,-0.24983069646890763,-0.02398514891207093,-0.057112344319715645,-0.10496011717571199
Isaiah Canaan,2015-16,1966.0,-2.0999999046325684,-2.096409718099993,-2.162873823644868,-2.106264323690343,-2.13955711263336,-2.132191677557467,-1.8978803772556383,-2.067647830245261,-2.107196566733335
Jordan Clarkson,2015-16,2552.0,-2.200000047683716,-2.4794866627313317,-2.3496370704627036,-2.292521681990111,-2.294562817553356,-2.7166925671373674,-2.151038126162275,-2.475185050465611,-2.433255701436838
Zach LaVine,2015-16,2294.0,-3.299999952316284,-3.246540400756616,-3.5490487229958454,-3.458200937516689,-3.383662094062806,-3.255833810833701,-3.2060822968765113,-3.2066817662476206,-3.280820824083164
Nerlens Noel,2015-16,1965.0,1.5,1.4264951570511382,1.520234551230084,1.4795434459997012,1.4044956992657303,1.3383919309643626,1.443063171592834,1.379658430622452,1.4209952926047862
Julius Randle,2015-16,2286.0,-0.4000000059604645,-2.2767548019034654,-2.363431150179569,-2.374553708531696,-2.313793850962292,-2.4622695810864763,-2.262248557357369,-2.3113669759157323,-2.2860145641681724
Austin Rivers,2015-16,1464.0,-0.5,-0.5964016593886903,-0.8134300452322217,-0.6952767190634127,-0.7423543589759449,-0.8997678942611547,-0.6162418431875554,-0.5265559561982646,-0.6328898342855039
Wayne Ellington,2015-16,1615.0,-0.8999999761581421,-1.2525937944777346,-1.4000945566137524,-1.3678045849244054,-1.2914925256673115,-1.2890114878386265,-1.2615124789263796,-1.234359346122644,-1.2623184772751288
Jerian Grant,2015-16,1265.0,-0.4000000059604645,-0.0892937455530913,-0.12682413317553548,-0.02780303757495879,-0.07624123737383762,-0.32308482179572984,-0.06276184682346089,-0.09105929907738904,-0.08603061850827787
Trey Lyles,2015-16,1382.0,-0.10000000149011612,-0.9055805312676487,-0.923769270899605,-0.870947106843797,-0.8691131690965259,-0.779410329660478,-0.7973131189219944,-0.8733619852495438,-0.896463690724868
Derrick Rose,2015-16,2097.0,-1.399999976158142,-2.0184358198233774,-1.8593491153485078,-1.738289093897698,-2.0381128207347476,-1.9860807370940572,-2.030704066696202,-1.9602777880165259,-2.02335507005122
Lance Stephenson,2015-16,1372.0,-2.5999999046325684,-2.533861792872449,-2.5948416911300143,-2.640988248463136,-2.5022425477799413,-2.2090847504966047,-2.401067734485435,-2.510232657245,-2.525956981599322
Mario Hezonja,2015-16,1413.0,-0.8999999761581421,-0.6843876884209661,-1.109598536949988,-1.0928642199023066,-0.676578932790189,-0.5598730027172896,-0.70551168264476,-0.6949642026766228,-0.6824354995132718
Jason Smith,2015-16,1181.0,-0.800000011920929,0.5216428262497882,-0.00934448904220278,0.01745390890708049,0.5302132763532317,0.4058485125122289,0.30079450642347905,0.4996784057660771,0.5237854387756491
Noah Vonleh,2015-16,1174.0,-0.10000000149011612,-0.42488114302348556,-0.3391622530864042,-0.3610488004838839,-0.47533413268418867,-0.32171758696823555,-0.6499416637323313,-0.4364768152474303,-0.43749439043866134
Arron Afflalo,2015-16,2371.0,-2.5,-2.6079473077890034,-2.314946766845763,-2.2181866071624343,-2.7349512249990395,-2.9514853362983624,-2.7991771284779006,-2.5161304858944677,-2.6396982870915124
Richard Jefferson,2015-16,1326.0,-1.2000000476837158,-0.3190634413776186,-0.5063380954642905,-0.4467486421794643,-0.3241793865433477,-0.24156982206515312,-0.4483526372957406,-0.32342518462564585,-0.3203424276690509
Ramon Sessions,2015-16,1667.0,-2.9000000953674316,-2.2581362726079606,-1.99912293712078,-1.847961978257961,-2.1849533422682783,-2.1864831389964343,-2.136343750883497,-2.135494635260195,-2.23984054002304
Norris Cole,2015-16,1198.0,-2.5999999046325684,-2.257978574253623,-2.507950843718502,-2.4828497683774216,-2.206627326521814,-1.9292607648815072,-2.447859951934927,-2.25575056961545,-2.2451407623206707
Nik Stauskas,2015-16,1809.0,-1.600000023841858,-1.790241106513251,-1.8652179529241448,-1.844475706168753,-1.7547061461773161,-1.824640868762763,-1.6110429774184813,-1.7785199986115685,-1.7813573664292672
Ty Lawson,2015-16,1411.0,-0.800000011920929,-0.7158924804981983,-1.2295447218265394,-1.2152723421877538,-0.9188737423985253,-1.2958415015020976,-1.1693997723314586,-0.7778677450291417,-0.7666377959732801
Paul Pierce,2015-16,1231.0,-0.800000011920929,-0.5625630365729781,-0.7399650944335672,-0.7164133942600672,-0.5296068320390199,-0.5228946047102312,-0.4449383703808064,-0.5400545254992652,-0.5543239854394886
Omer Asik,2015-16,1178.0,-0.5,-0.05221673839021611,-0.3125888353813549,-0.33548947921512723,-0.14309024869805484,0.04406206795304185,-0.3292147166294896,-0.09669665734105051,-0.07493511596717578
Shabazz Muhammad,2015-16,1682.0,-3.5999999046325684,-2.775045488831826,-2.9468798857378076,-2.8939120824654694,-2.9321562484777406,-2.9146363607774943,-2.5163361417962022,-2.7433922030180584,-2.814323178743305
DAngelo Russell,2015-16,2259.0,-1.7999999523162842,-1.435998721828701,-1.4695816561573882,-1.45358502203811,-1.387314868176042,-1.4145427699592052,-1.4631617347402988,-1.4034060663032197,-1.423827758415536
Jahlil Okafor,2015-16,1591.0,-0.699999988079071,-1.0259483563445349,-1.3959543454789733,-1.426967729068843,-1.1258062388764247,-1.2599433450856496,-0.9550733282896107,-1.070255258291167,-1.0509128269775072
Marco Belinelli,2015-16,1672.0,-2.799999952316284,-2.4667315446485043,-2.711202013349059,-2.6714462938134416,-2.4133876520290554,-2.427883077386401,-2.515838022783252,-2.4143907534143043,-2.453395571493642
Devin Booker,2015-16,2108.0,-3.200000047683716,-2.4123309408193623,-2.8011754447806467,-2.7532026872252677,-2.4655515331182345,-2.537497670418729,-2.3988859540991077,-2.408337741409541,-2.4256360888940804
Doug McDermott,2015-16,1861.0,-3.4000000953674316,-2.448509487870777,-2.5805344652597713,-2.4302194438890288,-2.3990529452825267,-2.566062940996818,-2.4315613969706464,-2.3913085114519963,-2.4361453522237144
Derrick Williams,2015-16,1435.0,-2.799999952316284,-2.051892658926938,-2.1987569307043033,-2.084055760324843,-2.0278412364152127,-2.08165262899684,-1.9612510473653766,-2.002233864388851,-2.0458798032990066
Stanley Johnson,2015-16,1687.0,-0.4000000059604645,-0.041486630767085614,-0.23840009282414887,-0.223279206938336,0.05426689569569717,-0.06576898669438072,0.050539667583676486,-0.07979322777538105,-0.017548249151389916
Kobe Bryant,2015-16,1863.0,-3.799999952316284,-3.5345593238840873,-3.9796687944444784,-3.9061641986732183,-3.4578291994219876,-3.938129957785416,-3.3669162628705114,-3.5751072293578523,-3.5153767927685626
Jabari Parker,2015-16,2408.0,-2.700000047683716,-1.5459930224931053,-1.5579554151444606,-1.5299247460144727,-1.6822576592082308,-1.5816747837641687,-1.646087752916611,-1.5607996978011764,-1.5800591816718867
PJ Hairston,2015-16,1313.0,-2.4000000953674316,-1.2127317820792833,-1.4237327587441673,-1.4797014216217308,-1.231559489905535,-1.2715641382659033,-0.8722383566816156,-1.2591018915333874,-1.2174387090358463
Hollis Thompson,2015-16,2154.0,-3.299999952316284,-2.1390619072234722,-2.346484665785219,-2.187177829017656,-2.2128570738917244,-2.1231495546636143,-2.1760396058235307,-2.104887476573122,-2.157510698890535
Dante Cunningham,2015-16,1971.0,-2.700000047683716,-1.9383755573676107,-2.055420976581017,-2.097361750343574,-2.068355308420935,-2.069974373452045,-2.2780464485134457,-1.9562113821175189,-1.9708704951309417
JaKarr Sampson,2015-16,1160.0,-2.0,-0.42683111437094434,-0.8596175550292342,-0.8158594690195886,-0.3114874090634541,-0.14744279210869343,-0.5427937726372404,-0.49353528739511376,-0.3979951880440718
Bojan Bogdanovic,2015-16,2115.0,-3.299999952316284,-3.372032484909198,-3.3862097336465693,-3.3684431434419246,-3.454528556101442,-3.3494474331784794,-3.397155673501919,-3.3287888350230617,-3.392656502707259
Roy Hibbert,2015-16,1878.0,-0.8999999761581421,-1.569284886742453,-1.8877459897502855,-1.9007285174422885,-1.7161265818668232,-2.2373962963655085,-1.7972073027912028,-1.6601566301808646,-1.6059953105235454
Emmanuel Mudiay,2015-16,2068.0,-2.0,-0.965968500034248,-1.1261010148425086,-1.1058771717979792,-1.0199686001158919,-0.8116481175601726,-1.4616238488464908,-1.0081537943483694,-0.9794685250546589
James Harden,2016-17,2947.0,-0.800000011920929,-1.452363343705359,-1.5368902560194198,-1.5103448712745071,-1.493045622230635,-1.3820378296144098,-1.703476155400197,-1.4622270605739602,-1.462533913336678
Jimmy Butler,2016-17,2809.0,2.4000000953674316,2.057007881824247,2.05552408103828,2.042963850710955,2.0602628915316337,1.984416136802666,2.0442116133698733,1.9940105449589267,2.0578216342510935
Kawhi Leonard,2016-17,2474.0,1.7000000476837158,0.8385545702728907,0.9645698976354514,0.9476440471144562,0.8405814113583394,1.0064834610372873,1.0296068344399827,0.8435921147688521,0.839061280544253
Russell Westbrook,2016-17,2802.0,-1.2999999523162842,-0.010488368149412938,-0.47837838712355696,-0.5367559938152049,0.11040429107408192,0.02811007313200331,-0.010853662602108793,-0.10127952413902001,0.019734796656460777
LeBron James,2016-17,2794.0,0.4000000059604645,-0.09391598410698593,-0.1456664465506607,-0.2027713138655103,-0.161153219254168,-0.15796232878799688,-0.3980170424944322,-0.14028665119709324,-0.11072529289378144
Rudy Gobert,2016-17,2744.0,5.599999904632568,4.619359427620575,4.7362619506904196,4.771364760806696,4.716572850448763,4.972776899731236,4.721135723189154,4.61895248801704,4.643662783327622
Draymond Green,2016-17,2471.0,6.199999809265137,4.056332722273176,4.5279924379223715,4.466287415817975,4.188039772670199,4.175513573712514,4.350659456293819,4.084741854324203,4.089259484872431
Chris Paul,2016-17,1921.0,1.399999976158142,1.985564027910955,2.2600570874093493,2.264315123858276,2.0736707395473193,2.1940689086343808,1.9266075437130423,1.9752673068094173,2.007590705820046
Giannis Antetokounmpo,2016-17,2845.0,2.4000000953674316,2.1598967409875036,1.9659198619755938,1.903080415876092,2.1095875249454323,1.9486964851995352,1.9411753194064159,2.0577565386244006,2.1473194369769857
Anthony Davis,2016-17,2708.0,4.400000095367432,3.752663190123277,3.6666675871309016,3.6155279439696395,3.8204934130776,3.6890431250806093,3.950472773514568,3.6811592873223202,3.769620745861858
Kemba Walker,2016-17,2739.0,0.10000000149011612,0.12384459361502108,0.41902834956711155,0.43428398807362145,0.21068230280442587,0.2618423436186966,0.3881350124040655,0.15189302052552456,0.14555402091237227
Nikola Jokic,2016-17,2038.0,0.8999999761581421,0.49273699269642596,0.5474014078041456,0.4784498781821018,0.37395557158948006,0.5020982586753069,0.218696826384081,0.45489435748263,0.46304163741968946
Bradley Beal,2016-17,2684.0,0.0,-0.781250997380216,-0.6490714929857386,-0.6122214359905814,-0.8519153025364553,-0.7661723090724206,-1.1321031300407984,-0.7691048942963381,-0.7989170736692759
Kevin Durant,2016-17,2070.0,1.7000000476837158,1.2900722934617637,1.5614259014799634,1.5415633605496089,1.6545132787853443,1.4612201255287307,1.9802974228499926,1.3285292736758691,1.381182539792659
DeMarcus Cousins,2016-17,2465.0,1.7000000476837158,1.9218760331706455,1.7398378729017676,1.6255334054914377,1.8371048369260592,1.952575421415586,1.710706338581973,1.825780204047172,1.9006832341094988
Kyle Lowry,2016-17,2244.0,-0.699999988079071,0.2512949089611082,0.3941981496370835,0.29795952955113797,0.011844397938687287,0.07774778092054348,0.1066471170359227,0.22979410723002436,0.19143228120550296
Isaiah Thomas,2016-17,2569.0,-3.5999999046325684,-2.51456576699828,-2.88023941797983,-2.826570286797878,-2.576453388179971,-2.369969263314944,-2.6357195687665675,-2.5332244684137195,-2.530037672293703
Mike Conley,2016-17,2292.0,0.10000000149011612,0.22121568877389924,0.49089438367938903,0.4792561412593557,0.2305496243708034,0.2820547734308095,0.5846804383466442,0.24044558967582425,0.2235491726731253
Damian Lillard,2016-17,2694.0,-2.0,-1.6680525293417607,-1.5507149178580422,-1.5454264808254545,-1.7610348367428341,-1.6649946187981168,-1.7252145997327906,-1.641440728012883,-1.6912981061920291
Blake Griffin,2016-17,2076.0,1.399999976158142,0.3631161394864464,0.5547009509455199,0.5175719092928176,0.35827995996238304,0.42950026506727723,0.23446054889078455,0.37175322120366877,0.3619070946054306
John Wall,2016-17,2836.0,-0.8999999761581421,-0.6300773478572945,-0.36857143950380544,-0.42094753787626893,-0.6161874772558004,-0.6651680953440539,-0.840942581282668,-0.6413537201370163,-0.626604880206921
Gordon Hayward,2016-17,2516.0,0.800000011920929,0.5233577380648051,0.8803508369520978,0.8129373426890856,0.5238756457125249,0.5321487063648656,0.539024652538564,0.5390637189169947,0.5234872149767351
Paul George,2016-17,2689.0,0.4000000059604645,0.8928260091645993,1.0496857649730988,0.8507074538667843,0.882872639191089,0.8545649329001932,0.8216468076627708,0.8199735529027865,0.8903376666712217
DeAndre Jordan,2016-17,2570.0,1.600000023841858,2.304371883329756,2.3078593601446933,2.2576670244771657,2.466196378220778,2.7910904937975167,2.416426297488531,2.2681126500561626,2.3448280070525116
CJ McCollum,2016-17,2796.0,-1.100000023841858,-0.8734695193782152,-0.8858600671297162,-0.853045423902727,-0.8436947466402619,-0.8861607149981358,-0.8875817738002818,-0.8903157623197447,-0.8660258261937268
Otto Porter Jr.,2016-17,2605.0,0.800000011920929,0.8965478089916861,0.8615194700743551,0.7681378912113135,0.7021755263833848,0.6368718081431792,0.5396343604212785,0.8189990257119424,0.8479547383396108
Klay Thompson,2016-17,2649.0,0.4000000059604645,-0.4479342254158941,0.10236951514171351,0.10729214551781113,-0.3897586954350926,-0.29320010521865736,-0.12500422945094888,-0.33495622495343536,-0.4333903429206938
KarlAnthony Towns,2016-17,3030.0,-2.0999999046325684,-0.4178850513347976,-0.6208659310153297,-0.626942521154693,-0.6170336960027003,-0.42119408776346057,-0.9704047854995997,-0.4399100743586667,-0.46767221250177327
Lou Williams,2016-17,1994.0,-1.899999976158142,-2.0175101168989693,-1.9768950133712173,-1.9726122588533084,-2.0124984663387813,-2.100363847478438,-1.941380063341474,-1.974666330038689,-2.016257204258922
Trevor Ariza,2016-17,2773.0,0.8999999761581421,0.266405676602898,0.2469858351567128,0.1298477986258053,0.22580265637521799,0.1295931398655486,0.22352105364288682,0.18563555693864803,0.256254921545978
Patrick Beverley,2016-17,2058.0,2.5,2.002385572861486,2.120572063077199,2.058646728790795,2.05529788945293,1.9912505347348963,1.8219954899516222,1.8803238570453307,2.015613652009347
Kevin Love,2016-17,1885.0,1.5,1.3139111036646591,1.2673261109721112,1.1703704828529404,1.3518283529196387,1.2871504022782214,1.3322333113587579,1.275853921718343,1.323390415978404
Paul Millsap,2016-17,2343.0,2.200000047683716,1.5383592492151583,1.7800764679820493,1.7542038229819896,1.5853338659249543,1.4899806107481819,1.5425552139770393,1.544886544158214,1.5501029033926073
Marc Gasol,2016-17,2531.0,1.600000023841858,0.6439703916093872,0.9607715801044487,0.8233523726941723,0.760821672579325,0.6852920808148697,0.9929511533400143,0.6376659404505474,0.6731832118518717
Kyrie Irving,2016-17,2525.0,-4.0,-1.855248149129924,-1.929786194445454,-1.8454405804882732,-1.9429283849884054,-1.854241788271368,-2.2313800913116917,-1.8490126550190105,-1.8771682080945444
Jae Crowder,2016-17,2335.0,0.6000000238418579,0.5022755809854578,0.46989805163901754,0.5095333781504637,0.49517156158669423,0.5437761874096949,0.5111557381558857,0.47900471516744386,0.5004995761357669
Tobias Harris,2016-17,2567.0,0.800000011920929,-0.08328014372240668,0.34837800510703587,0.31370347353178385,0.14313880615315488,0.01055670982772694,0.09395137460843714,-0.030081966587451298,-0.02667540625351629
James Johnson,2016-17,2085.0,2.4000000953674316,2.473528656500501,2.5581717047765693,2.571198317326205,2.3591523219876605,2.4269896985462833,2.466658799953634,2.4667128561058953,2.444934572872291
Andre Roberson,2016-17,2376.0,4.0,2.6427061958596787,2.7181088733989585,2.6036334706766775,2.8557633429743396,2.9002656271159517,2.8968426546171973,2.5966758844715314,2.695970482638344
Ricky Rubio,2016-17,2469.0,0.30000001192092896,-0.7271749706792804,-0.48167776927731487,-0.6104165838671203,-0.49789060224209813,-0.3664662280080675,-0.5834423664046015,-0.7834406836355419,-0.6698538785699848
Jeff Teague,2016-17,2657.0,-0.8999999761581421,-0.5820023576176355,-0.4379042265449608,-0.4314016094856696,-0.6514172132127454,-0.6160895949256492,-0.8164836244832563,-0.5930504907189026,-0.599356071516413
JJ Redick,2016-17,2198.0,0.20000000298023224,-0.8690787922216885,-0.8400311712070088,-0.8275007785362786,-0.9467775575013281,-1.0164501839938824,-0.9998446627190504,-0.8511137320303572,-0.8885034835415985
Michael KiddGilchrist,2016-17,2349.0,3.4000000953674316,2.1833152171615007,2.1621915481294858,2.0058059015348837,2.287996342782484,2.252786946217889,2.1579879232643315,2.0772900784397392,2.2094854985667465
Amir Johnson,2016-17,1608.0,3.5999999046325684,2.2894371380765466,2.5591357989889643,2.60459787325682,2.288923583591312,2.382167670263898,2.185988484084108,2.296791844295109,2.289308749455238
Andrew Wiggins,2016-17,3048.0,-0.800000011920929,-1.6846227448588975,-1.9050524007460614,-1.8922455133111922,-1.884770628663536,-1.7788739836936347,-2.0272159962414746,-1.717359615843756,-1.7346597158100572
Robert Covington,2016-17,2119.0,3.799999952316284,2.5633007706518893,2.8760253585897235,2.7863151502837393,2.5512958287129015,2.7095699794011083,2.651932905417209,2.5319527012728487,2.5602995351671423
Danilo Gallinari,2016-17,2134.0,-0.5,-1.2019886077166504,-1.1334836846368879,-1.107013027714895,-1.1823000952316889,-1.1444317953246894,-1.221976108902975,-1.1663079390799462,-1.19706647959541
Ersan Ilyasova,2016-17,2142.0,2.0,1.2604741881552273,1.331224133310803,1.3509284872727947,1.2269656063957053,1.2402904074120258,1.347547049178385,1.2955051746718866,1.2520970427153468
Victor Oladipo,2016-17,2222.0,1.7999999523162842,0.8324233162766723,1.0389667500889075,0.9594982627105462,0.6993628347318854,0.7654589895002706,0.7761259545470951,0.8317272194248828,0.7991581958904757
Myles Turner,2016-17,2541.0,2.200000047683716,2.628725071771472,2.327937790101125,2.2809830022867428,2.670499291555401,2.6343002478684214,2.513196199714478,2.5668027303762067,2.6391686267174546
Joe Ingles,2016-17,1972.0,1.399999976158142,0.07058749252776159,0.2928048161301107,0.31089627545862597,-0.005660012349772564,0.0032555258586882685,0.07766058138265128,0.11167968400600822,0.05152561630837805
Tyler Johnson,2016-17,2178.0,1.7999999523162842,1.6006625702511,1.6608961278997252,1.5801204351702918,1.6194250456677357,1.5496930717043746,1.76886752614249,1.5717761885720138,1.605353189105259
Tim Hardaway Jr.,2016-17,2154.0,-0.699999988079071,-0.46462351752455017,-0.33894207521975234,-0.19953041513787237,-0.4077807352706445,-0.24419460420649503,-0.282032381031999,-0.3611722934436592,-0.4504128219610738
Malcolm Brogdon,2016-17,1982.0,0.5,-0.6397505639325196,-0.5124773673749743,-0.4256686225469203,-0.5632895237847054,-0.5530974569925162,-0.487542650178249,-0.6075707942732042,-0.6206353038955661
Pau Gasol,2016-17,1627.0,1.600000023841858,1.2564733335323217,1.1868588167633978,1.2784696256861845,1.3030838657204904,1.2927632491351646,1.3984691844465087,1.2962788362422448,1.268125966579364
George Hill,2016-17,1544.0,0.5,1.3811785368783225,1.531659436367433,1.5661805368578643,1.243583352796921,1.1864153637455528,1.3394809554082343,1.4310063805532172,1.346779740857972
Luc Mbah a Moute,2016-17,1787.0,3.799999952316284,2.805922793270863,3.2513078473115686,3.1185592265567226,2.812821533461491,2.975303322384883,2.5505689978211334,2.8206779167072487,2.80764747831852
Gorgui Dieng,2016-17,2653.0,1.600000023841858,1.1304226828935209,1.2504246553214962,1.14268784738213,1.0532715211328625,1.0315861205810706,1.0520287884409298,1.0767397329482935,1.1111348924533564
Danny Green,2016-17,1807.0,2.5999999046325684,1.7161768027810849,2.2943869210944956,2.3293017018080238,1.821349070338851,1.891564665778303,2.187198683504806,1.7887867997409015,1.7424698696705263
Hassan Whiteside,2016-17,2513.0,1.7000000476837158,1.9164253772279294,1.3616033549055975,1.3360144975535295,1.7985955980480242,1.8008480300659258,1.964482435321154,1.8300341036621286,1.8869679324329531
Seth Curry,2016-17,2029.0,0.6000000238418579,0.1658767532575468,0.5800836970719051,0.6393396307689561,0.17630991895857895,0.1590372903679057,0.13431139927707564,0.23222489079260034,0.16848504468280484
Manu Ginobili,2016-17,1291.0,2.9000000953674316,1.4066223258593828,1.901616260208314,1.8519795816500775,1.39382236348624,1.2862865102820111,1.4874407198408088,1.4784929696470814,1.403422335266097
Elfrid Payton,2016-17,2412.0,-0.8999999761581421,-0.3489546113310211,-0.20333899229918778,-0.2104232880186849,-0.4176348037280303,-0.39020716929987126,-0.5942983960007452,-0.3538378283106548,-0.3661246594302734
Marcus Smart,2016-17,2399.0,2.0999999046325684,2.033764340813491,1.9518589966326187,1.8649682125472353,2.0200048818283096,1.9671556039643563,1.9528245374162618,1.9462435832399883,2.0303244760671957
Andre Iguodala,2016-17,1998.0,1.2000000476837158,1.0674085721381135,1.3063198607727478,1.2498345420011154,1.1071481730964172,1.1708778668814663,1.4800618456487427,1.1097210908889479,1.0773434723776893
Wesley Matthews,2016-17,2495.0,0.8999999761581421,0.2784200054678357,0.3924657249688508,0.31122630443903343,0.3001205684494653,0.4052760261448196,0.39851542729221395,0.2607130496844284,0.2838451462132431
DeMar DeRozan,2016-17,2620.0,-2.0,-2.081556668823951,-2.1269100201389763,-1.9982240324979927,-2.146765056655565,-2.006162463411046,-2.0431187945030764,-2.035833586860335,-2.0978587657818544
Goran Dragic,2016-17,2459.0,-1.7999999523162842,-0.9371269053822757,-0.9685439122535469,-0.9355045102637174,-0.9701973056769606,-0.9082342182392965,-0.8250515254924522,-0.9167897400387341,-0.9453945054559469
Patrick Patterson,2016-17,1599.0,1.899999976158142,1.437376954695173,1.4084895408180815,1.4776960176581315,1.3424654163754228,1.398586999420214,1.512800627362049,1.4808087893239301,1.4136490701152353
Terrence Ross,2016-17,1955.0,0.0,-0.7733766939601453,-0.3787576353044825,-0.449188536239734,-0.7108982159028046,-0.8853852918499499,-1.0074925349723907,-0.7559659236237657,-0.7577570744458102
Thaddeus Young,2016-17,2237.0,2.0,1.7486453191978704,2.0190556345279824,2.0329238392338858,1.7422929736780737,1.7430258530745837,1.8656188294780238,1.7651113656284485,1.7470572328179212
DeMarre Carroll,2016-17,1882.0,2.0999999046325684,0.9597109817272981,1.2220334464035547,1.195888751843101,0.9807046104890935,0.8830558665559776,1.206356330801602,0.9688163494836007,0.964959388917747
Wilson Chandler,2016-17,2197.0,0.5,-0.9849648495476395,-0.9415976910481845,-0.9769421746487124,-0.7938022296944691,-0.8798439223018524,-0.8979424954287396,-0.9681642553098415,-0.9371741945843469
Aaron Gordon,2016-17,2298.0,-0.30000001192092896,-0.5190533538084575,-0.48556990031156727,-0.5302481203583999,-0.6460663713038339,-0.510279525099317,-0.6636160543814185,-0.5294261259768653,-0.5508066081823015
LaMarcus Aldridge,2016-17,2335.0,1.7000000476837158,1.416932362694897,1.3093936575842882,1.3242225938437586,1.5240475658742723,1.2388470672250933,1.654450660550384,1.4624692340189103,1.4437111634897408
Tony Allen,2016-17,1914.0,2.200000047683716,1.6092384796941812,1.8977900631809015,1.8586324430172296,1.5121709357611504,1.7242961149385267,1.773363176503906,1.5672344808560172,1.5849715937109237
Jrue Holiday,2016-17,2190.0,0.20000000298023224,1.7624719778677886,1.9127889525534258,1.8635321228943906,1.837167790293871,1.7880517436562926,1.8558211854801503,1.7688965426609609,1.7811459309743094
Al Horford,2016-17,2193.0,0.30000001192092896,0.5061201357377411,0.5357629485219879,0.5181728143419395,0.5413288322662968,0.533795299305066,0.6466222588138294,0.5021505165307821,0.51492230986988
Nicolas Batum,2016-17,2617.0,-0.699999988079071,-0.6092204626432701,-0.580599097657729,-0.5958168939908227,-0.519357435311213,-0.49002372890717816,-0.629914387240244,-0.6253136979195223,-0.5867547058102559
Eric Bledsoe,2016-17,2176.0,-2.4000000953674316,-1.5263343766296822,-1.4975896903647352,-1.4762667752319887,-1.5984797990827646,-1.4957498694517266,-1.6935368880126547,-1.528212796490736,-1.5443707322429527
Nikola Mirotic,2016-17,1679.0,1.100000023841858,1.5289942749004064,2.146473558461865,2.1055805504643184,1.5206913367403372,1.3837593929733658,1.79763804812757,1.6275951123282615,1.526918540360389
Vince Carter,2016-17,1799.0,0.4000000059604645,0.6037840833170892,0.6774477056367461,0.6219093663764141,0.6777039450226231,0.5589501666296913,0.7070959964529396,0.6040054450918986,0.6222640487434726
Dwight Howard,2016-17,2199.0,2.299999952316284,1.9210537934163678,1.9484832613091378,1.8046934007927686,2.124241679879496,1.9298935436776514,2.2982571482022958,1.8944072831806578,1.97185076503215
Greg Monroe,2016-17,1823.0,0.10000000149011612,1.3253416330846581,1.3287149865860728,1.2882399756841658,1.3866873099359294,1.0621183224433373,1.0219237648496278,1.2816000191428403,1.340678052297476
Eric Gordon,2016-17,2323.0,-1.0,-0.7739768862570542,-0.9801034142922134,-0.9601207774161266,-0.6700356988624634,-0.7805417797991616,-0.72790938950749,-0.7604118532083322,-0.7479915894084065
Gary Harris,2016-17,1782.0,-1.7000000476837158,-2.393847004791021,-2.5890686209986944,-2.6237364522252635,-2.3357144464779607,-2.549165091665543,-2.533601168217372,-2.4350639583837492,-2.379313865212756
David Lee,2016-17,1477.0,1.7000000476837158,1.322203446741735,1.794125399642551,1.8520674023519104,1.2426134605557373,1.2974124335734984,1.3850237616934007,1.4472725581745904,1.3023059501952354
PJ Tucker,2016-17,2236.0,1.600000023841858,2.2315010074116195,2.068586634923059,1.9284537435400515,1.9536689040267112,2.1412733433848032,1.7624496209454077,2.1006735184126764,2.1620429815653925
Maurice Harkless,2016-17,2223.0,0.30000001192092896,-0.3308793770898156,-0.2566861107084846,-0.3388678236239351,-0.12193514972344976,-0.08244973800108063,0.006942733510669652,-0.3444375056541383,-0.27864332024822414
AlFarouq Aminu,2016-17,1773.0,3.5,1.8151707503896892,1.9185053846985758,1.7880613943927104,1.833759462552094,1.8480708674077866,1.7936052202785557,1.72200853282692,1.8198179284302904
Harrison Barnes,2016-17,2803.0,1.100000023841858,-0.5984569851150402,-0.1486653475605412,-0.12132776489976867,-0.5021678818673014,-0.37577520262789255,-0.7031446101030207,-0.5481374019935276,-0.5743847093031055
Channing Frye,2016-17,1398.0,1.7999999523162842,-0.24629039034683697,0.04126141731633515,0.07964414377671011,-0.1441468464042236,-0.009373305913126961,-0.15496208103470127,-0.15749512796662446,-0.22075450436118363
Nikola Vucevic,2016-17,2163.0,2.0,1.551086026678082,1.6792108486321853,1.7405698493206678,1.4949585299841306,1.538879854384124,1.5263066135277723,1.575313416468675,1.5370541525045942
Dion Waiters,2016-17,1384.0,1.2000000476837158,0.6213439794265412,0.8793424587000683,0.9354470870498905,0.545178139773855,0.640533952030989,0.46431045900474877,0.6694312957073737,0.6023025195133697
Kentavious CaldwellPope,2016-17,2529.0,-0.699999988079071,-0.9188936713170973,-0.5312470940490462,-0.5763170415871938,-1.0424329471198583,-0.973724109481547,-1.160049220286749,-0.8478002706122959,-0.9497784902677876
Dewayne Dedmon,2016-17,1330.0,4.099999904632568,3.5490022909862393,3.877130586117468,3.957968289338167,3.534307130370239,3.3276393546839804,3.77204003077853,3.6061914593722277,3.5453285008322393
Patty Mills,2016-17,1754.0,-0.699999988079071,0.11754744456920009,0.48227544978861764,0.5317616200200602,0.18459339186707902,0.10445524485135133,0.1837774068826855,0.22072183663733008,0.13430893139366984
Garrett Temple,2016-17,1728.0,1.899999976158142,-0.2600855975695131,0.15266375280706013,0.05200389193777438,-0.2259692095070398,0.019003197854798426,-0.15374251141150436,-0.28136993450538283,-0.2515565005538948
Marvin Williams,2016-17,2295.0,0.6000000238418579,0.14941732145076564,0.3677102957952855,0.37514139285385684,0.11645991226632246,0.03586178883153199,0.0811297157780628,0.17392258719069392,0.14117796915465486
Kristaps Porzingis,2016-17,2164.0,1.600000023841858,0.6942691793081897,0.8562109921607066,0.8111985810572814,0.6044336062889691,0.6123222205290093,0.7438178221813936,0.7096797950224376,0.6718102860533844
Tristan Thompson,2016-17,2336.0,1.2999999523162842,0.7758645623345303,1.1298307722709855,1.0874058499517147,0.6612471377882716,0.7668023016686194,0.4219062629693351,0.801294066785023,0.7472102061979655
Ryan Anderson,2016-17,2116.0,-0.699999988079071,0.05136182549758181,-0.08451996643791444,-0.012688663568532349,0.15768286863371336,0.030946848618063127,-0.03943247712866654,0.06325206375220098,0.0779420862816147
Brook Lopez,2016-17,2222.0,0.20000000298023224,0.08278258184129739,0.18239931788639324,0.2578167537771601,0.09028952591807343,-0.012576490117624729,0.13554978059880268,0.12371233328751384,0.0846593178604914
Steven Adams,2016-17,2389.0,1.600000023841858,1.7199964218290702,1.9444967932020873,1.942119383045116,2.004884148122175,1.9605482629037392,1.8897145192584435,1.740474054427418,1.7912183534023463
Avery Bradley,2016-17,1835.0,0.699999988079071,-0.9917086870236335,-0.904957506595109,-0.9454565560133587,-1.0129817343733798,-0.9175133634970671,-0.7636219525843476,-1.007319124326229,-0.99702694886107
Mason Plumlee,2016-17,2148.0,0.10000000149011612,0.1021085313416831,-0.0798108894934604,-0.013008788040300354,0.15657529134212367,0.18361150447331478,-0.3044460280622744,0.07327010963228285,0.11572522134179325
Jared Dudley,2016-17,1362.0,2.299999952316284,1.8228803110646024,1.8120092039834088,1.7433657107919585,1.7825408622749874,1.5805231293977025,1.22664912532682,1.8349079429339124,1.8127954488671987
Wayne Ellington,2016-17,1500.0,-0.5,-1.2154198162191985,-0.9933252993486958,-0.9172773598898679,-1.2060829928809897,-1.1060001133273176,-0.974785501945433,-1.1206705798803915,-1.2130856103846464
Evan Fournier,2016-17,2234.0,-0.4000000059604645,-0.35169518332912214,-0.5044227709601519,-0.5533802117569472,-0.4669129607777681,-0.34454406024300005,-0.6055812699386501,-0.38031461741973255,-0.38049962769128365
JaMychal Green,2016-17,2101.0,0.800000011920929,0.27818017452842275,0.4334660408985429,0.41061018395007975,0.3142907470610988,0.177060114962924,0.23273005067055036,0.30460581832741374,0.28720781766159176
Jason Terry,2016-17,1365.0,1.100000023841858,0.2997523944738567,0.8533444130514645,0.9069353943585816,0.39656272690975136,0.34258114459214467,0.6805204271247047,0.3773797237691727,0.3239549775828304
Kent Bazemore,2016-17,1963.0,1.399999976158142,0.9667678045627572,1.080295703328419,1.079910812013616,1.1506546661400192,0.9633337832270201,1.2493887349848674,0.9364573483012472,1.0127395199570728
Rondae HollisJefferson,2016-17,1761.0,2.0999999046325684,1.1689630131327924,1.1180291667603774,1.0051552341052175,1.053298027856754,1.0844117090514893,1.0772083223410867,1.0892628096171204,1.1400467668137828
Joe Johnson,2016-17,1843.0,-0.800000011920929,-1.2553807121017722,-1.0412825113918236,-0.9416989433498427,-1.3486568912530816,-1.1988871949147373,-1.401054933887601,-1.1385217280770856,-1.2786997568895995
CJ Miles,2016-17,1776.0,-1.100000023841858,-0.22908581428471958,-0.31857822659167734,-0.30419520120915167,-0.23403191810608193,0.01640434807555846,-0.3918977628127752,-0.23701606309334275,-0.23032234024006015
Thabo Sefolosha,2016-17,1596.0,2.299999952316284,1.6882312937330983,2.276387748667605,2.2366236585536816,1.7556404149231903,1.7233686240058304,1.8346628527650362,1.7233200617446145,1.7050835740306214
Clint Capela,2016-17,1551.0,0.8999999761581421,1.5273000539516577,1.5605908195397198,1.6097277482245294,1.4176221199965136,1.239264220387457,1.4076461513044152,1.5349333307932398,1.4998805704628717
Zach Randolph,2016-17,1786.0,0.0,-0.6319838840473105,-0.29848995377725623,-0.15458329824927078,-0.62535051845891,-0.18332251856458215,-0.7386938511993361,-0.5389080975791233,-0.6303255426502105
Derrick Rose,2016-17,2082.0,-1.399999976158142,-2.2199850918814215,-2.305760306655066,-2.328890083188869,-2.188716271268011,-2.203485259950667,-2.1720815365233834,-2.229160815616643,-2.2121678867280687
TJ Warren,2016-17,2048.0,-1.100000023841858,-2.0814040744381987,-2.1314452183865025,-2.107616612211144,-2.2221379369144825,-2.433354126405132,-2.14646193560995,-2.0940606531626793,-2.1165875400572696
Solomon Hill,2016-17,2374.0,1.2000000476837158,0.6806068469073314,0.9840991298604499,1.0313735898508485,0.75733596837113,0.8046988674001584,1.0093848007406074,0.7155776344524623,0.699789127273281
Serge Ibaka,2016-17,2422.0,0.30000001192092896,0.23390151116556035,0.23985314223282406,0.23996905410577235,0.23894583389185642,0.15042550523777726,0.08090637694300598,0.2093688199812034,0.23516259184713437
Markieff Morris,2016-17,2374.0,1.100000023841858,0.9947215815188087,0.8856844196637542,0.8322749269649419,0.792635186814998,0.7057384348608249,0.7707307517617885,0.9551012337184173,0.944199982842856
Nene,2016-17,1198.0,3.5,1.9251609612133653,2.477624994574163,2.5975870442615707,2.0270500139829957,2.072491434911999,2.158517825090111,2.0077851071043855,1.950633224405773
Josh Richardson,2016-17,1614.0,2.0999999046325684,1.6963809136766428,1.7250252039802572,1.7187242196582342,1.6351218042888194,1.5369895345637277,1.7514663711107923,1.703262097743589,1.6810661363296868
Nick Young,2016-17,1556.0,-1.5,-2.7850777500136537,-2.7965123498519757,-2.8847113411508762,-2.586199641033193,-2.5497068354209205,-2.772824566075824,-2.802671115131534,-2.7353582227685385
Devin Booker,2016-17,2730.0,-2.0,-2.227000201787378,-2.428654293664718,-2.462593979307735,-2.2991683919144807,-2.2516208848221066,-2.340325281435091,-2.227300650963665,-2.2450422493191535
Jonas Valanciunas,2016-17,2066.0,-0.699999988079071,0.03546392587626111,-0.19959462638500827,-0.1449905358212851,-0.04103030676586361,-0.04365562524048516,0.32084491670977533,0.04280379812105404,0.01634036771572993
Nemanja Bjelica,2016-17,1190.0,1.899999976158142,0.9769282188622355,0.8175605346828678,0.9661458486831089,0.8819484782921143,0.9019664220217886,1.0687919235154493,0.990780159094587,0.9531832837197052
Kenneth Faried,2016-17,1296.0,-0.4000000059604645,-0.8630112802024039,-0.3986675851427343,-0.3480842616160499,-0.8512746058324245,-1.2149941225893592,-1.0292535880754854,-0.8096459205261314,-0.8600771116099091
Justin Holiday,2016-17,1639.0,0.6000000238418579,0.49928680667051195,0.7457795019791356,0.6677293287030386,0.5224730183999873,0.5499839778770054,0.6426730386702072,0.48809562699416664,0.5050833596028808
Dwyane Wade,2016-17,1792.0,-0.5,-0.16858023563572042,-0.24903188862539521,-0.28496916999778477,-0.31531044053370566,-0.3593850988034887,-0.1441301050507326,-0.19620368048571207,-0.2052627868602167
Cody Zeller,2016-17,1725.0,1.399999976158142,2.0503087510267304,2.0495549773029365,2.0191329254995396,2.1744438200310734,2.045083477060491,2.0648234650235033,2.045351335656873,2.0813425182778165
Darren Collison,2016-17,2063.0,-1.7000000476837158,-1.847508600334962,-2.0440062049068266,-2.0942304770031503,-1.8579616597426405,-1.665458433918782,-2.001168987796795,-1.8708062930648626,-1.8501218651868816
TJ McConnell,2016-17,2133.0,0.6000000238418579,1.2147656241056453,1.3305463577377734,1.2447522138859932,1.2128085166384661,1.2571119027526794,1.5270714976795947,1.16055267878492,1.2142763472388505
Kyle OQuinn,2016-17,1229.0,0.30000001192092896,0.2516239807307298,-0.3841229073697189,-0.4795280090713677,0.10108154656274579,0.481646313898354,0.31749776388946604,0.1271568310084541,0.2139883721887338
Zaza Pachulia,2016-17,1268.0,0.8999999761581421,2.1347320697444596,2.279255339399122,2.1814281284916794,2.389565910404879,2.05067999032379,2.5225907973107824,2.1325836520591284,2.1984405299095644
Carmelo Anthony,2016-17,2538.0,-3.0999999046325684,-2.4100322694460106,-2.613970196692389,-2.54926575737081,-2.681862235506756,-2.597791266866305,-2.6805757466965003,-2.4230865563157393,-2.477989760961197
ETwaun Moore,2016-17,1820.0,-0.800000011920929,-0.9136870367905121,-0.8360294345224157,-0.7934577567488948,-0.8899370516086631,-0.9139794719219758,-0.943884187565857,-0.858288684013787,-0.9077495404950497
Marreese Speights,2016-17,1286.0,0.10000000149011612,-0.37051832310445343,-0.00574908313162989,0.14230064419304328,-0.475382089549924,-0.4681005134085242,-0.2210472420577885,-0.23536377292294572,-0.39673426471582107
Spencer Dinwiddie,2016-17,1334.0,-0.699999988079071,-0.03244073744579903,-0.08718153180113695,-0.1643710888455986,-0.19806362376836256,-0.2476075163265395,-0.26265314310710997,-0.05781461494503916,-0.07384645902643991
Rodney Hood,2016-17,1593.0,-0.6000000238418579,-0.6187496610768788,-0.17622375059462275,-0.10557653491014993,-0.7467621957360108,-0.6429042469972517,-0.732851814630669,-0.5280844463537439,-0.6507527947416618
Ty Lawson,2016-17,1732.0,-0.699999988079071,-1.0387511592825711,-1.036325206378824,-1.0244810955706185,-0.7898581763350169,-0.7276792260095238,-0.963194806984262,-1.0703289263806397,-0.9765279135456826
Robin Lopez,2016-17,2271.0,1.399999976158142,0.946007705778151,1.113333692509791,1.1264587498305152,1.0533378706060228,0.9655172064581504,1.0618462493663974,1.0015995905100146,0.972840246985119
Jamal Murray,2016-17,1764.0,-0.4000000059604645,-0.07887681413335544,-0.014850641731564765,-0.0394631408806152,0.02445625854663208,-0.137521351315479,-0.08107159806955783,-0.0755209810000527,-0.05304354596335856
Norman Powell,2016-17,1368.0,-0.10000000149011612,-0.847158115632741,-0.7367175811715849,-0.667626511926136,-0.8251471982372257,-0.7591514398967847,-0.8289182754480949,-0.8053936490579865,-0.8416553862838622
Rajon Rondo,2016-17,1843.0,-0.10000000149011612,-0.009400215944996196,0.4164286006289906,0.3639776630167596,-0.011080545217209303,-0.07062268649418768,0.004099873547241228,-0.013232349960864996,-0.009820298263049473
Jon Leuer,2016-17,1944.0,0.5,0.016583249777868403,0.36806282647868926,0.4130830433973757,-0.010751173167601213,0.08747144450233169,-0.0495011869720593,0.08682702887032068,0.009749644041500999
Iman Shumpert,2016-17,1937.0,0.6000000238418579,-0.22463263978923662,-0.138081021853015,-0.2014803040691119,-0.27372344680061306,-0.35350053758299227,-0.1389552924512,-0.2629786244483258,-0.2369053415420807
Will Barton,2016-17,1705.0,-1.899999976158142,-1.6007025563003694,-1.4984604975613462,-1.551586029691063,-1.5366640197877308,-1.403956333847179,-1.7337806230889177,-1.611044706623062,-1.5846929221722097
Trevor Booker,2016-17,1754.0,1.2000000476837158,0.6784560306502903,0.9842317867234321,0.9349301593852378,0.6577978998252502,0.4922796178735549,0.7692204965461319,0.6855762812240965,0.6732914979440303
Troy Daniels,2016-17,1183.0,-1.2999999523162842,-0.915570119050374,-0.9941166090608253,-0.8399649604426782,-0.8905519449521733,-0.859018925627907,-0.8709683308923588,-0.8378573944193479,-0.9093155755258239
Sam Dekker,2016-17,1419.0,0.10000000149011612,0.5762855787305344,0.5132321926880221,0.48991736637437827,0.36539781479100764,0.3346126649043891,1.1828754515300455,0.5773296072355618,0.5235636377456527
Courtney Lee,2016-17,2459.0,-1.399999976158142,-2.1855152168939798,-2.265443116815179,-2.262508480241353,-2.250366045880892,-2.1385589250854204,-2.2775020300679016,-2.189629368311351,-2.201727924140708
Jusuf Nurkic,2016-17,1391.0,2.4000000953674316,1.6948469711525318,1.7183947007850444,1.6378114368458643,1.6438881661194973,1.6185196272494937,1.4733567616205616,1.6299429411591593,1.6821072698942732
James Ennis III,2016-17,1501.0,1.100000023841858,0.4814737880527189,0.48290217503075805,0.4457747599756913,0.5377459819769943,0.5841933276931492,0.6911797456930198,0.46395159048591,0.49554183653378775
Taj Gibson,2016-17,1989.0,0.6000000238418579,1.2878836897024897,1.1026534071169078,1.086495322858772,1.293707938601557,1.3662103134533095,0.9610675602863338,1.2534226851443075,1.2893397519272565
Brandon Jennings,2016-17,1802.0,-0.800000011920929,-1.109819335511753,-1.3599882944575516,-1.3861274095208178,-1.137794541594781,-1.3534707764551603,-1.2703708322916585,-1.1282806706546307,-1.1168131370325098
Ish Smith,2016-17,1955.0,-1.0,0.8168720352802261,1.0819090837519567,1.0442819474567,0.8333317560059692,0.772808109086834,0.4959672373606345,0.8446345909659463,0.8209869654616619
Langston Galloway,2016-17,1495.0,-0.10000000149011612,-0.21097623540712246,-0.015212915800012172,-0.07016250743378115,-0.13858085997680591,-0.19641177104919033,-0.19605892710474315,-0.1691747066199373,-0.1928773915495433
Marcin Gortat,2016-17,2556.0,-0.4000000059604645,0.4185651432144245,0.6468884502779304,0.6795032533119818,0.27975317884498085,0.32001666539921064,0.4557155198005423,0.4370518476247518,0.38386215212206365
Cory Joseph,2016-17,2003.0,-1.0,-0.5049789098870555,-0.40639820303872004,-0.46540787818458734,-0.5441266881782978,-0.4924583744328807,-0.6510238916573732,-0.504460617003363,-0.5147658544598661
Kosta Koufos,2016-17,1419.0,1.7000000476837158,1.2350468348166863,1.160630490476334,1.0972272331856425,1.105515340756775,0.9413616634620685,0.8330394427541815,1.1817084267235891,1.2026639613017085
Mike Muscala,2016-17,1237.0,0.5,0.3929973033014468,0.37423540903164,0.3949193864451884,0.061764223260286216,0.12112110816067001,0.04426702205673155,0.45318541729984335,0.3101890332911566
Larry Nance Jr.,2016-17,1442.0,0.6000000238418579,1.3418506790792244,1.6492900783831823,1.561045256014274,1.2746710079208383,1.3093157359214878,1.210899264012894,1.269357002424991,1.325055761289628
Jabari Parker,2016-17,1728.0,-1.5,-1.643212118493005,-1.6024233658834128,-1.5681510874981572,-1.8054415391361713,-1.6043089060988285,-1.8055522614296435,-1.6304791720546536,-1.6837694736537967
Jordan Clarkson,2016-17,2397.0,-1.100000023841858,-2.5609983970430745,-2.5226872045318034,-2.587839980332746,-2.481960394242483,-2.5693261973045938,-2.3632197174965475,-2.5323290993838516,-2.541238896342927
Dante Cunningham,2016-17,1649.0,0.20000000298023224,-0.24591427848923314,0.16989897249059702,0.15310669972071458,-0.33555723326961173,-0.3007368056971411,-0.3277224485113508,-0.18468762709020284,-0.2683250171843278
Luol Deng,2016-17,1486.0,0.699999988079071,-0.232614489789655,0.1884927522408872,0.14528083591905855,-0.24456760299866862,-0.19092486655512078,-0.12895536343643607,-0.2182125709566171,-0.23560276809190842
Willy Hernangomez,2016-17,1324.0,0.20000000298023224,0.5812810595627742,0.39411654220433573,0.44102046662740035,0.4085716265088913,0.5469045772191645,0.5875907595892481,0.5592553164760987,0.5381037012993035
Dirk Nowitzki,2016-17,1424.0,0.30000001192092896,0.042470440354892725,0.30915277754814363,0.3449359105584976,0.23519882221800675,0.01509184350227093,0.039370305770346205,0.10007115974102213,0.09065253582067123
Zach LaVine,2016-17,1749.0,-2.4000000953674316,-2.6569512611588326,-2.6976920107097717,-2.6843164754135813,-2.535075763242341,-2.523554280245499,-2.608814477087408,-2.626044483677071,-2.62648238667971
Evan Turner,2016-17,1658.0,0.8999999761581421,-0.23082997485373158,-0.2090531879544194,-0.23725784497976823,-0.3179231116008694,-0.2912523864254111,-0.43296296832055015,-0.2327492585165722,-0.25260325904051606
Caris LeVert,2016-17,1237.0,-0.800000011920929,-0.020388552272045113,0.09968966163119602,0.10337174011291919,-0.2372902605973956,-0.3616849622106312,-0.23644873579873302,-0.022405287855678073,-0.07461397935338274
Rodney McGruder,2016-17,1966.0,-1.399999976158142,-0.8848561631227216,-0.6369923962867352,-0.5890645035580669,-1.0355029628397283,-0.9104614630733481,-0.785601057212107,-0.8599097677050094,-0.9225178630519733
Glenn Robinson III,2016-17,1427.0,0.20000000298023224,0.10057194221931737,0.3153939458124073,0.2816925050523913,-0.06617396786817903,-0.005519406701997381,0.04086744255970362,0.12640502389542702,0.05888546469744327
Dario Saric,2016-17,2129.0,0.30000001192092896,-0.5289310447126362,-0.5731413863224462,-0.4984314773066491,-0.4918202824712308,-0.5446139216957598,-0.21997811655859412,-0.5051559182070338,-0.5196533541522848
JR Smith,2016-17,1187.0,-0.5,-0.829325164943711,-0.5127380897419884,-0.5472089841965361,-0.8105154719415815,-1.0659404253907347,-0.8461802151083461,-0.8355009840720485,-0.8246227416931786
Corey Brewer,2016-17,1281.0,0.4000000059604645,1.359140991126027,1.6444731812566464,1.5703275758867874,1.3193489404080367,1.5359662353973211,0.9547447397831271,1.2919688568059184,1.3491929784465293
Dwight Powell,2016-17,1333.0,-0.5,-0.4951869391569712,0.24635898997193884,0.2585471449330251,-0.5736022906649408,-0.560578250433257,-0.5720853379389698,-0.43082617915518434,-0.5147907770339636
Matt Barnes,2016-17,1777.0,-1.0,-0.9270072618974308,-1.1963623520323505,-1.1587624350844337,-1.051398933166357,-0.9179854863779979,-1.114898791925054,-0.9722448356624385,-0.9581051797146624
Tyson Chandler,2016-17,1298.0,-0.30000001192092896,-0.10232018564631248,0.3191169271560197,0.2509329694072055,-0.04143143409964878,0.3414657877393714,-0.21465717121308456,-0.10134211923249162,-0.08709799775964655
Dante Exum,2016-17,1228.0,0.699999988079071,0.7462280104095398,0.4076235438340672,0.42850145851889515,0.6512840167642744,0.4889786259167598,0.5507452532660176,0.6805409411847676,0.7224920119982234
Dorian FinneySmith,2016-17,1642.0,0.800000011920929,0.18938137245925535,0.3699732217027395,0.39328464102834015,0.28256431871909193,0.48522400553631984,0.45229603751368147,0.20900141483680001,0.2126771090242145
Jerami Grant,2016-17,1531.0,0.20000000298023224,-0.8920390003601919,-0.8122719551057467,-0.7736149067942092,-0.874902140778532,-0.940712579364626,-1.05857742918713,-0.8565760645526479,-0.8877547854647769
Jonas Jerebko,2016-17,1232.0,-0.8999999761581421,-0.6943306419779776,-0.8864193277617406,-0.8494539595682778,-0.7909370440098693,-0.7430952809674851,-0.6642159382950159,-0.6838671205614377,-0.7184822424859505
Anthony Tolliver,2016-17,1477.0,-1.2000000476837158,-1.2830395124952414,-1.0666601878402147,-1.0821080824340346,-1.3030720104707483,-1.3376598241876618,-1.4294015865574,-1.2802810140913616,-1.288047636989118
Marco Belinelli,2016-17,1778.0,-2.0999999046325684,-1.465562467754976,-1.5302557867458941,-1.4872036274240836,-1.6348311674907554,-1.5493052972557886,-1.707487339999708,-1.4419507202580752,-1.5078796426889207
Monta Ellis,2016-17,1998.0,-0.5,-0.8322114381490793,-0.5418186562481081,-0.5665933392501857,-0.9267444433321353,-0.8183132124661987,-0.9131066519509876,-0.8215320711774696,-0.8558446894448433
Tim Frazier,2016-17,1525.0,-1.2999999523162842,-0.5959620555930467,-0.39724897882125204,-0.37563918163746723,-0.5104523122672995,-0.3411291102181031,-0.340816547057057,-0.5761215327885421,-0.5745846197616099
Kelly Oubre Jr.,2016-17,1605.0,-0.10000000149011612,0.49908785029893216,0.6361474397006366,0.5509766416279537,0.6763488110892815,0.5774013220906471,0.6591950242820046,0.4642570151231704,0.5434030904965195
Jonathon Simmons,2016-17,1392.0,0.699999988079071,1.0363072236128081,1.578996556793308,1.6360778203230346,1.0959875749611323,1.0161583817101327,1.1321631099062381,1.1291574602635173,1.0512273114498891
Tony Snell,2016-17,2336.0,-1.600000023841858,-1.975547503483186,-1.678741821474334,-1.666738289345739,-1.9739114951123182,-1.9428658750161163,-1.8622648523273542,-1.9494093404718151,-1.975138501390469
Nik Stauskas,2016-17,2188.0,-2.0999999046325684,-2.214336268454152,-2.1310078834398993,-2.0900601109161174,-2.2399944484774688,-2.1945309329921496,-2.0177158735860683,-2.1479494512006037,-2.220750813459981
Richard Jefferson,2016-17,1614.0,-0.4000000059604645,0.1550936692097851,0.2338460708938029,0.28532928050643974,0.15092053798023894,0.20971663756587997,0.22448576165112674,0.15686778471018548,0.15405038640239857
Shabazz Muhammad,2016-17,1516.0,-1.600000023841858,-2.049445533927716,-2.179248212744653,-2.115334159364849,-1.9632738960775684,-2.0907170957263674,-1.893282255834252,-2.0153439189954145,-2.0279026244651788
Terry Rozier,2016-17,1263.0,0.20000000298023224,0.961477214336917,1.2391779204869708,1.2676392697967884,0.9207137557348788,0.8953872808942963,0.9599790763357092,1.0066402236749148,0.9512863496864075
Dennis Schroder,2016-17,2485.0,-2.5999999046325684,-0.7142011351044084,-0.6350118352775713,-0.5704795531362157,-0.6982571284636112,-0.6197116033610084,-0.7084085115875354,-0.6853470413182756,-0.7102151334442091
Justin Anderson,2016-17,1228.0,-0.800000011920929,-1.3728955112469998,-1.218603199747871,-1.1164400878403322,-1.466945472329178,-1.542284071070234,-1.5506440019713825,-1.3125901197040062,-1.3964080015175444
Andre Drummond,2016-17,2409.0,0.10000000149011612,0.3968302103884197,0.5278142962408315,0.5226633987289317,0.49559855307327827,0.6321136534226132,0.3216078314190989,0.3470742306307189,0.42152229605963437
Buddy Hield,2016-17,1888.0,-1.399999976158142,-2.241483508684029,-1.9385880161575106,-1.9094659575370707,-2.305519965699623,-2.3284613396731535,-2.0362393863795423,-2.151695295770383,-2.257492622937927
Reggie Jackson,2016-17,1424.0,-2.0999999046325684,-2.386424885439654,-2.7465964491152848,-2.676048708200475,-2.506663510247245,-2.3467553820518314,-2.6406594807322854,-2.3851605830574534,-2.4164845416415517
Stanley Johnson,2016-17,1371.0,0.5,1.302015160309802,1.4957126247545587,1.4412226392470258,1.277701260111847,1.2024019877001404,1.3153803470021557,1.2781804755411625,1.2959366852603134
Sean Kilpatrick,2016-17,1754.0,-2.200000047683716,-2.4725028792430694,-2.5741979577965846,-2.516138121456935,-2.3969849276660637,-2.347735090029791,-2.534077028598697,-2.434553656806595,-2.4536233913488177
Kelly Olynyk,2016-17,1538.0,-0.699999988079071,0.6894184222568513,0.686828196833052,0.7570434911291548,0.660824898970094,0.6322303244617018,0.5474763759931391,0.7123164611370851,0.6822700414351619
Austin Rivers,2016-17,2054.0,-1.600000023841858,-1.8567861578624545,-1.656657566041955,-1.5900567978083955,-1.8841562073573828,-1.86409426809155,-1.8352366677460803,-1.797692588425729,-1.8636286702361866
Noah Vonleh,2016-17,1265.0,1.2000000476837158,0.9388489554104333,0.7928692205336604,0.7807868664925884,0.872198702554013,0.7126711324709806,0.47951353413986875,0.9082083465426877,0.9221863921963283
Richaun Holmes,2016-17,1193.0,-1.2999999523162842,-0.944457292496486,-0.4285931688708461,-0.36137957823014044,-0.9970430805458268,-1.0125167291251835,-0.8262680061895973,-0.8542157810336314,-0.9576037395088213
Deron Williams,2016-17,1657.0,-2.4000000953674316,-1.8965789891140816,-2.3033222870879673,-2.2711917905369736,-1.684511791934348,-1.677755666288607,-1.6337273069890483,-1.857730807890403,-1.8435621898191483
Terrence Jones,2016-17,1270.0,-0.10000000149011612,0.9238161468715487,0.9203657161902719,0.9489315768566605,1.1020065711449887,0.3990635907793739,2.0964166045653267,0.9474727607652389,0.9683637529399087
Timothe LuwawuCabarrot,2016-17,1190.0,-0.30000001192092896,-0.2716016136043944,-0.6250838443830251,-0.6780383780478291,-0.16211114092673784,-0.09989546568696384,-0.05632455351436061,-0.29842671821956274,-0.24422899543498025
Raymond Felton,2016-17,1700.0,0.0,-0.9545476899346717,-0.8599814817115018,-0.8488964873030489,-0.7770242097970534,-0.8462870780066277,-0.709089582344371,-0.9155931914566272,-0.910166819900267
Alex Len,2016-17,1560.0,1.100000023841858,0.15199634504324644,0.1822259265432022,0.1369011084265111,0.28535226097733496,0.29574299405346044,0.07682240799075113,0.13845631637271602,0.18533532402676856
Jameer Nelson,2016-17,2045.0,-2.9000000953674316,-1.7460972283545708,-1.7996621123217484,-1.8118685290260859,-1.6759224648574191,-1.5854314953049202,-1.9087574873173014,-1.7322393317313052,-1.728553537480283
Allen Crabbe,2016-17,2254.0,-1.7999999523162842,-2.3156954603876656,-2.2072960321218273,-2.186912242392283,-2.3569177037695854,-2.2679262176057424,-2.3727319224656713,-2.2629930207054763,-2.3260010212331457
Derrick Favors,2016-17,1186.0,0.6000000238418579,2.102211549985402,2.628906644351223,2.7676783048903424,2.0991019151937675,2.170998142969446,2.1369153551425764,2.197035555914094,2.1014341412874935
Domantas Sabonis,2016-17,1632.0,1.2000000476837158,1.6935541339430913,1.9785350744609271,1.9398075385962987,1.6192450651254502,1.635687552806704,1.361888471966464,1.7397645863623834,1.674976866738681
Yogi Ferrell,2016-17,1197.0,-1.899999976158142,-1.6030014953734704,-1.614259808762799,-1.514347486359229,-1.5808862667160255,-1.4612978411820456,-1.4064023198642994,-1.5648531403200594,-1.5974726882091093
Shaun Livingston,2016-17,1345.0,-0.4000000059604645,-0.5889167479956524,-0.2718169791104609,-0.23735761905040142,-0.4358034811265975,-0.3865835410095658,-0.19212997810046972,-0.49637432685870186,-0.5506384312783887
Frank Kaminsky,2016-17,1954.0,-1.7000000476837158,-0.5878186195838765,-0.39492385550447856,-0.3787233232861549,-0.5330650669315844,-0.6061806814870172,-0.4194474948544459,-0.5308576074914675,-0.5741302314208034
DAngelo Russell,2016-17,1811.0,-2.5,-1.8406345562543618,-1.4120280586487892,-1.431827604968546,-1.5951050864349696,-1.957943893947789,-1.6224487244026982,-1.7950337260818154,-1.7792521887995139
Jeff Green,2016-17,1534.0,-0.4000000059604645,-0.6227438992287246,-0.2495856285918584,-0.2949843181460212,-0.6455293640894546,-0.6565624978933753,-0.7469509753464941,-0.5726434406678229,-0.6284402654439072
Kyle Korver,2016-17,1753.0,-3.299999952316284,-2.609476799885175,-2.4041210969196367,-2.259433011375247,-2.710229269870771,-2.4608010592061307,-2.641479710845964,-2.5253556629368354,-2.634664917381574
Tony Parker,2016-17,1587.0,-2.0999999046325684,-1.5345258995217217,-1.5473327096396272,-1.463360624872347,-1.8212502918579978,-1.606836460097963,-1.6104954542379892,-1.4578377535154827,-1.6062069976057907
Malcolm Delaney,2016-17,1248.0,0.20000000298023224,-0.0753798412266763,0.4415736938871991,0.4098049785289795,-0.11090330107369828,-0.08639565884717393,-0.02766757927967689,0.01293523302212321,-0.0842607061884318
Isaiah Whitehead,2016-17,1643.0,-0.699999988079071,-0.17644161421582133,-0.24900475211465317,-0.22906098916188122,-0.12483002643919744,-0.14428555127981252,-0.06696997278438982,-0.17945552805306808,-0.16353871727166536
Matthew Dellavedova,2016-17,1986.0,-2.200000047683716,-1.8161248561821415,-1.6740426799193715,-1.6730542665055022,-1.734384173282479,-1.717852153113757,-1.4906310740290343,-1.7832981139732451,-1.795689685457226
Boris Diaw,2016-17,1283.0,-0.5,-0.5259688808000337,-0.5650978187935554,-0.5188709043297074,-0.4457946876674944,-0.43246154487036015,-0.7474586054501104,-0.5057483697415708,-0.5059253325168989
Kris Dunn,2016-17,1333.0,0.0,0.19460262340782347,0.3133764755219257,0.09590379319439304,0.25035837377081843,0.27745273794709197,0.14393331524960754,0.1190896281577552,0.20854156099857218
Gerald Henderson,2016-17,1667.0,-1.600000023841858,-1.9075443115094635,-1.7061134679215841,-1.7233334912860876,-2.03894650606453,-2.0190867567553887,-1.9071371860516024,-1.862233326255521,-1.9403948601482301
Jaylen Brown,2016-17,1341.0,-0.4000000059604645,-0.4115348660426794,-0.5641180658671477,-0.5350384253653198,-0.3566787354569688,-0.27528304808664644,-0.41231331272642535,-0.4075704534027664,-0.39782083339625174
Willie CauleyStein,2016-17,1421.0,-0.6000000238418579,-0.08444612061963223,-0.272965765854023,-0.30198895732041936,-0.16879014301101608,-0.020922006735340615,-0.08946624772213871,-0.1058734685983348,-0.10553212621747819
Bojan Bogdanovic,2016-17,2083.0,-3.0999999046325684,-2.482213463732124,-2.581963289943292,-2.5290079718589076,-2.3438153579750454,-2.2474340077258166,-2.255836935248797,-2.4782766305881814,-2.4476139372928545
Sergio Rodriguez,2016-17,1518.0,-3.4000000953674316,-2.4023415293082584,-2.6065798038578434,-2.471909479273674,-2.275428651230209,-2.4366817941364656,-2.2733316640916232,-2.352472673379492,-2.3706133097887463
Shelvin Mack,2016-17,1205.0,-2.4000000953674316,-0.31228619558114923,-0.15945320829361898,-0.06511965527502955,-0.23761185322934839,-0.2732668110730223,-0.26218008577598356,-0.24120787191621137,-0.293617609993199
Jamal Crawford,2016-17,2157.0,-2.5,-2.498933677568061,-2.628809694283491,-2.5286193533345642,-2.52462680973584,-2.613528899089282,-2.348539859026519,-2.4287729139347487,-2.5053569606100057
Randy Foye,2016-17,1284.0,-1.7000000476837158,-1.3421431789800067,-1.249679494129541,-1.1747702626789474,-1.103994634391396,-1.1315410708564397,-1.1092859065972764,-1.3228513994946178,-1.282606042832854
Andrew Harrison,2016-17,1474.0,-1.0,0.8242823274707194,0.7917693620714774,0.7736843685038232,0.7866528862644382,0.8895059029451917,0.8569927121567753,0.8313279259941331,0.8148749671691491
Meyers Leonard,2016-17,1222.0,-1.2999999523162842,-0.017209811881027215,-0.7506763735395254,-0.7881051777952175,-0.14643208409749467,-0.13206046417295095,-0.40827104014243265,-0.09635654174419042,-0.04951537993514408
Doug McDermott,2016-17,1508.0,-4.0,-3.806266935087368,-3.2303112638195284,-3.1227686858291683,-3.732012225067624,-3.857675358144891,-3.496528093714672,-3.628838749314276,-3.787703257582432
Marquese Chriss,2016-17,1743.0,-1.2999999523162842,-1.4541128032946098,-1.8233875917811868,-1.9692192718890666,-1.3966170787619847,-1.6965063717788764,-1.5556333456529834,-1.5510529928218173,-1.4397388721614535
Julius Randle,2016-17,2132.0,-2.5999999046325684,-1.7556681608961027,-1.4187084252042408,-1.4935508709596668,-1.7482547228418284,-2.2183897894356024,-1.8513050797152264,-1.7746779125601437,-1.753814801382534
Bismack Biyombo,2016-17,1793.0,-0.6000000238418579,-0.18704902289189138,-0.28297791342994194,-0.27942239413602493,-0.2809607869185768,-0.34122444184330253,-0.29158837962070594,-0.20106170425892242,-0.21052696389856274
Arron Afflalo,2016-17,1580.0,-4.800000190734863,-3.6008733718576162,-3.830576577762811,-3.8144242474765635,-3.5057559837127243,-3.7640487057566663,-3.706401202209113,-3.581112868282413,-3.577094024821393
Emmanuel Mudiay,2016-17,1406.0,-4.0,-2.493669001094073,-2.782844377609161,-2.8442210051852337,-2.577900341110397,-2.7040045095851686,-2.7204048554821556,-2.5300125008134335,-2.514726836098154
DJ Augustin,2016-17,1538.0,-4.199999809265137,-2.232309652931745,-1.889046775396288,-1.7752410127656337,-2.110927117247585,-2.059042319438838,-2.198039713418135,-2.1252029558384615,-2.2019640190107053
Brandon Ingram,2016-17,2279.0,-2.700000047683716,-2.604574671039984,-2.63582255724622,-2.605570901780015,-2.664565142902025,-3.1401263247381443,-2.573766857112485,-2.6067182937737883,-2.619572289005494
Damian Lillard,2017-18,2670.0,0.30000001192092896,0.7550497011236424,0.6986663136633382,0.5792118067689502,0.7005776265624459,0.7454910408307153,0.507715848794022,0.7346458424967538,0.7414316824833433
Victor Oladipo,2017-18,2552.0,3.5,2.883739736011136,2.8578172846661762,2.6985663818200902,2.9827671260012476,3.116978778211184,2.909264042174538,2.7675136446249837,2.9084965835086636
LeBron James,2017-18,3026.0,-1.7000000476837158,-0.971326602228558,-1.0883135556376375,-1.1120862823085278,-1.0511393863754848,-0.8156811657558496,-1.259508062543568,-1.0443722907459239,-0.9912797982652897
Kemba Walker,2017-18,2736.0,0.6000000238418579,0.5414969719922081,0.6451784518011989,0.6266837607817467,0.25320731705164023,0.19802941405550467,0.31623292209039483,0.5554029948359809,0.4694245582570662
Russell Westbrook,2017-18,2914.0,0.30000001192092896,-0.17650148926984602,-0.16542278922418638,-0.20422767813717782,-0.04659197817568661,0.00011032617214284945,-0.20349469078381116,-0.19361890928553493,-0.14402411149630617
Giannis Antetokounmpo,2017-18,2756.0,2.5,2.3913989902167128,2.080949273833473,1.8857555555804928,2.379780618442422,2.2385326299798383,2.2574078587787723,2.2623445261457342,2.3884943972731403
Jimmy Butler,2017-18,2164.0,2.299999952316284,2.049429234745139,2.235391776761891,2.143375739901618,2.0083683714934084,1.7353875448106297,1.8649638047105679,1.9811793044454467,2.0391640189322064
Anthony Davis,2017-18,2727.0,3.799999952316284,4.498476019576946,4.521619587107004,4.405364999381053,4.545065787943947,4.566408102951126,4.266354598976157,4.39702656638888,4.510123461668696
Jrue Holiday,2017-18,2927.0,2.0999999046325684,2.039740833966169,1.9050505037785697,1.8767160465181831,2.1099065432095347,2.043163936854734,1.9531399525937976,1.9645092402515605,2.0572822612770105
Kyle Lowry,2017-18,2510.0,0.800000011920929,0.7455409591047004,0.9734719646743661,1.0506818007879097,0.7874929740309174,0.8104138233408801,0.8677578966850619,0.8072872634362134,0.7560289628362546
Chris Paul,2017-18,1847.0,1.100000023841858,0.9871881294929465,1.1453362785140662,1.0857880257838022,0.9126661288845475,0.9026222191057947,0.7992294654611996,0.9773901155199561,0.9685576293408467
Nikola Jokic,2017-18,2443.0,0.30000001192092896,1.3369959567312606,1.4688259117586635,1.4817498467241685,1.5159270174291313,1.2563594492587493,1.4073041255869319,1.3397389276570808,1.3817287219057284
KarlAnthony Towns,2017-18,2918.0,0.0,1.4735945766056775,1.3110685623418084,1.2913974242925332,1.4225188526483794,1.3797894967201403,1.4997488253187397,1.3866645042179968,1.460825645616353
Robert Covington,2017-18,2532.0,3.5999999046325684,2.907987650304677,3.1134056089697335,2.986184159828796,3.109643587875272,2.9283626243305374,3.0477988003984,2.8537231153818556,2.958401634697326
Bradley Beal,2017-18,2977.0,0.8999999761581421,0.651927789235383,0.1270423542650594,0.115349913188718,0.5336456255060649,0.46187592286896373,0.12864031152308708,0.5679338309549727,0.6223572483030535
Otto Porter Jr.,2017-18,2432.0,1.399999976158142,1.787011015662109,1.7931815389402461,1.6800531196328867,1.7511401546600598,1.7262664051191177,1.6011563944588247,1.7080765206469306,1.7780433004115967
Ben Simmons,2017-18,2732.0,1.899999976158142,1.7774728844819412,1.6839980522955094,1.6332693624338157,1.9792990662299332,1.8045576943652233,2.0617828164361383,1.7262045328233735,1.8279294299189393
Stephen Curry,2017-18,1631.0,-1.7000000476837158,-0.314841992660325,-0.5922819995141189,-0.5371397390614332,-0.37612113045031925,-0.41823125906223746,-0.4656366518466477,-0.3261835756650404,-0.3301617771078236
Paul George,2017-18,2891.0,1.5,0.7929906961681965,0.6649339179158101,0.5952926429934895,0.777129650416806,0.6533364018232835,0.971918294487472,0.7290359506971069,0.7890254347303489
Eric Bledsoe,2017-18,2322.0,1.7999999523162842,1.0073478512432454,1.287436446670633,1.1624875492708782,1.021098213967472,0.9776016924883002,0.9543823833684546,0.9756472784368758,1.010785441924302
LaMarcus Aldridge,2017-18,2509.0,1.5,2.3648768702290974,2.3731760294173414,2.35522032779979,2.4925252363253887,2.3449131548845483,2.616353508122475,2.351775839935393,2.3967889617531704
Kevin Durant,2017-18,2325.0,-1.2999999523162842,-0.7485554720883449,-1.1802771590828312,-1.1288736136665987,-0.6911007564331997,-0.781147899509023,-0.7024969767926622,-0.7634277851246932,-0.7341917931745586
Al Horford,2017-18,2277.0,3.299999952316284,2.311607503366448,2.812492675360261,2.8663967471756617,2.51194265402925,2.4122721545148673,2.544086847026165,2.3916508634429414,2.3616912910321486
Kyrie Irving,2017-18,1931.0,-1.2000000476837158,-0.9224843697970622,-0.9483704573752307,-0.861263850989051,-0.9691059424912598,-0.8805989109473475,-0.7219463007911814,-0.8608976743814641,-0.9341397629706116
DeMar DeRozan,2017-18,2711.0,-1.600000023841858,-1.3479512137560086,-1.5985606843631255,-1.5276988212993374,-1.4828139451619882,-1.4839392219752907,-1.3307651397398146,-1.307745790509537,-1.3816668966075034
Draymond Green,2017-18,2287.0,2.4000000953674316,2.483175048134222,2.146668197149296,2.114362938924855,2.5461212884500073,2.3342323536140364,2.7693242442623442,2.414373479090356,2.4989116082131684
Joe Ingles,2017-18,2578.0,0.699999988079071,-0.3970295656767101,0.014314786517651834,0.06968269463072092,-0.2796313829688133,-0.32086524667002747,-0.14111993107876616,-0.31536120031667425,-0.3676800199997359
Steven Adams,2017-18,2487.0,1.2999999523162842,1.4073650801439173,1.6629196375804491,1.7198490268927311,1.3902100052202149,1.553584320536197,1.582976773220526,1.4712172527002123,1.4030763114129918
Darren Collison,2017-18,2018.0,1.0,-0.5702876226790954,-0.44153171731346974,-0.5160920954232552,-0.4479452456010262,-0.44648088100286454,-0.4736627329046953,-0.6069412340838746,-0.5397020284095781
Donovan Mitchell,2017-18,2638.0,0.800000011920929,1.091493206314533,1.2711674145999896,1.2603272256334441,1.1808212966098801,1.1113166547106417,1.3215988887306476,1.1191772381042633,1.1138252288883699
Josh Richardson,2017-18,2689.0,2.799999952316284,1.980355970538914,1.8101531457069395,1.7812143200559178,2.071278154478064,1.8706342044991389,2.330701234547369,1.925054951680556,2.0030865165237013
Joel Embiid,2017-18,1912.0,3.4000000953674316,4.048193608302029,4.145827975872518,4.220815712008667,3.9517044252234355,3.989007829038567,4.1229464780160905,4.03772129033867,4.024071312532381
Khris Middleton,2017-18,2982.0,-0.800000011920929,-0.7524750935722977,-0.8006043704171134,-0.8768109020660404,-0.7136437858985538,-0.6923314306218952,-0.6433192437379565,-0.7791775943433892,-0.7427672666538616
Lou Williams,2017-18,2589.0,-3.299999952316284,-2.533784644642469,-2.702971581766851,-2.6076412146891954,-2.5294954513028296,-2.5627282498339334,-2.435268788073594,-2.512464421801823,-2.532712346307559
Spencer Dinwiddie,2017-18,2306.0,-0.699999988079071,-0.6649561072973479,-0.793609828818646,-0.7954067732660495,-0.7142074467176381,-0.6401608521920544,-0.5953369676559652,-0.7131647505813218,-0.6772689421524204
Thaddeus Young,2017-18,2607.0,2.0,2.4757658848036597,2.4085817484210654,2.3201507061326354,2.502032666221397,2.382016624112609,2.426287082638348,2.408488317166176,2.482332580158094
Clint Capela,2017-18,2034.0,2.799999952316284,2.9944264072886964,3.4126372744956184,3.3616360293104983,3.1548496804819846,3.3825322948169627,2.920623417894922,3.024683605785072,3.0345322255870184
Klay Thompson,2017-18,2506.0,0.20000000298023224,-0.32324693432107476,-0.4366968750350031,-0.34592817886091,-0.2231054314440325,-0.27201203499140575,-0.04599820355617967,-0.2851175240570253,-0.2982115586018142
Gary Harris,2017-18,2304.0,0.6000000238418579,-0.14711971115500372,-0.2552637912744423,-0.27393558255578204,-0.03332971965671677,-0.13201654338432492,-0.0006437485806996546,-0.17799746821764842,-0.11867221328043198
Kyle Anderson,2017-18,1978.0,3.0999999046325684,2.295716353760133,2.3460286381676037,2.3147352020595506,2.2719119378642505,2.022799502566219,2.189429273884255,2.272788847338268,2.2897652497861625
Rudy Gobert,2017-18,1816.0,4.0,4.528415037112224,4.568200514914858,4.643296842353819,4.546643270288427,4.74629365509888,4.6034446429913025,4.624993593869342,4.532972095406275
Eric Gordon,2017-18,2154.0,-0.800000011920929,-1.1868857111533593,-1.3119759563503794,-1.1892658514653989,-1.141460936609418,-1.042157317636901,-0.9148870930086819,-1.1222135779814533,-1.175529517517374
Fred VanVleet,2017-18,1520.0,1.899999976158142,2.2682714625421374,2.715097242055859,2.707437544634104,2.2269776826541494,2.286054311341284,2.209743989623558,2.3152648234846183,2.2579480175701403
Tyreke Evans,2017-18,1607.0,-0.6000000238418579,-0.04982106550408984,-0.24599178165484747,-0.270432748249439,-0.12211520587194624,-0.09833619689085538,-0.041286997931718084,-0.0637012064908348,-0.06789460059605394
Tobias Harris,2017-18,2668.0,-0.6000000238418579,-1.509581166085504,-1.2873086392390756,-1.2944304458537759,-1.5006167492264781,-1.6182967506474233,-1.4721277021503174,-1.4426802351172918,-1.5073400618707475
Blake Griffin,2017-18,1970.0,0.20000000298023224,0.6898887638221154,0.3367368747189626,0.3645848503314736,0.48600396189701456,0.49969908138179214,0.4472572628760034,0.6612966509048194,0.6389175633408402
CJ McCollum,2017-18,2923.0,-1.399999976158142,-0.25166872654679556,-0.3787816989950075,-0.34511822489256594,-0.208709441421275,-0.3625801827370808,-0.294198762321301,-0.25491767796421055,-0.2409289052654154
Dwight Powell,2017-18,1672.0,2.9000000953674316,2.0664438585494396,1.9597361341632102,2.0452667798764512,2.1303718264743066,2.1738359022441847,2.0537941619735354,2.0390281589592103,2.0824258505306563
Goran Dragic,2017-18,2378.0,0.10000000149011612,0.30543378601582516,-0.05635715061101295,-0.015183556858316231,0.3018454429168899,0.1216523313937603,0.3748891493530728,0.29266932227268605,0.30453670024109136
Will Barton,2017-18,2683.0,-0.4000000059604645,-1.2591025697338378,-1.6397009341742284,-1.6149536936191728,-1.286372565453067,-1.2984350793189399,-1.2017802282904217,-1.2638217488622943,-1.2659200686636451
Jayson Tatum,2017-18,2438.0,1.0,1.1904437404436352,1.0546284332994502,1.1028609854382259,1.1630377500632698,1.1230604156255652,1.0756592060386407,1.1671540680403958,1.183592242848544
Taj Gibson,2017-18,2726.0,0.5,0.6436372503308703,0.5019567592596309,0.4662323260128367,0.7034451755787344,0.5881556551400563,0.3585952311803405,0.5737573045304987,0.6585892316428363
Terry Rozier,2017-18,2068.0,1.399999976158142,0.6180349553403399,0.8946201676173026,0.9523106283700774,0.6066300659158328,0.6268987045896697,0.8509972943011528,0.6736323691036701,0.6151837329842131
Jaylen Brown,2017-18,2152.0,1.2000000476837158,1.242116211021869,1.4711597672842505,1.4464588366545779,1.1715290056194965,1.16216376223429,1.3641089550788936,1.258052403077545,1.224469409671276
DeMarcus Cousins,2017-18,1737.0,2.200000047683716,2.370514657224128,2.6166347688481473,2.6046272200054323,2.3010062331870222,2.366380114638588,2.805583485251259,2.3621132237749793,2.353137551214852
Jeremy Lamb,2017-18,1967.0,-0.20000000298023224,-0.9530459213549891,-0.7867290066848018,-0.8296042479891991,-0.8080490124135091,-0.8666967794445447,-0.8179985686844008,-0.9293918202967743,-0.9167966941196191
JJ Redick,2017-18,2116.0,-1.5,-1.264054312904452,-1.4742929555725255,-1.2929763025997705,-1.1764396940936843,-1.1198737970238954,-1.104910819038298,-1.1867748754460234,-1.24215065820176
Tim Hardaway Jr.,2017-18,1885.0,0.0,-0.7547822726970199,-0.7129114215607631,-0.7601779351922271,-0.6725153654640903,-0.7613152912351115,-0.6427732247220234,-0.7501714970419837,-0.7342155458887875
Ricky Rubio,2017-18,2254.0,1.2999999523162842,1.7690157494982113,1.9428173379132505,1.8569077416069923,1.831160984477621,1.6598454810112822,2.128845443467924,1.761168604339677,1.7845520582430636
AlFarouq Aminu,2017-18,2072.0,2.200000047683716,2.1954352622613476,2.093064642458594,1.9756025732959894,2.163386739579302,2.123255842210048,1.9559244381496317,2.105686304781019,2.187423131590836
Jamal Murray,2017-18,2565.0,-1.7000000476837158,-1.5694887243963702,-1.583058620988585,-1.499253543549795,-1.5057594653641124,-1.4077721059463977,-1.6548566691806597,-1.5686692725962514,-1.5535564096383059
Delon Wright,2017-18,1433.0,1.7000000476837158,2.345137952252876,2.8200692659182005,2.8509374755845442,2.238030543049757,2.347976115983838,2.4004318747469924,2.38940922789536,2.3183610999520963
Allen Crabbe,2017-18,2197.0,0.20000000298023224,-0.8398846106701159,-0.9957419281670088,-1.0350371735818888,-0.8473576334833198,-0.8826357173946262,-0.7442987075353131,-0.8509437892740996,-0.8417528663734168
Aaron Gordon,2017-18,1909.0,1.600000023841858,0.5133267468480069,0.3668939209179406,0.3636616085877,0.53312511569476,0.3609371365682822,0.48656202326948206,0.48903304175753115,0.5182763390596952
Jakob Poeltl,2017-18,1524.0,2.799999952316284,1.7987176505678117,2.3355742194094917,2.339941360615908,1.8220380981431556,1.8486604259714206,2.023604760675107,1.898871089523083,1.8045477624616477
Kristaps Porzingis,2017-18,1553.0,2.0,2.562573881989477,2.1845697151376453,2.1765267495058898,2.4994697218657063,2.4226390659607104,2.558643169182018,2.500527532285482,2.546797841958534
Derrick Favors,2017-18,2153.0,1.5,1.7842937906311143,1.9667390730159986,2.0299145388848925,1.8229768384684688,1.7901535254429493,1.7670645925359783,1.832911457269202,1.7939645525904528
Danny Green,2017-18,1791.0,2.700000047683716,1.6897660114384152,1.7791535073191866,1.84448222041368,1.8052167297220683,1.5910352029528128,2.008626684600701,1.7029894218435413,1.7186286910093285
Buddy Hield,2017-18,2024.0,0.30000001192092896,0.23408666131730582,0.568758735266642,0.5721671926447267,0.26263901857456984,0.2154639386298317,0.3218072339332556,0.26247107084284294,0.24122475063162183
Nikola Mirotic,2017-18,1494.0,0.10000000149011612,1.5969349607800383,1.5666931363769026,1.5630662462267222,1.5707974245246619,1.5159618312740974,1.32345276487928,1.5971320923296453,1.5904005767161942
Ish Smith,2017-18,2043.0,1.0,-0.0776782580535943,0.10280399040689497,0.1740771593493825,0.11458544657262199,0.03785301562703659,0.19364065273580727,-0.02740188517463727,-0.029612331897040226
Anthony Tolliver,2017-18,1757.0,0.10000000149011612,0.8041708087618009,0.6677726331198002,0.7238226702908679,0.7150474138102872,0.6363695296525327,0.6421102928676161,0.8433772508287745,0.7818899600239225
Jonas Valanciunas,2017-18,1727.0,1.2999999523162842,1.310982468660892,1.833455150996117,1.9213134653025699,1.495676103767988,1.5449736712600666,1.7379538539211565,1.4167414589907976,1.357155877437666
Marc Gasol,2017-18,2408.0,1.7000000476837158,1.1628632024876382,0.6771154597779474,0.6540269956976976,1.3262705346660666,1.149853752848695,1.1810285633180901,1.0909815955993678,1.2037150355322455
Michael KiddGilchrist,2017-18,1850.0,2.9000000953674316,0.817673883107666,0.7553391687485027,0.670621249144207,0.6739205463549487,0.6084239249562893,0.685360157727459,0.7509403770156665,0.7817355489194866
Kyle Korver,2017-18,1574.0,0.4000000059604645,-0.65856716493836,-0.7152283110805785,-0.6827220114303155,-0.35117776556074276,-0.456332510637005,-0.4112586305793764,-0.6025460390266854,-0.5817198150939557
Kentavious CaldwellPope,2017-18,2458.0,-0.5,0.6561794499731782,0.8722570764184123,0.7945479886904085,0.5848785069113048,0.5481396894870326,0.6496457732017296,0.634461452142101,0.6383542142077099
Andre Drummond,2017-18,2625.0,0.699999988079071,1.2327634047772031,1.1063679349636775,1.0286933197054728,1.1554293822281383,1.4033952789769866,1.3514000356877238,1.1655611119923304,1.2134298991399368
Yogi Ferrell,2017-18,2282.0,1.2000000476837158,1.1538107722724942,1.2040317989923988,1.1817894497022825,0.999961798715991,1.1371516916862285,1.0883583379650736,1.1149591016621612,1.1153485288833684
Kevin Love,2017-18,1651.0,-0.8999999761581421,-0.16021832915682913,-0.3632017605500545,-0.38361250202657465,-0.04099552557887831,0.1947383138084947,0.009181487992266812,-0.2161252009714365,-0.13041262826234143
Larry Nance Jr.,2017-18,1421.0,2.5999999046325684,3.28284159832189,3.671368525250915,3.627757384107961,3.2842847342982253,3.59274304860007,3.119870163925436,3.2298129507894786,3.2832023823159737
Shabazz Napier,2017-18,1535.0,2.4000000953674316,1.6426442949359772,1.879517883373202,1.869594367350154,1.5400587013266376,1.4667122681854852,1.8249974342483297,1.6805647546089573,1.6169978965336425
Dario Saric,2017-18,2310.0,-0.4000000059604645,-0.05469705434176149,-0.0658816780062341,-0.0401353390547327,0.14194381432399641,0.12894260535849952,0.1486838925809411,-0.016868722073943444,-0.005536837175322017
Tyus Jones,2017-18,1467.0,1.2999999523162842,1.4192139058318518,1.872014003479775,1.759431235481739,1.3461101095718602,1.4032315391171726,1.2089765020873329,1.4232663393531597,1.400937956766854
JJ Barea,2017-18,1603.0,-1.7000000476837158,-1.0164701627407422,-0.9060659361287906,-0.9179478651948263,-1.0548069193528564,-0.8774318567321144,-1.2680285189635998,-0.9894426775534668,-1.0260543518937708
Rondae HollisJefferson,2017-18,1920.0,1.100000023841858,0.10692168789706546,0.607477913732867,0.5659955465403452,0.2810133590501484,0.22142739689371943,0.04013356624364012,0.08328825574199959,0.15044460568533619
Andrew Wiggins,2017-18,2979.0,0.30000001192092896,-0.0024186201031524412,-0.2612456568051771,-0.2855153889373299,-0.10436190221416225,0.027918099970911353,-0.2409883549281973,-0.06796907987523351,-0.027904440630904893
DeMarre Carroll,2017-18,2180.0,0.5,0.6828093844982018,0.48798971924548484,0.39880720205938536,0.6740253800809111,0.6531284386450722,0.47518952396090297,0.629524041639557,0.6806133833938791
Justin Holiday,2017-18,2265.0,1.100000023841858,0.5850388075323874,0.294390036606366,0.23022452785733877,0.595573863029106,0.689180026871075,0.30487516494558486,0.5148741390967948,0.587672571406567
Kelly Olynyk,2017-18,1779.0,-0.8999999761581421,1.1266266713329025,1.102448268129626,1.124255599929752,1.188160276185391,1.1815865851717215,1.1952958227352726,1.1496334703781366,1.1420100725460247
Tyler Johnson,2017-18,2052.0,0.4000000059604645,0.03919357239889192,-0.05753983877573861,0.018586293082371943,0.049415530305318034,0.008768556381715198,0.08873442673210427,0.056635994037224996,0.04174906187549845
Dejounte Murray,2017-18,1743.0,3.0999999046325684,2.9882591645032415,3.4957611389467753,3.407487790866669,2.8590789251829047,2.8983839644644136,2.9522886780708397,3.01455883819268,2.9559641046731575
Tomas Satoransky,2017-18,1643.0,0.10000000149011612,0.4853609184724288,0.3922021185263046,0.351572550543553,0.3252601563469247,0.41424472129513257,0.4274541799743016,0.4643082442312841,0.44533572794105275
Pascal Siakam,2017-18,1679.0,0.800000011920929,1.6919041543644584,1.6391132565801794,1.6835848211250157,1.6320877305563057,1.6104835591261972,1.4976898695282324,1.7138124299164916,1.6769500484124202
Rudy Gay,2017-18,1231.0,1.399999976158142,0.4915616045250213,0.4347196525027409,0.41563886148027873,0.5418571242253238,0.5317373053688031,0.7500909851688393,0.5092808008939266,0.5041354844500969
Ersan Ilyasova,2017-18,1729.0,2.0,2.2434314701843507,1.9605155123673637,2.0020399712558543,2.0331132321828242,2.314447647866249,2.3344290676918344,2.1960609960470214,2.190851910683969
Jusuf Nurkic,2017-18,2088.0,2.5999999046325684,3.372446429750143,3.743557514913104,3.57720830163643,3.535724129101734,3.5092295743221213,3.128618405983767,3.3276225979361724,3.4132658545880408
Marvin Williams,2017-18,2006.0,0.10000000149011612,0.3093669564629961,0.5613096481386175,0.4923582663984346,0.35340342243248035,0.2907809843402156,0.2552611144454919,0.31237346806541716,0.3203760729553672
Kent Bazemore,2017-18,1789.0,0.699999988079071,0.7597585312658178,0.6129130457024061,0.40455142276785283,0.566238528272615,0.3385307211991526,0.4221965645335236,0.6498998324996633,0.7113785305175171
Bojan Bogdanovic,2017-18,2464.0,-0.20000000298023224,-0.39382707019949637,-0.25108921009886,-0.2871400164726582,-0.2603099039620716,-0.21673215081112696,-0.33368242286300875,-0.3871076178876374,-0.36044777864014016
Josh Hart,2017-18,1461.0,0.5,-0.6581783648300289,-0.36009354288945283,-0.36091259957744115,-0.5499809757250023,-0.5683081174423557,-0.4136754740944247,-0.6190769862587001,-0.6311290175537723
Dennis Schroder,2017-18,2078.0,-1.399999976158142,-1.5775302439184848,-1.5386749528965153,-1.6000299186653315,-1.5267460538617283,-1.2496050294683823,-1.597152633659845,-1.5789847010286617,-1.5648341964042958
John Wall,2017-18,1410.0,0.10000000149011612,0.4983303578674237,0.1098177797184636,0.06290891326642051,0.5281896985726066,0.4681462719459563,0.4307877171066574,0.45546148751872495,0.5057951930437194
Lonzo Ball,2017-18,1780.0,1.399999976158142,1.890787976701553,1.886289332070882,1.8658414034950834,1.8543331181730338,1.9111691828864337,1.8136551146985234,1.812307860411917,1.8816742620694231
Amir Johnson,2017-18,1171.0,3.200000047683716,2.5722880966580184,2.3349664525914986,2.2632637983017654,2.553466494143513,2.3580732507295865,2.7270259467347366,2.59077302015797,2.567582696029392
Julius Randle,2017-18,2190.0,-0.30000001192092896,-0.7114073794915585,-0.6555371813450013,-0.5517163330588543,-0.6776451230521601,-0.7158692452829952,-0.7022365080497268,-0.660106327198607,-0.7029668153817089
Jordan Clarkson,2017-18,1888.0,-0.8999999761581421,-0.566924136664311,-0.2698926857062411,-0.33832905472072566,-0.5729861908629429,-0.3697941164992581,-0.8587823823059612,-0.5289468347590506,-0.5684396502139689
Ed Davis,2017-18,1471.0,1.5,1.3141686914051145,0.684098078475382,0.69570223327908,1.330329797719609,1.3187512566143464,1.6652191400060155,1.2677224176683,1.318208967983738
Montrezl Harrell,2017-18,1293.0,-0.10000000149011612,0.9394381074985152,0.7032377631480605,0.7235011716152734,0.7960395465760957,0.5166513179952585,0.8416638992810657,0.9375453304769634,0.9035884672679104
Joe Harris,2017-18,1975.0,-1.100000023841858,-1.657764969947925,-1.8771565458005912,-1.7897040345330082,-1.5419574604139217,-1.5849443551386937,-1.714707424366292,-1.6374123068658548,-1.6288130925644242
George Hill,2017-18,1812.0,0.4000000059604645,-0.8910884525943943,-1.2997073477058119,-1.4237129829067328,-0.8309134647487841,-0.7076233281183271,-1.0418573697294753,-0.9765019058235029,-0.8760447056329917
James Johnson,2017-18,1943.0,0.10000000149011612,0.712116491324098,0.5548393539600499,0.5125559287461267,0.6326533398629046,0.5762446758047801,0.7611025723633027,0.6927496510911615,0.6922507034587997
Dirk Nowitzki,2017-18,1900.0,-0.4000000059604645,-0.44277451220294534,-0.46805770885731246,-0.3005150737553671,-0.5043157906795805,-0.41841213162029633,-0.5542140937513829,-0.3828953414244925,-0.4581598318221041
Marcus Smart,2017-18,1614.0,1.7000000476837158,1.6498788323255276,1.9248073797719711,1.8800833200060407,1.577941491702148,1.7060943284713728,1.8163154255399467,1.65169367575613,1.6318944971696827
Reggie Bullock,2017-18,1732.0,-0.20000000298023224,-1.2680855001272275,-1.2466878590334867,-1.13588007801268,-1.1908934459707397,-1.1543388301541535,-1.2663174800736547,-1.2132006343366775,-1.2487874865881055
Ryan Anderson,2017-18,1725.0,0.20000000298023224,-0.16897837162079532,-0.44072094296465625,-0.39140406004894196,-0.3301775823671072,-0.277832917423137,-0.40999858589295113,-0.1471254785990981,-0.20927817430737328
Carmelo Anthony,2017-18,2501.0,-1.899999976158142,-1.1813910414849942,-1.1001794086604837,-1.0607209888584812,-1.1574197196947549,-1.1030638450582013,-1.0877527463582233,-1.1374800302302326,-1.1753982110374344
Nemanja Bjelica,2017-18,1371.0,0.8999999761581421,0.5205709713357484,0.44937631762293423,0.40872647339262036,0.4006523494617343,0.24478184616373283,0.39929709103346267,0.4893306243050367,0.4905913158672448
Pau Gasol,2017-18,1812.0,1.100000023841858,2.5197580909668376,2.6914793929405647,2.6631231040138243,2.4559553652084416,2.5234972026930222,2.5278173896173373,2.5443399185693596,2.503807409527239
Lauri Markkanen,2017-18,2020.0,-0.20000000298023224,-0.797416134715733,-1.0958007745030214,-1.0597648409970237,-0.8608558848089468,-0.8141521979962618,-1.057662131305119,-0.835271263881045,-0.8132760722390365
Kyle OQuinn,2017-18,1387.0,0.5,0.8276236779809368,0.07481283039726269,0.004628155452770399,0.73271415087451,0.6719709307160137,0.740267550318477,0.712886565125335,0.8038962962043301
OG Anunoby,2017-18,1481.0,1.7999999523162842,1.9213238573198506,1.9987598595129181,1.9710931198132284,1.7570681946279496,1.870754106082019,1.644432077421046,1.897939163529296,1.8802599416468753
Trevor Ariza,2017-18,2269.0,-1.0,-0.2505321558947221,0.11584689697987025,0.06412759755191585,-0.15860999579056068,-0.008732260917880437,-0.1996151095616218,-0.2631667635713947,-0.22755161586868175
Wilson Chandler,2017-18,2346.0,0.10000000149011612,-0.6363844481622328,-0.8482994714034279,-0.8080709828554008,-0.7032298293969066,-0.7737654717766186,-0.8289527401680686,-0.658173907046839,-0.6530957934709013
Jeff Teague,2017-18,2311.0,-1.7000000476837158,-1.2908547326802502,-1.4088468587283052,-1.4041721254976487,-1.0714599974386796,-1.0570295948520756,-1.332470613473864,-1.3035915500024693,-1.2360060488698577
TJ Warren,2017-18,2142.0,-0.5,-1.1108932487282532,-0.9195730186065287,-0.933456900722297,-1.2972063412692179,-1.4929277985381777,-1.3885845207308152,-1.0945276376632427,-1.1574715218634943
Marcin Gortat,2017-18,2075.0,1.600000023841858,2.1726408943308364,2.3769711927530373,2.401247170675278,2.193908298409365,2.181289975583506,2.0128389568615077,2.181632374407471,2.1779577453504686
Jerian Grant,2017-18,1686.0,-0.8999999761581421,-0.7444227941414309,-0.7320560758348151,-0.7020227695674937,-0.7489176594089311,-0.6789130121858308,-0.9836380140511124,-0.7547863229975522,-0.7455465104583059
Devin Harris,2017-18,1340.0,-0.699999988079071,-0.9260731465452607,-0.6134948003671651,-0.4876435307773314,-0.8103769319280806,-0.6718565091527176,-0.597681677327745,-0.8390224543772082,-0.8971490928909657
Trey Lyles,2017-18,1391.0,0.10000000149011612,-0.3641603622257327,-0.9880750648873728,-0.9816613320729286,-0.34347575939159214,-0.40130149956614414,-0.08677550359750646,-0.39827069305425955,-0.35898921151719754
DJ Augustin,2017-18,1760.0,-0.5,-0.08575409248150967,-0.04980829696944564,-0.10724568108279614,-0.2615649966955815,-0.4297356712419523,-0.32618052354050997,-0.06248803993643083,-0.12970681853502763
Evan Fournier,2017-18,1837.0,-2.0999999046325684,-2.097404617810976,-2.170592084068816,-2.1292999453928654,-2.091386038520561,-2.058429195235457,-2.046940138610685,-2.089993044338642,-2.0958999729883723
Patty Mills,2017-18,2107.0,-1.2999999523162842,-0.9929508196870982,-1.0806132836439462,-0.9955290100450667,-1.113976771513703,-1.1253036947061836,-0.9132225181535938,-0.9666611583202647,-1.0232073076437493
Rajon Rondo,2017-18,1705.0,-1.899999976158142,-0.4093036002473758,-0.2141732213116283,-0.34807236376629896,-0.23453833576792524,-0.3290747973466965,-0.46940498254825114,-0.43065872010222545,-0.3656122841275131
Hassan Whiteside,2017-18,1364.0,2.5,2.2960573528647923,1.9901654515145277,1.999826301454613,2.3563917372477845,2.3864986154805727,2.3965787572315005,2.2518610314055083,2.3111409489605403
Manu Ginobili,2017-18,1299.0,0.20000000298023224,-0.7949339303165356,-1.0055876040277936,-0.8977513994795345,-0.7745395194536335,-0.6302664842638583,-0.5702427175489997,-0.781020640379795,-0.7898353276008101
Luc Mbah a Moute,2017-18,1564.0,2.5,2.0513451961727776,2.409056743142267,2.3798556460387723,2.0715054427644852,2.0178659695010026,2.2033097835147233,2.0860374244921727,2.0563852578207045
PJ Tucker,2017-18,2281.0,0.4000000059604645,1.1052545806424274,1.2847783849245853,1.2089748470821413,1.2974224166871555,1.259008831684526,1.3193659495531638,1.0954675571601953,1.1532965396536095
Wayne Ellington,2017-18,2041.0,-2.0999999046325684,-0.9432076858931461,-0.9031434033644481,-0.8450269764171352,-0.8691570917801652,-0.833419205012417,-0.611526196570602,-0.8903606010209871,-0.9246950373649009
Jeff Green,2017-18,1828.0,0.20000000298023224,0.49811694403735124,0.5540869809325407,0.5409603257895725,0.5813034954782692,0.6271796755584058,0.5732258890237282,0.5235663938802937,0.5189135818975807
Andre Iguodala,2017-18,1622.0,1.2999999523162842,1.5989458531242084,1.732726246205503,1.7419259073619404,1.7641343754372465,1.6102708450043093,1.8904456123828162,1.6341327930670257,1.6402429837024681
Reggie Jackson,2017-18,1201.0,-0.699999988079071,-1.6842869713896302,-1.93813416214625,-1.8120181000521745,-1.6215002915450927,-1.5671961201563562,-1.5788455632597276,-1.6475701916715215,-1.668590301428496
Aron Baynes,2017-18,1485.0,3.700000047683716,2.5562243500084083,3.359723916218458,3.4115752524335408,2.671120570977682,2.7965227005435698,2.7174855429084763,2.6792641191041335,2.584948405250727
Devin Booker,2017-18,1865.0,-3.0999999046325684,-2.4451579335570965,-2.86615813001511,-2.887492607325412,-2.4996251968670364,-2.4906725494654722,-2.5510737094623024,-2.4800996560135733,-2.4587747493845815
Malcolm Brogdon,2017-18,1436.0,-0.6000000238418579,-1.596248811479029,-1.6610231356641698,-1.6643547453197627,-1.6035148950836726,-1.7878415889206642,-1.5425088382663037,-1.5480278481085477,-1.5980653323801899
Dillon Brooks,2017-18,2350.0,0.6000000238418579,0.1946406518824227,0.21702451016860957,0.12958072048431107,0.2517580330952063,0.2796587785320107,0.30464187890766353,0.1656853388108675,0.2089199971856186
Bogdan Bogdanovic,2017-18,2175.0,-1.7000000476837158,-1.6600117187961747,-2.1045850923657508,-2.049700302575307,-1.6874228055422194,-1.5376845452152215,-1.7703783945237763,-1.6965302477373874,-1.666864490482686
Corey Brewer,2017-18,1208.0,1.899999976158142,1.0482529280553052,1.068662605484192,1.012360999759057,0.9873908736291851,1.3495180487065221,1.0990550795349727,0.9421432775584957,1.0330374144487753
John Collins,2017-18,1785.0,0.5,1.0396575057175585,0.8981196792262912,0.9136945145833932,0.9781251675106251,0.9647824948524695,0.9199353514892964,1.023177660765265,1.0242744211658252
James Ennis III,2017-18,1604.0,0.8999999761581421,-1.3694525335359602,-0.9885125577389533,-0.9073544368538586,-1.4186418326643977,-1.5018347788178534,-1.4800690070090645,-1.3016580330903362,-1.3817498583180696
Jerami Grant,2017-18,1647.0,0.699999988079071,0.8699198281177224,0.5537347222070705,0.5499329077561774,0.6436680062985591,0.6934259366290132,0.889248291112525,0.8479224191562282,0.8133568726629317
Shelvin Mack,2017-18,1365.0,0.20000000298023224,0.26955691973542345,0.5006365212710218,0.44888232235049463,0.14476564531012875,0.3242909888580257,0.09003996034387274,0.3071639080814414,0.23835910112909975
Darius Miller,2017-18,1944.0,-1.100000023841858,-1.9109166882440292,-2.2614044892074103,-2.1690933662553498,-1.9546277182076421,-1.9473803945895036,-1.7988472862226825,-1.8829130738668294,-1.9218444457349324
ETwaun Moore,2017-18,2586.0,-1.600000023841858,0.7575996119956527,0.5552462297169478,0.4097634904183042,0.5865052655522631,0.44076373473591585,-0.05243438363100009,0.6972510518168391,0.7148260253848053
Garrett Temple,2017-18,1615.0,1.2000000476837158,-0.2185628050379929,-0.3745269720945039,-0.3789524012548157,-0.3152874176689323,-0.3109113672469892,-0.021705432755825232,-0.2544138206587642,-0.24274395819572778
Nikola Vucevic,2017-18,1683.0,0.4000000059604645,1.9492276712005119,1.839225690269573,1.8002177983082288,1.8081823010341114,1.74542675881966,1.9148257498517487,1.9555302288665568,1.913966328658912
Justise Winslow,2017-18,1680.0,1.2999999523162842,1.2919152340324218,1.3865639567321264,1.3756745668787775,1.3305039253235704,1.1992897699776277,1.4209491979986941,1.3012830131045723,1.301562406855209
Brook Lopez,2017-18,1735.0,0.10000000149011612,0.04102990555083316,0.18420012040349154,0.18202489218234502,-0.019654325706267073,-0.10960367301074564,-0.12016165671005863,0.08904274747023763,0.025858847736558103
TJ McConnell,2017-18,1706.0,1.2999999523162842,0.5555123068068913,0.5666028128065524,0.605054761058922,0.35768769028063585,0.6264193047542213,0.5603411331376547,0.5633029762103158,0.5060561526753276
CJ Miles,2017-18,1337.0,-1.0,-0.4476896269252694,-0.8803705342544521,-0.7587855455642201,-0.43281543308254244,-0.5798676009063799,-0.394351923865852,-0.43402667261864614,-0.44397107846458767
Nicolas Batum,2017-18,1981.0,-2.299999952316284,-0.9587945703488403,-1.1528301360765667,-1.1337352774947926,-1.188127634596225,-1.2946641019723508,-1.1574769041707302,-0.9767958147749161,-1.0161278364106865
Marco Belinelli,2017-18,1947.0,-1.899999976158142,-1.3064434572616885,-1.652530489255281,-1.5895602520951617,-1.5168753094160876,-1.531669458233466,-1.7689525608031247,-1.3290099377246143,-1.3590514203002884
Dewayne Dedmon,2017-18,1542.0,1.100000023841858,1.119763355137726,0.832972176668296,0.8063273822219201,1.168477636297486,1.2514202647418549,1.166180095662584,1.0394853642062203,1.131941925427666
Mario Hezonja,2017-18,1657.0,0.20000000298023224,-0.19032979767982638,0.07255782269529591,0.02997500692257965,-0.2852758051884299,-0.3313494036587076,-0.22295835769767075,-0.18256986758197896,-0.21406629955697726
Caris LeVert,2017-18,1864.0,0.10000000149011612,-0.44294490232589234,-0.38607035264898937,-0.44763838322722294,-0.3561329934759459,-0.31333445979883967,-0.502785916264031,-0.46461660331893717,-0.4212419251134057
Austin Rivers,2017-18,2057.0,-2.0,-2.1618722779385786,-2.2774582314787786,-2.2196713159915418,-2.2407192364311097,-2.2076385455387797,-2.3608580471018796,-2.1635435933255796,-2.181584017561711
Pat Connaughton,2017-18,1488.0,-0.10000000149011612,0.16880634192073435,-0.055952646944969986,0.023172158787473918,0.14216014866490267,0.16010398185411906,0.46013960592287123,0.22154838939931262,0.16214479360677642
John Henson,2017-18,1970.0,0.30000001192092896,1.6692777264660994,1.765268592855624,1.6782252067258352,1.8372926758500496,1.805295806585614,1.8125699927834225,1.6553815729297734,1.711281463812087
Luke Kennard,2017-18,1463.0,-0.699999988079071,-0.421272167157646,-0.6351235340531242,-0.5996497141400634,-0.5359450722468401,-0.553872819489851,-0.5620973080150843,-0.36269763457583715,-0.4499403934299445
Courtney Lee,2017-18,2310.0,-1.5,-1.8905803846028482,-1.7806784966825189,-1.7703015875370973,-1.9141930266472147,-1.7537642150320534,-2.0000722832548856,-1.879249907742649,-1.8964835451139397
Harrison Barnes,2017-18,2634.0,-0.20000000298023224,-1.5029233148319485,-1.6935308212522173,-1.6648501399452935,-1.7730885642819376,-1.5709603636353644,-1.6224134190295172,-1.4774711634170976,-1.570464627194446
Serge Ibaka,2017-18,2093.0,-0.20000000298023224,0.084654131539006,-0.2326340977515334,-0.18635919211557544,0.10978681427126111,0.08032135753862135,0.14618615191113699,0.09194807745117747,0.09093730222206978
Cory Joseph,2017-18,2210.0,-0.30000001192092896,0.09955904363484958,0.1481559515512117,0.20604708909469827,0.2735098762670196,0.22983769440067736,0.6225399539682218,0.09650979122471345,0.14304675179289209
Bobby Portis,2017-18,1643.0,-2.0,-0.875692132414875,-1.0663560401980814,-0.9631238666085017,-0.7821955844465701,-0.6866602050797352,-0.8482956643342956,-0.8876137992394167,-0.8523179954227987
Wesley Johnson,2017-18,1486.0,2.0999999046325684,1.5916240905914665,1.4073949093950753,1.296805469219995,1.416082974455678,1.4105504557766753,1.3089826814331298,1.503863457473482,1.5477388115575195
Kyle Kuzma,2017-18,2401.0,-0.800000011920929,-0.7007115458651174,-1.0543825725396423,-1.0067494405764998,-0.9391277878171673,-0.9258901145788533,-0.8766144075957989,-0.6803645872409532,-0.7603156063531298
Bam Adebayo,2017-18,1368.0,1.2999999523162842,1.5129193757522337,1.9136165055092391,1.9069942681820469,1.4435092315285916,1.5094595737205463,1.6964122453843955,1.5938411024095942,1.495566839696323
Stanley Johnson,2017-18,1894.0,1.2999999523162842,1.3333232484069018,1.2423452722439696,1.2397353493836036,1.322940062857632,1.2247045011952347,1.5678793664117667,1.285632973645767,1.3307274520195844
Maxi Kleber,2017-18,1206.0,1.5,0.6373574028704676,0.7401295264763286,0.773934764833932,0.8238590892877965,0.906263345069334,0.7101576693318483,0.6527560696636611,0.6839828244747999
Domantas Sabonis,2017-18,1810.0,-0.20000000298023224,0.5894113815340093,0.09788322120730863,0.20330741939055064,0.5924102553770684,0.4654126818688513,0.8466193786081102,0.6147044460920329,0.5901610999947741
Mario Chalmers,2017-18,1421.0,1.0,1.3805330053286025,1.373718108912689,1.3070984286496534,1.4053892443510205,1.316985685022042,1.159224319968223,1.2978383055194709,1.386747065084207
Kris Dunn,2017-18,1525.0,0.5,-0.1566571543764289,-0.24358963703941783,-0.4004632581430812,-0.3318834799484704,0.04246666142933289,-0.16332130106310724,-0.23095243731756296,-0.20046373576943927
Andrew Harrison,2017-18,1326.0,-0.5,-0.6370878642759793,-0.4778316660119033,-0.4503234174100183,-0.43887131527198864,-0.4733447638364294,-0.4594250701753818,-0.6058252028020608,-0.5875337270249816
DeAndre Jordan,2017-18,2424.0,-1.0,0.16733267735267185,0.2783211617643226,0.2762859340919252,0.18793962044860746,0.29180377087005444,0.05709854142872728,0.14465503013927045,0.17248441312665574
Sindarius Thornwell,2017-18,1156.0,1.7999999523162842,0.9340016289412278,0.5091309220986433,0.5061831636672057,1.0004271887547518,1.1553873793403062,0.8788079335009895,0.8497547399312155,0.9506080188946089
Denzel Valentine,2017-18,2095.0,-1.0,-0.9408052192673192,-1.028080796441485,-1.0150424625815384,-0.8830168956153243,-0.8121478346653279,-0.9370639162445001,-0.9462514593451544,-0.9263581383543205
Dwyane Wade,2017-18,1536.0,0.6000000238418579,-0.07671408149185005,-0.2150289525668475,-0.1654047365034251,0.08515452076156509,0.054238457892888094,0.15086857802495612,-0.07650495522483136,-0.03624693092849626
Tyson Chandler,2017-18,1151.0,1.0,0.33360807023322014,0.02468823600655444,-0.07296494207528864,0.17181969994004237,0.322973466282956,0.06963986504716829,0.27575588544857854,0.2931609776599257
Frank Kaminsky,2017-18,1835.0,-2.299999952316284,-1.9906869048110933,-1.7403742023689817,-1.6711479368627982,-1.929522098510549,-1.8957800347530642,-1.7167767688084616,-1.8972503423537377,-1.9753957032359573
Kosta Koufos,2017-18,1391.0,0.6000000238418579,2.259125002130999,2.0674806712329707,1.963659492936222,2.0401235068825434,1.9579054130983278,1.990322976665843,2.234369359100816,2.2043746283188854
Frank Ntilikina,2017-18,1706.0,2.5,0.7227103999585434,0.36685670036969836,0.3498613243523636,0.5786544562401507,0.5925248377671659,0.5539333710200528,0.6509798661489712,0.6866964140289452
Maurice Harkless,2017-18,1264.0,-0.4000000059604645,0.8298095575449138,0.643542486184845,0.6124188312088866,0.8702992359713049,0.8250314942204213,0.8600317214654898,0.7734411636002452,0.8399319771515116
Alex Len,2017-18,1395.0,-0.30000001192092896,0.6416933694258263,0.4560759379925712,0.4487936356598317,0.8493733077906899,0.8885605079028548,0.8163340893171248,0.6155225112259769,0.6936133540170422
Willie CauleyStein,2017-18,2044.0,0.8999999761581421,0.15399796053761922,0.16305383428390005,0.20244073391856396,0.16265453545968078,0.15576510270282168,0.2690609925637194,0.1403631965836181,0.1561621042681346
Jae Crowder,2017-18,2090.0,-0.4000000059604645,0.65910812476653,-0.16450642068211663,-0.17777483245383593,0.5591606599647199,0.5021775886589344,0.5327968120924473,0.5626822989329283,0.6341212585660775
Raymond Felton,2017-18,1365.0,-0.5,-0.7924704141867691,-0.5706100939625183,-0.4467170671702897,-0.7227521785330189,-0.6678102071361158,-0.6593478542477251,-0.7091021012299105,-0.7750408552733316
Brandon Ingram,2017-18,1975.0,-0.800000011920929,-1.0290315294839947,-1.3360393528363534,-1.2618303425541066,-1.056375490177512,-0.9393331270621866,-1.1975026078699773,-1.0437478548657313,-1.0358675196573741
Mason Plumlee,2017-18,1439.0,0.30000001192092896,0.713749098257175,0.8820924244779528,0.9666308795663113,0.5440368066793511,0.6108288472495174,0.6318114991128243,0.7916745062601882,0.6713210253627191
Isaiah Taylor,2017-18,1167.0,-0.20000000298023224,-0.31051028272146863,-0.3449497032719897,-0.3244958925089855,-0.34690244255447966,-0.26466018025097726,-0.1441208715209915,-0.28577506816155646,-0.3196083226797214
Trevor Booker,2017-18,1158.0,-0.8999999761581421,-0.01343081355448808,-0.26811998863826847,-0.2808365748426952,0.27009982031882984,0.45902549904844625,-0.21985070835144455,-0.037164015970277145,0.0574518449138414
David Nwaba,2017-18,1646.0,-0.8999999761581421,-0.965561624334482,-0.9522418673225548,-0.8901487060785587,-0.8731072906624014,-0.8935435533906021,-0.870686710875674,-0.9979848184474879,-0.9424480409164618
Kelly Oubre Jr.,2017-18,2231.0,-1.2999999523162842,-0.8072581199377427,-0.7613313130759608,-0.7686498807768943,-0.8012250286002129,-0.8419940026495374,-0.6203584739207804,-0.8283683130488064,-0.8057498471033603
Michael Beasley,2017-18,1653.0,-2.0,-1.1889446160472095,-1.6305009014528906,-1.5977195088733318,-1.343334142465449,-1.2022225551974128,-1.3124047270116992,-1.2561454004461816,-1.2275419976517694
Wesley Matthews,2017-18,2131.0,-1.5,-1.6032612607435042,-2.2376314107169635,-2.1992644296697015,-1.6761618382484413,-1.427152174341901,-1.567752908779278,-1.6773154393022172,-1.6214864051197386
Elfrid Payton,2017-18,1808.0,-2.700000047683716,-2.1454052115513367,-2.488272676523132,-2.4809440761096972,-1.951336766019331,-2.09284290951186,-2.0705435375267385,-2.191486272716104,-2.0968881001683353
Evan Turner,2017-18,2034.0,0.30000001192092896,-0.029269035273958112,-0.11277072929787932,-0.01809220366243431,-0.14438031720623307,-0.19100439814497377,-0.15991701964113395,-0.0005400786823070436,-0.05804685575702685
Bryn Forbes,2017-18,1517.0,-1.100000023841858,-1.6396966372633126,-1.2590870589591803,-1.1180118254197837,-1.4495776666518223,-1.507174834840399,-1.3038565606187995,-1.509037614730111,-1.59216689461044
Dwight Howard,2017-18,2463.0,-0.10000000149011612,1.6601237355731757,1.2404270564970292,1.2561915322593786,1.4686769057326123,1.586013660466414,1.6086524628545527,1.5964018062580363,1.6122620281130349
Markieff Morris,2017-18,1968.0,-0.8999999761581421,-0.1687213598585122,-0.3389733264952064,-0.35233481059858174,-0.02371410967871948,-0.027092018986022842,-0.21519446846046597,-0.18024560975228038,-0.132469547313564
Myles Turner,2017-18,1836.0,-0.4000000059604645,2.2494382622044284,1.8283456481310942,1.764192392145048,2.2264820519817223,2.295438950312868,2.3472007901197487,2.2058405456123666,2.243699209648752
Nick Young,2017-18,1393.0,-1.2999999523162842,-0.7411147317481823,-0.6600911618932085,-0.5652958831700776,-0.6394391080520001,-0.6344862188609897,-0.545994703849036,-0.6721442694205673,-0.7156958258241367
Avery Bradley,2017-18,1433.0,0.30000001192092896,0.3993079886898647,-0.2269341504084941,-0.27913438955586656,0.3294614134184566,0.47892374632034457,-0.317536275808869,0.26872261835298894,0.3818463448720127
Jarrett Jack,2017-18,1548.0,-1.600000023841858,-1.4801620357366805,-1.8939066192461969,-1.8315640388915992,-1.5088610724287759,-1.3657451902386855,-1.5191053463140496,-1.4816308963445457,-1.4873367949097043
Jonathon Simmons,2017-18,2029.0,-1.899999976158142,-2.1269155802364432,-2.3455525412690124,-2.3018004284376357,-2.2270215576120878,-2.120644158443214,-2.2942615990654285,-2.1391644314870693,-2.1519420745803544
Taurean Prince,2017-18,2464.0,-1.7999999523162842,-1.3023909076568914,-1.4807930683553188,-1.456561010161689,-1.4726086460403396,-1.1702829867289268,-1.1649497959972495,-1.3176652503216564,-1.3449453422527533
Rodney Hood,2017-18,1616.0,-2.5999999046325684,-1.6516068433573177,-1.5591370631187653,-1.5403306891364719,-1.5668300415171665,-1.6792479383619798,-1.887722286601454,-1.6278119155113084,-1.63041264289728
Tyler Ulis,2017-18,1658.0,-1.0,-1.4643408390781958,-1.691362120228553,-1.780862229517398,-1.486240765720936,-1.3459890534741277,-1.704720697320761,-1.488883058613595,-1.469815820738881
Skal Labissiere,2017-18,1240.0,-0.800000011920929,-0.12421823580709655,-0.6342718341885863,-0.6372298608465624,-0.24077643545617256,-0.1999189036797695,-0.32376868300999867,-0.1514199520757473,-0.15335778571936554
Doug McDermott,2017-18,1768.0,-1.2999999523162842,-1.0479432817994885,-1.434814059888486,-1.3725720160563073,-0.9413488927432888,-0.9154019934061766,-1.3249496385640216,-1.0120644597490234,-1.0212946845354385
Quincy Acy,2017-18,1359.0,-0.699999988079071,0.21260684864160992,0.4701317214962114,0.39976000958962654,0.10953965150598544,0.21240833820382435,0.222014520297965,0.23923675302181704,0.1868400493577038
Patrick Patterson,2017-18,1270.0,-0.10000000149011612,0.5379496971129961,0.9181245529775113,0.9307645163872148,0.35803191392058,0.4855530013013858,0.6755501757834581,0.5918539321618914,0.49297025131489214
Dante Cunningham,2017-18,1562.0,-0.6000000238418579,-0.5107853277724784,-0.1313832162731009,-0.10084449677090046,-0.5390599194280383,-0.4348340840046855,-0.41306496138133153,-0.4715794489225518,-0.5178539756863685
JaMychal Green,2017-18,1542.0,-1.600000023841858,-0.8603612319623639,-1.035197954260301,-1.1951731838195634,-0.9151542985579939,-0.7618516239635885,-0.7700460939714332,-0.919522341827181,-0.8740594986112713
Mike Scott,2017-18,1406.0,-2.200000047683716,-1.8264860949626827,-2.280116562819898,-2.2559843031879163,-1.7576407070015792,-1.7240243998307765,-1.8339032849188859,-1.8373294613115054,-1.809274747972407
Tony Snell,2017-18,2053.0,-1.899999976158142,-1.8792607443107427,-1.743281342508549,-1.6812383855977104,-1.8890604110735132,-1.7673969464974273,-1.9773792573552678,-1.8364905944655596,-1.8817106610014354
Lance Thomas,2017-18,1353.0,0.0,-0.09056664495554353,-0.3738824132097731,-0.45365759961896923,-0.22334066213050088,-0.1090867797315222,-0.045073272985806545,-0.15241027401804721,-0.12376014924928286
Marquese Chriss,2017-18,1527.0,0.30000001192092896,0.06739114487440077,-0.14698961971233854,-0.19589791744864438,0.21390862766767393,0.30650882932925083,-0.09167420496377982,-0.004505563260255925,0.10402051557271906
Lance Stephenson,2017-18,1850.0,-2.9000000953674316,-2.6913222541730297,-3.1312051061992903,-3.207324757213847,-2.8930922782661304,-2.9600889585259504,-2.824523405975428,-2.718633552221762,-2.741764760196305
Ian Clark,2017-18,1455.0,-2.5,-1.585006107708906,-1.811675572392806,-1.7278623934347759,-1.5128092100026476,-1.5685779437769114,-1.44696223766477,-1.5458629514938487,-1.5669568832823413
Justin Jackson,2017-18,1506.0,-1.399999976158142,-2.099785657402779,-2.019255029005052,-2.023381757466254,-1.9751209064522866,-1.9727260264512263,-2.0056441144563153,-2.0613307147825246,-2.068619469665156
Zach Randolph,2017-18,1508.0,-3.799999952316284,-2.152820300186557,-2.0762237086879023,-2.1537099516774876,-2.057330527464994,-2.3707280597533464,-2.2067299817690467,-2.1872900209826365,-2.1289478570061666
DAngelo Russell,2017-18,1234.0,-3.5,-2.6795999146958547,-2.6899793119651645,-2.6228628255055586,-2.550513710957474,-2.9648015004506467,-2.464598816579573,-2.6386425062613115,-2.6473283637612592
Jarrett Allen,2017-18,1441.0,-1.100000023841858,0.3186945245430159,0.4086529129991641,0.4887237971474312,0.08318688069121424,0.23991676059192962,0.37720828317522426,0.3975133355414737,0.25981761358006544
Gorgui Dieng,2017-18,1333.0,-1.7000000476837158,-0.5141112889129978,-0.6002235395650616,-0.6247869490701872,-0.521151720057422,-0.34226422525652667,-0.5286262839792479,-0.5089723411069351,-0.515871396699104
JR Smith,2017-18,2244.0,-3.0,-2.887512040760796,-3.0008129366656915,-3.133785926648079,-2.8565109348799838,-2.9548052836889442,-3.0979730685339373,-2.9108430225944875,-2.879761764290593
Joe Johnson,2017-18,1205.0,-1.2999999523162842,-0.6660908318818144,-1.3108804938035172,-1.1695422503276218,-0.8342257190582265,-0.6353307027161292,-0.7677340788112137,-0.6710975255307582,-0.7081245536759174
Robin Lopez,2017-18,1690.0,0.10000000149011612,0.7911464118575205,0.47192728168790143,0.41540868041871615,0.8943915634831573,0.8494437301535214,0.2927502169912094,0.7825061403941415,0.8169576997639297
Jarell Martin,2017-18,1661.0,-0.5,-0.20180002098259442,-0.8337988472093936,-0.8785047176997365,-0.34996738896187823,-0.39661132480048544,-0.6113545908458841,-0.2666528562992879,-0.2388418629774154
Troy Daniels,2017-18,1622.0,-3.9000000953674316,-3.8108263907799778,-3.852854715750234,-3.9143910975787675,-3.741508713858929,-4.088274147030807,-3.9769663711613674,-3.779367605912562,-3.7934969715497155
Jamal Crawford,2017-18,1653.0,-5.099999904632568,-4.024811926576962,-4.206006059637423,-4.196619111769607,-4.0681382508834,-4.42937039263459,-4.158483075715881,-4.058392837528061,-4.035643507653572
Dragan Bender,2017-18,2069.0,-1.0,-0.7506189061694692,-0.5978252631931379,-0.562937259723193,-0.8046272892503996,-0.8044385951164781,-1.0656059560701487,-0.7442874490484032,-0.7641210019397018
DeAaron Fox,2017-18,2026.0,-2.0,-1.624789517124064,-1.5547105991652834,-1.573401854905857,-1.6055280385225328,-1.4492927476424096,-1.5887666803456877,-1.5949697662819322,-1.6199741474736813
Emmanuel Mudiay,2017-18,1245.0,-2.4000000953674316,-1.8772529984943014,-1.9925360128339267,-1.9442093946231036,-1.8851871506218065,-1.5674514742523211,-2.1551922386899327,-1.8881312087850939,-1.8792365365261778
Josh Jackson,2017-18,1959.0,-1.2999999523162842,-0.6802894811050513,-0.9289272069583917,-0.9373957639368793,-0.7152170476304553,-0.6057069903004346,-0.804943370812444,-0.7478737340648348,-0.6890213727364023
Bismack Biyombo,2017-18,1495.0,-1.100000023841858,-0.22787701641107005,-0.6702025206419642,-0.6099182999446737,-0.534882238951265,-0.42252607265021025,-0.6709738935153391,-0.28481638249786323,-0.3046283220461188
Thon Maker,2017-18,1238.0,-3.4000000953674316,-1.3586025941241915,-1.5188408552282762,-1.5143851969678481,-1.4273697088642767,-1.5358421911387496,-1.4539931967340842,-1.372153890648287,-1.3757943728092128
Dennis Smith Jr.,2017-18,2049.0,-3.299999952316284,-2.5480266419527293,-2.529145248874407,-2.458024185796213,-2.558306019785718,-2.366254779099504,-2.46881267424601,-2.5199122327854027,-2.5505964864109765
James Harden,2018-19,2867.0,1.100000023841858,-0.04416307792920249,-0.08414026727232826,-0.034326347020119274,0.07705262395208479,0.185383792998216,0.09690599060068023,-0.07145545510829653,-0.01385915245888067
Paul George,2018-19,2841.0,3.799999952316284,2.593289920660343,2.525584143139874,2.4334885608368197,2.730696103502096,2.853581079915373,3.1114547583264223,2.5447552247506113,2.627641466370781
Stephen Curry,2018-19,2331.0,0.699999988079071,0.8831088783350667,0.7549381320688237,0.6519690174871084,0.8477438453247826,0.7924515109723735,0.8184834967892005,0.8324644188920161,0.8742676200824956
Damian Lillard,2018-19,2838.0,-0.4000000059604645,0.7324541060159715,0.5726168528706483,0.4797090102945283,0.7218037903013296,0.7367963348300091,0.6385492528253964,0.6627575145195065,0.729791527087311
Nikola Jokic,2018-19,2504.0,1.7999999523162842,2.3455179855477923,2.8708776523770156,2.82332228146384,2.4514234252432496,2.38918961391805,2.577473931465969,2.3422657975993877,2.3719943454716566
Kemba Walker,2018-19,2863.0,0.800000011920929,-0.4187616571673694,-0.3732242753865844,-0.39810011837156645,-0.4282525025470643,-0.38213254652671963,-0.37738046516436813,-0.4239961276469161,-0.42113436851229313
Giannis Antetokounmpo,2018-19,2358.0,2.5999999046325684,3.2968872250531547,3.371581668503382,3.237665047404592,3.317426021055218,3.2098328157968643,3.3655199997581167,3.2200576576495883,3.302021924053671
Rudy Gobert,2018-19,2577.0,5.099999904632568,4.114010117655875,4.3676414471659495,4.389780967453866,4.166988549169655,4.372486819092655,4.3383863462555485,4.123931013022827,4.1272547255343195
Mike Conley,2018-19,2342.0,1.7000000476837158,0.8835881329308699,1.1431530691509133,1.1425851724746134,0.8992569676033474,0.942638638140256,0.8838292636314153,0.8545307166211371,0.8875053415989893
Kyrie Irving,2018-19,2214.0,1.100000023841858,0.47001432100373186,0.4897906832048125,0.4859041081144247,0.6349631764530532,0.5678142063042483,0.8894246388292397,0.4412298834953121,0.5112515348660622
Kevin Durant,2018-19,2702.0,-0.20000000298023224,0.6829079324058007,0.3802444465540715,0.35311138822653687,0.8788668696395578,0.6517785129721031,0.8566165578336838,0.6348521211767089,0.7318976667142401
Jrue Holiday,2018-19,2402.0,1.5,0.983342182456537,1.2826959855650015,1.1500354468755636,0.9292592822631991,0.8946320122568857,0.9703123146807766,0.9315794191839558,0.9698214574082026
Nikola Vucevic,2018-19,2510.0,3.5,2.5949244846548445,2.8966685606952494,2.911727149198062,2.6909360696415914,2.9280113977073814,2.884228651408147,2.6063424716935266,2.618927380901531
Jusuf Nurkic,2018-19,1974.0,5.199999809265137,4.151221217296325,4.233073913006343,4.061542214889282,4.255899948324786,4.369167119275418,4.020489170191055,4.074129139699388,4.177390900053441
Joel Embiid,2018-19,2154.0,3.5999999046325684,3.5110305852006403,3.8426237507062795,3.9154686617691805,3.665396955081877,3.706171611365811,3.529816560946874,3.520905923768024,3.5496221776709493
Eric Bledsoe,2018-19,2272.0,2.200000047683716,1.5967629089693451,1.8097348254257635,1.8097009504410528,1.6807813863268435,1.579848574021873,1.8325772316744662,1.5745315929791641,1.6177675283087196
Bradley Beal,2018-19,3028.0,-0.8999999761581421,-0.9414417450375793,-1.018336307123665,-1.0201740235497645,-0.95879638019066,-0.7481330828207591,-0.8319776172353301,-0.989335590093015,-0.9457804038258495
Anthony Davis,2018-19,1850.0,3.299999952316284,2.563540474026311,3.0450781030708214,2.9020817979704105,2.7322527791243085,3.0596502606299145,2.8869593157300284,2.5329449174977037,2.6057185503008102
Blake Griffin,2018-19,2622.0,0.4000000059604645,-0.4272330824889738,-0.35146635163660966,-0.33850153091071056,-0.4613780131016125,-0.49847287626953,-0.40845266097764626,-0.3980760213202623,-0.43576931514213346
Andre Drummond,2018-19,2647.0,3.0999999046325684,2.6616685811743386,2.8964353409659562,2.8345054457458163,2.6247190446720374,3.158034783999782,2.735571345962092,2.6287012973833996,2.652431197048763
Kyle Lowry,2018-19,2213.0,1.899999976158142,2.112944383615295,2.151364622666644,2.127597719222875,2.1577197977865956,1.9703147087773065,2.2765780326983043,2.091082496810206,2.12413823715812
Danny Green,2018-19,2216.0,1.7000000476837158,1.317851618989339,1.5638092180962841,1.5409177205696212,1.5067560046116908,1.490968029811752,1.5328244171795575,1.3513426621941218,1.365077715394927
Kawhi Leonard,2018-19,2040.0,0.699999988079071,1.1617048048181968,1.436900208111441,1.40197268745369,1.2849331500597614,1.3778611486143493,1.3083232461840673,1.142824367457802,1.192511891128588
Jimmy Butler,2018-19,2185.0,1.7000000476837158,0.9583115955700344,1.16773102505311,1.1259065571031397,0.9757835872783036,0.8998409407987679,0.9939192855921065,0.9227211768642777,0.9626795934971017
LeBron James,2018-19,1937.0,0.10000000149011612,0.8023368331254647,0.6692016623811126,0.5930755658890907,0.7247407142113973,0.5496225917310482,0.603394027456219,0.7448253768968549,0.7829378033969479
Danilo Gallinari,2018-19,2059.0,0.20000000298023224,-0.6265375065000294,-0.7766575264035211,-0.7829488165292253,-0.6003369527225901,-0.7323758028529075,-0.8967663381753618,-0.6319967980922719,-0.6199873680556696
Pascal Siakam,2018-19,2548.0,1.2000000476837158,1.7534998548804888,1.7830687107826675,1.7798986626442872,1.9165710085166516,1.8317003783753378,1.7345556675824714,1.7633620558283756,1.7942676432895295
Marc Gasol,2018-19,2436.0,3.9000000953674316,3.020074224248745,3.456797693837025,3.34577402820694,3.1020602430121658,2.9668574394669736,3.042560850494872,3.048188444401155,3.0405707289396
Russell Westbrook,2018-19,2630.0,-0.30000001192092896,0.5596859731892628,0.2747033139499553,0.21367126668300226,0.5201804778141484,0.5004509669282363,0.5537537418160262,0.48421336933432674,0.5498095993454842
Joe Ingles,2018-19,2568.0,1.2000000476837158,1.0457793659695698,1.2160756039479814,1.2127606789048564,1.2004676652758426,1.2070712209056933,1.2874757347540804,1.0508797626951385,1.0844514407961379
Khris Middleton,2018-19,2393.0,0.8999999761581421,0.16342690015732325,0.42937594516710886,0.44779244590533673,0.28325347704813003,0.2323694664322455,0.34537718573445575,0.19178986831956593,0.19338354438002495
CJ McCollum,2018-19,2375.0,-0.10000000149011612,-0.2869071317212622,-0.5239476565681281,-0.4696642375823227,-0.16021710973583322,-0.2883778939307673,-0.32265417997176077,-0.2967744086287003,-0.25523462622490495
Chris Paul,2018-19,1857.0,0.8999999761581421,1.7470777037575875,1.7965432446473009,1.7311456389123128,1.710828008442175,1.462946374815516,1.5931713570231731,1.6709692964256755,1.7380152799287345
Clint Capela,2018-19,2249.0,2.0999999046325684,2.0934673017776424,1.9240289505092543,1.9350284248640783,2.1091861133430947,2.0228019338732524,2.0708079242205715,2.0466479963851416,2.0973970046690056
Paul Millsap,2018-19,1895.0,3.0,1.982296822901188,1.9940311618268263,1.9101813286320484,2.0916266789323363,2.0356454753190305,2.24657009108226,1.9192831106262862,2.009629286908975
Steven Adams,2018-19,2669.0,1.899999976158142,2.0429607968511876,2.0129114522868288,2.08200340357966,2.111186740247,2.0255528639127225,2.4836425720191673,2.0618371242457636,2.060017282700141
LaMarcus Aldridge,2018-19,2687.0,1.2000000476837158,0.5745837298637342,0.8431411079442306,0.8514598941943352,0.7183036633352373,0.6172142910083,0.7785190525212552,0.6082405948951704,0.61051371323161
Draymond Green,2018-19,2065.0,3.5,3.1315114954386205,3.2041290746224362,3.118549408022004,3.298256618851761,3.461187794676156,3.3654594911050992,3.0694851836926853,3.173197776291906
Thaddeus Young,2018-19,2489.0,1.7000000476837158,1.6692066820566223,1.909955350992623,1.8416822310170062,1.564497075077797,1.6163304974774868,1.7743586640890432,1.6722089317104225,1.643029280311916
Jeremy Lamb,2018-19,2250.0,1.100000023841858,0.6419319562156728,0.7034685875088514,0.6401229391428767,0.6269754023137573,0.5707032097312904,0.628127210040412,0.5730938547615185,0.6381928177401939
Luka Doncic,2018-19,2318.0,-0.8999999761581421,-1.1609034302673116,-1.0195089900938934,-1.0477657339970698,-1.1520279249946954,-1.1091613718700355,-1.031633517516596,-1.1531704813806358,-1.1586845539491575
Malcolm Brogdon,2018-19,1832.0,0.8999999761581421,0.3291985867456069,0.7301120623811264,0.7776377309731956,0.4525198969125618,0.31550237496733124,0.5291035344422603,0.42432465174099193,0.3600289142873456
Josh Richardson,2018-19,2539.0,0.8999999761581421,0.5616970922193794,0.6610469844414402,0.6305136561386262,0.7079444302471871,0.6170555655539622,0.7992242036373882,0.5653951918255992,0.5982589267263313
Marcus Smart,2018-19,2200.0,2.200000047683716,1.9002151372550946,1.950257197121715,1.8736873913452208,1.8980438003090194,1.9371304343026203,2.203694488710609,1.8503401084053621,1.8996723030185758
Al Horford,2018-19,1973.0,1.399999976158142,1.4100542694472462,1.8777187472716852,1.9279994487275562,1.5854478823899103,1.6606880469245833,1.760781940428919,1.4636764349398286,1.4539026726829123
Patrick Beverley,2018-19,2137.0,1.100000023841858,0.9297176200518459,0.7648585298766692,0.6979651561507738,1.0506682537478347,1.0481290432045882,1.0903818630574587,0.8319969721976674,0.959955278475843
Buddy Hield,2018-19,2615.0,-0.800000011920929,-0.902750906615752,-1.0257162213621878,-0.9423363295127853,-0.9111014264364635,-0.8714767753113268,-0.8217636223681309,-0.9225269401641711,-0.9048385365709298
Jamal Murray,2018-19,2447.0,0.10000000149011612,-0.48565468524645833,-0.7381104475387531,-0.738420322530403,-0.44145008753209203,-0.4954700782554219,-0.4207965992312588,-0.5266322718159798,-0.47460353581786674
Monte Morris,2018-19,1970.0,1.2000000476837158,-0.1358244883010472,0.24983750449505632,0.23391766120845503,-0.22180541619505167,-0.23358055006379652,-0.007641245212930359,-0.07337147697106022,-0.15731972027454832
Derrick Favors,2018-19,1766.0,3.200000047683716,3.3852760314949633,3.684183607968808,3.80176702543958,3.4420638672340442,3.349712812840848,3.619135278489514,3.4388976222812793,3.399472990429733
Montrezl Harrell,2018-19,2158.0,1.2000000476837158,0.6517162182256647,0.9442753914490375,0.8953447845425425,0.7309731891310107,0.7958509340600287,0.7879419079014891,0.7097571254280177,0.6715304609520012
Donovan Mitchell,2018-19,2598.0,-0.699999988079071,0.7095665586543931,0.8354246039466614,0.8267282153444157,0.8315385059853536,0.6397070454878211,0.786768347843871,0.7124772457253571,0.7400595454871333
Derrick White,2018-19,1728.0,3.0,2.0546134100380584,2.340945543932105,2.2848347401127826,2.103806146389858,2.177456451565255,2.3726522932248146,2.0491659060617113,2.066911594126008
Davis Bertans,2018-19,1632.0,1.2000000476837158,0.2868212692154084,0.28783799428510387,0.2863348746305545,0.47773294668968236,0.2738383489789064,0.15235748756788658,0.2702336704398733,0.33454918858397686
John Collins,2018-19,1829.0,-0.5,-0.8117191850745612,-1.2315838253691767,-1.2842024769338134,-0.905765561514213,-1.022832622743405,-0.9657696048478064,-0.8828793560860007,-0.8352307791844742
JJ Redick,2018-19,2379.0,-0.5,-1.2585738388801975,-1.3618460577480342,-1.3820519511109182,-1.0366079793683152,-1.0763643555426015,-0.995755333669487,-1.2013786874594745,-1.203082374002227
Rudy Gay,2018-19,1842.0,1.5,0.980848210218699,0.6972705505100734,0.6280522881168364,0.8793541792437081,0.8417422271233298,1.0873415501011,0.9094307346211673,0.9554747024749513
Hassan Whiteside,2018-19,1674.0,3.799999952316284,3.1878438468345807,3.7783556797642595,3.868209067083454,3.325505655884697,3.3632440669247505,3.5326127320088743,3.245442408210363,3.22225929909711
Jayson Tatum,2018-19,2455.0,0.6000000238418579,0.7093479342479045,0.8371853833062738,0.8946886152597125,0.8154583236329493,0.7916989120693876,0.86550713427167,0.706414364669602,0.7358755315941657
Aaron Gordon,2018-19,2633.0,0.699999988079071,0.6628067895649384,0.6725387413243105,0.6356719565736383,0.800137210533247,0.766604925717151,0.6363023474590869,0.6507826322732617,0.6971393948070156
Jerami Grant,2018-19,2612.0,1.100000023841858,1.4134124641905377,1.3186201539366489,1.2798507295315997,1.6418473286338904,1.5123293925057606,1.566320626832637,1.3764222409816917,1.4705211803013758
Cory Joseph,2018-19,2063.0,2.5,2.374709856683228,2.3930393536446606,2.3774335569011606,2.4746060373702643,2.541067227769374,2.7532962731495454,2.3801135243361156,2.399683901854987
Otto Porter Jr.,2018-19,1683.0,1.2999999523162842,0.04749725598355979,0.35490528765274865,0.23119627321978722,0.08866544794506952,0.05106949113593837,0.08607124515492023,0.01914474912897992,0.05778930397393722
Nemanja Bjelica,2018-19,1788.0,1.0,0.44625963571880306,0.35425645612824436,0.30081517806441394,0.5984640490593235,0.6463436430177518,0.6628972538980195,0.41722963345423564,0.4843107390539332
Larry Nance Jr.,2018-19,1795.0,2.200000047683716,1.137090335328945,1.6276635738573941,1.4716954430289553,1.0805726175014856,1.4494882212498472,0.9232640603589768,1.0893095931148549,1.1229609058720802
Delon Wright,2018-19,1699.0,2.0,1.0706923004071218,1.2008704762510027,1.2028703999302621,1.0691854507578644,0.9289623317284733,1.3821250953492104,1.0815920108877606,1.0703155879948074
Kevon Looney,2018-19,1481.0,2.700000047683716,2.231512041857701,2.566669751285049,2.576791762714886,2.3256476347176234,2.2914937031681597,2.3338546949654813,2.279875426285779,2.2550459400726814
Tobias Harris,2018-19,2847.0,-0.6000000238418579,-1.1455269177085463,-1.3161604504017421,-1.2572831850375081,-1.0792742260264676,-1.1478508031551424,-1.1892022948181817,-1.1317455846241444,-1.1289637447880265
Lou Williams,2018-19,1993.0,-3.700000047683716,-2.267599935953691,-2.5994221497937025,-2.5940350631798275,-2.192012197083517,-2.3801001712861085,-2.0421460998748664,-2.2479132186075113,-2.2487030012361475
Bogdan Bogdanovic,2018-19,1947.0,-0.20000000298023224,-0.5070395696547471,-0.4182451697730517,-0.4357843265876499,-0.46240176175377334,-0.4379278430637567,-0.36619964035176555,-0.5373188689730571,-0.4958801176795036
Bojan Bogdanovic,2018-19,2573.0,-0.4000000059604645,-0.8631949034886204,-0.6377434563741535,-0.5878067032698562,-0.8557696376326008,-0.7438056523675026,-0.6565358111539636,-0.7921095523356162,-0.8613385870246155
Joe Harris,2018-19,2293.0,-0.5,-1.574857443415635,-2.006593205158291,-1.9679999144578093,-1.7316945063950178,-1.7826522193417853,-1.8729581583003805,-1.6046417996744191,-1.6140667091604808
Domantas Sabonis,2018-19,1838.0,0.30000001192092896,1.7498438537100622,1.6332355768615705,1.648832755302974,1.7089867634171099,1.7000658561609399,2.076576842348109,1.8013584211044504,1.7396295811368243
Devin Booker,2018-19,2242.0,-3.0,-3.0364359996339383,-3.481370573530135,-3.4435122901857307,-3.007605217159684,-3.394471790664581,-2.7922189909782427,-3.06556595176462,-3.029228304015375
Darren Collison,2018-19,2143.0,0.0,-0.06786261596015858,0.07489881080374386,0.004443822428958702,-0.07739526323495943,0.055886578661153485,-0.02611852703279946,-0.06454928271058791,-0.07024577777885879
DeMar DeRozan,2018-19,2688.0,-0.8999999761581421,-0.8586782672834697,-1.0422198024009,-1.0660792716915495,-0.8468485844131239,-0.8732468167854301,-0.9442625086038552,-0.9163829754222124,-0.8557208465658832
Spencer Dinwiddie,2018-19,1914.0,-0.699999988079071,-1.364274314662644,-1.615517567152191,-1.615063814936731,-1.466022543143608,-1.4496389584544178,-1.3602930385431449,-1.368358922061711,-1.3897113717828848
Evan Fournier,2018-19,2553.0,-0.5,-0.9063560374471766,-0.7813338464812313,-0.7584042227311594,-0.81318833969906,-0.8204673326490499,-0.7592574971538981,-0.8871719383029332,-0.8830641130101475
Dwight Powell,2018-19,1662.0,-0.4000000059604645,-0.49066517591877007,-0.5941013283165305,-0.5760401615111722,-0.6237800994405998,-0.634204158146167,-0.762665592353078,-0.48478326711262026,-0.5239439067992275
Klay Thompson,2018-19,2652.0,-0.800000011920929,0.03905322300059383,-0.06562676468004366,-0.08661508866211695,0.0018887964326338436,-0.18389715050121005,0.16165855249775818,0.024882898612108118,0.029762116358603832
PJ Tucker,2018-19,2802.0,1.7000000476837158,1.812065517836811,1.7439627555344805,1.6098475635343799,1.7184019708283718,1.6562328031273192,1.8084018602377774,1.7047136077064733,1.788649631084701
Ricky Rubio,2018-19,1899.0,1.2000000476837158,0.7901459466365971,0.9668842887671895,0.9157933297514511,0.9186650363580088,0.9292993316643423,1.1681539780038475,0.7922907947750708,0.8222757190669501
Jonathan Isaac,2018-19,1996.0,1.7999999523162842,1.445964004814373,1.1949142504056813,1.1316264253519515,1.4281216458929111,1.2554590965759844,1.2849758879791975,1.3703101903977775,1.4415034150840076
Terrence Ross,2018-19,2150.0,-0.30000001192092896,-0.3795078944352953,-0.07868180096308133,-0.05693848371714271,-0.34143685663737144,-0.28527671251161124,-0.26471886504208875,-0.33915502398723907,-0.36999013498581435
Mikal Bridges,2018-19,2417.0,1.100000023841858,0.4576340162574413,0.5361022306816942,0.4270291209462171,0.29932294465324777,0.20823567819150804,0.2765887708929678,0.3663617255393895,0.41805624835639293
Bam Adebayo,2018-19,1913.0,2.700000047683716,2.1655358710166728,2.2697121057854432,2.303321618292305,2.287618806463767,2.213519748697065,2.264871105779935,2.1929847051094042,2.1960566048784464
Jae Crowder,2018-19,2166.0,0.5,0.4494453511372374,0.22212284216047654,0.30497029935180126,0.3801005058957479,0.34748663956441245,0.3518787381142584,0.4654639255587497,0.432109139826865
Maxi Kleber,2018-19,1502.0,2.9000000953674316,2.3263819141628574,1.850767678907217,1.8420197663172888,2.4227795217135606,2.306522973818934,2.162474078467946,2.2758906573679334,2.3504813160505336
Brook Lopez,2018-19,2322.0,0.8999999761581421,2.8433086047233584,3.551543821375817,3.7714010842361074,3.013343365686789,3.15092678065608,3.031484747914816,2.9875208021293496,2.885817294964216
Nikola Mirotic,2018-19,1245.0,1.399999976158142,0.853985120069778,0.6744076743925933,0.6515391064820557,0.778892839018669,0.7289487400868939,1.100659820515657,0.8571727732363693,0.8352120498070008
Robert Covington,2018-19,1203.0,3.299999952316284,3.2113434309111524,3.389686686209644,3.3433037621502977,3.2184144999428166,3.271174197120933,3.108808278179362,3.184392168657025,3.2131111981690683
Tim Hardaway Jr.,2018-19,2057.0,-0.699999988079071,-2.1124889999011263,-2.0403611330851597,-2.04992407204221,-2.139512942644609,-2.2857483715611164,-1.910241402493463,-2.0895694283395967,-2.119244985586997
Gordon Hayward,2018-19,1863.0,0.10000000149011612,0.46192537723829835,0.4188068915570368,0.3124496215603254,0.6049867031756799,0.5301082502877953,0.5354192806436113,0.4471528299300736,0.49769070872264376
Josh Hart,2018-19,1715.0,3.0,2.3323025372066533,2.263914426265335,2.233403356114744,2.304765191357068,2.4721857109613485,2.4353006456299506,2.3105721523708125,2.325418200744257
Andre Iguodala,2018-19,1578.0,1.600000023841858,2.0666567858622598,1.9661789979877247,1.8598402305571522,2.098606712896254,2.1732473301259017,2.0322325671711323,1.9996450045288807,2.074644267620758
Kelly Olynyk,2018-19,1812.0,0.699999988079071,0.9625274630124436,1.0356973444004387,1.0263650445480548,1.0037067247648752,0.9564759105681304,1.0094922644870867,0.9869375350686985,0.9728222784505516
Ersan Ilyasova,2018-19,1231.0,2.799999952316284,1.3468691235934491,2.449980659354349,2.6272340266738743,1.3392112685359319,1.5589426135268352,1.337138797026184,1.5628811183717384,1.3449546598290698
Patty Mills,2018-19,1908.0,-0.8999999761581421,-1.1345689553098104,-1.1641474648025367,-1.1981551685193208,-1.074409282325938,-1.3005722175940901,-1.003579056961482,-1.098194481535254,-1.1195290370638422
Jakob Poeltl,2018-19,1273.0,1.0,1.978762475939101,1.569913124445026,1.596053368635073,2.0401452306555794,1.9990365277272293,2.197403209834601,1.9801530419194229,1.9941081646182206
Jordan Clarkson,2018-19,2214.0,-2.0999999046325684,-2.1128239730540557,-2.275986141483997,-2.2464073144357704,-2.1752065969111225,-2.360896820858904,-2.205866255875053,-2.1103792159119426,-2.1284196290183224
Derrick Rose,2018-19,1392.0,-1.2000000476837158,-1.3189157366678506,-1.2927526427803975,-1.2464278763452015,-1.2347146863969607,-1.1046956549553626,-1.200935370543626,-1.27767919562547,-1.297865474100128
Ben Simmons,2018-19,2700.0,-1.399999976158142,-0.5682986653782501,-0.4088245242442027,-0.4768072717578538,-0.5856202114120252,-0.5523584151159996,-0.4028516268996204,-0.5905186589808504,-0.5726290518866939
Myles Turner,2018-19,2119.0,1.899999976158142,3.033826287374402,3.436051660841681,3.3979065306963316,3.175293431443151,3.1406188553578285,3.061341110170564,3.0479558071926576,3.069193073391589
Fred VanVleet,2018-19,1760.0,-0.8999999761581421,-0.08129344192039781,0.12758292653158082,0.13036255662352625,-0.01376317007320893,-0.10331365324633013,0.09538594074256468,-0.03249961027067983,-0.0644108739586006
Maurice Harkless,2018-19,1415.0,1.5,2.3181978266964283,2.360330940272164,2.2486479170230123,2.3706637194399445,2.29175258892877,2.1620415520277065,2.240192026410642,2.3313142998823073
Josh Okogie,2018-19,1757.0,1.7000000476837158,1.1532085935002776,1.7124361193381228,1.565322892922719,1.0327447064101627,1.1183491499552325,1.3052834085958849,1.1207674531012843,1.1230926217277488
Tomas Satoransky,2018-19,2164.0,-0.6000000238418579,-0.13143308104676915,-0.23091477453740622,-0.400550264208425,-0.16122462174490543,-0.23278865001420437,-0.14430086211873566,-0.18804533363953552,-0.13888096622130322
Justise Winslow,2018-19,1959.0,0.30000001192092896,1.811680894808601,1.8229103731157528,1.721549819935464,1.7771798856148544,1.8516920403801413,1.701124877995724,1.7930305898938583,1.8030556425101643
Derrick Jones Jr.,2018-19,1153.0,2.200000047683716,2.5066554030922124,2.439304891572169,2.4295882876468466,2.5474670680507936,2.355317814652541,2.6538015085051927,2.4861765731856114,2.516858319331858
Kelly Oubre Jr.,2018-19,1935.0,0.4000000059604645,-0.5191702581477406,-0.6854098552431581,-0.8268015694700928,-0.6556783483147839,-0.6277807256504786,-0.46803480054261853,-0.5844727093957851,-0.5532972806895015
Ed Davis,2018-19,1446.0,1.5,2.9710525592815156,2.7393394891981893,2.7803331004909566,2.9054437710976346,3.0611228535315167,3.082570160035996,2.970124455436996,2.9546503622355456
Dewayne Dedmon,2018-19,1609.0,1.100000023841858,0.5792025276238238,0.7425407432490054,0.6659642185201852,0.655348287172347,0.6141596242711536,0.4634442093378418,0.5504684599560677,0.5982389675109547
Jared Dudley,2018-19,1220.0,1.7999999523162842,0.8110749619309925,0.6356670433547069,0.6709412159027588,0.7818989949626312,0.8481697044455311,0.8796073011368822,0.7971132438194177,0.8037809701889023
Justin Holiday,2018-19,2607.0,1.2000000476837158,0.8956952408603072,1.1542458297587994,1.090788223639247,0.8649986257126686,0.6648230516439599,1.0031647685966743,0.8302790282695623,0.8880210870733976
Lauri Markkanen,2018-19,1682.0,-0.800000011920929,-0.8532943614380347,-0.9499676531242816,-1.027035409679693,-1.0898429542201433,-0.9929280801761194,-1.0269154993827359,-0.879519997680382,-0.9124315096335619
Landry Shamet,2018-19,1802.0,-1.0,-1.8255090229574593,-1.8599674605188248,-1.82767460521197,-1.7501029455549446,-1.6745032142466356,-1.7070782360306116,-1.7971661317620893,-1.8066575036068306
Serge Ibaka,2018-19,2010.0,0.699999988079071,1.125215866259442,1.202907748310595,1.2212650107991734,1.132002140820303,0.9993925449658226,1.1650930837753684,1.19166716711655,1.1269124348996573
Tyus Jones,2018-19,1560.0,0.10000000149011612,0.4135441184675789,0.8489187105559767,0.8346051854258691,0.3691684649311964,0.29944162694512544,0.49078691563038773,0.44723705033993005,0.4024502050834833
Dennis Schroder,2018-19,2314.0,-0.6000000238418579,-0.49094070966946646,-0.40862123583643006,-0.3153812839506872,-0.3148504801528573,-0.31304358192812787,-0.04637981736505653,-0.42353254638988047,-0.4469181522903142
Noah Vonleh,2018-19,1722.0,0.8999999761581421,0.3229043207726902,0.34570919302487163,0.22526911074603215,0.3813753107068926,0.522488829826451,0.2949538761947827,0.28675322648234264,0.3375220682562408
Cody Zeller,2018-19,1243.0,0.6000000238418579,1.1383069237645818,0.9795003792436681,0.9825601587041157,1.0217807451278045,1.0378000705968502,0.8449793605662889,1.1240357764688889,1.1091753791053875
George Hill,2018-19,1302.0,1.2999999523162842,1.2337539475326333,1.6358753357053661,1.7030944543024216,1.2487404946503367,1.343122137211714,1.115090528831582,1.3143449815257144,1.2375005843120592
Ryan Arcidiacono,2018-19,1961.0,-0.4000000059604645,-0.82076742234793,-0.2644425885719587,-0.27025461072643225,-0.8622724461104092,-0.8412342238285785,-0.5888968317358372,-0.7751905897426271,-0.8311436782885497
Shaquille Harrison,2018-19,1430.0,1.7999999523162842,1.116909192177217,1.7519294377719115,1.5993266466636409,1.028320838197683,1.055898965704732,1.005463009018948,1.0973869396309415,1.0947621036823334
Jaren Jackson Jr.,2018-19,1515.0,1.7999999523162842,2.396649202050458,1.9034071600548912,1.9000592954131672,2.1717162896970006,1.9479194154484758,1.9994794113858716,2.3447024740882076,2.3404159739620938
Malik Beasley,2018-19,1879.0,-0.8999999761581421,-1.4599647460140415,-1.4042002629834085,-1.421558047014839,-1.4119795333840885,-1.5104917934893223,-1.341441510690255,-1.431807018854369,-1.4479684428565534
Jeff Green,2018-19,2097.0,-0.8999999761581421,-0.906014971890503,-0.9392125405721741,-0.8979971295224256,-0.9766482839461756,-0.960166551514095,-1.000367590619399,-0.9032187461602956,-0.923673299904421
Gary Harris,2018-19,1639.0,0.5,0.015488480149833589,0.04399103272732849,-0.029391544377713637,-0.010551443386515369,0.014585890659854162,0.09028902446242848,0.011833778760394964,0.00897849926574635
Reggie Jackson,2018-19,2289.0,-2.200000047683716,-1.5816826295276676,-1.7808701316651034,-1.741860444197904,-1.642149174266638,-1.5826907257030969,-1.5720050726311652,-1.5590363445518725,-1.5967992657124102
Wesley Matthews,2018-19,2091.0,-0.30000001192092896,-0.6001683120539528,-0.9142992113648548,-0.9455402840428275,-0.6606404427585036,-0.5845694760470374,-0.6613659751239948,-0.6361845367239051,-0.6152863447300905
Mitchell Robinson,2018-19,1360.0,0.8999999761581421,1.7173257655232934,1.9687550075269975,1.9193391259946613,1.6699461758597844,1.6346534633974668,1.6695533331578642,1.6885950024622864,1.7054808681074163
Tristan Thompson,2018-19,1198.0,1.0,-1.080228720583452,-1.290029931825897,-1.2653086665078523,-0.6608317056289814,-1.2684925617737726,-1.0729289993792923,-1.1065452966205696,-0.9753794668448343
Nicolas Batum,2018-19,2354.0,-0.20000000298023224,0.5888203596683859,0.40018640475943945,0.33090795585377175,0.5479018048729867,0.5674869689336356,0.3641308320690393,0.505943689378526,0.578590720969536
Kyle Anderson,2018-19,1281.0,2.200000047683716,2.6203413366371575,2.531081644104222,2.3994390320303656,2.493149444488684,2.1909880982724608,2.472501555214339,2.5751600313872878,2.5885433636000394
Harrison Barnes,2018-19,2533.0,-0.4000000059604645,-1.3682151690668147,-1.5158361188603362,-1.5074957127846786,-1.4517181571414612,-1.3899933275994616,-1.5536221831721393,-1.3422041914670635,-1.3890909160854763
Rodney Hood,2018-19,1893.0,-0.800000011920929,-1.6490403464855214,-1.4464019120332516,-1.4493448819516848,-1.5309614967422505,-1.5109665934658971,-1.6547175934317915,-1.661245066612008,-1.6195206340497037
Zach LaVine,2018-19,2171.0,-2.299999952316284,-2.310508602097547,-2.4442703906014667,-2.4347944852624224,-2.366944553961128,-2.2961607719011328,-2.32055021955588,-2.2975701728867146,-2.324617590063442
Lonzo Ball,2018-19,1423.0,0.800000011920929,2.1629833262386713,2.05191103633286,1.9661816393000724,2.1333157662098063,2.1111705110825545,2.1412394854875245,2.1101084181037533,2.155566436231455
Bruce Brown,2018-19,1449.0,2.4000000953674316,1.739023297473942,1.5538577753011256,1.4512375164562454,1.6751360347512196,1.6515893235257695,1.3437114027816268,1.6912502709605766,1.7230514817932614
Jalen Brunson,2018-19,1591.0,-0.6000000238418579,-1.3481548811204422,-1.3870367004312127,-1.3587118070220203,-1.2645474184876004,-1.1602410616175596,-1.2207338216512817,-1.3528855399565336,-1.3272530154622317
Pat Connaughton,2018-19,1261.0,0.20000000298023224,-0.008508535392539762,0.3331857602352082,0.34907754165694765,0.02456853108460999,0.058851703865133415,0.12734098130246238,0.08393133835193886,-0.0002392687732523241
Tyreke Evans,2018-19,1402.0,0.5,1.0354139456019897,1.4018229801901487,1.384952890734926,1.0533316755600541,0.8642692967963291,1.211570376553317,1.0747673275966332,1.0398933780915058
Eric Gordon,2018-19,2158.0,-1.899999976158142,-1.4761021498514724,-1.8299025034974876,-1.840338909496905,-1.4055920426535518,-1.3846985725928413,-1.4749404811891587,-1.4545821432932644,-1.458474623051992
Iman Shumpert,2018-19,1481.0,1.0,0.06023160292889404,-0.517802558662594,-0.6167310168008687,0.07095274706185029,0.07216161654451203,-0.15742214435677415,-0.09061847966088463,0.0629118889621331
Jeff Teague,2018-19,1264.0,-1.0,-2.4320729618436054,-2.5464478773138484,-2.460902977551125,-2.5351562422002756,-2.394529696120565,-2.2438048567134703,-2.3996710951942473,-2.457843781932773
Wayne Ellington,2018-19,1297.0,0.0,0.8585176235023071,0.8837637671969103,0.8049898385543883,0.7296908513869982,0.5339806104010589,0.3590885690730613,0.8484090454583973,0.8263109304734799
Langston Galloway,2018-19,1745.0,-1.0,-0.6887170288918444,-0.5560881652448124,-0.5571452330559612,-0.5104199247493681,-0.6428325997428781,-0.7735854960771266,-0.6529366130879674,-0.6441427528562254
Kyle Kuzma,2018-19,2314.0,-0.699999988079071,-0.7669081977209299,-1.0814464552298424,-1.1036269095441438,-0.7716588676760161,-0.8400366164656338,-0.8126934312376011,-0.7669239995879513,-0.7680958652097014
JaVale McGee,2018-19,1671.0,0.6000000238418579,0.7430921572646856,1.3685740991847046,1.3382524326026972,0.8616288988913681,0.9634917143406985,0.9902547418233287,0.805058541078809,0.7727263426713562
Mason Plumlee,2018-19,1731.0,-0.10000000149011612,1.3934082067075848,1.5053725997981595,1.4770176057825006,1.5029121428375614,1.5656473512584075,1.5552184635028834,1.3726644256813392,1.420784190740079
DeMarre Carroll,2018-19,1703.0,-0.4000000059604645,-8.529112125282845e-05,-0.11118307464539719,-0.1197261702503936,-0.026008698802632013,-0.04276079530800897,0.10762424049322361,0.007773461931318831,-0.006566143041597625
Torrey Craig,2018-19,1503.0,0.0,0.027712323513960344,-0.36602896958346454,-0.4341622023413028,-0.274141509537927,-0.3312972630487624,-0.20453173786643408,-0.059352176825932176,-0.04775113474901149
Seth Curry,2018-19,1399.0,0.10000000149011612,-0.54971704825711,-0.5835985969874116,-0.5598166758841232,-0.4853014780989547,-0.4900748791837081,-0.36648963279480085,-0.49746774706085206,-0.5336131557175712
Enes Kanter,2018-19,1640.0,-1.7999999523162842,-0.9037792045971746,-1.1832224418564032,-1.146061492375501,-1.0350281676017068,-1.1445743444421406,-0.8071779202493037,-0.8649848378283723,-0.9365914453483076
Jeremy Lin,2018-19,1436.0,1.100000023841858,0.3809736418811308,0.18192777668379384,0.19766841392937248,0.4116758924333669,0.40913348035042174,0.3723988930075713,0.34052077188878327,0.38864920451918983
Jaylen Brown,2018-19,1913.0,0.5,0.32497566395777866,0.523368050801182,0.4878006518218341,0.23360906923412544,0.25862185003199667,0.37933717768954545,0.33661979600467634,0.30213401527686534
Juancho Hernangomez,2018-19,1358.0,0.8999999761581421,0.29566224258932156,0.09875622534055083,0.1382533105282268,0.19635608373576152,0.25084371987768145,0.23109694313327328,0.2723088327080314,0.2708357028759315
Julius Randle,2018-19,2232.0,-2.0,-0.8496628430974259,-1.0808415298824345,-1.062528733043004,-0.7778968010901118,-0.8482077033698301,-0.8225621388194243,-0.8270283875362886,-0.8317213325955973
Taj Gibson,2018-19,1686.0,-1.5,-0.965243592478488,-0.7539885266353048,-0.688244471706667,-0.9561620196631171,-0.8445916549825372,-1.078030516254991,-0.9404927629520453,-0.9629731992746453
DeAndre Jordan,2018-19,2047.0,0.699999988079071,2.047428819510869,1.7063145554556378,1.6372115875070192,1.9356684223779452,1.8782083899072775,1.513986282418305,1.9757408981068387,2.019488720227638
Dario Saric,2018-19,2023.0,-1.0,-0.9210832808927399,-0.9129931760114349,-0.8729033532601203,-0.8079417099582547,-0.8307019691861461,-0.8064404939308638,-0.8735229831981373,-0.8927978881591185
Alex Len,2018-19,1544.0,0.6000000238418579,-0.256734007629123,-0.40402223802327686,-0.4097161420986025,-0.20102542139347926,-0.221334628649616,-0.3978278676846026,-0.24445451035005492,-0.24280686107021207
Darius Miller,2018-19,1757.0,-0.5,-0.9385499875391852,-1.103994755100419,-1.036331494451147,-1.015318823829267,-0.9223150962383468,-0.8078281114537174,-0.918681767666221,-0.9577421966117057
Marco Belinelli,2018-19,1815.0,-2.0999999046325684,-1.9955020627338764,-2.043196381747033,-2.0041475285188497,-1.982754454720284,-1.903694895845639,-1.9718246766943186,-1.933995369730181,-1.9923151607304783
Tyler Johnson,2018-19,1529.0,0.0,-0.7547792763717887,-0.6706828152533683,-0.6830249646774909,-0.7498808847081828,-0.7903236757308563,-0.6687770080680737,-0.7160667503143571,-0.7535546784558872
Kyle Korver,2018-19,1334.0,-0.800000011920929,-0.8710185430125258,-0.9553824597559499,-0.8090918239306832,-0.9365464757489554,-0.7835044888836351,-0.8212510410639561,-0.7791031597217455,-0.8874005261966331
Rodney McGruder,2018-19,1550.0,0.20000000298023224,0.18840271306136003,0.11582344914823677,0.11578586897263002,0.31581623113837043,0.18422107626591097,0.3346643313360814,0.1973233498517395,0.22025609258061263
Mike Muscala,2018-19,1306.0,0.20000000298023224,0.7165687062596159,0.07935614910168705,0.19286558255421238,0.7412746867196394,0.7195735053589124,0.6833618446299656,0.709845959767665,0.7227452013746218
Elfrid Payton,2018-19,1250.0,-1.100000023841858,-1.1131413911263413,-1.2149343935952301,-1.2413198950744702,-1.0059987387250278,-0.9860174023728349,-1.1467175679830706,-1.1532783977897898,-1.086355728026013
Ish Smith,2018-19,1251.0,-1.2999999523162842,-0.9167639801633523,-1.4573481657485066,-1.3512374766750286,-0.7872159442990418,-0.9491952768244223,-0.994185591873045,-0.9053069742540976,-0.8843769711972747
Garrett Temple,2018-19,2040.0,0.699999988079071,0.8610511552912272,0.9918445558195015,0.9123686888098501,0.8247985839940963,0.7636915820653954,0.6768995386540677,0.8214737558565746,0.8519880124669446
Thomas Bryant,2018-19,1496.0,-1.7000000476837158,-0.1562153038407836,0.09640027886345497,0.05474100844873127,-0.2350597849172885,-0.09032931336829322,-0.2619307468371024,-0.10744133099332948,-0.17592642410990983
Kevin Huerter,2018-19,2048.0,-2.200000047683716,-1.9525868836721378,-1.88515775878902,-1.8455365432892128,-1.955252310536982,-2.027923906490361,-2.0078955619994066,-1.9512144326903595,-1.9532532403883487
Andrew Wiggins,2018-19,2543.0,-0.8999999761581421,-0.883524708306665,-0.7478046360430994,-0.7199456197101437,-0.9074944719630191,-0.7938760642002761,-0.9760393393578566,-0.8681660840269296,-0.8895171492207535
Avery Bradley,2018-19,1905.0,0.699999988079071,-1.1126723941870877,-1.1246245350775252,-1.1418715738300274,-0.937824359992218,-0.8589005503161362,-0.9351782864919309,-1.106866393607462,-1.0689603856383703
Vince Carter,2018-19,1330.0,-0.30000001192092896,-0.2063813372300009,-0.29400661420157853,-0.33437665638495884,-0.22630332168496908,-0.14147003187803098,-0.1711864792786893,-0.2404381199914344,-0.21136183334374292
Richaun Holmes,2018-19,1184.0,0.20000000298023224,0.7120045802476693,0.8439874023769532,0.7733228132440071,0.603423373866024,0.6283593147441887,0.6851749742191702,0.7396561647998022,0.684859278652258
Justin Jackson,2018-19,1614.0,-1.0,-0.7199463351408659,-0.6556831449694496,-0.6299851808945592,-0.7122540320712097,-0.5627792545769208,-0.616121423854835,-0.699361716185766,-0.7180232593734519
Jake Layman,2018-19,1327.0,-0.4000000059604645,-0.5313495328088734,-0.8800255496844205,-0.8704791278285333,-0.6001616619548477,-0.5626094986854012,-0.64966780746637,-0.5522140975444427,-0.548552565095367
Tony Snell,2018-19,1304.0,-1.2000000476837158,-0.8721290324441894,-0.5455096793446566,-0.474453319821814,-0.7873448093178917,-0.7620647035356588,-0.6828895623484681,-0.7578933266237954,-0.850932976662615
Evan Turner,2018-19,1605.0,0.0,-0.6113282669583869,-0.3634479894533139,-0.3152818770840006,-0.2893555832286506,-0.41061201232430494,-0.28493291468024967,-0.5700586854035303,-0.5308350960259529
Bryn Forbes,2018-19,2293.0,-2.4000000953674316,-2.277210001279566,-2.1535144269168494,-2.0685729224669505,-2.184398708454898,-2.1446105874397405,-2.208281058009949,-2.224448630976644,-2.2540071780733992
Terry Rozier,2018-19,1791.0,-0.10000000149011612,0.4621372184011753,0.9380389702275861,0.8871676501818119,0.5133234551407999,0.5032336286973673,0.5954206681736437,0.5098893401639872,0.47493377758608146
Dennis Smith Jr.,2018-19,1508.0,1.2000000476837158,0.8504605237095433,0.5991803418033772,0.5759051663996093,0.6926846723262109,0.515605728417494,0.5305135237653325,0.8142770970585926,0.8110165608637102
Marvin Williams,2018-19,2133.0,-0.800000011920929,0.17599956911394934,0.424849588461365,0.3441673594735385,0.19024529110523158,0.30527972244808443,0.11222644372682322,0.14848532514907803,0.1795609996117699
Trae Young,2018-19,2503.0,-4.5,-3.2088614911969033,-3.460203017362784,-3.490928188479378,-3.157346311584771,-3.5506753451247564,-3.0437903142362464,-3.2200366460815393,-3.1959826962938704
Trevor Ariza,2018-19,2349.0,-2.0,-1.2706167297932023,-1.6579489009418522,-1.6892546201859078,-1.427273177019421,-1.3813468333142858,-1.55718624315594,-1.3512991618205628,-1.309780841599757
Kris Dunn,2018-19,1389.0,-0.699999988079071,-1.133857587813531,-1.0733553637900806,-1.0859116586202555,-1.0524263142510322,-0.8280359889538653,-0.9564809117900848,-1.1649771351628464,-1.1134997694229063
Luke Kennard,2018-19,1437.0,-1.899999976158142,-1.7466866061290434,-1.8575504490255739,-1.8644247835777428,-1.678492721822656,-1.6555753289828907,-1.8306020292184015,-1.7203247150247412,-1.7296381350524466
Brandon Ingram,2018-19,1760.0,-0.699999988079071,-0.3223290322925192,-0.8306289041342405,-0.9075335755192919,-0.33583827110565734,-0.385822742130089,-0.3069796418263406,-0.35866656031775573,-0.3257063419958037
Jonas Jerebko,2018-19,1218.0,-1.2000000476837158,-0.02623529209686279,-0.01918301597152483,-0.0463906036034577,0.039834004531446504,0.09405619641736879,-0.24653097257469148,-0.010895248847523959,-0.009717967939785466
Robin Lopez,2018-19,1606.0,-0.20000000298023224,0.2120467813194971,0.5003581038531127,0.6294646088540424,0.21120065146518463,0.24288072275399722,-0.08837881322442681,0.30007954048545693,0.211835248855919
Jabari Parker,2018-19,1724.0,-0.800000011920929,-1.0872403034365847,-0.9599350831199752,-0.994312083390118,-1.1070970270618519,-0.9342607069880862,-0.9580036677355107,-1.0859314146462329,-1.0922044843429015
Dwyane Wade,2018-19,1885.0,-2.0999999046325684,-0.8495201166176054,-1.0242206523378656,-0.9741509357424257,-0.8668229735099691,-1.0286692093780967,-0.6928475754774807,-0.8116250410715466,-0.8538458308406963
Deandre Ayton,2018-19,2183.0,-1.7000000476837158,-0.41949816101719006,-0.2430731088739648,-0.259023487159069,-0.570393317440185,-0.5004598737746592,-0.24525462685862823,-0.3736753580148667,-0.45722195012293876
Reggie Bullock,2018-19,1879.0,-1.100000023841858,-2.0249497530200085,-2.1881771117255697,-2.104865288251493,-2.0264962839825693,-2.144426944367554,-1.9620307901925156,-1.9883541821550768,-2.0253363857606486
Gerald Green,2018-19,1473.0,-2.299999952316284,-1.6052656740354656,-2.1912727053067176,-2.177010058305283,-1.7205661413199314,-1.671976130925406,-1.7976341183457953,-1.6333111530977797,-1.634090790856582
Doug McDermott,2018-19,1340.0,-2.4000000953674316,-0.954772128340356,-0.9101270859558527,-0.8008273626030336,-0.8695270430890105,-0.7405343692204907,-0.6992257006417681,-0.8675413702603513,-0.9334608570275196
Rajon Rondo,2018-19,1369.0,-1.399999976158142,-2.5208279182850535,-2.430418357321955,-2.4007728346456187,-2.5220779153954913,-2.279876282240297,-2.4438938474730576,-2.499775293303126,-2.5211404175626626
Kent Bazemore,2018-19,1643.0,0.6000000238418579,0.24624165029829334,0.38875099127304313,0.28950885390517805,0.19014967567240215,0.28825327933645595,0.2556941826024197,0.1898738545641633,0.23221865664182054
Damyean Dotson,2018-19,2004.0,-1.2000000476837158,-1.5125928467348004,-1.7931765515347102,-1.8214893148591749,-1.4482649126052107,-1.5250533692706012,-1.4758924798136541,-1.5205728379167147,-1.4965108632024031
Miles Bridges,2018-19,1696.0,-0.699999988079071,-0.9591808719646037,-0.6929664277558978,-0.6713693366448439,-1.049206904944661,-0.9104532417678384,-1.0817413641793767,-0.9364723435804069,-0.981687380209618
Wilson Chandler,2018-19,1177.0,-0.699999988079071,0.058315224527465334,-0.36208744793416703,-0.3777121691675028,-0.037952502706515484,-0.017896297642335926,0.005259277725947505,0.02188025000008631,0.034248292718970126
Wes Iwundu,2018-19,1233.0,0.6000000238418579,1.2850373747496082,0.8956501109636171,0.9951016434677311,1.150843306868732,1.1889970765697453,1.49015645130084,1.299076600536807,1.2514888577793892
Alec Burks,2018-19,1375.0,-1.600000023841858,-1.7760925752323815,-1.7856827615977158,-1.7908577177069596,-1.6277484611485016,-1.9881226559794811,-1.9408728400876805,-1.8134550447124318,-1.7390065467114115
Zach Collins,2018-19,1356.0,-0.800000011920929,0.380555010806069,0.061513042762172954,0.15011331874609832,0.4863876030746153,0.34129460758688485,0.5807256660066025,0.4090267982536139,0.40701315887320555
Mario Hezonja,2018-19,1206.0,-0.10000000149011612,-0.7972391935392779,-0.3288969752761937,-0.3929392184755012,-0.6764887839374298,-0.4910466243939573,-0.7297771170094802,-0.773177791710391,-0.7670515911388158
JaMychal Green,2018-19,1371.0,-1.100000023841858,-0.6787098327005403,-1.0204980778129864,-1.0750362186843367,-0.801286099131989,-0.6926107400442449,-0.8490397156078975,-0.7452172141125515,-0.7093538993084025
Stanley Johnson,2018-19,1208.0,2.200000047683716,1.6412207856253087,1.9065239279801411,1.8006850821813805,1.6402552012036216,1.5225302310334918,1.5345961416469254,1.6506071779003508,1.640979389519887
Taurean Prince,2018-19,1552.0,-1.899999976158142,-2.210442551844959,-2.564378263835742,-2.652739610693399,-1.9888208342991724,-2.222452637686837,-2.054429933155887,-2.281616353866366,-2.1550371224585123
Austin Rivers,2018-19,2028.0,-1.0,-0.19705753672659743,-0.5826788528302346,-0.5780843395040004,-0.25488749799521826,-0.21918681129041007,-0.12779826673304928,-0.2440449030782818,-0.21151502704375263
Allonzo Trier,2018-19,1459.0,-1.5,-2.1856922349025902,-2.518340913698459,-2.4806049762344324,-2.1516470331414257,-2.01827066255397,-1.979306297637227,-2.169449519763707,-2.177180934462299
Marvin Bagley III,2018-19,1567.0,-1.7999999523162842,-1.226045121355167,-1.3309880922798392,-1.288134200689855,-1.543129870917448,-1.3326972844407157,-1.3361845515033342,-1.2174689377674437,-1.3053163087457373
Josh Jackson,2018-19,1988.0,0.6000000238418579,0.1567196029252661,0.06953646487017717,-0.01289016535939368,0.06185342749726168,0.055305084653716446,0.06629086773429081,0.08379254722066883,0.13300305906826498
Terrance Ferguson,2018-19,1931.0,-1.399999976158142,-0.29403461475945325,-0.28034777069074435,-0.31705981426713287,-0.42468287752879286,-0.4602340033625216,-0.32078027343675614,-0.3204299335200029,-0.3266966804517881
Emmanuel Mudiay,2018-19,1607.0,-2.0,-3.212587657884532,-3.57080548412201,-3.4750462399767628,-3.118776238989552,-3.5255024510527693,-3.0944951829907166,-3.1971848996474326,-3.189134803160787
James Johnson,2018-19,1164.0,-0.699999988079071,0.6270114343511645,0.3478260905505664,0.3578490941563619,0.644065475171862,0.4424013055095035,0.3789513901941546,0.6191392299263598,0.6312749445563388
Markieff Morris,2018-19,1270.0,-1.0,-1.1552799880284381,-1.6057772605642509,-1.4687965759751092,-1.2166659442242544,-1.0606094038971683,-1.3117226942981253,-1.1741076231615966,-1.1706264770773922
James Ennis III,2018-19,1230.0,-1.7000000476837158,-1.1548819958849248,-1.2041246568769672,-1.1699383846225038,-1.194755474489365,-1.5063418260471657,-1.0632567076715667,-1.2084905779806407,-1.1648503655360347
Rodions Kurucs,2018-19,1294.0,-0.4000000059604645,0.9937938375177457,0.5940791439220547,0.5329312367805414,0.909810870708881,0.869025393705635,0.7205281163972298,0.9409180201692723,0.9727980958155296
OG Anunoby,2018-19,1352.0,-0.30000001192092896,-0.2610378102908114,-0.39959159718870185,-0.3448960928570531,-0.31058906078856363,-0.3394367818408188,-0.0894450369213991,-0.2619692962684182,-0.27342562291524947
Will Barton,2018-19,1189.0,-2.299999952316284,-2.3630806996878424,-2.7180452796744805,-2.674641822511476,-2.4669367632704082,-2.1753895200899325,-2.341207339730639,-2.378512570907484,-2.389044715583484
Mike Scott,2018-19,1395.0,-1.899999976158142,-0.6398024605269224,-1.1592574500491675,-1.136453225552553,-0.7624284979455067,-0.6253834494223183,-0.7116504577830428,-0.6442148792286598,-0.6704589698815684
Malik Monk,2018-19,1258.0,-3.700000047683716,-2.515962358163061,-3.228854520188173,-3.2383849147376553,-2.3678638421230076,-2.3309118130096538,-2.2993675570058105,-2.5572353936345533,-2.4789377291530474
Bobby Portis,2018-19,1299.0,-3.299999952316284,-1.2502940375634515,-1.5738163198161361,-1.569113628561384,-1.3578772062035025,-1.4343594080453728,-1.3778711652008038,-1.2746079299893514,-1.2771898297234643
Frank Jackson,2018-19,1169.0,-2.799999952316284,-2.7368136661489295,-2.7348536731418704,-2.7417192018240275,-2.6579385685502883,-2.5058373027946073,-2.7260889966592634,-2.691759765366646,-2.7170948917492694
Shelvin Mack,2018-19,1246.0,-2.0,-1.6461578157643668,-1.2983754151545135,-1.2365017587842972,-1.6653946909341082,-1.565983777122443,-1.5015659025415007,-1.5387496288406055,-1.6509670345568022
Cedi Osman,2018-19,2444.0,-2.799999952316284,-2.4423666116942795,-3.012192633718648,-3.100579582803176,-2.4068110318165523,-2.9129814625579997,-2.6643864398818886,-2.515688548084409,-2.433477716724848
Jarrett Allen,2018-19,2096.0,-2.799999952316284,0.1252208733085076,0.3771357611639824,0.3851005527646893,-0.00813527854991658,0.31548411504144747,-0.04305189648554819,0.15785342925321097,0.09188183534390154
Jamal Crawford,2018-19,1211.0,-5.800000190734863,-4.301975408396247,-4.2208990518321405,-4.232948044276246,-4.2735019930569225,-4.742732887601052,-4.243870111889709,-4.319890944499217,-4.294857054561416
Wayne Selden,2018-19,1439.0,-3.200000047683716,-2.1591472582379416,-2.3411189198982103,-2.27063350054149,-2.2120673869516176,-2.1361594137527007,-2.286555512637205,-2.1624955616782606,-2.1723772904163603
Collin Sexton,2018-19,2605.0,-5.5,-3.6675710555778367,-3.916975399058857,-3.9089083131742752,-3.6527037491914163,-4.143434743770953,-3.9656672488511013,-3.7030608585049567,-3.663854228981232
Giannis Antetokounmpo,2019-20,1917.0,3.9000000953674316,4.123108191956392,4.01339902151485,3.8705920719268523,4.056040868806299,4.350235804826306,3.8993905632055683,4.07172580733759,4.1063413611688695
Damian Lillard,2019-20,2474.0,-2.0,-1.7014232311294093,-2.020293788843455,-2.0018123398458103,-1.8892161367276759,-1.8114487255981058,-1.8646613902146387,-1.705707085497847,-1.748371457528976
LeBron James,2019-20,2316.0,0.699999988079071,0.8310936673153907,0.9430952759630663,0.9220400428895279,0.6917366303818159,0.7224016417220331,0.7903574762228607,0.8117862476992486,0.796254408081997
Rudy Gobert,2019-20,2333.0,6.599999904632568,4.2923352447812135,4.389181375336574,4.391034190686573,4.401402364145522,4.846402248339333,4.231818985628691,4.270624774805496,4.319602024622291
Luka Doncic,2019-20,2047.0,-1.0,-1.2224169254518356,-1.2368661881749579,-1.338679299974635,-1.1852775265504767,-1.1689366265287593,-1.421971818938748,-1.2466222789858077,-1.2131320757264958
Nikola Jokic,2019-20,2336.0,0.800000011920929,2.186837089470329,1.9468911082657316,1.9415077754124952,2.1705208118129953,2.1562199528020938,2.265131382506874,2.1165127050745793,2.1827580200559957
Jayson Tatum,2019-20,2265.0,1.7999999523162842,1.0582406859945372,1.217707354212423,1.2223336635687705,1.036210769165999,0.9591370443111678,0.8055828716817296,1.0293243258749398,1.0527332067874027
Jrue Holiday,2019-20,2117.0,2.4000000953674316,1.6124839676843608,1.483532665813617,1.3885245035411322,1.5842697170203757,1.5342403714443629,1.5667825203835806,1.5064860047659199,1.6054304050183645
Kyle Lowry,2019-20,2098.0,1.100000023841858,0.45035026370269376,0.9281701914815539,0.9838813552952512,0.4874624597667228,0.5345562847120122,0.5491727725602223,0.5327850725631167,0.459628312718701
Trae Young,2019-20,2120.0,-3.299999952316284,-3.0163409017879146,-2.898675349224949,-2.882002556106942,-3.139592240472881,-2.978952402772384,-2.8650713980832463,-2.9789050911011388,-3.047153736459156
Khris Middleton,2019-20,1853.0,1.100000023841858,1.2462464379697495,1.221007421193347,1.2037067863522082,1.2323633614415743,1.203316428466653,1.0622014672647535,1.2488888957564106,1.2427756688377056
Montrezl Harrell,2019-20,1749.0,3.5999999046325684,1.7556789088205627,2.2237254569168603,2.309811289885575,1.6717639424957815,1.7384924212988726,1.6471680451133235,1.8652144763514205,1.7347001672393674
Devin Booker,2019-20,2512.0,-2.9000000953674316,-2.0785803751363603,-2.2956466503736275,-2.2677124155347794,-2.2791413315887965,-2.1944165176932473,-2.499041807013041,-2.0848532271239075,-2.1287206142494695
KarlAnthony Towns,2019-20,1187.0,0.8999999761581421,-0.9739346427168232,-1.1781948027936853,-1.178602352825194,-1.1148803984926066,-0.8638427812308874,-1.2206935213095715,-0.9746520374780948,-1.009171081660769
Joel Embiid,2019-20,1506.0,3.5999999046325684,3.7653965684320463,3.78452732751354,3.7518095292120353,3.8784623455517604,3.7470526647535243,3.90678190603185,3.716221106476296,3.793663012711975
Marcus Smart,2019-20,1919.0,2.0,1.9251709273220883,1.915086282854224,1.8984529569153954,1.9142226205582182,1.9245607504874434,1.912430634624493,1.8800146149177805,1.922433850631121
Fred VanVleet,2019-20,1928.0,1.0,1.1950821270575016,1.4475108626934485,1.5448385526732213,1.3614014501529337,1.4324143292401343,1.3792232711711148,1.2343716577704138,1.2366619578313596
Nikola Vucevic,2019-20,1998.0,1.600000023841858,0.9830112859444033,0.9924010389169045,1.0766774113843813,1.170499992498756,0.899807379851895,1.2682089314396598,1.0279831148582204,1.0298834625829913
Bam Adebayo,2019-20,2417.0,2.0999999046325684,2.298624408555525,1.95314561281722,1.9024512572418044,2.359348662488258,2.19932692840681,1.9738314698073114,2.197163648732508,2.313805472038708
Tim Hardaway Jr.,2019-20,2091.0,0.10000000149011612,-1.1893968864269449,-1.0278043339902676,-0.9941985838903201,-1.0765732996382342,-1.0251259470633367,-1.185860091175341,-1.1749223146229726,-1.1611909897297672
Ben Simmons,2019-20,2017.0,2.4000000953674316,2.441973303081258,2.3603656064107477,2.306545495108478,2.473961718191696,2.709610795263718,2.4663724431297394,2.3474853898551853,2.4499704068588675
Derrick White,2019-20,1677.0,2.200000047683716,1.1660381383933958,1.016687074030432,1.0198714395561188,1.1763074866245462,1.25806788013931,0.958096991268907,1.121766508324425,1.1686054754511834
Will Barton,2019-20,1916.0,1.0,0.662828035630583,0.7319042353622585,0.6591781361695606,0.6577163901523736,0.583619795847674,0.3987165768815093,0.6418026811546372,0.6615501242610307
Royce ONeale,2019-20,2049.0,1.7999999523162842,1.5125255909421031,1.4347435721426252,1.2587943836753523,1.4217071176616685,1.5138184708610114,1.262310237506838,1.4110250625887546,1.4898209726219944
Patrick Beverley,2019-20,1342.0,3.0999999046325684,2.306901969250793,2.283858767721388,2.217273544202648,2.342483471636116,2.365119553973014,2.391087536138277,2.2294585370256694,2.3157973448471236
Patty Mills,2019-20,1485.0,0.4000000059604645,0.4614418016580347,0.649351913734561,0.5840663960743263,0.5292003559090468,0.5944893897796302,0.2559743322797011,0.44915159143645716,0.4783814402207877
Robert Covington,2019-20,2137.0,2.0,1.276957415952792,1.262352856184097,1.142551413443904,1.3304569712320988,1.282193407635321,1.4878981234924187,1.1756242089266895,1.2903323047726187
Brook Lopez,2019-20,1817.0,3.9000000953674316,3.6501628446124346,3.963127969491948,4.018676485815783,3.623167333681537,3.743010392986675,3.5007175499414536,3.767851750247808,3.6434139668797103
Bradley Beal,2019-20,2053.0,-3.700000047683716,-2.7890514357396574,-2.808617792470468,-2.800756659361705,-2.972411697542028,-3.261487511047023,-2.9911994620018163,-2.7781080073993922,-2.83489150119025
Mikal Bridges,2019-20,2042.0,1.7000000476837158,2.112679275248993,1.970310632710679,1.8410388206121029,2.1274021285255102,2.1340622250313817,2.030095394164989,1.981952824726752,2.116359988568122
Jarrett Allen,2019-20,1852.0,2.0999999046325684,1.3188155173465628,1.264725955418931,1.371397267403376,1.2754806451204566,1.1800532040763976,1.4296624507785125,1.3609817563720497,1.3079817992900362
Nemanja Bjelica,2019-20,2011.0,-0.30000001192092896,-0.48456967925370076,-0.5562778409014368,-0.5527891521049886,-0.39496950413080323,-0.2902473136733766,-0.34733103387889486,-0.49258822667611324,-0.46216963547297635
Domantas Sabonis,2019-20,2159.0,0.10000000149011612,1.3495521702153406,1.2050364154139062,1.2240119211808147,1.4408283243754965,1.3559318920673786,1.424134420451031,1.3522916447760345,1.3723712087553794
Eric Bledsoe,2019-20,1646.0,1.0,1.3259791642507432,1.517774160033375,1.566868881097502,1.231654412855485,1.221491126149826,1.0200045319298263,1.3743764541870416,1.3023979764019287
CJ McCollum,2019-20,2556.0,-1.899999976158142,-1.28174835563524,-1.3189072705130034,-1.3325200375054687,-1.2969401928307525,-1.2688662682229985,-1.4984268452738134,-1.2720012108653702,-1.2855463149341182
Jamal Murray,2019-20,1904.0,0.4000000059604645,-0.25767558439752647,-0.0072063046583832335,0.012665689959818538,-0.2669538613472435,-0.13606087969979264,-0.4165753935020068,-0.2416506101348014,-0.25999515363495573
Pascal Siakam,2019-20,2110.0,1.100000023841858,0.7884870471508014,0.9150795574752919,1.0296840797550546,0.8072781571838876,0.8166598056305168,0.602260970572955,0.8585708990168679,0.7931848246590729
Steven Adams,2019-20,1680.0,1.7000000476837158,2.004674437093093,1.7354874069098334,1.6162278844903528,1.9807428905610056,2.024192814097595,2.025805369480876,2.0061167661514516,1.998691550460071
George Hill,2019-20,1271.0,0.8999999761581421,0.6318410227717847,0.7069917006705128,0.8239310108364544,0.5020732951839145,0.11115202057168787,0.5613313392631265,0.7208299333297434,0.5993990908748171
Joe Ingles,2019-20,2137.0,0.699999988079071,-0.0782260252510111,-0.12368046195286718,-0.10250703068850017,0.07578580237497068,0.022562540295764544,-0.18280812561113247,-0.08556886453505783,-0.03972306834451566
Mitchell Robinson,2019-20,1412.0,1.7000000476837158,1.9343290415212442,2.0080445979287713,1.9738447459068573,1.88890321076869,1.8941637665549322,1.750994503210494,1.8964626718407844,1.9229725838331055
Spencer Dinwiddie,2019-20,1994.0,-2.200000047683716,-1.189821235368472,-1.4276109149911733,-1.4070337431493694,-1.3516134180255883,-1.3915687052439907,-1.3747134157289218,-1.189378543908409,-1.2302692810327511
OG Anunoby,2019-20,2066.0,1.7999999523162842,2.03247683776333,1.862311255199998,1.8150787838107423,2.014345072556928,2.001588256151041,1.9898793002010888,1.958672502227335,2.02794389646173
Jakob Poeltl,2019-20,1171.0,3.0,2.669719169529216,2.286781401934035,2.260104907216151,2.7253502179723563,2.681206477242871,2.482761136870681,2.6090729904445253,2.683626931640001
Dennis Schroder,2019-20,1999.0,1.399999976158142,0.9014003129604539,0.942727301694327,0.9161492228774026,0.9639182821665772,0.9956151082074973,0.9423609788357583,0.9282168121301724,0.9170298052619847
Jaylen Brown,2019-20,1934.0,-0.20000000298023224,0.023284293718697308,-0.055054219321671094,-0.037503954683830595,0.029631048259822712,-0.064643441207755,0.06320960939419162,0.04387186736945492,0.02487098235397866
Clint Capela,2019-20,1279.0,4.199999809265137,2.5261634799453194,2.602528883589796,2.616581464870127,2.561223405836222,2.5756210843412317,2.457077366527906,2.5227187540776175,2.534928461418045
Dorian FinneySmith,2019-20,2120.0,0.699999988079071,0.6578267403608807,0.2784713988771539,0.25143979075312095,0.5600934255433655,0.4597738986678864,0.4084593380546031,0.5858638952315213,0.633393411656502
Donovan Mitchell,2019-20,2364.0,-2.0,-1.1943855445171694,-1.4733732916439854,-1.4791932288346914,-1.2422773462761323,-1.2273715091509552,-1.247827443652403,-1.2118915505239392,-1.20635849495691
Tobias Harris,2019-20,2469.0,-0.5,-0.3077514357776504,-0.5006728702876272,-0.4451674835330211,-0.22247938176159576,-0.15030026388373474,-0.20198239591322742,-0.30887014591215917,-0.2864334222736368
Bogdan Bogdanovic,2019-20,1766.0,-0.4000000059604645,-1.1483531016658084,-0.8202206934574054,-0.8888445200178594,-1.065458390045157,-1.040966008324019,-0.9090216007235992,-1.1242338293075202,-1.1276294237606455
Evan Fournier,2019-20,2076.0,-0.5,-1.0275363510350553,-0.8917842451878637,-0.8882749333559067,-1.0766622260462206,-1.000504274840107,-1.1449280984935366,-1.015345820108431,-1.0398178197878467
Kris Dunn,2019-20,1269.0,4.099999904632568,2.477861107553679,2.979366688638527,2.9160518273674803,2.5747987486339245,2.6425048069818358,2.6399249590955014,2.4717762466490454,2.5020955178237405
Gordon Hayward,2019-20,1740.0,-0.800000011920929,0.049130129679990114,-0.4185408162196747,-0.42589246778528955,-0.04192013961662022,0.11310609694479373,-0.08718880514362859,0.01695855042091223,0.02636756235583753
Derrick Jones Jr.,2019-20,1375.0,2.0,0.6277608895360399,0.8772138368902223,0.7849823648341475,0.6430071858987089,0.5913676526276946,0.7512939488964575,0.6118829714723069,0.6315724636267072
Jordan Clarkson,2019-20,1705.0,-1.7000000476837158,-0.7676544667404172,-0.7829382871360961,-0.8091044289779074,-0.8406760531942468,-0.7717701368801857,-0.9514415079946597,-0.7692284165865623,-0.7859098633538746
DeMar DeRozan,2019-20,2316.0,-2.700000047683716,-2.464294898595564,-2.510379369070677,-2.489641282031722,-2.3611819957078795,-2.391630033142393,-2.399161774480186,-2.442340292500319,-2.438516672873643
PJ Tucker,2019-20,2467.0,2.200000047683716,1.8764343926947924,1.8339545293107304,1.6899711889462081,1.7109722443488242,1.7966388978618588,1.7824485159758343,1.778031964176438,1.8350688556083004
Marc Gasol,2019-20,1161.0,4.099999904632568,2.8807633932913315,3.2372934860342157,3.3125747057484434,2.83526868260374,2.954724769504593,2.968027750854578,2.9430353539528666,2.8693897156194335
JaVale McGee,2019-20,1130.0,2.9000000953674316,2.1220888393747406,1.541848159377396,1.5611730476752004,2.157780046563053,1.9119221944338571,2.2206978390136967,2.077956303929002,2.1310116411718187
Paul Millsap,2019-20,1240.0,1.7999999523162842,2.2152871681003465,1.86980870180433,1.8430811110156826,2.087814444933271,2.2216891010649897,1.858979802469407,2.14830164821337,2.1834189873085776
Larry Nance Jr.,2019-20,1472.0,1.100000023841858,0.43531489882139934,0.7047693961469563,0.6460676234048301,0.5288005919642913,0.6436233152975487,0.45146664048150414,0.40001193332991364,0.45868632210712235
Deandre Ayton,2019-20,1236.0,3.0,2.2910566748735306,2.7264874544980504,2.73670042916424,2.2750632646213176,2.210651842749683,1.9743634995203274,2.3196046110943,2.2870583223104775
Zach LaVine,2019-20,2085.0,-1.399999976158142,-1.7108332848045897,-1.6485706732065475,-1.5271915154671871,-1.5455707505953091,-1.5677043803064274,-1.536023166286444,-1.657272098158063,-1.6695176512522696
Kelly Oubre Jr.,2019-20,1933.0,0.5,0.1428913400699639,0.03749196573170645,-0.013963532789464314,0.13360747882697036,0.04953224502701792,0.11322579754403979,0.06594158239741654,0.14057037475921552
DeAaron Fox,2019-20,1634.0,-2.0,-1.3402735501327872,-0.7493016384851706,-0.8091645551074793,-1.2434978470449387,-1.1132743622447898,-1.1231618209833938,-1.3091012450478048,-1.316079624360825
LaMarcus Aldridge,2019-20,1754.0,0.800000011920929,-0.2977225460230688,-0.2690859160256551,-0.10776053231237649,0.019798550425292716,0.10748854911173417,0.05982293801116645,-0.2445170274059839,-0.21834227191097844
Terrence Ross,2019-20,1889.0,-1.0,-1.3063867752957106,-0.9903419910900835,-0.8448678686442297,-1.2449850295555849,-1.2933974699629436,-0.865315958158914,-1.2025740172544606,-1.2910363388606791
Bruce Brown,2019-20,1634.0,1.899999976158142,0.47087412900009595,0.16987743806533423,0.13231870056489314,0.4819428597849921,0.46174602344109655,0.4265963365350085,0.39534359069386477,0.47364131169631996
Buddy Hield,2019-20,2216.0,-1.899999976158142,-1.7290280295978602,-1.4516102954530588,-1.4340792115231578,-1.7308919896611348,-1.7114273994020968,-1.8300926802972777,-1.6761168294710427,-1.729494019613679
Maxi Kleber,2019-20,1890.0,0.699999988079071,0.2940711393077389,0.011023423189884956,0.09059498557337006,0.3163386678197084,0.13353749261701278,0.2872588583219952,0.2939353160346298,0.2996380214357313
Andre Drummond,2019-20,1879.0,1.899999976158142,2.010927619463658,2.3480213969330794,2.1732932145086115,1.9228341764402783,1.991358838693682,1.7383085294398748,1.9216502972359655,1.988904258707813
Joe Harris,2019-20,2123.0,-1.7999999523162842,-1.248118700465536,-1.2427233971868388,-1.2266710720281842,-1.3296561721682938,-1.319425679690872,-1.5265718147931842,-1.2415320457634953,-1.2685030683912255
Lou Williams,2019-20,1864.0,-2.5999999046325684,-1.3220116405730915,-1.5765471043082953,-1.4546712413049345,-1.5495739997630158,-1.5194929024900377,-1.674097304071383,-1.2886155717520897,-1.3789022303705727
Rudy Gay,2019-20,1461.0,0.8999999761581421,1.1793578484823017,0.7433656987469511,0.6632725844319085,1.2197175507599547,1.2469169022248097,0.7799294639074591,1.095373041840992,1.189447774051715
Kentavious CaldwellPope,2019-20,1762.0,-0.30000001192092896,0.14776775189021182,0.09200681765127222,0.06781872916952907,0.07820730857821082,0.19525334595381216,0.19530643154362495,0.15990691631923282,0.13037764106221156
Aaron Gordon,2019-20,2017.0,-1.2000000476837158,-0.26145418109234264,-0.6782202068118313,-0.6691682384906854,-0.31046865649392924,-0.3690188087119689,-0.41837923086975304,-0.2766048521347055,-0.2737077999427393
Kelly Olynyk,2019-20,1300.0,-0.5,0.28948871420756594,0.005171054022348243,-0.08394388372845367,0.15318645759780739,0.2122176301907279,-0.052014814468495534,0.2664215174701586,0.2554131500551263
Myles Turner,2019-20,1826.0,1.7000000476837158,2.029594602306812,1.8751575892309913,1.820216661093621,2.1471225105732064,2.211519258549463,2.152933835320283,1.9737964450395276,2.0589765793734105
Langston Galloway,2019-20,1702.0,-1.5,-1.972656610135751,-1.4832494595686723,-1.420603349130986,-1.930780146813141,-1.9252801077514428,-1.8244690720857806,-1.8953872191767578,-1.9621874943050985
Gary Harris,2019-20,1780.0,2.0,0.8111074360556431,1.063902234786041,1.074327866024271,1.12060215080346,1.0462234520752016,0.9914758714289335,0.7974853842179205,0.8884811147425973
Kyle Anderson,2019-20,1330.0,1.7999999523162842,2.5634169503120416,2.3041637382471665,2.245008209498727,2.47187787914003,2.5672760918376043,2.305535185690018,2.500202960979713,2.540532182519039
Harrison Barnes,2019-20,2482.0,-1.100000023841858,-1.1210175679608365,-0.8604603559727122,-0.9721216172699723,-1.2459904501729655,-1.150567241017448,-1.095603461248162,-1.1453373651482535,-1.1522607885138687
John Collins,2019-20,1363.0,-0.4000000059604645,-0.1329602061545901,-0.5267424324189808,-0.4794576732135282,-0.20184176293319891,-0.23903381038591626,-0.5845059717380041,-0.15092383980687427,-0.1501805953492423
Draymond Green,2019-20,1222.0,2.299999952316284,1.8435182613040055,2.282312389160007,2.221685431076094,1.7256748049608184,1.7584818185359095,1.7700162931181755,1.829320017368794,1.8140573972182088
Pat Connaughton,2019-20,1243.0,0.5,0.34694795220823016,0.2853462418393595,0.37320075543199444,0.1227194115207606,-0.06573421716393119,-0.10691796991237523,0.43298273168424484,0.29089081703636277
Tristan Thompson,2019-20,1721.0,1.0,0.014839099441840295,-0.22954483472446746,-0.21767480002068798,0.057368529973287785,-0.13815417739990843,-0.07834776897710138,-0.0037513117343855214,0.025471457074702167
DJ Augustin,2019-20,1420.0,-1.2000000476837158,0.027885237751066216,-0.365520444766809,-0.34914014933982757,-0.2087422939619612,-0.33595883177547303,0.02571385012999794,0.05274867915404404,-0.03127164517719064
Doug McDermott,2019-20,1372.0,-2.0999999046325684,-1.4171361439036434,-1.8234090898387991,-1.7433959429103316,-1.4841511543308095,-1.6978134965769769,-1.4089940904394833,-1.358307334172572,-1.4338898965104347
Mike Scott,2019-20,1207.0,-1.7000000476837158,-0.869587303292032,-1.4505885989713756,-1.38146838448599,-0.85976556889097,-0.8415022986298112,-0.9211253486105232,-0.8793636375036613,-0.8671318696917665
Andrew Wiggins,2019-20,1858.0,-2.0999999046325684,-1.207497785837002,-1.6187102905527149,-1.6215695665710361,-1.4331654264649731,-1.2271102956083153,-1.4256253877850835,-1.2397156758954102,-1.2639146959939949
Thomas Bryant,2019-20,1147.0,-0.5,-1.156253741750791,-1.1368289061969166,-1.1507573382498735,-1.1968581938378255,-1.1661033358529287,-1.2423758843986061,-1.1700590351681686,-1.1664048547725496
Jaren Jackson Jr.,2019-20,1622.0,-0.20000000298023224,-0.09600349474553674,-0.0685273304563471,-0.016969975328569795,-0.22349218066946472,-0.11486456851552018,-0.06777562638502099,-0.0889616032107367,-0.12787566622651875
Monte Morris,2019-20,1636.0,-2.299999952316284,-0.9299164880789558,-0.9586101723881968,-0.8891189815187474,-0.8326587572311662,-0.8332945580395579,-0.7880361111710545,-0.8981520721433682,-0.9056020553670083
Cedi Osman,2019-20,1910.0,-0.800000011920929,-1.396292968159639,-1.45591264943044,-1.5220219768013803,-1.4431668498498558,-1.4330068297567695,-1.4021951400595045,-1.4416151335689908,-1.4080114385821934
Serge Ibaka,2019-20,1485.0,0.8999999761581421,1.3791298291126415,0.8618418960449887,0.853978686854523,1.4563478252550826,1.185139215895457,1.5575460225529492,1.4145456192513015,1.3984343281482516
James Ennis III,2019-20,1265.0,-0.800000011920929,-1.1696811376765008,-1.7012547657731583,-1.6743041006061912,-1.197082063895646,-1.2413129777645635,-1.2755376201888744,-1.2175154569098499,-1.176531369231287
Torrey Craig,2019-20,1072.0,-1.0,-1.2243547049079309,-1.9247813140199266,-1.9626078784518641,-1.4268213063927602,-1.359342265733671,-1.4597674935268625,-1.334282161884845,-1.2749713552791382
Josh Okogie,2019-20,1547.0,0.4000000059604645,0.2148002489247145,0.3936828831520982,0.2502056520212155,0.23110092600932264,0.2600197839576336,0.3850318600046997,0.1543221427098777,0.21887541819586653
Cody Zeller,2019-20,1341.0,-1.2999999523162842,-0.9480278125589856,-0.8719421223494344,-0.8367443156309388,-1.1113447782554668,-1.0620360688369486,-1.1031790549876954,-0.9379635368340983,-0.9888570539831059
Austin Rivers,2019-20,1594.0,-2.299999952316284,-1.1468605425015213,-1.1009274002309906,-1.1088243216073905,-1.1588424114704843,-1.0173033647134142,-1.1298040103540297,-1.1544281830846592,-1.149856009743762
Malik Beasley,2019-20,1209.0,-1.399999976158142,-1.819063054469063,-1.4775606098145415,-1.4857945138694688,-1.9743499586660676,-1.759146335976415,-2.0616118713483487,-1.7429520728209573,-1.857884780518314
Kyle Kuzma,2019-20,1526.0,-0.10000000149011612,-0.3697752444477331,-0.6290920576754426,-0.5786970558099822,-0.2913980505260315,-0.347952881322218,-0.4186755458256409,-0.32477130276629945,-0.35018094596730764
JaMychal Green,2019-20,1307.0,-0.6000000238418579,-0.285845986326999,-0.7144485837176459,-0.6743384645335554,-0.2572296263938058,-0.41646596061664004,-0.3016200170779923,-0.29947457395259547,-0.2786918963437007
Landry Shamet,2019-20,1452.0,-1.7999999523162842,-0.8974247814973394,-1.1328963862188175,-1.1442014260962972,-0.9912054419396927,-1.1536778065866389,-1.2836174264794107,-0.9343077534120499,-0.9208699466079278
Marvin Williams,2019-20,1129.0,-0.8999999761581421,-0.29800572078857096,-0.3783440352701072,-0.38392687737149334,-0.5608882908113147,-0.5203599528176919,-0.6319689639329892,-0.30049855027162675,-0.3637263632942569
Kevin Huerter,2019-20,1760.0,-2.4000000953674316,-2.0182487976795294,-1.9839392902453272,-1.981069179383296,-2.1699960224498347,-2.1052119380165752,-2.172618470730332,-2.0172882546329975,-2.056185603872106
Miles Bridges,2019-20,1995.0,-1.600000023841858,-1.4615137726850498,-1.32249935473411,-1.2924090884419295,-1.5830004521043426,-1.6222396682892883,-1.3020732708696834,-1.4510032655257057,-1.4918854425398729
Lauri Markkanen,2019-20,1492.0,-2.0999999046325684,0.11800612967837475,0.044368743245947986,0.06941710937346764,0.17878611918805906,0.15938832558008825,0.18443306834087703,0.12747550517238113,0.13320112705579581
Jeff Teague,2019-20,1464.0,-3.299999952316284,-2.4401111213181395,-2.677715708052002,-2.625866955543663,-2.5031944947063263,-2.4147885223544985,-2.6110592975644034,-2.422107925248305,-2.455881964665186
Bryn Forbes,2019-20,1579.0,-3.4000000953674316,-3.2850896597073405,-3.290311505231683,-3.169658239483879,-3.3599363372003683,-3.2770722610880263,-3.4965707972115676,-3.2353162809899425,-3.3038013290805974
Collin Sexton,2019-20,2143.0,-4.599999904632568,-3.78304772182811,-3.629004185711246,-3.6907779566000096,-3.662823309020429,-4.321254931089854,-3.789383779765772,-3.7322823704017547,-3.75299161862619
Terrance Ferguson,2019-20,1257.0,-0.20000000298023224,-0.6627095178834523,-0.5983262009677061,-0.5844708563144692,-0.5411039424625788,-0.7900335051755588,-0.8498037040220799,-0.7110176102668926,-0.632308124028234
Malik Monk,2019-20,1169.0,-2.9000000953674316,-2.737257896762646,-2.9166502367102587,-2.97096402483649,-2.724222577229007,-2.697277515879668,-2.615390914993655,-2.733667424792782,-2.733999066879236
Kevin Knox II,2019-20,1166.0,-1.7000000476837158,-0.926407313574515,-1.4592435264316779,-1.3942024699503208,-0.8897021557807997,-0.8459706031407187,-0.7978000482718186,-0.933580480103677,-0.9172310241260861
Nikola Jokic,2020-21,2308.0,1.100000023841858,0.8764835435104197,0.6449224974775186,0.514794617976336,0.8718844127730189,1.253620120891088,0.618789271328658,0.8312911634070453,0.8753337608260695
Rudy Gobert,2020-21,2000.0,8.199999809265137,5.2640981294543145,5.3299653569455865,5.376086470730796,5.197558391050074,5.460382760419947,5.082963587175343,5.323906691880568,5.247463194853254
Stephen Curry,2020-21,2009.0,-1.7000000476837158,-0.954136173456125,-0.8696262957070451,-0.8918480805629945,-0.9976395526921699,-0.8659797923099832,-0.9274804867208187,-0.9459462582650217,-0.9650120182651362
Giannis Antetokounmpo,2020-21,1854.0,2.5,1.8773092504756554,1.8105959778902108,1.652701548779588,1.6886169382171012,1.7665700052304982,1.7204918829515647,1.778319618940661,1.8301361724110168
Kawhi Leonard,2020-21,1675.0,1.7000000476837158,0.7992044275425563,0.5052048189742677,0.4120984087351449,0.8651996118412768,0.8564001882878294,0.5818291150043002,0.6979497414366238,0.8157032236172364
Luka Doncic,2020-21,2106.0,-1.399999976158142,-0.4258579995218558,-0.4668375915253432,-0.5455812604203503,-0.34130348077024925,-0.4966054708370975,-0.6695380529746459,-0.43612735393028895,-0.4047193698339542
Paul George,2020-21,1711.0,2.4000000953674316,1.4358631428009887,1.4811620425315717,1.3911231289813135,1.3140506978678381,1.3425930942187891,0.8862092674225027,1.361059029618301,1.4054100315677012
Joel Embiid,2020-21,1481.0,4.599999904632568,2.8515691053743923,3.1753924163110696,3.1912813743545465,2.8057626251207197,2.6957596103111294,2.7477980253120067,2.870753233844389,2.8401174853109743
Clint Capela,2020-21,1809.0,5.300000190734863,3.5803041490827505,3.47642272177167,3.3370636938314258,3.5703872969032644,3.7454351297786,3.422139620669341,3.477732440128685,3.5778249360378793
Jimmy Butler,2020-21,1622.0,2.9000000953674316,3.156044103224616,2.780792914928357,2.5570370508337756,2.9376733622495,3.1093116807418038,2.7203284072050042,2.96824404710529,3.101451417980837
Mike Conley,2020-21,1459.0,4.0,3.485777324988869,3.592234924414333,3.4154515133395575,3.635668214575109,3.5790413051059464,3.1510425026593385,3.387812667422809,3.523250047385429
Damian Lillard,2020-21,2181.0,-2.799999952316284,-2.0129210209035753,-1.9704997369429362,-1.9154802375802256,-2.0870950182750363,-2.0240167985083612,-1.8203235010732732,-2.0083948831928957,-2.0314645202464403
Julius Randle,2020-21,2424.0,2.0,0.9932209657249974,1.1545970970656558,1.072344478613469,0.7836848701597368,0.8598449925063874,0.7831389541338627,0.9998779716211662,0.9408369418336823
Fred VanVleet,2020-21,1899.0,2.4000000953674316,1.7536426070474946,1.6745790122009585,1.599605694152859,1.6890122670591856,1.6224048409045229,1.383813067262822,1.6600712870807934,1.7374850220504174
Bradley Beal,2020-21,2073.0,-2.299999952316284,-1.69240780617962,-1.5600718383648167,-1.573862162535427,-1.8335676222938546,-1.6294045857845556,-1.9178398689617855,-1.6764829312260592,-1.7276977602081787
Draymond Green,2020-21,1839.0,3.200000047683716,2.456250951995959,2.6513761104283686,2.5754882077297525,2.4991919657205375,2.5677756879071016,2.437539232705856,2.388380984147295,2.4669862054271037
Jayson Tatum,2020-21,2112.0,-0.8999999761581421,-0.880533289807207,-0.9339318009306857,-0.974982209177661,-1.001824150955678,-1.0018596281732215,-1.0531073897970078,-0.9128016163506341,-0.9108560050943248
Jrue Holiday,2020-21,1740.0,1.399999976158142,1.7203401769741729,1.5862546896102816,1.5099338654279484,1.5617807984751804,1.604116438106525,1.7083029863508137,1.6366751222364382,1.6807003323494247
LeBron James,2020-21,1448.0,0.4000000059604645,1.386935330315755,1.2904553456175525,1.2700901338939754,1.2223471829052115,1.2218812305721658,1.089844441849273,1.368204091945232,1.3457882934631193
Mikal Bridges,2020-21,2163.0,0.8999999761581421,0.8336911747230615,0.5343159076643782,0.4471033540122772,0.8656100605286279,0.9794410631856519,0.8842754114487787,0.7315915879360285,0.841670896174453
Zion Williamson,2020-21,2026.0,-0.800000011920929,-0.8531167521008802,-1.0142145850184943,-0.9288554253285304,-0.9482263831551982,-1.084301872723866,-1.097262995303699,-0.8355594133134844,-0.8768941598644597
James Harden,2020-21,1558.0,-2.0,-1.2641740025001122,-1.1215541774640783,-1.1641059377099896,-1.207054420094052,-1.1449718242436893,-0.8482972069488053,-1.251019805317641,-1.2498941068985971
Chris Paul,2020-21,2046.0,-1.100000023841858,-0.08437446809786699,-0.2972035056871142,-0.3864491883558226,-0.032393660476300074,-0.004254397353979061,0.041129187288649366,-0.14624834839192427,-0.07137926619247525
Devin Booker,2020-21,2099.0,-1.2999999523162842,-1.2514648312456074,-1.1275159075798418,-1.1105821449399886,-1.2000200239941115,-1.0791223377584591,-1.3802538061963325,-1.2408736478512818,-1.2386036294327334
Jakob Poeltl,2020-21,1657.0,4.599999904632568,3.140785096899424,3.850103924867101,3.794372693026595,3.104704444540997,3.086960144757665,3.109511034736594,3.1515247175128582,3.1317649338098175
Joe Harris,2020-21,2075.0,0.5,-0.29751713150053655,-0.41107197300724635,-0.40598490015927274,-0.2601756357516413,-0.18956336887190658,-0.19200672420857584,-0.30996080144266525,-0.28818175756331277
Thaddeus Young,2020-21,1499.0,0.800000011920929,1.0500561287683456,1.150551798178511,1.117116138027894,1.1057133033056197,1.086337850724855,0.9917151393703308,1.021834895825867,1.063970422402664
Joe Ingles,2020-21,1682.0,0.5,0.20808031128664534,0.2666675829859265,0.26198659535445673,0.30724371356846925,0.280094086682508,0.034677673077256554,0.20498765064234348,0.2328711618571013
Jamal Murray,2020-21,1704.0,0.6000000238418579,-0.29702944430339656,-0.2591706547842866,-0.2512012057874983,-0.2661816930332419,-0.20075271092217298,-0.32701620107199775,-0.3217845464176525,-0.2893175064858579
Montrezl Harrell,2020-21,1516.0,2.4000000953674316,1.6558048222068948,2.029365112499895,2.0697610482120634,1.6155508428911718,1.7685166774740948,1.424195116726559,1.7276560118340485,1.6457413273779642
Trae Young,2020-21,2009.0,-3.5999999046325684,-2.338358430930036,-2.025021725315662,-1.9797829590715645,-2.2857566158314895,-2.300266964616404,-2.1747415805787678,-2.2912003641611802,-2.3252079771553995
Robert Covington,2020-21,2049.0,2.4000000953674316,1.4936461977299482,1.019323841506571,0.9290857866761832,1.3938346909810737,1.3747030709345665,1.2544918673352408,1.3383076304771053,1.4686933210427298
Donovan Mitchell,2020-21,1771.0,-1.7999999523162842,-1.875234306191264,-1.5786587909576424,-1.529913318835978,-1.744540977314675,-1.7389140862826482,-1.7407704673638031,-1.8051457540255187,-1.8425609739721167
Bam Adebayo,2020-21,1974.0,1.899999976158142,1.2000945090510484,1.0580643154032927,1.0178766489581665,1.2764522335468484,1.1350773012150859,1.0658906987059054,1.15194504990666,1.2191839401749984
Danny Green,2020-21,1801.0,2.0,1.6163843428272573,1.7816001447762497,1.7227927324263401,1.6911277485597789,1.8358344146799488,1.7535661765859167,1.57686324101184,1.6350701942603876
Kyrie Irving,2020-21,1768.0,-3.0,-0.6273398228165266,-0.7200930783251815,-0.7737061304417931,-0.7269546868388058,-0.6363859754011945,-0.7983261328258573,-0.6699758194756072,-0.6522435388220964
CJ McCollum,2020-21,1384.0,0.4000000059604645,-0.5147470120328053,-0.5318496329073479,-0.6236478794776035,-0.41544463025649436,-0.3913628711031032,-0.5697384353280461,-0.5349945687575703,-0.48992141658872757
Khris Middleton,2020-21,2109.0,-0.699999988079071,-0.9051752024264257,-0.8362594820316431,-0.7864676384681137,-0.8340966994988153,-0.9378231826419708,-0.7842139240196908,-0.8985133515683745,-0.887405576694523
Nikola Vucevic,2020-21,2181.0,0.6000000238418579,0.35649264552212795,0.33208012528337516,0.34130676030296975,0.3041355269628548,0.4531778232810439,0.453922268475422,0.3695633091372214,0.34340336588230963
Nicolas Batum,2020-21,1745.0,2.5999999046325684,2.061943718102702,1.8587440888782805,1.7750884541967205,1.935766215165825,1.8790638150229075,1.49826696684568,1.9569361510901444,2.030399342368483
Jordan Clarkson,2020-21,1629.0,-0.5,-0.6841854134626905,-0.8429405414080915,-0.7313146013970393,-0.623272161521242,-0.6896316619159718,-0.8528700450259712,-0.6779321581377393,-0.6689571004773283
Zach LaVine,2020-21,1894.0,-1.899999976158142,-1.4784179252801846,-1.1712466470503784,-1.1705495779819262,-1.4794328517506181,-1.4011430464467542,-1.5561238309858132,-1.4233851129354915,-1.478671656897793
Royce O'Neale,2020-21,2061.0,1.600000023841858,1.0647755613400849,1.2305977921879818,1.0976109918260883,1.1605030796386058,1.243347281516067,1.1048505147000005,1.0211809949003445,1.0887074409147153
Ben Simmons,2020-21,1754.0,2.4000000953674316,2.2556576044135896,1.999019521947723,1.9649095848480598,2.2396647235797125,2.4080943187225414,2.3272464508851476,2.1744179017545338,2.2516593842051202
Kyle Anderson,2020-21,1743.0,1.899999976158142,1.91195860943044,1.883840556516457,1.7809367006336583,1.884454798375377,2.064415362853316,1.8616059845204207,1.8198643573494289,1.9050826566666743
John Collins,2020-21,1744.0,0.8999999761581421,-0.34745153404842966,-0.2548978562438543,-0.2163613731548848,-0.27409745893319837,-0.062244052063162386,-0.3857078688497396,-0.32532328877840605,-0.32911301526962183
Tobias Harris,2020-21,1858.0,0.30000001192092896,0.714985889570632,0.9677587899915705,0.9572350640266114,0.7592877259309125,0.7803930324203909,0.6307036551483622,0.7314335764805503,0.7260613486607022
Terry Rozier,2020-21,2143.0,-1.399999976158142,-0.9187344026878369,-0.8032394079268591,-0.8173693233514335,-0.800397838754155,-0.7497763758250395,-0.7547395233872833,-0.9342053106424515,-0.8891502617044165
Kemba Walker,2020-21,1256.0,0.8999999761581421,-0.28329559526568926,-0.2732645548313706,-0.23796440999402457,-0.3263865905939843,-0.1765876389969019,-0.5778851331352401,-0.24289480685340362,-0.294068344097763
Harrison Barnes,2020-21,2102.0,-0.10000000149011612,-0.6561091865798045,-0.9133236870850963,-0.93718166593424,-0.7866908115929508,-0.46766372478145185,-0.9639994020831354,-0.7097467406746342,-0.6887545928330912
Jaylen Brown,2020-21,1999.0,-0.5,-0.5610086912434129,-0.4570141946703309,-0.4235403772530123,-0.4683374651865566,-0.506100977066484,-0.47446544486074127,-0.5480649700967841,-0.5378408847291989
Delon Wright,2020-21,1551.0,1.600000023841858,1.0583227828121122,0.42117227248152644,0.2894495719397713,0.9277297072498976,0.8269619417180052,1.0706820094717022,0.9057145663299058,1.0256745139215586
Richaun Holmes,2020-21,1687.0,1.899999976158142,1.4666439725861047,1.4667945805578038,1.4117523151992986,1.2593694059342366,1.2942385452156882,0.9053230432980791,1.423180608321988,1.4148253309231378
Brandon Ingram,2020-21,2093.0,-2.200000047683716,-1.5383217667689508,-1.4509744070346289,-1.4978938348090811,-1.6928750003924171,-1.7033284400024309,-1.940795226518791,-1.5448415201065977,-1.5769600751748176
T.J. McConnell,2020-21,1604.0,1.2000000476837158,2.0041556644598515,1.217771094972253,1.1121047506796906,1.883235347709133,2.004216377245185,2.092001286307069,1.8058807527159546,1.973925585272172
Deandre Ayton,2020-21,2021.0,1.2000000476837158,0.9336375424247961,0.7851987557304342,0.8073576471288468,0.8701448166860047,0.7837484313884434,1.2126358471934693,0.9698118284716092,0.9177643609900983
Lonzo Ball,2020-21,1649.0,0.4000000059604645,0.07092887716068257,-0.20492885378938364,-0.24387308212733516,0.019156072286516612,-0.1195755139095102,0.012976843103118252,0.019316369480220072,0.057985675942141074
Karl-Anthony Towns,2020-21,1498.0,-0.800000011920929,0.05042824946033064,0.0999710852372512,0.05657145516311683,0.06961286206927728,0.35158309532797066,0.26692687226263284,0.07208168873806706,0.0552244026125673
Jonas Valanciunas,2020-21,1623.0,0.6000000238418579,1.5490029267135086,1.3628574654682615,1.3620453112577082,1.4776487942957546,1.8113484957671546,1.3069977895409954,1.5664496798481586,1.5311643936090702
Jae Crowder,2020-21,1508.0,3.0999999046325684,1.526593628018456,1.3803489760195906,1.3309513058308124,1.401793925876217,1.3333325081341671,1.380496983777328,1.4563308716062011,1.4953937024828963
Michael Porter Jr.,2020-21,1767.0,-0.800000011920929,0.1618156324342213,-0.06841760504276798,-0.11183342104741807,0.1729654392832487,0.1645546673402551,-0.0431936491128761,0.12458547699836303,0.16460308414647817
OG Anunoby,2020-21,1433.0,2.4000000953674316,2.3080563338173596,2.153661157254132,2.0157336518972184,2.2435244404465133,2.380758014031395,2.2731861254273382,2.197818297066795,2.291923360474648
Dorian Finney-Smith,2020-21,1761.0,1.100000023841858,0.8580775038091033,0.7261551368662725,0.5639853811987775,0.8255022254753762,0.8125792384234654,0.805991770655499,0.7752691311402644,0.8499336842256715
Devonte' Graham,2020-21,1531.0,0.800000011920929,-0.27642828762565513,-0.18932013325085734,-0.17917125512920679,-0.3552653637687255,-0.43853807552211393,-0.3986374469930612,-0.23734970332261393,-0.2961375566614227
Myles Turner,2020-21,1455.0,4.699999809265137,3.136362422217214,3.5347391274116444,3.520936941328573,3.046212212494255,2.813365386350014,2.9736470827839927,3.1240966624364708,3.113824869786474
Jarrett Allen,2020-21,1678.0,2.0,0.6367911839497993,0.8164296886472416,0.8048402776301979,0.6844420179132928,0.639272216468662,0.7062836268442777,0.6849155173133294,0.6487038924406727
Chris Boucher,2020-21,1415.0,0.4000000059604645,0.671497434935738,0.737178731580716,0.8483140154393862,0.6113765073975367,0.6714283533576686,0.7831093429720103,0.7084347737420145,0.6564672030511877
Derrick Rose,2020-21,1131.0,2.0999999046325684,1.522572511159194,1.4002719508032109,1.4057482509510417,1.4071109354331734,1.3743052409584742,1.2021684240254817,1.5064875406855553,1.493707117227689
Matisse Thybulle,2020-21,1264.0,4.400000095367432,2.9420620866826424,2.8040700440949147,2.7026589958781884,3.134526105668286,3.3184305102670733,3.006250911768841,2.8441495627367694,2.990178091429053
Christian Wood,2020-21,1326.0,2.5999999046325684,2.1722833731723012,2.117015766687232,2.0755441071238696,1.923324103113916,1.9319013578843145,1.4056947667127928,2.1151786920071283,2.110043555657705
Luguentz Dort,2020-21,1519.0,3.799999952316284,1.2889785745801705,1.567805044232578,1.4264333827561533,1.294047736423287,1.3813517917080698,0.6054519902838755,1.1784527251445918,1.2902458650409496
Raul Neto,2020-21,1317.0,2.5,1.9305001676899662,1.8079531449407495,1.6759038662534804,2.0077636515739545,2.169145491955988,1.6786718204324138,1.8086053516708247,1.9498160386609633
Tim Hardaway Jr.,2020-21,1823.0,-0.10000000149011612,-1.1616342921536038,-0.9499021711941381,-0.9369597958000212,-1.1611593930708666,-0.8648886194802887,-1.2934693600274225,-1.114052211878844,-1.1615155673829194
Bobby Portis,2020-21,1284.0,1.5,0.9966121995481031,0.8267308823897433,0.894587917423521,0.9969291311728432,1.041592199077311,1.3006004203795483,1.0433503588669757,0.9966914324542882
Marcus Smart,2020-21,1483.0,0.6000000238418579,1.1331169658515012,1.1140664361780952,0.9918399075970376,1.0581233417680533,1.2201119144013959,0.9463681025831765,1.0390845253761345,1.1143685598306392
Alex Caruso,2020-21,1123.0,4.599999904632568,3.4139018281121167,3.6071158106558814,3.4238284359228484,3.603909709524447,3.782032007743883,3.1055664240470087,3.329238001786439,3.4614037984651995
Pat Connaughton,2020-21,1444.0,1.899999976158142,0.7111418168032965,0.6129295307247349,0.62900337548329,0.7531087297025768,0.9670426873235429,0.8765387202950998,0.7203964192387433,0.7216335450281165
DeMar DeRozan,2020-21,1868.0,-2.9000000953674316,-2.2513267863823883,-2.5486443022320744,-2.549349096829741,-2.260543936303886,-2.231321056234942,-2.2238622809674946,-2.2617586005335837,-2.2536310738627625
De'Aaron Fox,2020-21,2036.0,-2.700000047683716,-1.116025478167842,-1.2036817742384964,-1.22415110524762,-1.2816097346421362,-1.5457882260654066,-1.4118652960564952,-1.1689644030357813,-1.1574215422864156
Buddy Hield,2020-21,2240.0,-1.7999999523162842,-1.238066264502653,-1.2720090535159043,-1.2905062776751757,-1.4893246664494484,-1.3928599691197352,-1.5415428978713126,-1.2549316067944978,-1.300880864989352
Dejounte Murray,2020-21,1946.0,-0.10000000149011612,1.5542032815951705,1.0176208383506697,0.9251095606537556,1.3514563660144285,1.3617824194018733,1.2530565456744702,1.4085586154999004,1.503516552699985
Pascal Siakam,2020-21,1976.0,-0.6000000238418579,-0.06943689512093223,0.11684145705049717,0.07306232807559593,-0.2022710921180135,-0.0006069093617045856,-0.32414141509956346,-0.06943980046717617,-0.10264544437020255
Jae'Sean Tate,2020-21,1909.0,1.2999999523162842,1.2928664214254197,1.0248849995506748,0.9836485998412753,1.10341937075837,1.2186621685679084,0.8921409017285903,1.1715311059825524,1.2455046587586573
Kyle Lowry,2020-21,1601.0,-1.0,-0.4224529428855382,-0.15222533370809882,-0.1504031586408352,-0.3294896765324428,-0.3638469766056071,-0.5345424309251094,-0.38561003595442184,-0.3992121262972644
Bogdan Bogdanovic,2020-21,1203.0,0.0,0.4219183168935281,0.3706546165942677,0.3045985157665342,0.4177844131223211,0.45750647209662526,0.26213733114742027,0.40202610621334384,0.42088484095072637
Malcolm Brogdon,2020-21,1930.0,-1.2999999523162842,-1.0615812530864586,-1.0999501338768263,-1.0040168709019723,-1.096693913563676,-0.8938846697637552,-1.0259716651297808,-1.010267496190158,-1.0703594182057627
Donte DiVincenzo,2020-21,1666.0,0.5,0.8414975270139501,0.639205136161459,0.6431256589312944,0.9324674142547892,1.0599148588820053,0.8474875979578056,0.7630050159791208,0.8642399988241598
Norman Powell,2020-21,1989.0,-0.800000011920929,-0.7305373369191873,-0.9258193987335906,-1.0118716568079338,-0.7524774617571455,-0.7285534634537625,-0.8841275972100333,-0.760904679706734,-0.7360223681286768
Miles Bridges,2020-21,1858.0,0.4000000059604645,-0.1644984008493366,0.17769546121918517,0.15364949055509158,-0.15355363044030726,-0.144775268608435,0.06214800728885565,-0.1408919602659695,-0.16176220824707926
Jalen Brunson,2020-21,1557.0,-0.10000000149011612,0.2665473886030034,0.4160003729802121,0.3570132129489374,0.09978994782333528,0.19361211035179007,-0.020684491716926434,0.2295556356038241,0.22485802840808639
Facundo Campazzo,2020-21,1274.0,2.700000047683716,1.8720910691903943,1.7863964946078106,1.7126199121815824,1.8654127744449682,1.9468821174020379,1.9337288792218459,1.741952211157326,1.8704214955040377
Shai Gilgeous-Alexander,2020-21,1180.0,-1.2999999523162842,-1.7084063466833668,-1.3550352577977658,-1.3239856369290566,-1.7501333236308747,-1.6290036913344892,-1.975519060754277,-1.6783562760241622,-1.7188380909202439
RJ Barrett,2020-21,2286.0,-0.4000000059604645,0.2766595297529195,0.4742590158700962,0.5028534237108375,0.16918384241403417,0.2621282148516229,0.1932441340690333,0.2898610087586208,0.24979060791819818
Rudy Gay,2020-21,1232.0,2.799999952316284,1.971904731698472,1.984413884927191,2.052133643158882,1.9579737529348638,1.9980219210212462,1.8790587845042124,1.9797184414477091,1.9684219870075699
Justin Holiday,2020-21,1993.0,0.800000011920929,0.3097015981057315,0.2756528827238277,0.29473675329382476,0.3964317016129788,0.37296898375091564,0.6228530588784142,0.28645749577457846,0.33138412398254335
Brook Lopez,2020-21,1771.0,1.399999976158142,1.9810493521725152,2.930714129767532,3.0168440241637873,2.186909183804711,2.4463992499758738,1.8253735014048995,2.079971758405655,2.032514310080564
Isaiah Stewart,2020-21,1370.0,3.0,2.273989801364519,2.7490615301083734,2.720207091659704,2.0394446893701828,2.1273399192099705,1.7428680444048203,2.3100951235506715,2.215353523365935
Jerami Grant,2020-21,1805.0,-0.5,-0.7094299263841906,-0.5445152194771989,-0.574119144214707,-0.813673076538509,-0.6863695844938228,-0.7365231700742499,-0.7277719471354547,-0.7354907139227701
Cameron Johnson,2020-21,1437.0,2.200000047683716,0.6172963441998441,0.5461574686835454,0.5328819640251794,0.6493024774111831,0.8166380832767981,0.5348898278493704,0.6045382771737177,0.6252978775026788
Kelly Olynyk,2020-21,1856.0,-0.20000000298023224,0.9995764045484028,1.1269939230286434,1.1269665939470215,0.8225064186250794,0.8900968882697033,0.3771786636161333,0.9826720189378041,0.9553089080675718
Davis Bertans,2020-21,1308.0,-0.8999999761581421,-0.37230367350209825,-0.32788413285718593,-0.3151881242472643,-0.33519001279678123,-0.26926995548112964,-0.47376008972972244,-0.34760759990788026,-0.36302525832576904
Duncan Robinson,2020-21,2101.0,-0.6000000238418579,-0.39394302260447195,-0.28940542428815264,-0.267741226353205,-0.49472727291259655,-0.5259443290406352,-0.8140954389182383,-0.37682885832167734,-0.4191390851815031
Ivica Zubac,2020-21,1519.0,1.7000000476837158,2.5003449680516807,3.0265648884230036,3.060041779798221,2.4285495605243663,2.602161240835102,2.122752031190318,2.5616106556150493,2.482396116169852
Steven Adams,2020-21,1605.0,1.0,1.3001401069833127,1.3012586402081139,1.2535431973165339,1.3660356992047753,1.3543634419259178,0.8502286397789474,1.2607407716833512,1.3166140050386783
Kevin Huerter,2020-21,2041.0,-0.4000000059604645,-0.0200677204771484,-0.06090119912690106,-0.07841181135459331,0.14614415157366328,0.20758657115109527,-0.006474386931319603,-0.05589638325511096,0.02148524753555452
Paul Millsap,2020-21,1085.0,1.7999999523162842,1.029111623788257,0.899095577261214,0.8793589810224754,1.1530125290164677,1.0539002459577762,0.7927243785108655,0.9681628063765233,1.0600868500953096
Immanuel Quickley,2020-21,1194.0,-1.2999999523162842,-0.44486784453050826,-0.6487383079000355,-0.5286470674640095,-0.5932243173799969,-0.7409979774802493,-0.33522798524002617,-0.39078591292002773,-0.4819569627428804
Domantas Sabonis,2020-21,2043.0,-0.20000000298023224,0.8163310609089047,0.909494965628677,0.9559187044684477,0.859297974563146,0.7118110224306587,1.0433137865068587,0.8261261941462548,0.8270727893224651
Dennis Schroder,2020-21,1901.0,0.0,-0.35188094740942805,-0.06406348094242365,-0.03821175226783868,-0.17737166299381502,-0.17642873485331123,-0.2744803209695373,-0.327150289239987,-0.3082536263055248
Kenrich Williams,2020-21,1373.0,0.10000000149011612,0.6457402764007609,0.7745818190465128,0.7105866346922809,0.4062451037886634,0.33296252459740283,0.589626801089338,0.5811508255751947,0.5858664832477365
LaMelo Ball,2020-21,1286.0,-0.800000011920929,-0.25101894084758236,-0.3444103689543122,-0.45635062225645723,-0.07926252529127345,-0.5745375668781352,0.04966293200524369,-0.3186642221298734,-0.20807983695850513
Khem Birch,2020-21,1366.0,2.299999952316284,1.6240856862499076,1.4313805431155229,1.4839988222178602,1.4868541658781353,1.528853701372869,1.539794325146398,1.6266519472723944,1.5897778061569645
Dillon Brooks,2020-21,1830.0,0.6000000238418579,0.4897838923874511,0.627942442748958,0.5837946582894109,0.6796746808809105,0.6888918298309019,0.7713078165658966,0.4704926321193362,0.537256589510816
Blake Griffin,2020-21,1073.0,1.899999976158142,0.30339987819102215,0.7489011559371643,0.7612642201916249,0.4944925090360644,0.5879272889648731,0.09969749142156775,0.37073739704051706,0.3511730359022827
Josh Hart,2020-21,1349.0,1.100000023841858,0.08852273629207214,0.3557296061080818,0.27790512329436823,0.11996029466867844,0.5975296414755982,0.2276188180164595,0.07808399847490227,0.09638212588622372
Gordon Hayward,2020-21,1496.0,-0.5,-0.3405182795570141,-0.472570875910616,-0.4931849039777204,-0.31351603499846276,-0.23282600337210954,0.010683499751641803,-0.36013202244884945,-0.33376771841737624
Alec Burks,2020-21,1165.0,-0.10000000149011612,1.3638276158197056,1.3749051044251064,1.3541908474625692,0.9997131752645243,0.9062951100178527,0.8870493358051633,1.354348478039182,1.2727990056809104
Reggie Jackson,2020-21,1460.0,-1.100000023841858,0.15727748058172925,0.24378303582797017,0.22567462566051497,0.12021320513692169,0.21813221835004776,-0.02085224753144524,0.1561825684591958,0.14801141172052734
Enes Kanter,2020-21,1648.0,-2.799999952316284,0.0882287139576023,0.2940864661955206,0.34467287466560403,0.03559823484838853,0.7137401654342841,0.24868787845749457,0.13961646733937833,0.07507109418029886
Grayson Allen,2020-21,1259.0,0.5,-0.37664942480025715,-0.5977417097050637,-0.5590184074869144,-0.352714304023508,-0.2744253593295514,-0.34798707516189714,-0.38888417961924987,-0.3706656446060699
Patty Mills,2020-21,1548.0,0.0,-0.021037228735283797,-0.09989874031365203,-0.046508159711435335,-0.27443221527442774,-0.2337919260500706,-0.08067432732015511,0.004807757021761512,-0.08438597537006978
Daniel Theis,2020-21,1551.0,1.7000000476837158,0.3639312346463046,0.6312098869061018,0.704825625987644,0.4453360915738401,0.6466304416201922,0.3687924990444151,0.4214133191205477,0.38428244887818847
Danilo Gallinari,2020-21,1154.0,-0.800000011920929,-0.7836120956884663,-0.703688196365179,-0.6198836773289045,-0.9438819407506279,-0.7721247557893085,-0.8069622331130714,-0.7555186834549611,-0.8236795569540067
Damion Lee,2020-21,1079.0,1.0,0.9408989258773119,0.9388151737123966,0.8828357797780885,0.9192940535463017,1.1421919612143565,0.6757988631012071,0.8908950928626642,0.9354977077945594
Garrett Temple,2020-21,1356.0,1.7000000476837158,0.8887527590112836,1.0856591675563911,0.9971467607353208,0.7358477601252498,0.8593344080683469,0.6336679174430797,0.8463134408579955,0.8505265092897751
Aaron Gordon,2020-21,1283.0,0.8999999761581421,0.14699611637706284,0.23417328065820603,0.2015043978327805,0.21028172898968012,0.25949332798429664,0.32057879212231843,0.1499907326268074,0.16281751953021717
Josh Jackson,2020-21,1478.0,1.2999999523162842,0.8931677953555619,1.1708574626211465,1.1080227904678175,0.8208432845195781,0.7779849869541478,0.5903914294726063,0.8499172155908634,0.875086667646566
Nerlens Noel,2020-21,1382.0,2.5999999046325684,1.642901460347634,1.5279826754887105,1.5454432894138077,1.4784982944706668,1.5007860221081377,1.6053003906647185,1.5792462355947607,1.6018006688783921
Kristaps Porzingis,2020-21,1245.0,-0.8999999761581421,-0.27477299881774525,-0.2828491011261897,-0.2988471365140272,-0.23732666205644648,-0.16409144856628166,-0.6960715777771698,-0.27169381969037,-0.26541141462742057
Bruce Brown,2020-21,1314.0,-0.10000000149011612,0.38513331887007574,-0.13383488449101527,-0.0446968854603253,0.23374745155342863,0.4167376559694611,0.17120797381723507,0.3210105334628422,0.3472868520409139
Andrew Wiggins,2020-21,2227.0,0.20000000298023224,0.8294563972620977,0.864371298816743,0.9126899934659457,0.7954136404335982,0.8277271383637488,0.6894817677676763,0.8159770263182196,0.8209457080549728
Kent Bazemore,2020-21,1185.0,2.5999999046325684,3.398640244025431,3.3662192485118694,3.3145323212506552,3.3295498937600505,3.423651179469508,2.968271206786735,3.309422665224532,3.3813676564590858
PJ Dozier,2020-21,1088.0,2.4000000953674316,1.6554594187222724,1.872856401362995,1.7982307585719983,1.7878117040998807,1.8481328808983908,1.4590060221355476,1.627116718883759,1.6885474900666746
Andre Drummond,2020-21,1093.0,2.5999999046325684,1.7431154017067203,1.7554493801566773,1.6455920683662237,1.9258636995201364,1.7616668916592833,1.7934585146558175,1.6599473780159477,1.7888024761600743
Marcus Morris Sr.,2020-21,1414.0,-1.5,-1.4289289503669051,-1.6546333635885673,-1.6405528616446392,-1.5826341799404555,-1.5010946653461603,-1.710639276778256,-1.4103314088128769,-1.4673552577602926
Tomas Satoransky,2020-21,1242.0,-0.10000000149011612,-0.17915837170850837,-0.06915260848034072,-0.13526694982590942,-0.27548422179557863,-0.2718488649329982,-0.4222782052978767,-0.2102216591805222,-0.20323983423027595
Evan Fournier,2020-21,1094.0,-0.699999988079071,-0.5256138752636155,-0.5126089295820593,-0.5461778647892157,-0.5816110812742907,-0.6060404303936997,-0.2251988971050582,-0.524532854348468,-0.5396131767662843
Maxi Kleber,2020-21,1308.0,1.399999976158142,0.6700071309392204,0.8641041514879131,0.8900486522393778,0.5562712762692985,0.5778532847416855,0.42924500894778184,0.7026639102899737,0.64157316727174
Chuma Okeke,2020-21,1133.0,1.7000000476837158,0.9467028509851292,0.8741713701895473,0.7931733737016801,0.8612671094224627,0.9843331304540897,0.7617122119730542,0.8784820024827045,0.9253439155944625
Brandon Clarke,2020-21,1326.0,1.2000000476837158,1.328675854003043,0.941543457996011,0.8604228686068256,1.4555021023247163,1.533899930199716,1.2339612973678085,1.251549955918496,1.3603824160834614
Talen Horton-Tucker,2020-21,1173.0,1.600000023841858,1.469281219190175,1.3373167699584716,1.3930274790976989,1.4150758593254533,1.5668849896340205,1.3360858988037956,1.4415856647182856,1.4557298792239945
Caris LeVert,2020-21,1308.0,-0.6000000238418579,-0.07004992907647531,-0.11989881461780227,-0.19609695462425347,-0.06782085621893488,-0.14078853020905455,0.04027744436977393,-0.08823152597290881,-0.0694926608620902
Shake Milton,2020-21,1353.0,-0.699999988079071,-0.7298950438964712,-0.4633742113336121,-0.42689893094028974,-0.7186091424905563,-0.6552464130979557,-0.5981101084994319,-0.6411449054907774,-0.7270735685449925
Ja Morant,2020-21,1875.0,-2.9000000953674316,-2.1494020607496886,-2.1434516261327614,-2.1116461041360948,-2.204225403968643,-2.0743749003745835,-2.0078243460453558,-2.098502868590317,-2.1631078965544273
Monte Morris,2020-21,1151.0,-0.20000000298023224,0.27720034279510436,0.09183222814860614,-0.012436673562664313,0.16549605062455974,0.3434685207964182,-0.31870452992130816,0.2566340659071367,0.2492742697524682
Larry Nance Jr.,2020-21,1091.0,2.799999952316284,2.639783597270668,2.367913011872999,2.336431527479291,2.6226987949093634,2.741973362102642,2.519551381341671,2.5316600265267524,2.6355123966803418
Josh Okogie,2020-21,1111.0,1.7999999523162842,0.8238526124637056,0.649453260751174,0.5475569268162246,0.7910713768031897,0.7649422954482366,0.8866571750723657,0.6971814251535334,0.8156573035485766
Tyrese Haliburton,2020-21,1746.0,-2.5,-1.2209203660602164,-1.7007965446899607,-1.7088696226463176,-1.3932171727598144,-1.2359663293110028,-1.6016240282718155,-1.2817217975255113,-1.2639945677351159
Victor Oladipo,2020-21,1080.0,1.5,1.9306902660417093,2.299489141242889,2.211364577512155,1.63490380352837,1.7709840316529144,1.1428328419489966,1.8764541932222867,1.8567436504133745
Reggie Bullock,2020-21,1707.0,-0.699999988079071,-0.5495180106894724,-0.464682171164513,-0.473082770045978,-0.6231166752566369,-0.5304762479805507,-0.3682645735275386,-0.5217028885085626,-0.5679176768312635
Kentavious Caldwell-Pope,2020-21,1700.0,-0.10000000149011612,0.5997167563635128,0.48928970428554047,0.4322114100162152,0.639344369178202,0.7467807761905094,0.5505791746946398,0.5577099233389287,0.6096236595671851
Derrick Jones Jr.,2020-21,1288.0,1.399999976158142,0.09685427031593355,-0.01653978720424136,-0.11491282505729909,0.030272659943822194,0.06640340678356502,0.050809875624938466,0.04471119561869673,0.08020886772290572
Cory Joseph,2020-21,1395.0,0.4000000059604645,-0.21813588001520579,-0.24857876202351536,-0.31542140311229455,-0.3615547301692386,-0.1459462612299411,-0.657257206774259,-0.2864574471569007,-0.253990592553714
Kendrick Nunn,2020-21,1505.0,-1.2000000476837158,-0.3829857439156853,-0.45384613783029665,-0.4937814755493925,-0.41510782954278064,-0.38997915991615695,-0.8216898326339573,-0.37991091561732654,-0.39101626532245914
Naz Reid,2020-21,1232.0,1.0,0.6686528306711527,0.8506992964894413,0.8774746587971124,0.41519281340046865,0.4977715034375346,0.14058446528597576,0.7277672587185455,0.6052878263534817
Seth Curry,2020-21,1523.0,-1.600000023841858,-1.222356044545314,-1.0945074824603709,-1.0148026221045763,-1.227651954895213,-1.1573656638962435,-1.037382176379329,-1.1401206221537237,-1.2236800221327888
Payton Pritchard,2020-21,1160.0,-0.8999999761581421,-1.1981261248998265,-1.276613241686831,-1.2265145563741446,-1.2227059838349974,-1.0613933680668277,-1.452516512738051,-1.180050136354639,-1.204271089633619
Hamidou Diallo,2020-21,1161.0,0.30000001192092896,0.7618136964776459,0.9416463012402142,0.8622297418416076,0.6043192239515104,0.7939054635825353,0.44019433139830133,0.7087606775650998,0.722440078346112
Darius Garland,2020-21,1778.0,-1.399999976158142,-0.6392148023566414,-0.6093342907212455,-0.592945893034605,-0.6750673458440828,-0.5939682487347502,-0.7282740796698932,-0.6442896949052921,-0.6481779382285018
Tyler Herro,2020-21,1472.0,-0.6000000238418579,-0.7729937489428977,-0.7526743041247503,-0.7250596262748346,-0.7255839605627059,-0.6391394181728998,-1.0820194873346298,-0.7285125246172547,-0.7611413018478499
Robin Lopez,2020-21,1266.0,0.6000000238418579,0.6317098428586609,1.2874130856211217,1.319422719502953,0.7329048546017467,0.9148279774152712,0.30931622350331095,0.7652204867231085,0.6570085957944324
Terance Mann,2020-21,1215.0,0.0,-0.11986320508458473,0.06129920863845477,0.06600694298634462,-0.07854538298794976,-0.2346040805759477,-0.2486397969717578,-0.09808627540828439,-0.109533749560426
Andre Iguodala,2020-21,1244.0,1.5,1.6786122364888083,1.549467823918919,1.3958302461272063,1.5292988486876053,1.5537153141912148,1.2753640974512352,1.5688460095121444,1.6412838895385076
Tyus Jones,2020-21,1142.0,-0.6000000238418579,0.22156190686873312,-0.16803501133192378,-0.17942633211682588,0.2596047445942601,0.273876707228535,0.4791479534412839,0.1778864459074334,0.23107261630011486
P.J. Washington,2020-21,1743.0,0.5,0.6194692891042813,0.47485936100751935,0.4522006282404536,0.6496424890084807,0.5637102136049892,0.8826585381405188,0.5842344018930794,0.6270125890803311
Landry Shamet,2020-21,1267.0,-0.30000001192092896,-1.1019531622872842,-1.15616554807318,-1.0830011513022744,-1.1099806847027849,-1.0149716828950723,-1.2651144060835442,-1.0921064567756804,-1.1039600428911593
Dwight Howard,2020-21,1104.0,0.8999999761581421,1.5202675274816564,1.9422768201834282,1.9134809596253102,1.4885363602884014,1.7892071428559564,1.268937869742836,1.5647504292076486,1.5123347356833428
Malik Beasley,2020-21,1214.0,-2.4000000953674316,-2.151864586876402,-2.249543966468766,-2.2373295069587966,-2.2058328211717773,-1.7332384428734398,-2.121994295928335,-2.131942297064452,-2.1653566454502458
Wendell Carter Jr.,2020-21,1296.0,1.2000000476837158,0.8477870325470328,1.1667526130142272,1.1959485586481522,0.8667116180639782,0.9014762684198273,0.5486558882443575,0.8827694840542019,0.8525181789262691
Ricky Rubio,2020-21,1612.0,-0.6000000238418579,0.1102745776458647,-0.4482119198043688,-0.5375851342703779,0.17822700424020282,0.2992896089971697,0.38365261640257536,-0.0037099437764046284,0.12726268429444923
Desmond Bane,2020-21,1383.0,-2.0,-0.7535817931350294,-1.1476787297205397,-1.03359727521508,-0.6264280768730619,-0.520405022576194,-0.5530256242652902,-0.7253122510953972,-0.7217933640695375
Jeff Green,2020-21,1726.0,-1.2000000476837158,-0.642428611093053,-0.639983866290379,-0.6677351271373684,-0.6634957131690191,-0.5391623296780483,-0.6185463817104659,-0.638606244673233,-0.6476953866120445
Lauri Markkanen,2020-21,1181.0,-1.0,-0.13088936707098542,-0.09434702768003256,-0.02060252306789978,-0.1320097864674147,-0.1399897908124227,-0.4236603357168737,-0.11347178446771577,-0.13116947192009273
Mason Plumlee,2020-21,1474.0,-1.2000000476837158,-0.7071527550262956,-0.7716176277542479,-0.7059222564519199,-0.7350429025780874,-0.6611015074768054,-0.6526504657040608,-0.6961561197004059,-0.7141252919142436
Terrence Ross,2020-21,1347.0,-1.0,-0.5432247525793149,-0.5165218406491496,-0.5788361527001228,-0.5233219415489339,-0.4137970742361258,-0.8954696428627335,-0.5594064600264765,-0.5382490498217196
Russell Westbrook,2020-21,2165.0,-2.0999999046325684,-0.17959694089890899,-0.2270437968624888,-0.292303108548034,-0.2999933890091354,-0.2882828419239025,-0.3075700035295299,-0.2146004100684533,-0.2096960529264656
Deni Avdija,2020-21,1257.0,0.699999988079071,0.4813646311149587,0.555850987163407,0.43502005178400704,0.3877396286594539,0.43837250264725647,0.22739513050059323,0.4660400012424367,0.4579583805010825
Will Barton,2020-21,1736.0,-1.899999976158142,-1.0184773643359017,-1.1438803229266887,-1.1948771085336414,-1.0785575752728223,-0.8318670830957757,-1.3945068122051876,-1.053349895030047,-1.0334974170701319
Bojan Bogdanovic,2020-21,2017.0,-1.399999976158142,-0.6477324907698077,-0.5502684933959434,-0.4971001372075619,-0.7139158785339251,-0.5604434046774034,-0.9096946262226308,-0.603933035615345,-0.664278337710837
Goran Dragic,2020-21,1200.0,-1.100000023841858,-1.045015452858985,-0.9516814643945622,-0.9207423382964252,-1.058296710981179,-0.9893211158657355,-0.9831973351794926,-0.9932879880193985,-1.0483357673895335
Aaron Holiday,2020-21,1136.0,-0.6000000238418579,-0.5914641303826673,-0.5586371158628505,-0.4905725531464812,-0.40721605495232055,-0.4979666447159654,0.00958486539848788,-0.5515119189357176,-0.5454021115250807
Elfrid Payton,2020-21,1399.0,-1.0,-0.7215285284093038,-0.4738244674580252,-0.4065650276165912,-0.7097889497913726,-0.39730355590045735,-0.82664589823467,-0.6624816689357217,-0.718593633754821
Josh Richardson,2020-21,1657.0,-1.2000000476837158,-0.40519475167818786,-0.8490475940579061,-0.8844413792106524,-0.36929538648664706,-0.36354009051141517,-0.8160147615458841,-0.5018569418831923,-0.39621991038030263
Sterling Brown,2020-21,1229.0,-0.8999999761581421,-0.2605758743890164,-0.00030956207405014036,-0.06318479739028438,-0.24312284052954375,-0.08353962725468828,-0.30805972929755704,-0.27287838126436725,-0.25621261592414823
Coby White,2020-21,1947.0,-1.0,-0.9808644855061406,-0.820749778304688,-0.8202022559942678,-1.016330473680926,-0.8904212924846181,-0.9279358002424705,-0.9800644528974602,-0.9897309825498369
Carmelo Anthony,2020-21,1602.0,-2.5,-2.497401992520433,-2.4744968194471086,-2.4087066047036263,-2.7058934879138516,-2.845448728697379,-2.3543986681530686,-2.454529048777322,-2.5495248663687877
Saddiq Bey,2020-21,1732.0,-1.600000023841858,-1.2516754866302664,-1.296584066879584,-1.20445399098113,-1.3901538122243922,-1.3091669716842023,-1.2569299116182329,-1.2058465870271586,-1.286295068028798
Kelly Oubre Jr.,2020-21,1687.0,1.2000000476837158,1.1059146395534973,1.134171679947439,1.0336837422142682,0.9365360043224659,1.0709392519135554,0.8106363237146402,1.028454452276973,1.0635699807457395
Collin Sexton,2020-21,1927.0,-2.700000047683716,-1.7753941713449957,-1.6749188873775067,-1.680846134135214,-1.872112217852328,-1.7526929353450895,-1.909905862062046,-1.7766022543305853,-1.7995736829718287
John Wall,2020-21,1288.0,-1.5,-0.9472468135644657,-0.7795371198240733,-0.7023425628502259,-0.8656276996172269,-0.7538955524429869,-1.0103101394896685,-0.9333653731696214,-0.926842035077656
Lou Williams,2020-21,1364.0,-3.0999999046325684,-1.8045919499075822,-1.7438509852317572,-1.7292565340290018,-1.6812351222803699,-1.6163427562561505,-1.732240038619212,-1.7795976161680176,-1.7737527430007791
Eric Bledsoe,2020-21,1945.0,-2.0,-1.1297596906323253,-1.0338164586095724,-1.0302504713706238,-1.1983312269597772,-1.0057477443512144,-1.4474120891791582,-1.1401863302448578,-1.146902574714188
Keldon Johnson,2020-21,1795.0,-1.899999976158142,-1.2405628204213253,-1.1385605573376778,-1.1107613121861832,-1.4048788344054102,-1.3457223985658207,-1.546962390776018,-1.218599165574988,-1.2816418239173464
Tristan Thompson,2020-21,1171.0,-0.4000000059604645,0.8937454641771386,0.7579380188477781,0.8016846333771754,0.7056560955380443,0.7984534139201552,0.4013131367792203,0.9020872783473888,0.8467231220173651
Marvin Bagley III,2020-21,1072.0,-0.800000011920929,-0.6640820210404029,-0.6595700715790125,-0.6322186477563978,-0.848139927540553,-0.6753537046879465,-0.9609348250068885,-0.6962288791626394,-0.7100964976654405
Bryn Forbes,2020-21,1271.0,-3.5999999046325684,-2.257291300140293,-2.2968364273458484,-2.1480042760835008,-2.3887127035995013,-2.19829294162646,-2.4988951568326705,-2.172362114018551,-2.290146651005095
Solomon Hill,2020-21,1438.0,-0.4000000059604645,0.017708139238654046,-0.23482378299287043,-0.24869982200222324,0.05546976255715731,0.09860585301003505,0.13065285589051717,-0.009912393542036685,0.027148545068279864
Gary Trent Jr.,2020-21,1735.0,-2.799999952316284,-1.9838447367134087,-2.144134404684386,-2.117520173247932,-2.0502789251590765,-1.8134092592175464,-1.8739279796410044,-1.9834522796360572,-2.0004532838248257
Jaden McDaniels,2020-21,1413.0,-1.2000000476837158,0.12655290728350174,0.20112948806670028,0.18886625147942415,-0.15596771723263503,0.0035456024272811386,0.1329642335813705,0.13881066241795043,0.05592275115446754
Markieff Morris,2020-21,1162.0,-0.30000001192092896,-0.4218608864835417,-0.2042821585162582,-0.10489599562950601,-0.32052146770792533,-0.3187045722933604,-0.19423014122092042,-0.3362830518757015,-0.3965260317896376
Doug McDermott,2020-21,1462.0,-3.4000000953674316,-2.4466863964311183,-2.3565809517801704,-2.174486497190797,-2.3586468958305886,-2.2787207718478784,-2.007734933201853,-2.3516732511739935,-2.4246765212809858
Svi Mykhailiuk,2020-21,1226.0,-1.399999976158142,-0.6216876330714938,-0.5240362479527814,-0.5534197834381104,-0.6445068475377522,-0.6264994318512953,-0.7727058464979819,-0.6649984944545705,-0.6273924366880583
Cedi Osman,2020-21,1415.0,-1.7000000476837158,-0.7837335290617694,-0.9062358824785351,-0.9480254739765608,-0.7379083263349833,-0.6453438899570578,-0.7787956333959856,-0.8179925204207392,-0.772277228380073
Kyle Kuzma,2020-21,1808.0,-0.30000001192092896,-0.12007354048937044,0.015092357607740248,0.055419693081094235,-0.045025691993234335,-0.03745007586953311,-0.3431599503658383,-0.09542664511380687,-0.10131157836533641
Rui Hachimura,2020-21,1636.0,-0.6000000238418579,-0.5274142555529558,-0.5537327775420753,-0.5360160939603348,-0.5127016855790019,-0.31064022825174986,-1.033544842175802,-0.5324337423146646,-0.5237361130594673
Luke Kennard,2020-21,1153.0,-4.199999809265137,-3.512639940814431,-3.4417051478474683,-3.323009889319146,-3.504214631093367,-3.436823198344721,-3.532068751462082,-3.414897796400686,-3.510533613384165
DeAndre Jordan,2020-21,1241.0,-0.6000000238418579,-0.5778858216361416,-0.2031453352789171,-0.037290666436114006,-0.2550205012746603,-0.25027265714514413,-0.17167543582983802,-0.4372185569814186,-0.4971694915457712
Patrick Williams,2020-21,1830.0,-0.4000000059604645,-0.6289465092342021,-0.8201467652550766,-0.9207248069510408,-0.7016889102660401,-0.6722156071108383,-0.9957489665847026,-0.6813347130922212,-0.6471321094921616
Cole Anthony,2020-21,1107.0,-2.5,-1.7336127784277833,-1.5195400559561196,-1.4841109293884434,-1.8122384382168408,-1.6989627759110446,-2.049972336203704,-1.7134189826199082,-1.7532691933750475
Bismack Biyombo,2020-21,1244.0,1.0,0.42117643632092805,0.6211931229521593,0.6710635776779528,0.6827795025564825,0.6929334557452465,0.32955576578727336,0.48430852278936176,0.48657720287981665
Anthony Edwards,2020-21,2098.0,-2.799999952316284,-1.4116047992812493,-1.4849161640057948,-1.495566020911032,-1.3919849231940353,-1.4352234098149452,-1.3835833024585675,-1.3977772735531875,-1.4066998302594458
Isaiah Roby,2020-21,1319.0,-1.2999999523162842,-0.4002607134503172,-0.4145816102558032,-0.41861799644377057,-0.47830453773377746,-0.6002826793011428,-0.4695761595194645,-0.4374611779502645,-0.4197716695211823
Dwayne Bacon,2020-21,1702.0,-1.7000000476837158,-1.3479935796623836,-1.1846481342920752,-1.1255632147516372,-1.3857503975368357,-1.2756435029089406,-1.5698396332097462,-1.3058680130514055,-1.3574327841309968
Isaac Okoro,2020-21,1954.0,-1.600000023841858,-1.0477452281714246,-1.1005520796702644,-1.0842791857939174,-1.1030948433603651,-1.1094659580678274,-1.246770456344887,-1.0366109623388375,-1.0615826319686597
P.J. Tucker,2020-21,1254.0,-0.8999999761581421,0.7281163683522089,0.4128113118737273,0.3081683587069292,0.5919212756267523,0.6467077684067073,0.2619840218096932,0.6475026772345817,0.6940675951708447
Darius Bazley,2020-21,1592.0,-0.800000011920929,-0.5913720444239696,-0.29195985196862617,-0.2588954995723566,-0.6819410216436361,-0.34816884059023945,-0.9099353523991404,-0.5703988418586354,-0.6140142887288862
Lonnie Walker IV,2020-21,1330.0,-3.5999999046325684,-2.550880263392589,-2.5148728118948376,-2.4716810566850356,-2.530579439491117,-2.4404496238063302,-2.585075375030636,-2.4931519222903074,-2.545805057417221
Theo Maledon,2020-21,1685.0,-2.700000047683716,-1.7939972177626182,-1.7126990995616773,-1.6636488992246519,-1.9844864486668623,-2.0792607197221424,-2.0328593082190762,-1.7850328959690875,-1.8416195254886794
Nikola Jokic,2021-22,2476.0,5.900000095367432,3.5239507030015482,3.676642594022147,3.549803851120413,3.5367381978318986,3.7667467522882703,3.0991485622149315,3.469435833610073,3.527147576709136
Jayson Tatum,2021-22,2705.0,1.7000000476837158,1.2222597036755896,1.5150266977723326,1.435216216525541,1.3301556266634367,1.2782358661530693,1.2949515299801642,1.2061344459281342,1.2492336844225513
Joel Embiid,2021-22,2297.0,3.5999999046325684,3.4185190919441024,3.5572597486374957,3.439906558593579,3.317152108448523,3.428022023818759,3.2983813104966564,3.364609707429161,3.3931773460702077
Giannis Antetokounmpo,2021-22,2204.0,2.0999999046325684,2.26810046482902,2.1393022398414723,2.06605836161702,2.4547163357527264,2.250348508074663,2.2822132419353753,2.1642420382147267,2.3147544325599467
Luka Doncic,2021-22,2272.0,0.30000001192092896,-0.8897975025431232,-0.7159144504817295,-0.6325467071645143,-0.9476943945419197,-0.9589725505915183,-0.8572979265394063,-0.8401669226628253,-0.9042717255428223
Rudy Gobert,2021-22,2091.0,6.900000095367432,4.249798058451376,4.514219453313824,4.549483836824853,4.215147762678881,4.697894968524404,4.195651446470705,4.279730349596821,4.241135484508253
Stephen Curry,2021-22,2211.0,0.5,0.7181347502558252,0.7471845974977679,0.7749063125633757,0.49210065848952445,0.5804488497864504,0.42433708710669826,0.7115015318497051,0.66162622731425
Fred VanVleet,2021-22,2462.0,1.7000000476837158,1.179622318277281,1.1824898202975498,1.113314939032457,1.3395088400956823,1.1967629239691884,1.3699972462160461,1.0947916111275935,1.2195939487318812
Trae Young,2021-22,2618.0,-3.0,-2.1245910163834183,-2.2222933536480483,-2.242204588067473,-2.2139138890872836,-2.2974867160369783,-2.202442187382002,-2.119340932736356,-2.1469217345593847
Jrue Holiday,2021-22,2207.0,1.5,1.2967391688762067,1.3716826254715493,1.2379799222131913,1.3845246576435952,1.4101380591920811,1.282958963058055,1.244464896708781,1.3186855410680538
Devin Booker,2021-22,2345.0,0.4000000059604645,-0.30822861253257355,-0.08484332815187745,0.00043399672558866453,-0.37820561148547227,-0.39297923509411165,-0.06973089251173614,-0.2604411477033391,-0.3257228622707983
Kevin Durant,2021-22,2007.0,0.699999988079071,0.5955227733221511,0.5901672770233403,0.5232866511667985,0.7296146728987365,0.5833240368419622,0.6282307786725517,0.5752464156961088,0.6290457482162974
Darius Garland,2021-22,2407.0,-0.30000001192092896,-0.03934988700212007,0.09302402173220711,0.0850924055203635,-0.22256961878245402,-0.2601778652896494,-0.3272276204599659,-0.05546311714283547,-0.08515481994720356
Mikal Bridges,2021-22,2848.0,0.8999999761581421,0.5207870395049794,0.5085435637109937,0.5580023667340094,0.4620706925589917,0.556550337107377,0.6670441395300587,0.4928710526187096,0.5061079527684824
LeBron James,2021-22,2084.0,0.0,-0.03796380381109937,-0.12348085812249017,-0.1469604565766035,0.1450868758847373,0.07864513411795737,0.14810298663013532,-0.07172374046190712,0.0077988661128597925
Derrick White,2021-22,2180.0,3.200000047683716,2.3835692586483153,2.5604223240250303,2.4195193987575845,2.3579876933641595,2.34282663584524,2.451386675644768,2.3540606258300913,2.3771738673272766
Terry Rozier,2021-22,2427.0,0.30000001192092896,0.1892844498044476,-0.0699013042541689,-0.11592086144617118,0.16761138621429222,0.1518692231428888,0.33251528998422775,0.10682608164785341,0.1838661839069088
Marcus Smart,2021-22,2270.0,2.0,1.8714662635196626,1.8519068247448829,1.709572958949823,1.8945750918574888,1.7347348096948627,1.8985745375704968,1.7761994980927027,1.8772434706041192
Desmond Bane,2021-22,2266.0,0.5,0.18683551530237175,0.23864163190183862,0.2263004600570733,0.31326622615805216,0.1925801713482826,0.5896087999371077,0.20935900410805736,0.21844319301629184
Mike Conley,2021-22,2033.0,1.2000000476837158,1.9643525970780735,1.6346478666080817,1.5797015079335583,2.02685007925667,1.9219124767191742,1.8477723300969802,1.8499162070454864,1.9799769676227226
Dejounte Murray,2021-22,2334.0,-0.10000000149011612,0.6317916421227086,0.19557270857115278,0.1535745250082898,0.5142999453130055,0.3800195963876821,0.6786221132386004,0.5258118710366992,0.6024187179202828
Chris Paul,2021-22,2139.0,-0.5,0.666934828120519,0.5464507159972594,0.5396861889947502,0.5713881907320628,0.4824107653099544,0.6201553147163967,0.6030926856359474,0.6430481687734049
Jakob Poeltl,2021-22,1941.0,2.5,1.4806428361495456,2.3535649576017814,2.277047490174919,1.3943909531753194,1.3626232527024764,1.6429995046849921,1.5387033231527847,1.459079865405989
Domantas Sabonis,2021-22,2136.0,2.299999952316284,1.371544534777963,1.339373844292036,1.2518519733676847,1.5642847070988615,1.5771369321341464,1.2656412886843729,1.3309675908840501,1.4197295778581878
Jimmy Butler,2021-22,1931.0,0.800000011920929,1.0098118794740563,0.7332498321970835,0.6331937943213687,1.1439047253965209,0.9741706127297127,1.0477959679303475,0.8882075165428871,1.0433350909546724
Jarrett Allen,2021-22,1809.0,4.199999809265137,3.0524309127730107,3.2449975207917303,3.200748936179232,2.9510235975602623,3.192892345471957,3.1732304956100523,3.041113763122979,3.0270790839698236
Miles Bridges,2021-22,2809.0,-0.10000000149011612,0.12114775262878728,0.13605082078611447,0.1387870336012345,0.17607748849080906,0.1300262651641204,0.41040064356956335,0.10395075323191715,0.13488018659429274
Al Horford,2021-22,1981.0,3.799999952316284,2.888849473127342,2.97715175015332,2.882867552370178,2.971739844987476,3.1343860654410696,2.877191965814791,2.889990604193393,2.909572066092376
Jaylen Brown,2021-22,2197.0,1.2000000476837158,0.9568700685503793,0.988817438940331,0.9409124335273943,0.881874337438086,0.8157266448341588,0.79777715228823,0.9562594988239239,0.938121135772306
Tyrese Haliburton,2021-22,2655.0,-0.8999999761581421,-0.42487049619686995,-1.2395278830077339,-1.257027960110275,-0.5575515649870417,-0.5620695092829338,-0.6968381033244608,-0.5195336430491171,-0.4580407633944129
Kyle Lowry,2021-22,2133.0,0.800000011920929,0.8707667229783034,0.8928207501943628,0.820655342525995,0.7343152879717697,0.7582899000057548,0.4120336772214862,0.8228308750415549,0.8366538642266699
Karl-Anthony Towns,2021-22,2476.0,-1.2999999523162842,0.3964133180380357,0.3499647304657634,0.370130064304248,0.4161675604563664,0.33478169143222974,0.5257348771504845,0.3961656367239822,0.40135187864261834
DeMar DeRozan,2021-22,2743.0,-2.299999952316284,-1.4865499755818652,-1.577876068528105,-1.6042237691689452,-1.4104383042036799,-1.4930992028912256,-1.383737637456779,-1.4806605465677714,-1.467522057737319
Bam Adebayo,2021-22,1825.0,3.9000000953674316,2.9285587633969232,2.7116986873839544,2.6297983202373585,2.985018318869158,2.8298191675578575,2.7977911281633476,2.8086449068207067,2.9426736522649817
Anthony Edwards,2021-22,2448.0,0.20000000298023224,-0.4150328706861467,-0.6067236295887972,-0.4937146653442975,-0.2922224855030448,-0.3204061256976187,-0.20972654668634602,-0.43191195700961366,-0.3843302743903712
LaMelo Ball,2021-22,2393.0,-0.699999988079071,0.087176885655538,-0.3044777040754864,-0.39333125063065877,0.16241790801323927,0.21591787234713683,0.298663237521123,-0.006039826411499485,0.1059871412449633
Alec Burks,2021-22,2278.0,1.2999999523162842,0.8494339786767651,0.8951109042638168,0.811394015214898,0.8210456251096233,0.8480380337967579,0.872305532543618,0.7968532708410774,0.8423368902849797
James Harden,2021-22,2419.0,-1.600000023841858,-0.6829514209779642,-0.7503388725211981,-0.6971328790758448,-0.7694421223702103,-0.798623707857018,-0.8436312863479808,-0.68378780376809,-0.7045740963260257
Immanuel Quickley,2021-22,1761.0,1.600000023841858,0.9366011911957604,1.2725570883841624,1.3113253464642547,0.8382588777079208,0.9526379710156399,0.699879287962974,0.9537290509078706,0.9120156128238005
Jalen Brunson,2021-22,2499.0,-0.5,-0.8738282258295311,-0.7903499361411666,-0.8141162663954256,-0.9055759876612941,-0.860401727895175,-0.7585524884700396,-0.8596490542285747,-0.8817651662874719
CJ McCollum,2021-22,2140.0,-0.800000011920929,-0.6195821180324851,-0.7599589944525849,-0.7943266887287472,-0.7904744514255804,-0.815722266748816,-0.9652725555540727,-0.6320731770348923,-0.6623052013807589
Ja Morant,2021-22,1889.0,-1.600000023841858,-0.871628699601388,-0.970847139195716,-0.9091417726244875,-0.7610861184659244,-0.726922308364482,-0.5721386638925312,-0.8371652053492304,-0.8439930543175221
Mitchell Robinson,2021-22,1848.0,2.5999999046325684,1.38506923475294,1.298065792572387,1.2617646465630812,1.379466668575558,1.4142871841791056,1.5530195017118134,1.3574438993455684,1.3836685932085946
Donovan Mitchell,2021-22,2266.0,-2.700000047683716,-1.4737454847883387,-1.9747633444214974,-1.9363433367485823,-1.620150663685879,-1.6031275365262272,-1.5309816592609335,-1.49854129875427,-1.510346779512724
Royce O'Neale,2021-22,2379.0,1.2000000476837158,1.0479213725590055,0.7898687106226427,0.741889406215734,1.0316352436771266,0.9806620005935724,1.0478341246231224,0.9521471082417329,1.043849840338536
Clint Capela,2021-22,2018.0,1.7999999523162842,1.24963985262749,1.0367429199421963,0.9810504096306985,1.3498211369951594,1.3503132247760457,1.2853273113764458,1.205702561189107,1.2746851737194074
Robert Williams III,2021-22,1804.0,2.700000047683716,3.1327735095302596,2.8539218919724045,2.843542930352213,3.244146745011329,3.241090938458533,3.2629740875319193,3.1111684522174055,3.160616818400527
Josh Hart,2021-22,2335.0,2.700000047683716,-0.7646366054441386,-0.389580939108664,-0.4206452774654005,-0.6566882331009403,-0.6702002733662316,-0.6909251686662226,-0.739191677348192,-0.737649512358339
Pascal Siakam,2021-22,2578.0,-0.5,0.31341007467080384,0.597340941876662,0.5501185996202704,0.4829778959107738,0.43981122122031435,0.6300829201976326,0.3207144172085666,0.35580202998079635
Gary Payton II,2021-22,1230.0,4.300000190734863,2.94124520766059,2.3264774418228864,2.30117057804562,2.9446717752226244,3.1052183911214875,3.080556104863082,2.8126004715053576,2.942101849551099
Steven Adams,2021-22,1999.0,0.5,1.1127901694045965,0.9724788557413523,0.9848476099898467,1.2381235084178308,1.2234238718614157,1.4759969005533566,1.0863499005651749,1.1441235041579052
Patrick Beverley,2021-22,1461.0,1.899999976158142,1.3576271848261894,1.369985955540649,1.2207067442399668,1.3131902261308424,1.288959156707317,1.467726381455922,1.2712518664953096,1.3465179451523528
Jordan Clarkson,2021-22,2112.0,-0.5,9.235732577869693e-06,-0.00860016802771632,0.01185115866053637,-0.132049223531162,-0.06063127530348822,-0.2828250509101563,0.0007832406842557173,-0.0330053790833571
Cameron Johnson,2021-22,1707.0,2.0,1.4525164295344317,1.2697386677941562,1.169665051750544,1.3444434897337647,1.3201185030951244,1.206397847658939,1.4111871826280105,1.4254981945842649
Garrison Mathews,2021-22,1680.0,2.0,-0.20774586783869747,-0.06319029599320955,-0.13838527814669296,-0.3450264443508874,-0.3029929850395112,-0.1960567521914879,-0.2951685275304667,-0.242066011966745
Jonas Valanciunas,2021-22,2240.0,0.800000011920929,1.2828143703525383,1.3755215521713622,1.3482070385208649,1.4515221109796568,1.3748634614993755,1.3610567702561975,1.301371794757426,1.324991305509318
Moritz Wagner,2021-22,2429.0,0.699999988079071,-1.5150481332297558,-0.6835645061803579,-0.6167678973595634,-1.6255624742497006,-1.7404095315560761,-1.4876035239533874,-1.3570581829702733,-1.5426767184847419
Andrew Wiggins,2021-22,2329.0,1.7000000476837158,1.599380083414987,1.495138703829542,1.4652124133312492,1.628730418605978,1.442239707029393,1.5771142855908042,1.57356413837871,1.6067176672127346
Jarred Vanderbilt,2021-22,1866.0,2.0,2.0577689273610025,1.732354488647284,1.6298463794703513,1.9658964157128134,1.968084607240165,2.4158566803973365,1.9037308671392081,2.034800799448955
Dorian Finney-Smith,2021-22,2616.0,0.4000000059604645,0.513373391014768,0.4140463945251869,0.4118062238823125,0.4096997116253145,0.330771324149012,0.46762161195352825,0.478818483448257,0.4874549711674046
De'Anthony Melton,2021-22,1633.0,2.200000047683716,1.6649514929562568,1.3357065241942012,1.2364594713295964,1.7815084264294174,1.7528297984327037,1.8553191014994985,1.5714935919931992,1.694090726324547
Jusuf Nurkic,2021-22,1579.0,3.4000000953674316,2.571782500348942,2.2353140575028343,2.213163442954386,2.5808808806477215,2.646323432479715,2.303686566508754,2.4643738972545397,2.574057095423637
D'Angelo Russell,2021-22,2077.0,-1.100000023841858,-1.1688809078608782,-1.1419479620883872,-1.0281191931261322,-0.9936267164309963,-0.9877027520464645,-0.8607760771450159,-1.1040671729578018,-1.1250673600034078
Jaren Jackson Jr.,2021-22,2126.0,1.899999976158142,2.4282329197684405,2.1279804286256523,2.0449518964507787,2.4742776847163475,2.5770781687713593,2.7385403970034177,2.376581493309467,2.4397441110054174
Khris Middleton,2021-22,2141.0,-0.699999988079071,-0.06593922809093405,-0.12472901368580801,-0.158545524195323,0.054536178368009586,0.03341427470234165,-0.1846542246287311,-0.09170930423860299,-0.035820376476198144
Gary Trent Jr.,2021-22,2417.0,-0.6000000238418579,0.04457454921045435,-0.8367372356671259,-0.8604866612582891,0.0037816219499776094,-0.010142329046049003,0.18007792915809726,-0.07613775894354884,0.03437631739533517
Robert Covington,2021-22,1927.0,2.700000047683716,2.502450843539826,2.154173458495926,2.0630272370573635,2.334114879465612,2.448473558155109,2.2808849437350047,2.351181011423069,2.4603668525212727
Shai Gilgeous-Alexander,2021-22,1942.0,-0.8999999761581421,-0.782749972271266,-0.7154104683167593,-0.7589211980852919,-0.8099158735333838,-0.8792760323207345,-0.8807915481255482,-0.7802139436741072,-0.7895414475867955
Bobby Portis,2021-22,2028.0,1.0,1.431267568265801,1.310890261142588,1.3153116751551193,1.6432182521529088,1.618046273694087,1.6605202140932311,1.405071490658536,1.4842552392375779
Alex Caruso,2021-22,1147.0,4.699999809265137,2.981557583386891,2.770498710396629,2.6014851953927787,3.2350935414516035,3.275279343751375,3.2891685483449695,2.835559688499912,3.0449415729030687
Tyler Herro,2021-22,2151.0,-0.800000011920929,-1.1069198626013472,-0.9618512225483797,-0.9003076774251539,-0.9919607506504142,-0.8965285077367597,-1.219887718847818,-1.04112589384928,-1.078180084613614
Keldon Johnson,2021-22,2358.0,-0.30000001192092896,-0.32301803994602,-0.46910075703608745,-0.5355094833801197,-0.3746236543299297,-0.30651140989629677,-0.15956458643525737,-0.3387661233388501,-0.33591944354199743
Harrison Barnes,2021-22,2596.0,0.6000000238418579,-1.8457494935053491,-1.7804763506375547,-1.7386346755810829,-1.9117695756583908,-1.887108374222972,-1.7026883543513789,-1.8503180202961549,-1.8622545140436095
Montrezl Harrell,2021-22,1618.0,0.6000000238418579,1.5063479850696042,1.489637933096024,1.516911658919827,1.3759097178978492,1.4744779510002828,1.2134182661356339,1.5445954736929484,1.4737384182766653
Bogdan Bogdanovic,2021-22,1821.0,-0.6000000238418579,-0.05293619755010096,-0.3017694900045143,-0.30124188185963097,0.004810477961090492,-0.1241569724884676,-0.13044800142878943,-0.0819509636667186,-0.0384995286723031
Paul George,2021-22,1077.0,3.9000000953674316,2.628600012796316,2.352992601296804,2.312953701693944,2.569086830241601,2.501222561753727,2.4784537847530412,2.5431295185017646,2.6137217171576372
Jordan Poole,2021-22,2255.0,-1.0,-0.9794632547138928,-0.9108271748182729,-0.875939285073914,-0.8784734032282036,-0.7925593073581749,-0.963190759698061,-0.9457199659780162,-0.9542157918424705
Jae Crowder,2021-22,1886.0,1.899999976158142,1.4871411314520129,1.496472347142217,1.4131919057207005,1.6139483936586416,1.6230850758006856,1.6653884576402345,1.4352747654187672,1.51884294700367
Spencer Dinwiddie,2021-22,1962.0,-0.20000000298023224,-0.6906914627407299,-0.4801222094983053,-0.4842115360878822,-0.6717137933419226,-0.7024104749433673,-0.814569667953741,-0.6547505549997426,-0.6859470453910281
Otto Porter Jr.,2021-22,1396.0,2.299999952316284,2.12017259609188,1.680241233587069,1.5912972545535156,2.1153292297519677,2.0283643748015,2.064780934339026,2.0077201289945497,2.118961754506902
Matisse Thybulle,2021-22,1650.0,4.199999809265137,3.3253498213208497,2.8927552526129974,2.817124431915064,3.3015680264989538,3.7037398867526687,3.4252169811545228,3.1367128178982875,3.319404372615376
P.J. Tucker,2021-22,1981.0,2.200000047683716,1.5567402071310552,1.6038767947545258,1.4396699170484681,1.5345010708646456,1.5596512429344138,1.2603505350195707,1.5229988173230793,1.5511804230644528
Deni Avdija,2021-22,1953.0,2.0999999046325684,1.1990185634081951,1.3141543318656999,1.2937163623318533,1.0873753512392943,1.1012898363062207,0.9510846643538768,1.1980224218792315,1.1711077603659699
Kevin Love,2021-22,1650.0,0.20000000298023224,0.7390544101251562,0.8619220215882644,0.9912182130992342,0.6763459112390766,0.6008563322385565,0.6559689449505124,0.8281260774125595,0.7233772854036362
Wendell Carter Jr.,2021-22,1852.0,1.600000023841858,2.206690270704137,1.9942598021451332,2.0198233887672394,2.0455398054868663,1.8851315215291309,1.8785022897127166,2.1785788551493597,2.1664026543998194
Buddy Hield,2021-22,2463.0,-1.0,-1.1852946957308852,-1.2433080766435471,-1.23618666561986,-1.3373156569737694,-1.246915501612655,-1.0565058042190603,-1.1539827946496837,-1.2232999360416064
Draymond Green,2021-22,1304.0,4.300000190734863,3.572390927397252,3.7098148018665382,3.69622942089939,3.582072061124088,3.6518263110445193,3.4678506985382067,3.52512131827815,3.574811210828961
Anthony Davis,2021-22,1404.0,2.700000047683716,2.477104306648307,2.383199788762509,2.3027766912817538,2.398410869712914,2.4135478196312254,2.488937436186392,2.402814334676711,2.4574309474144584
Terance Mann,2021-22,2292.0,0.4000000059604645,1.0223892325751445,0.9191038587911671,0.9205922972128417,1.020269760761693,1.0212563079380672,1.1465996251685635,0.984738042328211,1.0218593646217817
Cody Martin,2021-22,1842.0,0.8999999761581421,0.9085191930690478,0.9281835192216559,0.8916540779696756,0.9722785397892524,0.8853254303792177,1.050246769601873,0.8141595470685885,0.9244590297490989
Lonzo Ball,2021-22,1212.0,2.700000047683716,2.5522082723723756,2.4337132162787714,2.3228998661398044,2.550227514346133,2.5984144211876687,2.3716081543712475,2.4447070703060194,2.551713082865815
Brandon Clarke,2021-22,1246.0,1.100000023841858,1.8735210584444992,1.4889371002004297,1.5498389134346686,1.8533917294849362,1.6855371553654086,2.175885220075213,1.8506499341614422,1.8684887262046086
John Collins,2021-22,1663.0,0.699999988079071,1.0469078775127796,0.8436619141223299,0.8062095248007588,1.0570125100179166,1.1026532550040118,0.8134252450387652,1.0115015152202678,1.049434035639064
Andre Drummond,2021-22,1417.0,2.5,2.100465753400003,2.1592883204272004,2.1044644618989112,2.0706420994364803,2.208112915675257,2.3620552422539425,2.0673314517970733,2.093009839909122
Aaron Gordon,2021-22,2376.0,-0.4000000059604645,0.11231775919036985,0.02839543572652175,-0.07344865474525297,0.03805633841157097,-0.02353847474301668,-0.26261790361267656,0.08171190105741528,0.09375240399567013
Javonte Green,2021-22,1479.0,1.399999976158142,1.3968964868953149,0.9979643525502297,0.8830592571585134,1.3559014965416085,1.3401374286666223,1.524619101602636,1.2516714886355842,1.3866477393068881
Luke Kennard,2021-22,1891.0,-0.6000000238418579,-0.5766937760236632,-0.7432878310223887,-0.5935129084914839,-0.4851540378824487,-0.4943029968340401,-0.3678051252838552,-0.5330319600804007,-0.5538088414883596
Zach LaVine,2021-22,2328.0,-2.5999999046325684,-1.9972408551245202,-1.6325329794823196,-1.5565076291429945,-1.9165434086192974,-1.8180395463723142,-2.1125707036396517,-1.9243995110008458,-1.9770664934982145
Caleb Martin,2021-22,1372.0,2.200000047683716,1.90333906661551,1.8053312743023031,1.7550554013387303,1.8125207876108484,1.8449265064632407,1.5871420545751134,1.8481911940037659,1.8806344968643445
Tyrese Maxey,2021-22,2627.0,-1.5,-1.2590466780949758,-1.173660303366962,-1.1323354318207177,-1.1616853779381724,-1.174699393672488,-1.0829246238817465,-1.192015278796205,-1.234706353055775
Malik Monk,2021-22,2103.0,-1.100000023841858,-1.1950407707002295,-1.5663091433038,-1.578958297649874,-1.2765443739321827,-1.2745359357177786,-1.1669919013762255,-1.197685148299303,-1.2154166715082177
Kristaps Porzingis,2021-22,1481.0,0.4000000059604645,2.0527512458514616,1.6865771952036805,1.6776086275140756,1.9269741264971345,1.9510505633607216,1.7748512921899806,1.990539458346569,2.02130696601288
Max Strus,2021-22,1587.0,-0.699999988079071,-0.3252874202827216,-0.2650084791748423,-0.1461962722626951,-0.3628418693319875,-0.3344015206237324,-0.6201668815243134,-0.2712542018994718,-0.3346760325450381
Hassan Whiteside,2021-22,1148.0,2.299999952316284,1.5127680158296304,2.1839221606327865,2.2141236471379333,1.6048240255280823,1.5333901642953007,1.7792594046286785,1.5810338142865406,1.5357820182542434
Bradley Beal,2021-22,1439.0,0.699999988079071,-0.6236081803771054,-0.3816411646307363,-0.32741722417322106,-0.7287651559879788,-0.6271557611393848,-0.797249817446507,-0.5993718535375108,-0.6498974242798238
Seth Curry,2021-22,2135.0,-0.800000011920929,-0.5631176715837958,-0.6359320989356051,-0.6279972103008966,-0.4706410721594797,-0.5021749628155158,-0.5783015706681348,-0.5495490406362691,-0.5399985217277168
Isaiah Hartenstein,2021-22,1191.0,1.600000023841858,2.452089267066278,3.4562205829348294,3.4896048214913926,2.4724525382339277,2.3961865708280388,2.744358500053732,2.5605712707673556,2.4571800848581904
Kevon Looney,2021-22,1717.0,1.399999976158142,2.065741737983215,2.2327436058881576,2.218412824831513,2.0833254201713016,2.1801249845766972,2.26921928525698,2.081277244935942,2.0701376585302365
Delon Wright,2021-22,1430.0,2.5,2.1137842483416134,1.538110766722363,1.4251302282705796,2.0310797519186883,2.143104367417348,1.989432547874699,1.942641910642218,2.093108124235882
Chris Boucher,2021-22,1658.0,1.2999999523162842,2.016236765507322,1.8916840141761395,1.9198804321439935,2.1943359725097666,2.161359579622114,2.3568884846077296,2.0039994121342706,2.0607615672579334
Bruce Brown,2021-22,1736.0,0.30000001192092896,0.8556303543187329,0.6886088882016106,0.6790933023312883,0.8146519279059425,0.6169019405915925,0.9733658268964543,0.8015375435421294,0.8453857477155353
JaVale McGee,2021-22,1149.0,2.5,2.287212156661383,3.109905333754637,3.203567914475945,2.509922528952555,2.640776005324964,2.5288721469991686,2.401507273003618,2.3428897497341756
Grayson Allen,2021-22,1805.0,-0.10000000149011612,0.29396959505925135,0.24853854924212407,0.2852553197848458,0.4533715664599999,0.453906550703563,0.292842933663912,0.2856724602700405,0.3338200879094385
Lauri Markkanen,2021-22,1857.0,-1.100000023841858,-0.14123324438186236,-0.08414162414597429,-0.06845139704372079,-0.10396675351704432,-0.09361928204109854,0.07022212304067593,-0.11723434992688411,-0.13191662166565785
Monte Morris,2021-22,2239.0,-1.5,-0.9801835210301245,-1.2055425184759312,-1.173996199718056,-0.9912905011444838,-0.9635568502626845,-1.3955963712529837,-1.0047522948447445,-0.9829602660587143
Kevin Porter Jr.,2021-22,1867.0,0.10000000149011612,-0.7592156768751005,-1.4516523141754683,-1.4151462521881668,-0.8260847873735027,-0.9390330510385306,-0.9965892228929396,-0.8407138954379008,-0.775932954499701
Kenrich Williams,2021-22,1072.0,3.799999952316284,2.6769439219668465,2.895171657873764,2.7519265642720874,2.890806676109917,3.117216433003205,2.9061499500663985,2.639139448321513,2.7304096105026145
Reggie Bullock,2021-22,1875.0,0.5,-0.31562180116379085,-0.07013287655039532,-0.03687105207694251,-0.18626679688400344,-0.24975752654052974,-0.46158666550473043,-0.29472087923816515,-0.283283050093844
Pat Connaughton,2021-22,1691.0,-0.10000000149011612,-0.433079752925832,-0.3445084041197724,-0.3941884362548946,-0.39314767607036466,-0.28233010401165226,-0.22025873289922276,-0.471508994795516,-0.42309673371196516
Kevin Huerter,2021-22,2158.0,-0.6000000238418579,-0.8176913644699965,-0.9021846783661087,-0.9417103967822126,-0.7343488999680965,-0.81382861391004,-0.9298313220961667,-0.8120522909529564,-0.7968557483445216
Tre Jones,2021-22,1127.0,1.7999999523162842,0.4482856409349466,0.5307273430632375,0.44480069733811456,0.367804440124303,0.4646597935707106,0.5054697236681631,0.4099432826082988,0.4281653407322857
Tyus Jones,2021-22,1549.0,-0.699999988079071,0.016181270854819796,-0.29616395594123146,-0.21111786350508902,-0.11590862804965701,0.12050115853286747,-0.08752054682222216,0.003450443998363242,-0.016841203871299407
Austin Rivers,2021-22,1376.0,1.5,-1.0763455675070683,-1.260708982456002,-1.21815574744206,-0.9394541192517426,-0.9822135265184022,-0.9983933999104256,-1.0829509718059915,-1.042122705443237
Deandre Ayton,2021-22,1713.0,1.100000023841858,1.6500647965672695,1.6266080007496213,1.6386622431654787,1.4889374141962914,1.4635295321581503,1.7582588822697078,1.7014980838612372,1.609782950974525
Malcolm Brogdon,2021-22,1206.0,-0.6000000238418579,-0.47425470923146523,-0.40835350432130846,-0.4338358699114786,-0.5642711261421384,-0.45759097340573135,-0.4649618432062339,-0.46026566957587867,-0.49675881345913353
Danny Green,2021-22,1334.0,1.399999976158142,1.1288192694622639,0.9875496220023079,0.9492762303719626,1.1559989990160264,1.081453070992237,1.2521942298136195,1.0559324938683652,1.1356142018507045
Nikola Vucevic,2021-22,2418.0,1.399999976158142,1.3151405763208368,1.391166561747819,1.3683578278973332,1.395129239600651,1.126896389540441,1.1534720336303632,1.3248149581028414,1.3351377421407904
Brandon Ingram,2021-22,1869.0,-1.2999999523162842,-0.8934226662427494,-0.828843413308376,-0.8236694964642182,-0.7647593815421616,-0.6952397063968858,-0.8662610837908098,-0.8668679596693148,-0.8612568450676025
John Konchar,2021-22,1252.0,0.8999999761581421,1.0739426719556113,0.8592681694798834,0.8089999562073014,1.0817329484144875,1.1016457975253815,1.325187187441529,1.0441931755902607,1.0758902410703304
Ivica Zubac,2021-22,1829.0,0.800000011920929,1.0333985288531073,1.7451121071478628,1.795221714077505,0.9473608782002382,0.8928325107751658,1.0668634575422091,1.1253342561686508,1.0118891161898902
Tobias Harris,2021-22,2519.0,-1.5,-0.7727220817708376,-0.6971010694401819,-0.7181424187837694,-0.7070767951620334,-0.6956431328241613,-0.5962920517885617,-0.7462307068808046,-0.7563107601186365
Duncan Robinson,2021-22,2022.0,-0.800000011920929,-0.46099217919551577,-0.3815829501450247,-0.3541852663962686,-0.4266700494063789,-0.4580082008218041,-0.5384348967480888,-0.4410633417084693,-0.45241164674823153
Myles Turner,2021-22,1235.0,2.4000000953674316,2.748245859521048,2.501324459154639,2.3379594947068565,2.673696490293721,2.483680006692947,2.507229959594836,2.651761686414103,2.729608517214216
Cameron Payne,2021-22,1278.0,0.800000011920929,-0.00419560023706797,0.15030463748657996,0.14069349940795592,-0.012402245344536711,0.04487169452703932,-0.09093457720209275,0.021296264027998602,-0.006247261513935155
Gabe Vincent,2021-22,1576.0,1.100000023841858,0.7900407502659937,0.694663093889032,0.608689560548534,0.7290368269378469,0.6903718812042208,0.49569308870616313,0.7536042004268845,0.774789769433957
Precious Achiuwa,2021-22,1698.0,2.4000000953674316,2.222215787731026,2.1772352184790775,2.2063777583623883,2.027484067235495,1.8986079003828464,1.8466645345968653,2.2206076163035817,2.1735328576071433
Marquese Chriss,2021-22,1541.0,1.0,0.12386511851234489,0.5487566090282409,0.5808888373321707,0.11344132312658645,0.03036458768451597,-0.2018807421636934,0.18745175310425824,0.12125916966590528
De'Aaron Fox,2021-22,2083.0,-2.5,-1.9084764279114725,-1.841756855116682,-1.8773445258674155,-1.9323414808165051,-1.937112943034471,-1.6766228484246612,-1.8905073511463801,-1.9144426911377306
George Hill,2021-22,1253.0,1.7999999523162842,1.36160366963349,1.5470348969046022,1.5443978379875885,1.6732538701449045,1.6915854660940886,1.563289852614487,1.3883050874414424,1.4395162197613436
Nassir Little,2021-22,1088.0,1.399999976158142,0.9784067424046301,1.0032386842988925,0.9550370965219935,1.0450078880506088,0.9462343660441388,0.9183351414716103,0.9560705770550805,0.9950570288161249
Jae'Sean Tate,2021-22,2026.0,0.699999988079071,0.7015276899342655,0.5741053255375947,0.4979675015123919,0.5000688625260032,0.5799815696744031,0.2780441630071821,0.6258228379823947,0.6511629830821999
Hamidou Diallo,2021-22,1269.0,1.399999976158142,1.2832704442887994,0.7567098339654355,0.7123523781109781,1.1953875297618608,1.168635864070933,1.3733013368192395,1.158347310869098,1.261299715657065
Luguentz Dort,2021-22,1665.0,1.2000000476837158,0.18602743662150864,0.21173190830577276,0.20994941265933456,0.11670019454836544,0.32731369349927086,0.03297159534732835,0.1419067360635635,0.16869562610322283
Evan Fournier,2021-22,2326.0,-1.7999999523162842,-1.52345133583827,-1.6697399539465763,-1.622284341279644,-1.6426361073184688,-1.6332476914246306,-1.6603314960265445,-1.5301437144372683,-1.5532475287083196
Devonte' Graham,2021-22,2162.0,-1.7999999523162842,-0.6098014433403021,-1.0901482568047387,-1.0515833629435627,-0.7138375003005684,-0.7115515625204915,-0.7103752896498498,-0.6309010796044218,-0.6358104575803687
Reggie Jackson,2021-22,2337.0,0.0,-0.45095896932299473,-0.24941936779351712,-0.22008334559380216,-0.44823845619330227,-0.48887610724484787,-0.5239354766445287,-0.4038993562221575,-0.4502788410405716
Anfernee Simons,2021-22,1681.0,-2.299999952316284,-2.5453146918958005,-2.3923783369647325,-2.244967373764505,-2.516828437457485,-2.323590464289996,-2.68318331222244,-2.455175821411795,-2.538193128286222
OG Anunoby,2021-22,1703.0,-0.699999988079071,1.203818581024099,0.8680877786918794,0.7564059854883659,1.2245067561542717,1.1357449203339345,1.1524708122804377,1.1080755059507164,1.2089906248066422
Nicolas Batum,2021-22,1462.0,1.600000023841858,0.9052999594244142,0.5303988676025339,0.4895803789615056,0.9125829365477599,0.8124981260577967,0.9767001639659925,0.8179622841079373,0.9071207037052507
Kentavious Caldwell-Pope,2021-22,2329.0,-0.10000000149011612,-0.4304671887826018,-0.5411429689257289,-0.6608310560814881,-0.2764492538204474,-0.3704476232601975,-0.2544344766200224,-0.5159086134227939,-0.3919627050420632
Tim Hardaway Jr.,2021-22,1245.0,0.5,-0.5312932770402958,-0.543537932886869,-0.4457812105955789,-0.457209561167232,-0.3409821819416123,-0.49895610814811375,-0.5231602808236373,-0.5127723480720299
Devin Vassell,2021-22,1905.0,-0.5,0.27107923728700867,-0.1815023825495841,-0.21795993220903473,0.3312373606182924,0.2355324177941555,0.3578349920179371,0.1924447579912972,0.2861187681198296
Dwight Powell,2021-22,1773.0,-0.800000011920929,0.17368451710481791,0.2088732923826111,0.22852985552209504,0.14701456825734638,0.08298279567725797,0.011956542486008859,0.22603158284908015,0.16701702989295003
Cory Joseph,2021-22,1600.0,0.0,-0.26870677487798117,-0.20989950547882494,-0.19427713961871126,-0.22747769383484356,-0.2512052519079937,-0.26598113420263997,-0.2725531318173242,-0.25839950461719674
Maxi Kleber,2021-22,1450.0,2.799999952316284,2.7504840192239977,3.1211465947220125,3.033339885293505,2.7435937687627603,2.6645146189423197,2.5644990925068116,2.747985917338329,2.7487614566086886
RJ Barrett,2021-22,2417.0,-0.699999988079071,-1.329559196317632,-1.058951320836171,-1.0384275321332863,-1.4780883480039972,-1.3876353535035326,-1.431334030447399,-1.269129757461833,-1.3666914842392233
Eric Bledsoe,2021-22,1361.0,2.0,1.6051328754496161,1.4442482943009511,1.3562148380777646,1.4505840123897449,1.436753424202796,1.4050065387209205,1.5227790382557722,1.5664956596846484
Daniel Gafford,2021-22,1416.0,-0.699999988079071,-0.19878632073143399,-0.29407570403961436,-0.23962854436660203,-0.36826337783543994,-0.33882799739827824,-0.39867521404537143,-0.14071945187786308,-0.24115558500743547
Jaden McDaniels,2021-22,1785.0,1.899999976158142,1.9680694016789404,1.5826528657494954,1.5303204540958553,1.957005244240171,2.104583460606219,1.6975683966864026,1.8892396885180462,1.965303362319248
Isaac Okoro,2021-22,1963.0,0.20000000298023224,0.33350919208068175,0.4512222378153611,0.3917297320113656,0.4402953160269554,0.417909577344982,0.4771447678003491,0.2931077926830322,0.3602057230672501
Kelly Oubre Jr.,2021-22,1983.0,-1.100000023841858,-0.39861832655500107,-0.41895727418798046,-0.4824093347735926,-0.20342409699652345,-0.2895831997901104,0.024913673640947112,-0.43821410087986273,-0.34981976916538166
Nemanja Bjelica,2021-22,1120.0,1.399999976158142,1.06612037743676,1.7937893360489812,1.821477216102243,1.0008244210168875,1.1276457311110635,0.9121593300581163,1.2040499629497796,1.049796388331792
Danilo Gallinari,2021-22,1641.0,-2.0,-1.6379279390757626,-1.7010013070607082,-1.6442395666300273,-1.698795493851223,-1.6506669232810773,-1.7421077995663308,-1.6066500071336656,-1.6531448277696277
Patty Mills,2021-22,2315.0,-1.600000023841858,-0.6732408768578819,-0.8056968268600179,-0.8342765265197896,-0.6516375217857102,-0.7227401221235991,-0.6212668367703329,-0.7177217156867283,-0.6678400380898389
Malik Beasley,2021-22,1960.0,-2.0999999046325684,-1.5005502946613096,-1.7373102935712315,-1.6368075994890714,-1.5161977351401144,-1.5330917620893618,-1.4458867397276476,-1.4840751439614122,-1.5044621547810109
Mason Plumlee,2021-22,1771.0,0.8999999761581421,2.1370904980592775,1.993046018971164,1.9568409101310724,2.1862492356922623,2.2854770065202006,2.1233679189899903,2.107322319686031,2.1493801824675236
Landry Shamet,2021-22,1405.0,0.20000000298023224,0.37623147451605143,0.39248644595733095,0.44674729632927923,0.35954673448296093,0.2357525930648195,0.43062538904282155,0.4136546969977731,0.3720602895077788
Grant Williams,2021-22,1855.0,0.0,0.7259617902279117,0.5571318454553422,0.5754769087421011,0.47334743569633286,0.4749405137941616,0.5289472581539465,0.73986879844659,0.662808201595017
Kyle Anderson,2021-22,1458.0,0.699999988079071,0.8366395107426794,0.5578493163726592,0.547897133269819,0.8047493672227011,0.7291088211213512,1.0789796623945247,0.7710571755828779,0.8286669748626849
Will Barton,2021-22,2277.0,-0.8999999761581421,-0.8654695266048473,-0.9609862727155536,-0.9537598431016319,-0.7893581563931001,-0.8352537267342056,-1.1822529753092472,-0.8864672410534536,-0.8464416840519106
Amir Coffey,2021-22,1525.0,-0.8999999761581421,-0.8066388047784554,-0.9688205709668263,-0.9119135690009081,-0.9033415126241533,-0.8555647234170871,-0.8493604745972676,-0.8068770637118825,-0.8308144817398799
Georges Niang,2021-22,1736.0,-1.399999976158142,-1.0899569697797402,-1.1023908113548233,-1.0008407960047356,-0.9918536329711518,-1.1843646673265436,-0.9140559662854375,-1.0134748005883802,-1.0654311355775932
P.J. Washington,2021-22,1743.0,-1.2999999523162842,0.2573008073630415,-0.04593005809692743,0.05215226008929421,0.22831240538770753,0.21415580529493705,0.40720084939805595,0.23915381514012093,0.250053706869208
Jerami Grant,2021-22,1500.0,-0.800000011920929,-0.066506235261074,-0.346239518541107,-0.38528091433796785,-0.2338751328783829,-0.26997683731533884,-0.41324196777971484,-0.11015622663626404,-0.10834845966540123
Caris LeVert,2021-22,1752.0,-2.200000047683716,-1.027093317147594,-1.2823607193663127,-1.31455563454806,-1.1705246274423795,-1.2708975910138005,-1.2196671806378063,-1.0505990766964148,-1.0629511447212903
Raul Neto,2021-22,1350.0,-0.6000000238418579,-0.893848073169351,-0.8966840463300398,-0.8342222533474921,-0.8870587819867113,-0.9202256668455422,-0.9137271950387711,-0.8769150325507051,-0.8921507503736912
Taurean Prince,2021-22,1177.0,-0.10000000149011612,-0.5556771966923699,-0.5174526311281107,-0.48972422304509866,-0.49518883682820225,-0.4443426403066207,-0.43626172561356236,-0.582119087606638,-0.540555106726328
Facundo Campazzo,2021-22,1175.0,1.600000023841858,1.3900391536731456,1.107021332082356,1.0482882881514,1.435659799427704,1.3832742240424194,1.4655015116811296,1.2634530783463507,1.4014443151117852
Gary Harris,2021-22,1730.0,-0.4000000059604645,-0.1927043449283604,-0.48000486822641897,-0.5665903494594939,-0.20336387703359574,-0.29551210992749943,-0.21381112674246666,-0.2343627465352873,-0.1953692279546692
Josh Richardson,2021-22,1572.0,-1.100000023841858,-0.09449810183075213,-0.3023042600477387,-0.272351496896131,0.11238678698266523,0.014219143252063957,0.17130641064803426,-0.11446128545456419,-0.04277687962739779
Marvin Bagley III,2021-22,1146.0,-0.10000000149011612,-0.5117649803546978,-0.2571820904730954,-0.25342767478508443,-0.5828981075735036,-0.5008988643656243,-0.38181303960495927,-0.4625628678052078,-0.5295482621593992
Jalen Smith,2021-22,1307.0,2.9000000953674316,-0.02704233789749763,0.18051748916107205,0.1224121275143893,-0.015788001572447224,-0.07688889504701067,-0.1547572935697846,-0.012562281709809995,-0.02422875381623503
Cole Anthony,2021-22,2059.0,-1.899999976158142,-0.9642369745371591,-0.919837894271522,-0.8247221859614287,-0.888451681362413,-0.9171415867896296,-0.9600811133230176,-0.9222221504343601,-0.9452906512434726
Norman Powell,2021-22,1458.0,-2.799999952316284,-2.148536416434508,-2.4810476531027197,-2.4817971343906904,-2.2819884247147586,-2.3103378080502424,-2.422896757557499,-2.184857799419335,-2.181899418504571
Obi Toppin,2021-22,1190.0,-0.6000000238418579,0.7728940001973854,0.6647236620073423,0.6682860331543137,0.8957507444319239,0.8701551042492736,0.49597894913681945,0.7880937613776344,0.80360818625602
Carmelo Anthony,2021-22,1793.0,-1.899999976158142,-0.675939787925964,-0.8724889945231241,-0.8320285638127329,-0.7209143792137199,-0.7356587678660074,-0.7919539681718192,-0.6635779196456286,-0.687183435747903
Christian Wood,2021-22,2094.0,-1.2999999523162842,0.41425675526937855,0.28354382260341643,0.1592505023591188,0.3758970802729639,0.2026610046724437,0.1630141455464424,0.37678095801824435,0.4046668365202749
Torrey Craig,2021-22,1570.0,0.4000000059604645,0.09762062281347746,0.14653051365252184,0.13735474391891847,0.2720039926720579,0.06547494616684907,0.25103576135216876,0.07211700752001864,0.14121646527812257
Joe Ingles,2021-22,1122.0,-1.100000023841858,-0.5644462908625061,-0.6617893009673264,-0.5258696971438983,-0.6058229496312808,-0.5518194789801042,-0.707721157416687,-0.5316698078640171,-0.5747904555546998
Cedi Osman,2021-22,1434.0,-1.100000023841858,-0.9153741393674363,-1.0245090382582733,-1.0617087402151153,-0.9644979786188852,-1.1481877142971422,-1.1282858663440993,-0.9225384775001729,-0.9276550991802985
Saben Lee,2021-22,1455.0,-0.800000011920929,-0.17898846220953862,-0.5690751275140298,-0.5949224684911495,-0.199727498833607,0.15830784814671706,-0.1553073560495022,-0.23598108980423133,-0.18417322136555572
Coby White,2021-22,1675.0,-2.5999999046325684,-1.9564395392629277,-1.6360134434110711,-1.5684579571322215,-1.9367468677623028,-1.867273696529766,-1.8940753583926702,-1.879285745056579,-1.9515163713877715
Mo Bamba,2021-22,1796.0,0.30000001192092896,1.0629896268916323,1.1360714077526413,1.1682077617593007,1.0604880516740631,0.9494757084235932,1.0119090447489096,1.0919146392172077,1.06236423308724
Dewayne Dedmon,2021-22,1065.0,0.699999988079071,1.2466894889879356,1.3038894484061945,1.413714411382108,1.2919084210292515,1.253517511004852,0.9533779544840355,1.3017596385136911,1.2579942219982647
Naz Reid,2021-22,1194.0,0.6000000238418579,1.1973683931377952,1.1163016404210362,1.0740869623042268,1.147526472023787,1.0588073928782133,1.1299263758204754,1.2003246455757102,1.1849079128592932
Bojan Bogdanovic,2021-22,2131.0,-2.5,-1.6352948832784289,-1.6494234676531605,-1.5981346345127612,-1.8150986835100775,-1.7448289800896783,-1.9531680544834167,-1.6020987138676386,-1.680245833336341
Gordon Hayward,2021-22,1564.0,-1.2999999523162842,-0.19010693086175662,-0.568308824040812,-0.595366668388181,-0.2840754540382412,-0.16779300064136748,-0.24644799154308877,-0.24276305430481454,-0.21359906165587775
Trey Lyles,2021-22,1518.0,-1.7999999523162842,-1.118297167577222,-1.2556691454123141,-1.1625021105438955,-1.1911783639093694,-1.0563057401820313,-1.1430509674901264,-1.0881055982702388,-1.1365174666602589
Saddiq Bey,2021-22,2691.0,-2.5999999046325684,-1.1407571348165864,-1.5779577656764305,-1.5772835334324364,-1.2618424072035817,-1.2046383035681187,-1.199738625807085,-1.1850821275710421,-1.1710284529133352
Jaxson Hayes,2021-22,1381.0,-1.2999999523162842,0.41254005898030116,0.4375881246477798,0.4177962839430661,0.7098710535131418,0.5822300463010434,0.5801402575248606,0.43521144575890647,0.4868728076135113
De'Andre Hunter,2021-22,1545.0,-0.30000001192092896,-0.3811311012488361,-0.2849252512327228,-0.37062932655127434,-0.3620619923970907,-0.3433703601277832,-0.46347972690489936,-0.394221822750157,-0.37636382403589974
Furkan Korkmaz,2021-22,1381.0,-1.0,-0.6927461632151846,-0.6965743494645069,-0.651720556458746,-0.6086860989767632,-0.4816815224890389,-0.6092669915363316,-0.6664524660976319,-0.6717311471555792
Talen Horton-Tucker,2021-22,1498.0,0.20000000298023224,0.1746693341534003,0.09257677188930571,-0.018917372425104297,0.09460357690896509,0.052840331375571384,-0.14516678120027865,0.14130175189012673,0.1546528948422915
Kyle Kuzma,2021-22,2204.0,-0.699999988079071,-0.5774699769975156,-0.4409154192152037,-0.400303340931339,-0.5504820772182498,-0.581369804993019,-0.42838055211863135,-0.5528782542262993,-0.5707230020526991
Chuma Okeke,2021-22,1720.0,1.2000000476837158,1.5735355606850958,1.1948896557772142,1.147696131613246,1.5150371681537214,1.5140028926648474,1.4412563219153474,1.458634360330597,1.5589109625522521
Isaiah Stewart,2021-22,1802.0,0.800000011920929,1.0956892098999744,1.1301121266155278,1.12241788768458,1.151334093274246,1.103192425293792,0.9290648227032468,1.131830131009909,1.1096004307435423
Eric Gordon,2021-22,1669.0,-2.5999999046325684,-1.5731486943399478,-2.1904399204832865,-2.1395880415419173,-1.505643420942685,-1.511326503103353,-1.7644771675032904,-1.5776934636755615,-1.556272375990632
James Johnson,2021-22,1191.0,-0.699999988079071,0.3851216524315675,0.23680164331549985,0.2848727817491598,0.24146676069951506,0.16427023580698405,0.3209501414413906,0.3849528777079163,0.3492079294985544
Shake Milton,2021-22,1146.0,-1.2999999523162842,-0.8877899936052978,-1.116129332719191,-1.1527267395770693,-0.9457838346734381,-0.8971448231639594,-1.011770572475609,-0.8611562209054583,-0.9022884538723328
Dennis Schroder,2021-22,1837.0,-0.800000011920929,-0.5855091760676884,-0.4272281325546975,-0.3597272628396745,-0.4942104765676275,-0.4990291435924735,-0.471548768658174,-0.5384775251914009,-0.5626845011926731
Kenyon Martin Jr.,2021-22,1638.0,-2.700000047683716,-1.8308451628362448,-2.0081489672920085,-1.9968402844800708,-2.013851455218917,-2.195897705256078,-1.9659354123952488,-1.8335315908139065,-1.876596735931913
Aleksej Pokusevski,2021-22,1233.0,-0.10000000149011612,1.0386932567222789,1.0843218380957955,0.9370800058218237,1.032434870864598,1.1758768881618265,0.9548539420108495,1.030694019413068,1.0371286602578587
Nickeil Alexander-Walker,2021-22,1460.0,-1.100000023841858,-1.412173615277195,-1.137609875827019,-1.078169398276139,-1.3052837424757926,-1.211533133607368,-1.2891879384610636,-1.3679328113340299,-1.3854511470768442
Richaun Holmes,2021-22,1074.0,-1.2999999523162842,-0.12496421319342021,-0.2512539165299714,-0.15955433520247414,-0.202822783097642,-0.13649082691369596,-0.03168822833374035,-0.10132172430619218,-0.14442885566947566
Justin Holiday,2021-22,2026.0,-1.7999999523162842,-0.055378058626810084,-0.36398060486813605,-0.4637485157643234,-0.13521086968976276,-0.21748845433705058,-0.2269323829387223,-0.14044921362684265,-0.07533626139254826
Garrett Temple,2021-22,1074.0,-0.30000001192092896,-0.8876235296347721,-0.8706730300077531,-0.9079711664261315,-0.8340610875564592,-0.8134632446480379,-0.6945736537154331,-0.8850204939674456,-0.8742329191151939
Lonnie Walker IV,2021-22,1612.0,-1.7999999523162842,-1.6158348441034218,-1.6474494384394316,-1.6430025774821304,-1.6903399182454935,-1.6472424890984174,-1.5200042193215533,-1.5540181235749624,-1.63446111263894
Bryn Forbes,2021-22,1250.0,-3.200000047683716,-2.4387100621125866,-2.230929891779677,-2.0138321527187326,-2.2422768089597573,-2.166790110231776,-2.2274036990892445,-2.3299359922652116,-2.3896017488243793
Avery Bradley,2021-22,1406.0,-0.8999999761581421,-0.6310525216690397,-1.0833874458768387,-1.1629298145863896,-0.5858642594785218,-0.6367927587292919,-0.622475380007166,-0.6911234880143589,-0.6197554561214103
Frank Jackson,2021-22,1142.0,-2.299999952316284,-1.3938231997551498,-1.3131492471552804,-1.2704271156182179,-1.385135558211173,-1.4646668215370244,-1.5204200493047617,-1.367316607314114,-1.3916512893691557
Chimezie Metu,2021-22,1249.0,-0.30000001192092896,0.5823266931968807,0.5977794007000132,0.5530900191468084,0.5610960724314352,0.5156616425850783,0.42388277694485915,0.5249682129060717,0.5770190380055193
Russell Westbrook,2021-22,2678.0,-2.0999999046325684,-1.6544585301165688,-1.4840317161528254,-1.5413525878923915,-1.6346340638296786,-1.6037361819111577,-1.5920287143992826,-1.6350825871539232,-1.6495024135448462
Drew Eubanks,2021-22,1245.0,-1.600000023841858,-1.145825924534096,-1.2202298997740957,-1.1909740974816945,-1.2028385621705835,-1.0263144701358915,-0.9460319880447312,-1.0939796923175338,-1.160079083943218
Marcus Morris Sr.,2021-22,1564.0,-3.9000000953674316,-2.510536740498462,-2.328393203419446,-2.2312496087233495,-2.6031330848232166,-2.6167300878510584,-2.4893147663304322,-2.4474639123889257,-2.5336858265796507
Oshae Brissett,2021-22,1528.0,-2.799999952316284,-1.4465339956962837,-1.6362636082674893,-1.6547501867551384,-1.7160376240883974,-1.5434351309511711,-1.6931592140790104,-1.4941134816810928,-1.5139099027943121
Killian Hayes,2021-22,1637.0,-0.5,0.31513127800767593,0.1990934656558644,0.0711136582609957,0.14088690519374675,0.12601465944977933,0.2812794627740236,0.2256470346742187,0.27157018480419365
Doug McDermott,2021-22,1223.0,-4.5,-2.950888491168751,-2.72845099616189,-2.5759477660308003,-2.938427254181546,-2.8440401209822515,-3.043801752439399,-2.8822175834664696,-2.9477731819219497
Jordan Nwora,2021-22,1141.0,-2.0999999046325684,-2.3390959414423316,-2.137850528888524,-2.0631181822871207,-2.34174845312841,-2.33273246949096,-2.4690244948196693,-2.2706127928212423,-2.339759069363851
Ben McLemore,2021-22,1260.0,-3.0999999046325684,-2.588801728319008,-2.850830121870523,-2.8530879348903575,-2.4130289389206308,-2.4615130351513246,-2.596654587666966,-2.563180346937821,-2.544858530969414
Terrence Ross,2021-22,1448.0,-3.5,-3.0200616577736485,-2.928496550831917,-2.8353431895089773,-3.009282868868187,-3.0612679204511735,-2.7489030741290987,-2.9229012811575994,-3.017366960547283
R.J. Hampton,2021-22,1369.0,-1.7999999523162842,-2.0462175288436373,-1.910520708284137,-1.874459821595371,-2.0746371979832876,-2.2094773020229175,-2.0465226507472765,-2.003350943981652,-2.0533224461285497
Nikola Jokic,2022-23,2323.0,4.099999904632568,2.1475596269124617,2.012265508615575,1.9975992537498888,2.230797789575038,2.0645074332319577,2.212142891516339,2.107196009529316,2.168369167578106
Luka Doncic,2022-23,2391.0,-0.4000000059604645,-0.9878675953260759,-0.911099109479133,-0.8775962713971202,-1.1125679799437376,-0.7688610430006027,-0.9999699473560357,-0.9851801675347365,-1.0190426914804913
Joel Embiid,2022-23,2284.0,3.700000047683716,2.6938499889139944,2.773872064872518,2.7010904195293777,2.7402208220592943,2.862500745269577,2.347801181992001,2.665687284612472,2.7054426972003194
Damian Lillard,2022-23,2107.0,-1.5,-2.361279105236238,-2.3784844020284597,-2.380682511897829,-2.438808756844529,-2.743118825945708,-2.193783481580935,-2.3142419517481807,-2.380661518138311
Jimmy Butler,2022-23,2138.0,0.5,0.06531653053016936,-0.3940793727352823,-0.4411325579858464,0.1210699675641469,0.11436097714689075,-0.21878330606391563,-0.023655378489959453,0.07925488978866374
Kyrie Irving,2022-23,2241.0,0.4000000059604645,0.0067327557896203205,0.23196807898895455,0.260990949301618,-0.0045671258952052485,0.1774707842063562,0.19296477002781723,0.031503026542463335,0.003907785368413928
Fred VanVleet,2022-23,2535.0,1.2000000476837158,0.7045807747225804,0.7211728252518264,0.6438708624397357,0.6245031179328745,0.6486452197766273,0.7575548556861402,0.6418428831096985,0.6845613605251539
Shai Gilgeous-Alexander,2022-23,2416.0,0.20000000298023224,0.6261494900869475,0.766802542779243,0.6199678707426336,0.6145101956342205,0.5338376828545834,0.5235601829475788,0.5647578444021275,0.6232396664737658
Anthony Davis,2022-23,1904.0,4.599999904632568,3.8002295346407684,3.6567269665859743,3.5988064436871134,3.730027840357576,3.6614867975588754,3.4748403169071804,3.7058897413980243,3.78267911106997
Donovan Mitchell,2022-23,2432.0,-1.0,-0.7615653062531273,-0.9693101334032798,-0.9262859734718936,-0.6455867776198286,-0.722728069049133,-0.6143582388559026,-0.7725189067532213,-0.7325706740948027
Giannis Antetokounmpo,2022-23,2024.0,2.299999952316284,1.9791718377875591,1.9261578467151637,1.8070641945706043,2.1051674707740173,1.9872796340244971,2.20267060328906,1.954872290545143,2.0106707460341737
Stephen Curry,2022-23,1941.0,-1.0,-0.49358688722151,-0.33671917932938245,-0.32609900416298976,-0.5529798151801415,-0.6079861541734815,-0.6454080121578603,-0.4860025929690965,-0.5084351192111678
Jrue Holiday,2022-23,2183.0,2.0,1.7076562271341489,1.7138221851262443,1.6857451289283316,1.566126876243846,1.4198396398061601,1.5196165118390654,1.6691380369936157,1.6722738894115732
James Harden,2022-23,2135.0,0.30000001192092896,-1.2574131388357774,-0.9986353943543448,-0.9917670777525562,-1.2342915566138273,-1.195320751514884,-1.3011769664265989,-1.2229689929084577,-1.25163274328029
Derrick White,2022-23,2319.0,3.0999999046325684,2.277962777640557,2.8588982319367195,2.8337945654019268,2.640972648869507,2.5202926379071484,2.471658490662062,2.2695006771800714,2.3687152454477944
Trae Young,2022-23,2541.0,-1.100000023841858,-1.7850685177984524,-1.9835938471602412,-1.9083342061621107,-1.7751022342238767,-2.1194467115056246,-2.0784184944972655,-1.7713936260259264,-1.7825769469048085
Darius Garland,2022-23,2447.0,0.699999988079071,-0.10840806758126477,0.12209019628006942,0.14121856347445103,-0.17615416334411063,-0.16753605047985254,-0.09050721171600062,-0.07985890303383274,-0.12534459152197625
Jayson Tatum,2022-23,2732.0,-0.699999988079071,-0.5323570809125457,-0.41872295411557603,-0.44812597430445544,-0.5219629160492222,-0.4733569764458606,-0.61048911716234,-0.5261742070387038,-0.5297585396967148
Brook Lopez,2022-23,2373.0,5.0,3.417061678973953,3.8667766584796492,3.998561799214423,3.48731295663421,3.3028233608716286,3.505033115133463,3.5645266591828184,3.434624498389017
Domantas Sabonis,2022-23,2736.0,0.20000000298023224,-0.7714982486977374,-0.6110676121617281,-0.6088688682235133,-0.6882384007207585,-0.5029466647076226,-0.7046499264506844,-0.7351416051935248,-0.7506832867034927
Kawhi Leonard,2022-23,1748.0,2.0999999046325684,1.0707316211535647,1.1802397669434828,1.1599517195164553,1.0346583543505,1.148590996938542,1.1343740868409724,1.0267544778945876,1.0617133044527987
Lauri Markkanen,2022-23,2273.0,1.0,0.8220119343718976,0.6299266136440886,0.6024057574845298,0.680412844612093,0.825118339969645,0.5749847143408771,0.8005932516017882,0.7866121619319464
Ja Morant,2022-23,1948.0,1.0,0.7178106434396578,0.9335220588758509,0.9391631499164197,0.5241676095197226,0.6022093590302429,0.669606414555096,0.746118676146638,0.669399884959674
Tyrese Haliburton,2022-23,1883.0,-1.0,-2.1377838592154705,-2.4356783585778987,-2.398037066613105,-1.9859069741783726,-2.358364704052214,-1.822268418590622,-2.1381809734665076,-2.0998146379561957
Jalen Brunson,2022-23,2379.0,-0.8999999761581421,-2.312976695254986,-1.6424449327787936,-1.553745830732644,-2.302968693737097,-2.476989975306502,-2.12053121979386,-2.252019662288015,-2.3104746948755137
Kristaps Porzingis,2022-23,2120.0,1.7000000476837158,1.5516603814580487,2.0762090507569546,2.085457007856167,1.779456598525997,1.7932252793845782,1.8372838236667166,1.5888561373356824,1.6086094357250356
Paul George,2022-23,1939.0,1.7000000476837158,0.701896810731934,0.8075339443291126,0.7831757361166223,0.7227689621348525,0.6202162657908201,0.7069164582465386,0.6319499326747576,0.7071148485826636
DeMar DeRozan,2022-23,2682.0,0.4000000059604645,-0.4644717283170559,-0.21061815449665086,-0.20219547112643987,-0.519825902248226,-0.4002990358148948,-0.40331092703537563,-0.46455858908419095,-0.4783102717998484
Josh Hart,2022-23,2454.0,1.7999999523162842,1.4415605499209512,1.5456234321873499,1.5681939928757926,1.266460053364519,1.47231110282542,1.338534825546557,1.3467376980753223,1.397785425781843
Immanuel Quickley,2022-23,2344.0,2.200000047683716,1.9251227518234661,1.8784050476816367,1.960128398799593,1.8952765057758085,2.0496250487812415,1.7050333979825143,1.9086265999738214,1.917661190311552
De'Aaron Fox,2022-23,2435.0,-1.5,-2.5285158011165847,-2.4240556870325154,-2.3808902436176442,-2.326500926964283,-2.711410585580073,-2.271952447623578,-2.4863193727873094,-2.478012082578509
LeBron James,2022-23,1954.0,0.10000000149011612,-0.1150715488643406,0.11202030478553003,0.09329383862012287,-0.19627792330727284,-0.080211822416412,-0.1934496174558456,-0.12205386959280705,-0.13537314247507365
Moritz Wagner,2022-23,2609.0,1.7999999523162842,0.27966142440121244,1.2084269756753785,1.2525312525043155,0.2321413041471811,0.3615742617765803,-0.07238599593994544,0.3417000704294392,0.2677813943377046
Kevin Durant,2022-23,1672.0,0.699999988079071,1.629192379740513,1.678435335252394,1.8154273959934573,1.803300248730273,1.9124671665778823,1.7694437496267337,1.6580457445366468,1.672719346987953
Alex Caruso,2022-23,1575.0,6.099999904632568,3.6719050932377897,3.701528912055755,3.66618153067645,3.8953429344957926,4.159735864615478,3.7928791661781007,3.5789918854781027,3.7277645535522903
Devin Booker,2022-23,1835.0,-0.8999999761581421,-1.655203652010701,-1.3405662250031591,-1.3496843137427295,-1.4105357667877094,-1.48381149321401,-1.5962751072093841,-1.6019897302694361,-1.594036680704953
Mikal Bridges,2022-23,2963.0,0.4000000059604645,0.02420852015991104,-0.8505559949960213,-0.931533873088928,0.02607147764373896,-0.12330601632658703,-0.16500562312496922,-0.11310243917394061,0.02467425953086802
Anthony Edwards,2022-23,2842.0,0.4000000059604645,0.26257666596977886,0.42953631644250584,0.3957105627753901,0.17086214506111044,0.1563663247102385,0.4315338138827368,0.24059124088529052,0.23964803574261176
Austin Rivers,2022-23,1843.0,1.600000023841858,-2.263383852342959,-1.9780220641916588,-1.9182574936917862,-2.2272427810276554,-2.291342652289067,-2.0586442934559646,-2.227625558177663,-2.2543485845141333
Desmond Bane,2022-23,1841.0,0.30000001192092896,0.6849191005553656,0.9639747234274316,1.0365113280489207,0.5530079171625759,0.5604501884547515,0.6139714672436354,0.716938729441672,0.6519413047071683
Draymond Green,2022-23,2297.0,3.5,3.2554225809409916,3.1117901593369375,3.060423600142931,3.270619626214427,3.0771940899899155,3.1997775816412077,3.187730993077176,3.2592218422593504
Jaren Jackson Jr.,2022-23,1787.0,2.799999952316284,3.485047480998186,3.632936618769034,3.6814520038761014,3.4389530285618224,3.495070361119277,3.6608414658805457,3.4647945222822893,3.473523867889095
Kevon Looney,2022-23,1958.0,1.899999976158142,1.6077120068431334,1.499978309542805,1.5125797181316227,1.7281165330849335,1.5073508475514505,1.5862881151082977,1.6374966785681244,1.6378131384035834
Aaron Gordon,2022-23,2055.0,0.8999999761581421,1.0465924271787292,0.9514414293220262,0.8371395377819788,1.1181239253014983,0.7923914057559809,0.9282861868370127,0.9897214958608366,1.0644753017094215
Tim Hardaway Jr.,2022-23,2152.0,1.7000000476837158,-0.3522774044328366,0.009902908368462096,0.08631425239397886,-0.47829327511116004,-0.41177081385557923,-0.17245876935213472,-0.34608706989215726,-0.3837813721024175
Kentavious Caldwell-Pope,2022-23,2381.0,1.2999999523162842,1.4775575426288636,0.7960805404478928,0.7549630178102996,1.488707927834834,1.2708275780693212,1.3888893766746877,1.2804405905524945,1.4803451389303564
Bam Adebayo,2022-23,2598.0,2.700000047683716,1.731071912502491,1.8058416320278052,1.7856815303533664,1.7799235975371714,1.7184970212948967,1.4657499199727433,1.6732920501478417,1.743284833761161
Buddy Hield,2022-23,2482.0,-0.10000000149011612,-0.7762418340025836,-0.7809802745849359,-0.6520717629069954,-0.9323627571672639,-0.8766354615518486,-0.7881751940508511,-0.7598335882854927,-0.8152720647937537
Julius Randle,2022-23,2737.0,-1.2999999523162842,-1.7956084962687249,-1.31937265502772,-1.3374835429900809,-1.798026356570506,-1.6737215062938726,-1.835303350596666,-1.7101546264033958,-1.79621296134417
Zach LaVine,2022-23,2768.0,-1.100000023841858,-1.4754470764020757,-1.0131648934415511,-0.9530881955401311,-1.6101225756322044,-1.5144971380111776,-1.6455164608380084,-1.374836155955693,-1.509115951209608
Harrison Barnes,2022-23,2662.0,0.4000000059604645,-0.5366832313433261,-0.3005176473931283,-0.4236040552907262,-0.562832198787757,-0.5935419420495692,-0.42170272925961866,-0.5356122156929936,-0.5432204732044338
Mike Conley,2022-23,2029.0,-0.30000001192092896,-0.9578182206864951,-0.7425389269646941,-0.7200072613281081,-0.925197724768485,-0.5673490643672601,-0.6699105284298195,-0.9838269735149957,-0.9496630967069926
Donte DiVincenzo,2022-23,1894.0,2.700000047683716,1.8761055377184874,1.7642950082915079,1.722303163055166,1.9206177482198419,1.8288264824523859,2.0989255378163523,1.743450672147199,1.887233590343826
Rudy Gobert,2022-23,2148.0,4.099999904632568,2.4356183876572306,2.7170111246685065,2.8072431695991193,2.4980327675644363,2.485966531705133,2.429951800806743,2.4842552599760563,2.4512219826340322
Kemba Walker,2022-23,1703.0,3.0999999046325684,-3.3502290638785444,-2.955693755838194,-2.9592388312392233,-3.240489710501917,-3.422143367660124,-3.2836659658452265,-3.201698309945132,-3.3227942255343876
Luguentz Dort,2022-23,2272.0,2.5,0.8549423463640075,0.7852510597048453,0.7464810378421456,0.7528736867300749,1.0198717498400438,0.7271264686066914,0.7480122764191265,0.8294251814555242
Saben Lee,2022-23,2171.0,1.2999999523162842,1.2108035583410282,2.028076740818047,1.9851845773583587,1.2293327738856163,1.0408625710677182,1.090798249664948,1.2799072325043923,1.2154358622271753
Clint Capela,2022-23,1730.0,2.200000047683716,0.5151198284070576,0.5240377701612369,0.6232603548261733,0.621824927896921,0.6753271222386783,0.38340101280840266,0.5274337879768591,0.5417961032795235
Caris LeVert,2022-23,2237.0,1.899999976158142,0.8015609565813187,1.04779607478764,1.156375683630674,0.7407605481207387,0.8950015476195492,0.9918574268580082,0.8204270087967842,0.7863608544661738
Mitchell Robinson,2022-23,1591.0,2.200000047683716,1.71220131803789,1.8011684883044645,1.7722096466992407,1.782756234972547,1.6498790546064976,1.463251366956498,1.6507726479901703,1.7298400472715545
Spencer Dinwiddie,2022-23,2725.0,-1.100000023841858,-1.194188757490041,-1.0124080684908492,-1.0339662807771794,-1.2558084939847454,-1.1964142054125366,-1.4660297894933243,-1.2160995435654496,-1.209593691613717
Tre Jones,2022-23,1984.0,0.699999988079071,-0.5953447582811862,-1.2895500996943294,-1.267656756293891,-0.3526203757980244,-0.8543921779919194,-0.40983066170598076,-0.6856146241818114,-0.5346636626603958
Jarrett Allen,2022-23,2220.0,1.7999999523162842,2.4061472888761304,2.4828773110734583,2.55769070043646,2.537368961813699,2.241746500763954,2.8084701242792662,2.4157962782279996,2.4389527071105226
Josh Okogie,2022-23,1350.0,3.700000047683716,2.1103453772977385,2.0692918319567983,2.0844980854089252,2.18692121986603,2.209427407939068,2.2372266877101916,2.0433640205699874,2.1294893379398117
Pascal Siakam,2022-23,2652.0,-1.7000000476837158,-1.237609557879341,-1.1118908341066684,-1.1585154940408278,-1.174296860054815,-1.327042531916802,-1.2935611510941791,-1.205546877877863,-1.2217813834232094
Delon Wright,2022-23,1221.0,3.5,1.9725539460592054,2.0158618059330973,1.9189940570191943,1.9674602669632624,2.203852526610277,1.9946979794801023,1.853889226321067,1.9712805262852195
Kyle Anderson,2022-23,1957.0,1.2000000476837158,1.0365534661384612,1.078264957577269,1.0091686977006304,1.0441320711939142,1.169620530597215,1.264455832653959,0.9559610175364676,1.0384481174023246
Chris Paul,2022-23,1889.0,-0.30000001192092896,0.3482033248074809,-0.034245993780242054,-0.08183005569704636,0.4533520540587483,0.32495632930549656,0.25423662276215714,0.295643284223971,0.37449050712029774
Jamal Murray,2022-23,2133.0,-1.399999976158142,-0.8835710419331765,-0.7773094568347136,-0.8720839284013834,-0.8141641638326084,-0.8885120427879751,-0.8830342696107718,-0.897147415523038,-0.8662193224080345
Kevin Porter Jr.,2022-23,2024.0,-0.5,-2.679965383869333,-2.6504953434960044,-2.6109584815765987,-2.6886574214587267,-3.101284359373438,-2.602340801749274,-2.641323026206395,-2.682138393266681
Anfernee Simons,2022-23,2171.0,-0.699999988079071,-1.9621280476535063,-1.617719705834195,-1.5908498115341732,-2.052827140148279,-2.056158069634183,-1.8908212952041592,-1.8862896848766524,-1.9848028207771997
Jaylen Brown,2022-23,2405.0,0.30000001192092896,-0.4294657488451161,-0.19039443414839602,-0.15467036177428128,-0.23945928226198787,-0.4103315174799579,-0.32646253326801866,-0.3940003341732123,-0.38196413219933406
Isaiah Joe,2022-23,1395.0,0.30000001192092896,-0.10316715549141203,-0.06195705181819751,-0.07039611099138719,-0.1340859597797238,-0.32371544621026055,-0.04543861948938634,-0.08523391605029254,-0.11089685656348997
Cameron Johnson,2022-23,1199.0,2.700000047683716,0.9718102653156354,1.0388965558868088,1.0579444457815883,0.8313705481412089,0.843673373889814,1.1466960621061502,0.9652149458737322,0.9367003360220288
De'Anthony Melton,2022-23,2150.0,1.100000023841858,1.1157213033628808,0.9530346915782015,0.905280614814862,1.246765632508332,1.097850485714699,1.0812323374913024,1.019798861509479,1.1484823856492437
D'Angelo Russell,2022-23,2304.0,-1.600000023841858,-1.0746666596002419,-0.7961464997927712,-0.7603849454384652,-0.9673617615934131,-1.025335705561567,-0.7780139112396061,-1.033768701285604,-1.0478404350985349
Malcolm Brogdon,2022-23,1744.0,-0.4000000059604645,-0.05930897311039798,0.12106868675213744,0.16045670470333676,0.07295617594214909,-0.001362621268375025,0.02493643892488931,-0.04478272775357549,-0.026242685847261214
Al Horford,2022-23,1922.0,1.100000023841858,1.2360538844050228,1.3622631122340358,1.366521436818785,1.3064320130035867,1.2805896874676137,1.2621136444385443,1.2881979522248839,1.2536484165546637
John Konchar,2022-23,1494.0,3.299999952316284,2.4986432009880217,2.420133707941895,2.417470503956698,2.4883155417660827,2.5472626617304437,2.498094919548918,2.446500904578296,2.496061286182537
Tyrese Maxey,2022-23,2016.0,-1.100000023841858,-1.8311623686243792,-1.8212702479535916,-1.7527100557635684,-1.8287474919547444,-1.8094504751775164,-1.8947435491928193,-1.797142138132486,-1.8305586494569706
Steven Adams,2022-23,1133.0,3.5,3.450814791677959,3.7173842923371847,3.7631390139586633,3.46594389212966,3.5935330270814374,3.6317375401525527,3.452410073047945,3.454597066790884
T.J. McConnell,2022-23,1526.0,1.899999976158142,0.8219606088578586,1.0061103580805912,1.0188297850270118,0.7758394259141494,0.8460355802688153,1.1781168000405595,0.7463176436258064,0.8104303131219313
Jaden McDaniels,2022-23,2416.0,1.2999999523162842,1.4880951187080835,1.4652277727560952,1.4240128762527406,1.5992986534250337,1.4658624577497386,1.6346671038681047,1.4287399758862476,1.5158960023873211
Bradley Beal,2022-23,2715.0,1.2999999523162842,-1.6376570894706273,-1.21889002136354,-1.17826910799084,-1.4786898580515278,-1.5091609911539297,-1.6992260231150689,-1.5746667065295814,-1.5979152816158524
Kyle Lowry,2022-23,1718.0,1.0,0.5761301705226736,0.707157409716796,0.6648540995023073,0.5021490630101042,0.578589397780291,0.38746046812482615,0.5346407826871336,0.5576348936445312
Marcus Smart,2022-23,1957.0,0.699999988079071,0.643699576404561,0.4777967259663207,0.38106510651093634,0.5370851848007507,0.5860076302585651,0.49947534088922274,0.5285750115442309,0.6170459785036084
CJ McCollum,2022-23,2649.0,-1.399999976158142,-1.9950820055130074,-1.648528966464458,-1.606762036245911,-2.149901824616898,-2.0774428310602233,-2.0724965066161682,-1.933157101739164,-2.03378696028898
Jalen Smith,2022-23,1246.0,3.200000047683716,-0.21192950170527325,-0.14394783061326794,-0.05488200069988945,-0.3621238804419792,-0.27443750948788403,-0.2730457368013787,-0.16731738789223408,-0.24947809638944973
Coby White,2022-23,1730.0,0.20000000298023224,-0.20648458018649898,-0.16645510669521474,-0.0623202009796289,-0.2673606453929616,-0.4102922071739832,0.034005988772357984,-0.16518435415124472,-0.22170359648811466
Royce O'Neale,2022-23,2409.0,0.800000011920929,1.5024052064620577,1.4631472477238248,1.4692096738563514,1.3479211020763675,1.449153057632714,1.5444098479705362,1.4505555422524063,1.463784180365635
Onyeka Okongwu,2022-23,1849.0,1.2999999523162842,1.6953305665943526,1.623281414586491,1.6468440624891798,1.6151054651252155,1.4345001403589073,1.7581502414940278,1.6866298870313072,1.6752742912270684
Kelly Olynyk,2022-23,1942.0,0.5,0.054953740211218405,0.3786597572773962,0.3752541810999105,-0.06135962759614133,0.09148118818720966,-0.08570979552997351,0.06307789772622126,0.02587539825937847
Cole Anthony,2022-23,1552.0,-0.5,-0.8987124190193891,-0.5849556631018542,-0.5437082855188244,-1.0474276113652106,-0.8791368762642944,-1.0448606495854413,-0.8459994883301256,-0.9358912171058444
Bogdan Bogdanovic,2022-23,1508.0,-0.8999999761581421,-1.6267425055685467,-1.3054068434824113,-1.1961625620972816,-1.6867430093477305,-1.5565684997952758,-1.440084140361901,-1.5657451256451687,-1.6417426315133425
Alec Burks,2022-23,1122.0,0.10000000149011612,-0.658783182226161,-0.8229592821572929,-0.825811276173648,-0.9413861907098784,-0.8689062438502059,-0.8009661652813527,-0.7038332035138295,-0.7294339343470904
Isaiah Hartenstein,2022-23,1626.0,2.5999999046325684,2.078355357217663,2.066295005673995,2.0200506303708363,2.1017834856037885,2.0942411236195366,1.9696701659447469,2.0533182841605226,2.084212389314194
Kevin Huerter,2022-23,2203.0,-1.899999976158142,-1.382251383206439,-1.4551451098591555,-1.4672529839398378,-1.3838980323677328,-1.5034687369003434,-1.4346373848834508,-1.3844426773906995,-1.3826630454967623
Jakob Poeltl,2022-23,1906.0,0.30000001192092896,0.5671557680429837,0.8620841507459465,0.8934722687532983,0.6507160432489482,0.7228815020533947,0.53224563651553,0.5631347668593796,0.5880458368444749
Sam Merrill,2022-23,1290.0,1.2000000476837158,1.6607362415024622,2.9839425400953794,3.214149236080912,1.4863789811679595,1.3281796716571208,1.4671595546305687,1.843169081099714,1.6171469264188365
Larry Nance Jr.,2022-23,1381.0,2.5999999046325684,1.5207602319522762,1.32093764565586,1.2608142981970503,1.4961823429845138,1.4099740510948002,1.3273184564585936,1.463894730798939,1.5146157597103356
Tobias Harris,2022-23,2436.0,-0.10000000149011612,-0.19266012570691374,-0.3852535972251673,-0.35921303743739613,-0.17442185252706885,-0.16112942266794972,-0.27091271685062246,-0.20639375066624774,-0.18810055741195253
Mason Plumlee,2022-23,2054.0,-0.699999988079071,-1.4066633220705886,-1.184276670703665,-1.1205366415308908,-1.361466561987741,-1.8291018236268224,-1.4074624788014538,-1.334405300281442,-1.3953641320498766
Kenrich Williams,2022-23,1206.0,2.9000000953674316,1.0567140109409197,1.3052904196174406,1.3163021423091992,1.1718675638312108,1.1660545920276997,1.3693455930059868,1.074805016517325,1.0855023991634924
Tyler Herro,2022-23,2337.0,-1.2999999523162842,-1.009507761478396,-0.6075361949109989,-0.6363677378494516,-1.044121100292311,-1.1155821036830222,-1.2896474493914025,-0.9545292189763948,-1.0181610961818748
Dejounte Murray,2022-23,2693.0,-1.0,-1.2402774778335266,-1.5071331980909628,-1.4941965712198093,-1.1091510029027634,-1.311462455239925,-1.2104425381630735,-1.27434487820642,-1.2074958591008358
Cedi Osman,2022-23,1548.0,0.699999988079071,-0.11057211587592962,0.24883462399527534,0.3221925565556343,-0.1546602325977297,-0.15344768224090485,0.05117477816612673,-0.05615573591378698,-0.12159414505637964
Dillon Brooks,2022-23,2214.0,1.899999976158142,1.0678896784661551,1.2626100585153945,1.3049244012700771,0.9360947609389985,1.0051824723507532,1.0623030260100235,1.0727616231316912,1.034940949084366
Grayson Allen,2022-23,1972.0,0.20000000298023224,0.880014591332734,0.9903446119873454,0.8776916091840196,0.9154782352170265,0.9552142861873663,0.9880120849047169,0.8157152854232033,0.8888805023038071
Monte Morris,2022-23,1695.0,-1.2000000476837158,-2.398886220566765,-2.2940938217126954,-2.190438823973559,-2.2480125540955913,-3.0390995111348573,-2.180153054993499,-2.349685812915492,-2.3611678039489714
Brandon Ingram,2022-23,1538.0,-1.0,-1.1884230283757347,-0.8409858350423826,-0.8866840171163122,-1.2045553913905127,-1.2739033544502294,-1.345983032930981,-1.1523872354004459,-1.1924561191294292
Michael Porter Jr.,2022-23,1798.0,-1.2999999523162842,-0.8640340831661646,-0.7435184565119608,-0.70609123205163,-0.8613988205297386,-0.9285956846893877,-1.1073976740749325,-0.848299505671395,-0.8633752675070581
Terry Rozier,2022-23,2221.0,-0.8999999761581421,-1.8884498349494294,-1.8320327892495758,-1.8150513806736455,-1.84483251274104,-1.76952805241055,-1.6977382074553424,-1.8820463846247104,-1.8775455043973321
Jerami Grant,2022-23,2246.0,-0.8999999761581421,-0.7816528020988146,-0.7585900690705151,-0.764839513883062,-0.8068635135311866,-0.9737117871428411,-0.8936483733733316,-0.8084500492940033,-0.7879554799569075
Tyus Jones,2022-23,1940.0,-1.600000023841858,-1.1707213139167751,-1.18333007121335,-1.1405783158540492,-1.2270736397790574,-1.3563809415219703,-1.0655968875662252,-1.1654771921417963,-1.1848093953823458
LaMelo Ball,2022-23,1268.0,-0.8999999761581421,-2.715264934895823,-2.562225987805484,-2.5632284171367514,-2.5852990385212284,-2.930272737543918,-2.37942367993021,-2.675271687712362,-2.6827734608021743
Wendell Carter Jr.,2022-23,1690.0,1.5,0.6088352554098526,1.0539349958613955,1.0791443105394425,0.550923587905481,0.5778405924001775,0.26454677887416844,0.6596213777239986,0.5943573385337597
Kyle Kuzma,2022-23,2239.0,0.5,0.09178397613338643,0.1261694392713138,0.152896589595851,-0.05223115977337993,-0.243094009703139,-0.28312277121564855,0.10919535621068398,0.055780192156694844
Jusuf Nurkic,2022-23,1391.0,2.0,1.5995376028226762,1.6732125331119212,1.6832036330388993,1.4313446923002848,1.6688221207933047,1.3780171678871258,1.6106971939852384,1.5574893751920784
Dwight Powell,2022-23,1458.0,1.2000000476837158,1.1435246706561217,1.187386448722486,1.1320733205798232,0.8235727216588096,0.8891167632952497,0.7137606050251724,1.1398176144714158,1.0635366834067936
Gary Trent Jr.,2022-23,2118.0,-0.699999988079071,-0.7709023483734794,-1.3687527107796287,-1.3115865667387387,-0.7359141069797297,-0.7603283816150563,-0.6981428492037605,-0.8169936577251136,-0.762155288025042
Nicolas Batum,2022-23,1709.0,0.8999999761581421,0.8285943686060322,1.032021687252055,1.0405635714950652,0.7935882902872413,0.8831854257306828,1.0663808402983066,0.8129627874811518,0.8198428490263345
Saddiq Bey,2022-23,2129.0,-2.0999999046325684,-2.5540162505223316,-2.7592773681955873,-2.604750964494663,-2.5298496211689563,-3.0801722482939136,-2.4326183671975654,-2.5352956744636614,-2.5479745931839877
Pat Connaughton,2022-23,1443.0,1.0,1.0217732120471539,1.0798585511205627,1.0343573927051157,1.1529368639280362,1.1857018198452975,1.2199088943122396,1.0225411649692555,1.0545641250173745
Daniel Gafford,2022-23,1604.0,-0.30000001192092896,0.139126265031309,0.34940062569151725,0.39899746755105375,0.04986689906268521,0.27588649990448416,-0.055703523276397854,0.2352239427564291,0.11681142353915307
Anthony Lamb,2022-23,1195.0,1.899999976158142,0.8066385119852294,1.0387821456022837,1.1248822238160254,0.7645111812986427,0.6047504060673172,0.8326909781488703,0.8683542914660396,0.7961066793135827
Kevin Love,2022-23,1240.0,1.600000023841858,-0.5105291012438556,0.7404058020188846,0.7937834217869296,-0.4012853350905847,-0.5298806634791308,0.0028071416167950586,-0.30308290420872097,-0.48321815970553794
Isaac Okoro,2022-23,1652.0,0.699999988079071,0.9799861387248318,1.2539778301889613,1.2616918771348522,1.0414535768587336,1.0666777788332547,1.2143586185125301,0.9778312553185221,0.9953529982583071
Kelly Oubre Jr.,2022-23,1548.0,0.30000001192092896,-0.4711693514663198,-1.0248798067512273,-0.995649326921322,-0.5013087991059003,-0.29333692003991807,-0.30104338770875066,-0.56384345914338,-0.47870421337621494
Dennis Smith Jr.,2022-23,1390.0,3.5,2.3807156736312356,2.292020538342209,2.3873433534346984,2.514376876804855,2.6923666116283003,2.4533858191876243,2.34570012212369,2.4141309744246406
Jordan Clarkson,2022-23,1988.0,-2.799999952316284,-2.3051294899076984,-1.8646831067460825,-1.7650889540269965,-2.200054025909113,-2.15239503149542,-2.2457364170385112,-2.216031184846418,-2.278860623908052
John Collins,2022-23,1441.0,1.7000000476837158,-0.2684417775361172,-0.33034353291035423,-0.3628235739331379,-0.44831635293967154,-0.21259988756821568,-0.45307486215555637,-0.2714000481076857,-0.3134104213870058
Myles Turner,2022-23,1825.0,-0.10000000149011612,0.22631710347698056,0.5533355339205875,0.6434849084252698,0.21942249491901608,0.4029164393673928,0.22493303520197303,0.29778471966466397,0.22459345133748945
Josh Green,2022-23,1539.0,1.0,-0.14626274093020578,0.16992743834662408,0.1546462800166189,-0.22242322554620483,-0.36862875428106806,-0.3435539580291196,-0.21917386553335855,-0.16530286208420555
Malik Monk,2022-23,1719.0,-1.5,-0.9613632021388012,-0.8945900555896843,-0.8499726537113295,-1.0251670918959042,-0.9635323065030093,-1.0718098278367705,-0.9373399919137207,-0.9773141745780769
Andrew Wiggins,2022-23,1190.0,1.399999976158142,0.657448689978036,0.9330257310267239,0.8831914998474605,0.7273143230211433,0.5080031342690446,0.9926195874118897,0.6436625930258859,0.6749150982388128
Ivica Zubac,2022-23,2170.0,1.2000000476837158,1.5336001146359517,2.465323990029581,2.5773487389965033,1.72659244212993,1.6735155981333771,1.568072885163485,1.6302101757028806,1.5818481965094462
Chris Boucher,2022-23,1523.0,0.10000000149011612,0.47233796403982964,0.5015018791542047,0.5471965295532875,0.43485237279991307,0.43948289317052647,0.632711814072183,0.4732901207989786,0.46296656622985044
Christian Wood,2022-23,1738.0,-0.800000011920929,-0.9472593835289105,-0.7377369754934747,-0.706566521657839,-0.9256981747670544,-1.2451221058682633,-0.9632292892728604,-0.9027278208333975,-0.9418690813384464
Dorian Finney-Smith,2022-23,2009.0,1.2000000476837158,0.48733987759568037,0.44567591830850856,0.36781826477087776,0.21320481204428116,0.1419037057009146,0.3016823953302393,0.4620232251433272,0.41880611120783057
Markelle Fultz,2022-23,1778.0,-0.4000000059604645,-0.6797486830612536,-1.1977656767827467,-1.3066837821834354,-0.6417940348866072,-0.5505557291919231,-0.8934965295752204,-0.7466760591726803,-0.670260021017592
Damion Lee,2022-23,1506.0,0.800000011920929,0.10760462831446775,0.5400315964782572,0.6382567918470878,0.29019865214922547,0.4662282904675473,0.1521165339759688,0.14463481407363843,0.15325313427315718
Terance Mann,2022-23,1872.0,-0.6000000238418579,-0.6449839944777954,-0.47338386805056043,-0.4733218392473413,-0.7735966068055606,-0.7320834868515196,-0.7086803038714249,-0.642897168670498,-0.6771371475597368
Caleb Martin,2022-23,2077.0,1.2000000476837158,0.815584209304655,1.0396755861959568,1.09834212131349,0.7869261118805752,0.7815079901992203,0.6962775899529855,0.788478311002481,0.8084196849486351
Nikola Vucevic,2022-23,2746.0,-0.699999988079071,-0.2685488458652846,-0.3412927550741546,-0.31015198745043854,-0.5873345836229908,-0.6504975857848907,-0.3267420985087559,-0.2659801655673682,-0.34824528030471114
Deni Avdija,2022-23,2020.0,0.800000011920929,0.45632591062685673,0.7516923480171253,0.8273655916692808,0.40251481761963703,0.5079072719267009,0.1906961295899533,0.47534460269476336,0.44287313737505185
Jeff Green,2022-23,2602.0,-2.9000000953674316,-2.155237669999173,-1.654304640824007,-1.6008628954689808,-2.268026915401964,-2.1793805926755927,-1.9754767643990767,-2.0327494153869003,-2.183434981349871
Luke Kennard,2022-23,1315.0,-0.8999999761581421,-0.12065565437965338,0.03585313449070365,0.11856436477610277,-0.18497002219756553,-0.010946244489870138,-0.19669357703278445,-0.05956273307011254,-0.13673424633413142
Dennis Schroder,2022-23,1986.0,-0.5,-0.4031671202559669,0.018764824994753716,0.027347117401675076,-0.37304347222653134,-0.3051607721603292,-0.3482110284848954,-0.38648571487515065,-0.395636208248608
Matisse Thybulle,2022-23,1200.0,2.5,1.7938987579590882,1.2308068635353837,1.0745567887215803,1.5867936461899599,1.6440083382957191,1.661019346399561,1.627550698806604,1.742122480016806
Xavier Tillman,2022-23,1180.0,1.5,1.6488161333193783,1.7660102650735472,1.7496225385764856,1.7549979295372828,1.9556050928776707,1.810762541995462,1.653911287001038,1.6753615823738544
Grant Williams,2022-23,2045.0,0.0,0.28510491545495187,0.362001456007383,0.42191311594282593,0.4992889602457141,0.4077971913240945,0.2615713126615437,0.28651487951543936,0.3386509266526424
Bruce Brown,2022-23,2280.0,0.4000000059604645,-0.055873883693583565,0.16228704810562192,0.09689036828235159,0.04347530345587382,-0.009140367326176776,0.18341658604267197,-0.07725616973812205,-0.03103658690621922
Jalen McDaniels,2022-23,1913.0,0.30000001192092896,0.5913981896610214,0.48224142276492876,0.41293997068034966,0.3726397392112013,0.36102874740724167,0.3667059268222792,0.5199280147659943,0.5367085770485664
Bobby Portis,2022-23,1818.0,-0.699999988079071,-0.2976537019703408,-0.28507876389201153,-0.23347464918394467,-0.3462425755574937,-0.4226623887777151,-0.36283270338178936,-0.2461250678580884,-0.30980092036712903
Troy Brown Jr.,2022-23,1860.0,0.6000000238418579,-0.09680150850192515,0.1264771739807226,0.010019224034074944,-0.06873196313523783,-0.0008270307009438926,0.01832944394959589,-0.12165284786933522,-0.08978412216025332
Devin Vassell,2022-23,1178.0,-0.5,-2.1028744058389774,-2.4374298950477837,-2.368561606836111,-2.087910839788335,-2.47424688251736,-1.9710150867455591,-2.1166474435438585,-2.099133514326317
Devonte' Graham,2022-23,1338.0,-1.2000000476837158,-1.633836373012258,-1.4446900064688553,-1.4117206279781067,-1.7564823704290278,-1.9253540817805723,-1.6091763082443125,-1.5854658022425694,-1.6644978723664505
Bojan Bogdanovic,2022-23,1893.0,-3.299999952316284,-3.3522632587837937,-3.260411667597089,-3.18063350084955,-3.3808426137184378,-3.64431414835764,-3.439537770458715,-3.2989040707403605,-3.3594080975174547
Jevon Carter,2022-23,1810.0,0.4000000059604645,0.5826557970426431,0.7707877923692383,0.7320719633198975,0.6411002944024977,0.5425609024139759,0.7285851520929095,0.5928917420125824,0.5972669213826067
Brandon Clarke,2022-23,1090.0,0.6000000238418579,1.1864521582832892,1.164834312631502,1.210482113071283,1.1832375350926216,1.033045573596559,1.6604572405920937,1.2340514182551068,1.1856485024856223
Russell Westbrook,2022-23,2126.0,-2.0,-1.8700032988282027,-1.692104772921257,-1.6952135006934161,-2.0597862710467827,-1.942036835253615,-1.9303311201898234,-1.83109085119243,-1.9174490418828478
Malik Beasley,2022-23,2093.0,-1.600000023841858,-1.3437536057816966,-1.3985343337382319,-1.3671471959072319,-1.2979345940116729,-1.1874855730911342,-1.6284174198897787,-1.3604598305343427,-1.3322988528391906
Naz Reid,2022-23,1251.0,0.4000000059604645,-0.037629637908286336,0.38650758461435814,0.5816495122109193,-0.07042928200594137,-0.027590522692094388,0.06977767883448258,0.0688998910293997,-0.045829548932700095
Collin Sexton,2022-23,1145.0,-1.600000023841858,-2.023275704627369,-2.0593159396449003,-1.9037429319101529,-2.119469146959986,-2.077252020880078,-2.245181510717699,-2.0018748631116274,-2.047324065210523
Keita Bates-Diop,2022-23,1452.0,0.10000000149011612,-0.8747045479851558,-0.5152669564486286,-0.5240467496736836,-1.0039068988185458,-1.262347347972029,-0.9190123681740797,-0.8347032884364814,-0.9070051356935034
Ben Simmons,2022-23,1105.0,0.8999999761581421,1.2410242281229549,1.3131154389906867,1.3249481110331427,1.3553454259280677,1.6727169999104359,1.5695599240610478,1.1733645097691126,1.2696045275742331
Torrey Craig,2022-23,1948.0,-0.10000000149011612,-0.05489601445622898,0.05047398914874131,0.13527938908463388,-0.17831494320366825,-0.19086241547839133,-0.23350640866497263,-0.08009615375490876,-0.0857507466430888
Gary Harris,2022-23,1184.0,-1.100000023841858,-1.2730345781906274,-1.3578257090516828,-1.3855369341076775,-1.2614566857909792,-1.1484493866636893,-1.2553374042772765,-1.3062162241201836,-1.2701401050907153
Naji Marshall,2022-23,1792.0,-0.6000000238418579,-0.8145744209754798,-0.7614554401459277,-0.7200856898795194,-0.673064479850136,-0.7514139861694302,-0.7096660000959221,-0.7916378544611544,-0.7791969356941439
Drew Eubanks,2022-23,1584.0,0.10000000149011612,-0.818620363634886,-0.3179933115894073,-0.2626062455388536,-0.8207684378063225,-1.2708315331789475,-0.45920489405523424,-0.6889476446409417,-0.8191573821777451
Talen Horton-Tucker,2022-23,1313.0,-0.10000000149011612,0.12512158540497126,0.46954466630458774,0.4556159494789309,-0.01818676887559012,0.30402874128593105,-0.257317117109117,0.13057216758685014,0.08929449683483091
Cory Joseph,2022-23,1227.0,-1.5,-1.5776315441401174,-1.5855997136733748,-1.5369442724095466,-1.779064932983943,-1.4682598677328924,-1.717852809544717,-1.5510792785921945,-1.6279898913510737
Victor Oladipo,2022-23,1106.0,1.0,0.06373150245218523,0.4870080349927136,0.4658307998498413,0.08494304208118178,0.13322306196405898,-0.05331323437829308,0.08372152928581884,0.06903438735943437
Gordon Hayward,2022-23,1577.0,0.30000001192092896,-0.7268694609310687,-0.3774293896167508,-0.3690646885218847,-0.6282708368533495,-0.5577854682422143,-0.402561226909402,-0.6784904111687763,-0.7022198049116389
Trey Lyles,2022-23,1247.0,-1.0,0.06701164230689677,0.14667979717265212,0.13681722883735506,-0.24169151233256417,-0.0967560137386884,-0.4177858165209196,0.07798428803447784,-0.010164146352968466
Gabe Vincent,2022-23,1759.0,-0.20000000298023224,-0.28967114247679515,0.07594825949988512,0.049593959383943245,-0.16340255188252548,-0.13346317383594342,-0.21669450137975826,-0.2565403270901086,-0.2581039948282277
Killian Hayes,2022-23,2154.0,0.4000000059604645,-1.2131578443838118,-1.1990588276466339,-1.165381624930346,-1.120417618611526,-1.5552667322772304,-0.9970534307011132,-1.2301796790729984,-1.1899727879407405
Keldon Johnson,2022-23,2063.0,-2.799999952316284,-3.281920547779509,-3.152864953995712,-3.1120274973926407,-3.263747650991721,-3.7182003705842397,-3.399313119967662,-3.251994784273763,-3.277377323582562
Josh Richardson,2022-23,1530.0,-1.0,-0.24910992741249954,-0.7317482621074939,-0.797069944705971,-0.3582438343044481,-0.34493783807308037,-0.32199247778155754,-0.3188602771654376,-0.2763934041354867
Jarred Vanderbilt,2022-23,1879.0,-0.4000000059604645,-0.6790211816244142,-0.6479092826980681,-0.7216810229208724,-0.43578116906655906,-0.7542948246174641,-0.10936166682049242,-0.7480479422276184,-0.6182111784849503
De'Andre Hunter,2022-23,2126.0,-0.699999988079071,-0.5303213495190079,-0.34046564878017527,-0.2792892267343342,-0.5199774725779169,-0.48319334140531345,-0.533747218582156,-0.5608021976973965,-0.5277353802837352
Norman Powell,2022-23,1567.0,-1.600000023841858,-1.6249868149330875,-1.339505982537251,-1.3368108509609757,-1.497482815216794,-1.365929870770691,-1.3517003577639854,-1.5854660515040793,-1.593110815004014
Jaylen Nowell,2022-23,1252.0,-2.0,-1.3803291947200815,-1.6140294595877598,-1.5338512809439133,-1.3227879948891954,-1.3732703009507905,-1.0723843634967805,-1.3721682701146387,-1.36594389476236
Rui Hachimura,2022-23,1466.0,0.10000000149011612,0.42270172842521236,0.544639416892933,0.5975811072614033,0.4764730022713256,0.4270347438637241,0.30480471148657323,0.4785767037176088,0.43614454688674065
Shake Milton,2022-23,1567.0,-1.899999976158142,-1.8165671498911546,-1.4527629058467149,-1.3976378198759967,-1.653599045125364,-1.7426697563090077,-1.4751740924924326,-1.7302933495175148,-1.775825123699707
Jonas Valanciunas,2022-23,1968.0,-1.5,-0.5755926842016348,-0.37413985508267716,-0.33081786473531866,-0.6704926753322804,-0.491857229330501,-0.6369616267177651,-0.5065314471872494,-0.5993176819842962
Precious Achiuwa,2022-23,1140.0,-0.20000000298023224,-0.8616143270845329,-0.5677729237249919,-0.5606127972887518,-0.8332478031291494,-0.6480971555426633,-0.8622818705436539,-0.7967444626798899,-0.854522696095687
Deandre Ayton,2022-23,2035.0,-0.10000000149011612,0.10988878756997501,0.3639766236283802,0.47498255186941274,0.06475553994113303,0.0035368857789649932,-0.06552295002223141,0.19244320494069284,0.09860547566276452
Aaron Nesmith,2022-23,1816.0,-1.399999976158142,-1.485778516067284,-1.4487275905114867,-1.3901929985250334,-1.4456551682199241,-1.7058178935025725,-1.124971764440072,-1.5065614311935935,-1.475747679105444
Nick Richards,2022-23,1217.0,-1.399999976158142,-0.042317177605036393,0.26679284991010166,0.2578954277769172,-0.17928179171151082,-0.1297868905965612,0.09979514899919642,0.05396026441490941,-0.076558331131655
Patrick Beverley,2022-23,1816.0,0.20000000298023224,-0.10085791440075123,-0.13049300954374238,-0.2368353402099018,-0.14915774902925413,-0.15088176495829797,-0.25468586285195355,-0.14925352906534572,-0.11293287305787697
Seth Curry,2022-23,2093.0,-2.0999999046325684,-1.8597143821279032,-1.6771847398501247,-1.6135091497733474,-1.7817270458793975,-1.7259290361823436,-1.7326708975736242,-1.8141703053521088,-1.8402175480657768
Terrence Ross,2022-23,1330.0,-1.899999976158142,-2.1964921155197636,-1.9276522207446753,-1.9209865761231117,-2.180035358765066,-2.194751870552546,-1.9699496944855621,-2.1366118115487165,-2.192377926331089
Thomas Bryant,2022-23,1081.0,-1.7000000476837158,-1.3521922395370998,-1.2203771249397783,-1.1982255186666193,-1.4029717644665745,-1.378177557812167,-1.490908079348174,-1.3110114571643936,-1.3648871207694684
Lamar Stevens,2022-23,1120.0,0.699999988079071,0.3644634017063273,0.7150451330225243,0.7460372440373959,0.32413349876663256,0.35362476292285216,0.5771365377199289,0.4570171001080481,0.3543809259714036
Max Strus,2022-23,2272.0,-2.0999999046325684,-1.3042623225863086,-0.8323597649921008,-0.8585622643110479,-1.4433666283187385,-1.3301196399263304,-1.4412008003908434,-1.2507513491750621,-1.3390383990194161
Oshae Brissett,2022-23,1083.0,-1.0,-0.29631254158870546,-0.2764166417085106,-0.25335215202909556,-0.5158491679775961,-0.5558247207652414,-0.3552011458638088,-0.288082093263712,-0.35119669818592814
Marcus Morris Sr.,2022-23,1825.0,-1.2000000476837158,-1.433227502265813,-1.203938536316085,-1.2272954131117828,-1.3889588342729846,-1.3754291067814917,-1.6810423186427457,-1.3936403935313733,-1.4221603352676058
Georges Niang,2022-23,1512.0,-2.0999999046325684,-1.8919716601709862,-1.8899415791229865,-1.7332123952455807,-1.8991721850187537,-2.0011972872201538,-1.8490994695656802,-1.7903059674931605,-1.8937717913829282
Joe Harris,2022-23,1527.0,-2.200000047683716,-1.3837482505451957,-1.0244062769388949,-1.0663526093999958,-1.5027871477043369,-1.1902488066364876,-1.325114784075648,-1.3065920744032988,-1.4135079748349808
Taurean Prince,2022-23,1192.0,-0.699999988079071,-0.6182295541090508,-0.23321724465174376,-0.12051191806746744,-0.6231021033124555,-0.6514673234895758,-0.4345392808713884,-0.562372231715762,-0.619447691409902
Reggie Jackson,2022-23,1657.0,-0.4000000059604645,-0.4226828082406626,0.07155456073516867,0.1822119952687347,-0.48188848227585784,-0.4139128023638875,-0.6200252451008671,-0.35392970573444715,-0.4374842267494614
Jordan Poole,2022-23,2458.0,-1.7999999523162842,-1.1064194724719483,-1.0635381952406109,-0.9843577505277366,-1.1613964495297342,-1.1680620496989307,-1.3679543012785569,-1.0795470695136151,-1.1201637167363947
P.J. Tucker,2022-23,1920.0,-0.30000001192092896,-0.46048394668582404,-0.48889109121662633,-0.5123164454659805,-0.5439108304677273,-0.5576540559096529,-0.7607408672119796,-0.4599276556515975,-0.4813406676312999
RJ Barrett,2022-23,2475.0,-2.5999999046325684,-2.2950833808970503,-1.724711487483927,-1.6863590275385354,-2.4373508827834423,-2.611383573680221,-2.531677222841214,-2.2018773607105664,-2.3306502563686484
Eric Gordon,2022-23,1965.0,-3.0,-2.452718175650551,-2.4090262760557217,-2.428791397667414,-2.6685790415812085,-2.8690351301262016,-2.7540844020104402,-2.428724912799137,-2.5066833921332154
Jordan Nwora,2022-23,1188.0,-3.200000047683716,-3.1682553037816694,-2.780177838886941,-2.7148843447986257,-2.979684116259562,-3.6206196397068706,-2.8817216384766757,-3.0498423634445264,-3.1211125069011425
Lonnie Walker IV,2022-23,1297.0,-2.5,-2.671487412618455,-2.626322683308184,-2.5277323394304383,-2.913335963651508,-2.834895467830858,-2.7194255828900262,-2.6287434441937414,-2.7319495503767186
Bol Bol,2022-23,1505.0,-1.399999976158142,-0.5187755578563229,-0.17093783236532617,-0.19372530706727695,-0.5404635369690676,-0.4266331707590966,-0.47912938267071165,-0.4923438780195689,-0.5241975526345091
Doug McDermott,2022-23,1314.0,-4.199999809265137,-3.44731968462915,-3.138818231642321,-3.0698341269876597,-3.386352802923568,-4.019885728032833,-3.301410091274949,-3.329845024517407,-3.4320779642027546
Reggie Bullock,2022-23,2364.0,-2.0,-1.7417545561327084,-1.6112421591843205,-1.5672891587816369,-1.8856186326017443,-1.8290204709415203,-1.9388100597806535,-1.738612897883046,-1.7777205752499674
