player,season,mp,y_defense,baseline,structure_penalty_l2_0.05,structure_penalty_l2_0.10,structure_penalty_l2_0.25,published_output_0.075
Kevin Durant,2013-14,3122.0,-0.6000000238418579,-0.09735726476935866,-0.20753517619342177,-0.2677561593886775,-0.193939202044655,-0.10279756122016422
Chris Paul,2013-14,2171.0,3.9000000953674316,2.2798608998536647,1.956070646082178,1.9201852148458218,1.905534745257791,2.166816769057959
Kevin Love,2013-14,2797.0,0.8999999761581421,-0.11259923305384927,0.02857986366049141,0.0586026407838855,-0.0028000322126384564,-0.07200804581916811
James Harden,2013-14,2777.0,-0.30000001192092896,-0.05908059445525174,-0.03565695968887724,-0.08641716604710963,-0.02020588197469056,-0.05345363791532447
Kyle Lowry,2013-14,2862.0,1.2999999523162842,0.5878964048666575,0.9358507412716286,0.9179651132222175,0.9221039577396953,0.6067836594746394
Joakim Noah,2013-14,2820.0,4.5,3.1298828498705262,3.8906400071860756,3.856937038962457,3.8770102521352507,3.176284758586015
Paul George,2013-14,2898.0,2.9000000953674316,2.7732979277379375,3.119458013659311,3.1114658821328414,3.009267878146078,2.7705210071019866
LeBron James,2013-14,2902.0,-1.2999999523162842,-0.2878174926741108,-0.7085917800394166,-0.6699153852633325,-0.703723927318096,-0.32046266501912785
Goran Dragic,2013-14,2668.0,0.20000000298023224,-0.560227003292905,-0.6110415321397926,-0.6925402845179798,-0.6869431754975526,-0.57918703278259
Dirk Nowitzki,2013-14,2628.0,0.4000000059604645,0.32985556948256944,0.28719646123337145,0.3434464620381874,0.2930186262441417,0.30993735635590086
Carmelo Anthony,2013-14,2982.0,-0.4000000059604645,-0.20100214753722606,-0.19656008604749559,-0.22097498564925017,-0.3228193574425387,-0.24412255637041472
Kawhi Leonard,2013-14,1923.0,5.0,3.774599239903571,4.050017474717421,4.079770149861218,3.978336909976208,3.7546236572375298
DeMarcus Cousins,2013-14,2298.0,3.299999952316284,2.5098633275939823,2.817590348923442,2.7871983536437877,2.73660137068427,2.4643477908710985
Ricky Rubio,2013-14,2638.0,1.7999999523162842,1.4074385619155727,1.3791943625661696,1.3408179677050223,1.227670316589525,1.3086508583510952
Jimmy Butler,2013-14,2591.0,3.4000000953674316,2.628524572980491,3.049028031836434,3.0232097757850958,2.926596932136164,2.6485355863951527
Blake Griffin,2013-14,2863.0,0.30000001192092896,1.7592434591550314,1.6878648121662345,1.6510004798430638,1.5528152314681303,1.6652860207545837
Kemba Walker,2013-14,2614.0,2.299999952316284,2.2049559589048746,1.9792060534819664,1.9393436796151686,2.032702180917646,2.1896852528055937
Isaiah Thomas,2013-14,2497.0,0.4000000059604645,-0.21857328709648235,-0.4160457413873554,-0.41939731252326046,-0.40707778140811535,-0.21798560505679312
Klay Thompson,2013-14,2868.0,0.800000011920929,1.3526808601938842,0.9593086196888096,1.0362211980331408,1.1460057617708461,1.3313601190369317
Mike Conley,2013-14,2446.0,0.4000000059604645,0.20150693279073054,0.22456593337728056,0.21649165293981273,0.18784363339139215,0.16738025661627054
LaMarcus Aldridge,2013-14,2498.0,2.200000047683716,1.527873752490747,1.2411591359963365,1.180025909437745,1.1217636189987907,1.4641352700471213
Wesley Matthews,2013-14,2780.0,-0.10000000149011612,0.16302466632629448,0.362567619328206,0.2651672524328124,0.23165196116213504,0.12991334965944826
Mario Chalmers,2013-14,2178.0,2.5,1.834643513338845,1.3162294924756301,1.2860402081648505,1.2114259844662412,1.6933043564386967
Anthony Davis,2013-14,2358.0,2.299999952316284,1.06352742177884,0.9822192269381222,0.9627008270846362,0.8216323860677475,0.9893466935637715
Robin Lopez,2013-14,2603.0,2.0,2.1776903447002134,1.8774769641048494,1.7919370358062714,1.7538221623981247,2.1220366521826537
Damian Lillard,2013-14,2937.0,-1.5,-0.6741768810935336,-0.8310754140094122,-0.8356278579254195,-0.8444371845865558,-0.6920065374622094
Paul Millsap,2013-14,2482.0,2.700000047683716,2.1754897757871685,2.0081897522849492,2.0053887429955224,1.9705080786861422,2.1357713846214175
DeMarre Carroll,2013-14,2341.0,2.5999999046325684,1.8479410217848748,1.7006330183731544,1.6577879944810676,1.646741486129438,1.8024048257217384
Nicolas Batum,2013-14,2956.0,0.0,0.29369478372737634,0.3337011195654801,0.24435620235350075,0.22510458563135605,0.22293948573649436
John Wall,2013-14,2980.0,-0.20000000298023224,0.3205219917564257,0.2710243647462182,0.21271764558796535,0.25525625595770385,0.28287930830530433
Andre Iguodala,2013-14,2040.0,2.5999999046325684,2.86118291667442,2.8817250591445625,2.765878158150141,2.728579096703852,2.811465868130541
DeAndre Jordan,2013-14,2870.0,1.100000023841858,2.3164585111507625,1.842610105903132,1.7844121196367513,1.6890275088686364,2.213039628867411
Ty Lawson,2013-14,2222.0,-0.30000001192092896,-1.9171411276487191,-1.5769638070732634,-1.5971254352497892,-1.6972622467851488,-1.9133515071072458
Chandler Parsons,2013-14,2783.0,-0.800000011920929,-0.08186009120035738,-0.15729929088904163,-0.19561111379170384,-0.15208937739670064,-0.10454906278240997
Manu Ginobili,2013-14,1550.0,1.100000023841858,1.6010935044006325,1.827277349038198,1.808538028041961,1.7464665248931026,1.5810702518572917
Marcin Gortat,2013-14,2655.0,2.5,2.8118823925100385,2.7126566340866454,2.7317346116504457,2.691144472976049,2.7841012350098824
George Hill,2013-14,2434.0,2.0999999046325684,1.23256652347581,1.8946149444711242,1.8985520463227907,1.9255179188569627,1.3050974166696183
Danny Green,2013-14,1651.0,4.0,2.614641151836647,2.976684878661859,2.9313118898707535,2.9420102773547674,2.628167341641499
Serge Ibaka,2013-14,2666.0,2.299999952316284,1.4224211770355741,1.3888551594330483,1.3453053676865645,1.3648138568907235,1.4405120911410423
Trevor Ariza,2013-14,2723.0,0.699999988079071,0.9147354208120186,0.8441519967388733,0.8041444253118012,0.7679845288634848,0.8470976139453615
Anderson Varejao,2013-14,1800.0,3.5999999046325684,2.081273964873028,1.9109030798801625,1.8826163688558615,1.7927958911375357,1.9906955339887709
David West,2013-14,2472.0,1.5,2.1980808348338976,2.6856494958857,2.6905507695847466,2.721151924962883,2.2394902685059814
Deron Williams,2013-14,2059.0,0.6000000238418579,1.1794325471213662,0.8803496787526104,0.7868699028285797,0.8456993536120546,1.1150181165444204
Patrick Beverley,2013-14,1751.0,1.899999976158142,1.5640270401152851,1.3904906536303783,1.3519954871952582,1.3393844626160716,1.503908412033007
Channing Frye,2013-14,2312.0,0.4000000059604645,0.5068378059689851,0.6637509705708535,0.6403561227149218,0.5685853248818606,0.511410940561914
Patty Mills,2013-14,1527.0,0.8999999761581421,1.170275161029417,1.4236043061271566,1.4580713890793864,1.4807807340006285,1.272809923910971
Dwight Howard,2013-14,2396.0,2.4000000953674316,1.8249178240420831,1.1617021373548968,1.135683725148688,1.1095742348473587,1.7546040216587204
Vince Carter,2013-14,1973.0,0.4000000059604645,0.16523260493756747,-0.12247348526077864,-0.14662460794555288,-0.09811338817744888,0.13128470739244383
Darren Collison,2013-14,2069.0,1.600000023841858,-0.4043273931894712,-0.05733931457680427,-0.08109410992926064,-0.14162012324693907,-0.3900345648875683
Andre Drummond,2013-14,2619.0,0.20000000298023224,0.0453913037753583,0.35632008121449793,0.15987176210940165,0.09929758764150906,-0.004774360925385024
PJ Tucker,2013-14,2490.0,0.8999999761581421,0.7667935601975242,0.6078320276691679,0.5283800633049484,0.5077501961224213,0.6826334785575486
Draymond Green,2013-14,1797.0,4.599999904632568,3.299393229761573,3.6910962979599335,3.612166368946343,3.530182822748116,3.309271788261466
Roy Hibbert,2013-14,2409.0,3.4000000953674316,3.2627422957945704,4.027692452504519,4.0540793003293,4.1626379247522936,3.311494029934463
Andrew Bogut,2013-14,1769.0,4.400000095367432,3.886165930794008,3.791626131805029,3.727353722993067,3.59863904100909,3.8372039855904663
Al Jefferson,2013-14,2553.0,1.7999999523162842,1.843373231114416,1.3952558487714795,1.4017568261378925,1.4505671909253035,1.8500499049364691
David Lee,2013-14,2288.0,1.2000000476837158,1.8991495304425796,1.6376294493372616,1.6110716143887434,1.6631533126288671,1.9087478128863842
Nikola Pekovic,2013-14,1663.0,2.200000047683716,0.58830232687186,0.7741243257074534,0.8338912735609293,0.8452341121859894,0.6356715618331981
Corey Brewer,2013-14,2609.0,0.699999988079071,1.3239366334753173,0.7903361629656026,0.6996841260900781,0.6669430905151518,1.2220475429114903
Tim Duncan,2013-14,2158.0,3.0,2.3613112077300378,2.4240586151421946,2.3635336552341704,2.4229594249740956,2.3576854729338463
Kyrie Irving,2013-14,2496.0,-1.2000000476837158,-1.7593506357490896,-1.3047915450674332,-1.3387412460585144,-1.3183475542552945,-1.7184923546047475
Kyle Korver,2013-14,2408.0,-0.6000000238418579,0.4714196994052938,0.5595652248410087,0.5924589491548617,0.5290851816991403,0.4788673802634025
Paul Pierce,2013-14,2098.0,1.7999999523162842,2.1670908474664152,2.2830413198281354,2.161842303467871,2.12413109373669,2.102907766676088
Gordon Hayward,2013-14,2800.0,-0.10000000149011612,-0.18532954743461538,-0.49621065030719086,-0.5698266874559882,-0.6578723407232897,-0.2924040343538356
Eric Bledsoe,2013-14,1416.0,2.200000047683716,1.4109388984705642,1.1040490769304276,1.1153700699299471,1.1034900926951507,1.382949629818789
Chris Bosh,2013-14,2531.0,1.0,2.132940516745377,2.2765656479209184,2.286731480983218,2.278440410774281,2.138683894199104
DeMar DeRozan,2013-14,3017.0,-1.2999999523162842,-1.2192234961038046,-0.9664068322039396,-0.9415413861416717,-0.8532577932163956,-1.1524220065046111
Reggie Jackson,2013-14,2277.0,0.4000000059604645,-0.10646722045855453,0.0027457273239347435,0.060918386125071625,0.07773645972103675,-0.05248733099618906
Russell Westbrook,2013-14,1412.0,0.4000000059604645,-0.8455324209352693,-0.38326773019091004,-0.36089547067862715,-0.35299636308258914,-0.7935372739766537
Monta Ellis,2013-14,3023.0,-0.800000011920929,-1.3278639975438788,-0.9425858056984512,-0.9668207048209829,-0.971095498054244,-1.332704461851758
Bradley Beal,2013-14,2530.0,0.4000000059604645,0.13947832098655977,0.17882153933504544,0.1944630281403009,0.2689734923086387,0.15447349245920294
Marc Gasol,2013-14,1970.0,2.799999952316284,1.5997344659073085,1.5321423564832033,1.4436237537205403,1.441430173990424,1.558673732814565
Josh McRoberts,2013-14,2360.0,-1.0,0.41931089125504656,0.5391878231095447,0.4935019835404074,0.4915580752504792,0.4290574625216238
Jared Sullinger,2013-14,2041.0,1.100000023841858,0.8729132966959424,1.3562654667419887,1.3746714193638994,1.2030799812695716,0.8609691198873519
Marco Belinelli,2013-14,2016.0,-1.2999999523162842,-1.333370553077731,-0.994199441473859,-0.9104954343596858,-0.855649255938003,-1.2430612243842203
Randy Foye,2013-14,2485.0,-1.399999976158142,-1.8594178075959327,-1.9016467979049962,-1.8560551642609835,-1.8806935817698291,-1.8529966431241534
Courtney Lee,2013-14,1973.0,1.0,0.9380702351114508,0.9961610841583706,1.0112418900868063,1.148656025555184,0.9625394224909568
Rudy Gay,2013-14,2531.0,-0.5,-0.5684426768006696,-0.7420284824330121,-0.7972421892054526,-0.7560474078113073,-0.6034849396980628
Jeremy Lin,2013-14,2054.0,1.7999999523162842,0.8599128314602683,0.6612258732914627,0.7193019200997995,0.7571470402316701,0.8420771597309337
Mike Dunleavy,2013-14,2584.0,0.10000000149011612,0.8792252939472489,1.3354685601770542,1.304402616274187,1.3573649963622485,0.9653168729078546
Amir Johnson,2013-14,2214.0,1.2000000476837158,1.5710102899084695,1.4111694988261212,1.4234750281146218,1.442642505768657,1.5552654143982725
Shane Battier,2013-14,1468.0,2.700000047683716,1.6320156524700404,2.1243922851297294,2.1814275451651985,2.2457054526586786,1.724443877061171
Luol Deng,2013-14,2213.0,0.6000000238418579,0.17006920445505214,0.3219467469140324,0.31540460333976333,0.34490206931895295,0.17793574789711133
Kris Humphries,2013-14,1376.0,3.0,0.8232403358455324,1.103440823354154,1.0682923690382515,1.1337461010726875,0.8728753200820396
Tiago Splitter,2013-14,1271.0,4.199999809265137,4.101278963792667,4.056370953913303,4.052964947325661,4.016393768551464,4.072456532619737
Boris Diaw,2013-14,1974.0,0.30000001192092896,0.3779909943893262,0.48127966819434637,0.49247903698503415,0.6672708705097938,0.45476035794724257
Shaun Livingston,2013-14,1974.0,0.8999999761581421,1.6059396993831605,1.4319660417498599,1.3782896355289624,1.3317466262508841,1.5207943623265727
Greg Monroe,2013-14,2690.0,-0.30000001192092896,-0.44695181818382074,-0.14781512348205608,-0.11887110418931038,-0.18893536245693632,-0.48468894241499483
Derek Fisher,2013-14,1428.0,2.0,1.4703357959683074,1.7718455926582297,1.7279162596346516,1.6932909563257525,1.480556709817317
Michael KiddGilchrist,2013-14,1502.0,4.400000095367432,2.021421163230932,1.6866218745708275,1.5849985054649083,1.4782974512511347,1.9072435602989668
Zach Randolph,2013-14,2705.0,-1.2999999523162842,0.23419034251718612,0.2222392202285612,0.2287038713585466,0.23195441087575408,0.2580854274576166
Jeff Teague,2013-14,2542.0,-0.5,-0.39821215528085574,-0.8656216628251481,-0.8800370587185138,-0.8708628313913972,-0.3950235988775967
Dwyane Wade,2013-14,1775.0,-0.20000000298023224,0.7871102561118284,0.1902053379746663,0.17730948718917372,0.15714372724526465,0.6913669131864918
Michael CarterWilliams,2013-14,2414.0,0.6000000238418579,0.06141491179085955,0.06346813470745843,0.002475457231589033,-0.055833121092135646,0.014616059160184124
Jae Crowder,2013-14,1254.0,3.0,2.0915601599724707,2.184163968214154,2.264502189784473,2.2238701437997697,2.096972013136682
Joe Johnson,2013-14,2575.0,-2.700000047683716,-1.6103659494271083,-1.2574127140560711,-1.2395949282902163,-1.2804018690061811,-1.5679799112326989
Lance Stephenson,2013-14,2752.0,-0.800000011920929,-0.02309027356591374,0.4503109528904479,0.3349000756481198,0.3975053723494525,0.05325821826972539
Tony Allen,2013-14,1278.0,2.4000000953674316,2.8774383977509927,2.890320886145385,2.903592372777167,2.8694782402610737,2.8177534969313576
Nene,2013-14,1560.0,3.799999952316284,2.731930219304957,2.7343923176574028,2.6939653459915016,2.6241658092707847,2.6828871461182433
Terrence Ross,2013-14,2159.0,-0.10000000149011612,-0.48957945262531827,-0.30564802227283694,-0.2978565301480025,-0.3132288421633883,-0.47405307030724503
Chris Andersen,2013-14,1396.0,1.600000023841858,2.1509119617078123,1.8375683207943276,1.8212434236344763,1.8256565085217538,2.1319749710859077
Kirk Hinrich,2013-14,2116.0,2.0999999046325684,2.2322197396540693,2.475667226403816,2.5286957557420573,2.543979364680627,2.2408719136468984
Iman Shumpert,2013-14,1962.0,1.0,1.9651976331054821,1.657699466861549,1.5580583351294777,1.398568408662348,1.8317159946363588
Nick Young,2013-14,1810.0,-1.5,-1.7201173509838261,-2.022127090387251,-1.9735493827360582,-1.8683752924291328,-1.716361028962889
Alec Burks,2013-14,2193.0,-0.699999988079071,-0.9394213037213011,-0.8197511375279903,-0.889493438572377,-1.0395229278980231,-0.9622023704394245
Jamal Crawford,2013-14,2094.0,-2.5,-2.100186973469255,-2.0033710749223177,-2.0087165788950316,-1.9462130128276627,-2.038141232399473
Tyreke Evans,2013-14,2028.0,-0.800000011920929,-1.2729569804019212,-1.43211759989138,-1.391972984678135,-1.4323173070335997,-1.2994175189805703
Spencer Hawes,2013-14,2470.0,0.5,-0.47891767181960976,-0.38800255660921734,-0.28931671243225704,-0.2560921373097823,-0.4459412334508562
Wilson Chandler,2013-14,1927.0,0.0,-1.16410109779033,-1.1774191839505075,-1.1351234319373713,-1.177606068975497,-1.143839902752094
Gerald Green,2013-14,2330.0,-1.2999999523162842,-1.0905905368355584,-1.0591958504111783,-1.038952707783211,-1.1277989859653115,-1.091736220585042
CJ Watson,2013-14,1193.0,3.200000047683716,2.693671764680082,3.447709949040629,3.3802076451513794,3.4489861786543248,2.685133241281238
Matt Barnes,2013-14,1735.0,-0.30000001192092896,-0.2973667193898839,-0.6621958267343176,-0.6231632183898547,-0.6338867609912937,-0.3236038726376058
Jose Calderon,2013-14,2468.0,-2.0,-2.2257306775391097,-2.168315823657216,-2.0873682392256305,-2.0532585238946086,-2.1847223449650586
Jrue Holiday,2013-14,1143.0,-0.10000000149011612,-0.3270428808874622,-0.5132867072215797,-0.5044313659270316,-0.549738865883258,-0.36547374827162166
Brandon Jennings,2013-14,2728.0,-2.799999952316284,-2.3227742510208866,-2.0151935990819108,-2.071775861553942,-2.070743067378191,-2.3124508468212026
Jodie Meeks,2013-14,2556.0,-1.2999999523162842,-1.9891935147401938,-1.9592909420859064,-1.9111693538343735,-1.8001266754608938,-1.9766185069183977
Kyle Singler,2013-14,2337.0,-0.30000001192092896,-0.718396207368105,-0.6995902529707094,-0.7394823399517418,-0.8019777622801997,-0.7450003839323455
Matthew Dellavedova,2013-14,1271.0,0.6000000238418579,0.12627862116287716,0.15431378503756574,0.15691309319488958,0.21480306480668016,0.15060400441832456
Pablo Prigioni,2013-14,1283.0,0.0,0.7198301076262262,0.6167817621351436,0.5656618849593612,0.4566210871993855,0.6444921604391396
Jonas Valanciunas,2013-14,2282.0,0.10000000149011612,0.7887051094497135,0.807536193672998,0.7645079401949978,0.7701570152478237,0.7927621518879617
Nick Collison,2013-14,1353.0,0.699999988079071,1.8063026182386082,1.231081329551051,1.1795197212571242,1.2936588831921334,1.8219018975520571
Tony Parker,2013-14,1997.0,-1.0,-1.3690340052339431,-0.9699946574984132,-0.87470994895181,-0.7752956584040634,-1.2501441744470059
Thabo Sefolosha,2013-14,1584.0,2.299999952316284,1.4328175114013257,1.5226203071369615,1.4529406587713385,1.5644655198235728,1.4372580688938887
Nikola Vucevic,2013-14,1812.0,0.8999999761581421,0.18148954125731465,0.7000415015972793,0.7049850141593703,0.6730744425732058,0.23655157366246568
DJ Augustin,2013-14,1939.0,-2.0999999046325684,-0.7519869659457574,-0.822024344028241,-0.7548487528602819,-0.7049492341415073,-0.6862531057007301
Avery Bradley,2013-14,1855.0,0.8999999761581421,-0.30637041311428664,-0.309861391915626,-0.36599101343271073,-0.36138919137399805,-0.3198235271493467
Taj Gibson,2013-14,2351.0,0.800000011920929,1.746884623341919,1.6767769801176036,1.7796415844658033,1.899514095228362,1.8206515685874294
Khris Middleton,2013-14,2460.0,-0.8999999761581421,-0.9835117599037784,-1.1240754420678751,-1.2002885174561855,-1.2330887030181006,-1.0268410362491511
Victor Oladipo,2013-14,2487.0,2.4000000953674316,1.5658798714713373,1.4173861508738206,1.3756055565410317,1.2955760317847176,1.5079063208807062
Nate Wolters,2013-14,1309.0,1.2999999523162842,0.42641122718897784,0.613187879875698,0.689741636567598,0.6130417142661482,0.4218059928546471
Ray Allen,2013-14,1936.0,-1.600000023841858,-1.5944440597428233,-1.4956968251650058,-1.4721232502375066,-1.4507054037409621,-1.5477187139377069
Andray Blatche,2013-14,1618.0,1.100000023841858,0.23276850300860136,0.516374462285182,0.49622978803430606,0.5152054937208245,0.2720013438635709
Samuel Dalembert,2013-14,1614.0,2.5,1.2324417809293073,0.7635866227969332,0.7816883276007022,0.6922665039308707,1.1738745130210542
Jeremy Evans,2013-14,1209.0,1.100000023841858,0.9199260528404473,0.6660238168411532,0.7019536836325713,0.6315127479818039,0.8388329340523885
Derrick Favors,2013-14,2201.0,0.4000000059604645,0.30465026155481345,0.06293485332094789,0.021162211400037347,0.05225635125436766,0.2333280629582142
Jeremy Lamb,2013-14,1538.0,0.0,0.6665452645383272,0.5657539744616163,0.49873021101832643,0.4697442288930046,0.6574593448991793
Shelvin Mack,2013-14,1490.0,-0.5,-1.5330338625749513,-1.187624102881994,-1.0454492618902653,-1.0303596896556138,-1.4326181749036624
Patrick Patterson,2013-14,1533.0,0.800000011920929,1.434445072664046,1.6582684192354242,1.5979574837123438,1.6416578722538442,1.432768924684939
Greivis Vasquez,2013-14,1779.0,-0.4000000059604645,-0.20124701298920816,-0.1782490547572749,-0.15774045749567173,-0.1280850922354147,-0.14270924574409244
Nick Calathes,2013-14,1173.0,3.5,2.2758294865160202,2.0211110538866297,2.0929073364717974,2.159792529516243,2.274885144952321
Omri Casspi,2013-14,1283.0,1.2999999523162842,1.1371493445813008,1.0413759517140275,1.0950488812444652,1.128184109972687,1.1469950084455307
Raymond Felton,2013-14,2017.0,-0.6000000238418579,-0.02134765823817084,-0.10882712679957147,-0.1874222399118853,-0.24805637329143354,-0.07742919896533752
Markieff Morris,2013-14,2153.0,-0.6000000238418579,0.02237328030765466,0.10782290127340875,0.0425354186674984,0.08810509179028313,0.043003934498026544
Anthony Morrow,2013-14,1426.0,-0.8999999761581421,-1.1588083253118628,-1.4061175951094844,-1.3523035146765403,-1.3740152214030295,-1.1639322643856547
Timofey Mozgov,2013-14,1770.0,1.100000023841858,1.2123459165137227,1.1798689057420315,1.1807958228574682,1.1530686576080575,1.2176365324200566
Josh Smith,2013-14,2730.0,0.800000011920929,0.46655968176044504,0.5839159772622058,0.5221339143192504,0.4414637609659033,0.4151259332558182
Terrence Jones,2013-14,2078.0,-1.600000023841858,-0.0434846635245939,-0.050722530436077384,0.025462909168503342,0.05738665523014963,-0.017320241008379745
Kosta Koufos,2013-14,1349.0,2.0999999046325684,2.1663652096895634,1.7252579384610172,1.6928341504787099,1.7427022847294675,2.155944928237483
Marcus Thornton,2013-14,1741.0,-0.8999999761581421,-1.4209006905697246,-1.203418564284076,-1.181561186167066,-1.075227460370405,-1.3478904712251052
Tyson Chandler,2013-14,1662.0,1.100000023841858,0.19342139041202566,0.31769323355402507,0.2940614428397569,0.2762878914492411,0.2011292584130936
Jared Dudley,2013-14,1729.0,0.20000000298023224,-0.05485948365865939,-0.15928684805606894,-0.1043693829038384,-0.07656459250678785,-0.014458088935098222
ETwaun Moore,2013-14,1506.0,1.0,1.169989953254962,0.7771678932165069,0.7913906438141933,0.8181970737894251,1.1239552830961093
AlFarouq Aminu,2013-14,2045.0,0.5,0.04757624989909863,0.3593961268860562,0.304413980483856,0.25627116030717084,0.04078402364911434
Anthony Tolliver,2013-14,1298.0,-0.30000001192092896,0.005411886151862569,0.0118137961984192,0.04335304892338672,0.05369257065845394,0.0749842097744656
Giannis Antetokounmpo,2013-14,1897.0,0.20000000298023224,0.27049084672341167,0.3219343119079707,0.2818476601169343,0.19346098226118502,0.22852439722949558
Alan Anderson,2013-14,1773.0,-0.10000000149011612,-0.48891468934445725,-0.4027096312355607,-0.43271317678194887,-0.4525155211718951,-0.48911820999342565
Kentavious CaldwellPope,2013-14,1583.0,0.20000000298023224,1.3251664131811596,1.0755302846163923,1.0230079195470096,0.9130299454494817,1.2498435291460188
Kenneth Faried,2013-14,2178.0,-2.4000000953674316,-0.3780309339303635,-0.2813302573939295,-0.2598776086416356,-0.3190030205215395,-0.41523053923677783
Maurice Harkless,2013-14,1950.0,0.4000000059604645,0.3512805966487488,0.39805918974665,0.40200288513924304,0.37613066113005383,0.3111423621953886
Brandon Knight,2013-14,2400.0,-2.299999952316284,-2.114232533292061,-2.014060170282071,-2.0020583272228945,-2.020213250358647,-2.1315704593811473
Ian Mahinmi,2013-14,1248.0,3.5,3.301497448713461,3.6731709304243614,3.635810250888813,3.7231603237071536,3.3421321802023884
JR Smith,2013-14,2421.0,-3.0999999046325684,-1.983304572975542,-2.024756516830589,-2.0298879972461905,-2.053498140505261,-1.986268712496614
Kyle OQuinn,2013-14,1188.0,1.600000023841858,1.7789542630939401,0.9670188053090752,0.9527865585179633,0.8637414608092818,1.6373203406599237
Gerald Wallace,2013-14,1416.0,1.600000023841858,1.7620250466910827,1.4949863326584045,1.551506438383544,1.4405400366200811,1.657125185176041
Marvin Williams,2013-14,1674.0,-1.7000000476837158,-0.7430549308545067,-0.4681210968731654,-0.49057724747892817,-0.5451445478195879,-0.748589887485674
Brandan Wright,2013-14,1077.0,-1.399999976158142,-0.7619798205260886,-1.0258070088475666,-0.9934709686065528,-0.931945419306538,-0.7434140639640759
Jordan Hill,2013-14,1500.0,-0.30000001192092896,-0.3003395254716039,-0.45960340296997004,-0.4297714766642716,-0.4335566409331302,-0.33010978476111513
Kevin Martin,2013-14,2177.0,-2.0999999046325684,-1.5224416208465783,-1.855229449812433,-1.7905891424205418,-1.7250744503372695,-1.4922529858197224
Mirza Teletovic,2013-14,1396.0,-2.200000047683716,-1.9273074110635509,-1.8191938054602368,-1.7483668969719508,-1.592647226679492,-1.8358254453235745
Jason Thompson,2013-14,2007.0,0.30000001192092896,0.6342343234305217,0.5299009501851965,0.5949791983821395,0.5788068618485716,0.6031805086077553
Dion Waiters,2013-14,2072.0,-0.800000011920929,-0.5074087864324758,-0.5736404776218829,-0.5926165107988894,-0.5578927294843692,-0.49474074943194585
Elton Brand,2013-14,1414.0,0.800000011920929,0.4785656939376554,0.2230374701310071,0.22331971811153525,0.30636385744886385,0.47200590431109357
Steve Blake,2013-14,1498.0,-0.30000001192092896,-0.9693124606365408,-0.5791847728952743,-0.5579544879391745,-0.6132813684861809,-0.9358696744324677
Shawn Marion,2013-14,2409.0,-0.20000000298023224,-0.5160637536085295,-0.4703011875720307,-0.4444712819677547,-0.4136532326893475,-0.5454069327270289
Arron Afflalo,2013-14,2552.0,-3.0,-2.902888697213142,-2.568145059434181,-2.5340208290835546,-2.4783107326994727,-2.807471700565009
Aaron Brooks,2013-14,1557.0,-1.7999999523162842,-1.6180005327116065,-1.5441277636712423,-1.5257362229233682,-1.4108690024204642,-1.582629933312959
Jordan Crawford,2013-14,1859.0,-1.899999976158142,-2.015954111316079,-1.680657449316579,-1.608993049253971,-1.5651200842029422,-1.937777934907822
Dante Cunningham,2013-14,1635.0,0.20000000298023224,0.19128444606571798,0.44141842697082717,0.47811198276653993,0.5016433703823724,0.22923602697916806
Kevin Garnett,2013-14,1109.0,3.5,3.1270379380665005,3.162279843298091,3.0752792823288857,3.064379766066232,3.0697594550972114
Amare Stoudemire,2013-14,1466.0,-0.20000000298023224,-1.386567967949567,-1.4606346703020576,-1.4795851674129274,-1.4306153728759121,-1.3609169840010598
Martell Webster,2013-14,2157.0,-2.5,-1.5376576288077883,-1.3430345133793262,-1.428831250471193,-1.4027026729664525,-1.5091905118716922
Steven Adams,2013-14,1197.0,0.10000000149011612,1.204710968172326,1.121440332578086,1.1976315315316624,1.2640415029468894,1.2293691213757156
Trey Burke,2013-14,2262.0,-2.200000047683716,-2.4743306797945612,-2.2690531531602183,-2.2134049765167694,-2.2634198617608363,-2.475416659244274
Gerald Henderson,2013-14,2461.0,-0.20000000298023224,0.14433800830546026,0.4021503424872449,0.3525727025450923,0.40949213925243394,0.1712208512948013
Kelly Olynyk,2013-14,1400.0,-1.2000000476837158,-0.20680152313206868,-0.588194104498852,-0.5914691874193921,-0.5714315225800206,-0.20948147671884454
Zaza Pachulia,2013-14,1325.0,0.30000001192092896,-0.42877527975489105,-0.5669542685764147,-0.5382301881531757,-0.6421635130396462,-0.48133806990933053
Phil Pressey,2013-14,1132.0,0.8999999761581421,0.8273628159859758,0.8022252310160563,0.8442639726198944,0.8974065809811163,0.8234752860377059
Austin Rivers,2013-14,1339.0,-0.8999999761581421,-1.4739503042392605,-1.5912000969487559,-1.5967803263099063,-1.6793641158205785,-1.469376780019888
Brian Roberts,2013-14,1667.0,-0.800000011920929,-1.8564836496477273,-1.7254204112558558,-1.6459903718869078,-1.6583823396760922,-1.8064641874619387
Ramon Sessions,2013-14,2214.0,-2.4000000953674316,-2.66449930113812,-1.998924259984825,-1.9947067464879753,-1.917803644128913,-2.499420387135584
Thaddeus Young,2013-14,2718.0,-1.2000000476837158,-0.4380688021257558,-0.6143489667772837,-0.6444022136930626,-0.750618496056857,-0.4761080466232076
Richard Jefferson,2013-14,2213.0,-1.600000023841858,-1.9766595435165177,-1.805240731871445,-1.8218800193752227,-1.889333937022316,-2.0320132411021135
Ryan Kelly,2013-14,1312.0,-1.899999976158142,-0.6617221700964199,-0.4999877425436533,-0.5238198777528866,-0.5519704531600843,-0.6677424387186345
Miles Plumlee,2013-14,1964.0,1.600000023841858,1.8123899377600292,1.5298053294119023,1.5386017456753185,1.5259250291657784,1.7842510514645185
Tayshaun Prince,2013-14,1948.0,1.2999999523162842,0.444061479057082,0.8348236973296473,0.8323147069553622,0.8480133748114307,0.49379361190902143
Cody Zeller,2013-14,1416.0,-0.20000000298023224,0.5803524478670227,0.516437665239286,0.47679296977337243,0.5680788258356196,0.630542890890657
Tobias Harris,2013-14,1850.0,-1.899999976158142,-1.1186114097118636,-1.0278130665400775,-0.9517783756795359,-0.8745602481033422,-1.0574266086651223
Ersan Ilyasova,2013-14,1478.0,0.699999988079071,0.7340430169816954,0.584001108136927,0.521837587593087,0.4005021336755912,0.6458407050165317
DeJuan Blair,2013-14,1214.0,-0.10000000149011612,0.7155425571814822,0.6587954658256288,0.6001211561684451,0.5787241225146711,0.6865269565694694
Darrell Arthur,2013-14,1161.0,1.899999976158142,1.7958402550545467,1.270043675949539,1.2908056902885938,1.2487442197980603,1.7518124165166995
Francisco Garcia,2013-14,1083.0,-1.399999976158142,0.06734327062801643,-0.5766360863214637,-0.5521512419153364,-0.5394350475879336,0.03839333726217243
Mason Plumlee,2013-14,1275.0,-0.8999999761581421,-0.9337102832862187,-0.9077570827083101,-0.9185545695034214,-0.9278589291617654,-0.8806478953749646
Norris Cole,2013-14,2014.0,-0.30000001192092896,-1.1410321964920482,-1.1084902187013377,-1.0768001317540479,-1.0719371694154758,-1.1203124719366475
Evan Fournier,2013-14,1503.0,-0.800000011920929,-0.9817313593482804,-1.1805267085547917,-1.1792281486410003,-1.164656098389452,-0.9611107498275927
Mo Williams,2013-14,1834.0,-1.600000023841858,-1.3564592280373327,-1.4985361727235709,-1.444542959636171,-1.4921985874417993,-1.3657328421725787
Andrea Bargnani,2013-14,1257.0,0.6000000238418579,-0.7927408077635096,-0.7100345752171069,-0.728514467959035,-0.7638552578873771,-0.7903697399091325
Jerryd Bayless,2013-14,1686.0,-2.4000000953674316,-2.2430441491344615,-2.0399412820959553,-2.095222910890205,-2.0055391423436286,-2.224550766581105
Pau Gasol,2013-14,1884.0,-0.800000011920929,-0.8432667358481958,-1.208419888904399,-1.0603007730979972,-1.0410064204827898,-0.8712158402885444
Jarrett Jack,2013-14,2252.0,-0.800000011920929,-1.4155553945061659,-1.301769547813612,-1.2326931820024711,-1.1712188132483052,-1.3649369794344923
Mike Miller,2013-14,1707.0,-3.0,-2.6241595061196463,-2.3207783514658518,-2.304333259707125,-2.2930943812962874,-2.557385132616684
Jameer Nelson,2013-14,2179.0,-3.700000047683716,-2.9464055185493554,-2.695254498960918,-2.6194695192746593,-2.5919352386754135,-2.8970091203848742
JJ Barea,2013-14,1471.0,-1.7000000476837158,-1.119790747541691,-1.253508069023956,-1.1929654436514887,-1.1914121334653478,-1.1030873492009041
Bismack Biyombo,2013-14,1072.0,1.100000023841858,1.485699915377423,0.6887541600589784,0.6607579847994298,0.8880786275251848,1.4802217339298602
Trevor Booker,2013-14,1553.0,-2.700000047683716,-1.04307134549788,-1.0241181498045864,-1.0201166283030325,-1.0409224479636638,-1.0227024008587484
John Salmons,2013-14,1726.0,-0.20000000298023224,0.029826427417516312,0.1414429320784778,0.2130870567731552,0.21245994070633006,0.05984190855561479
Travis Outlaw,2013-14,1065.0,-1.2999999523162842,-1.2810631654903288,-1.0548645573376798,-1.036417359018172,-1.007382969922795,-1.2262361858356872
Lou Williams,2013-14,1445.0,-4.0,-3.2158278800101376,-3.065788283873835,-3.055579504322909,-3.0532779230345035,-3.134724434407914
Glen Davis,2013-14,1662.0,0.4000000059604645,-0.08120517922342964,0.6315667150741211,0.6154186917309693,0.7182790701368478,0.0661190282609314
Lavoy Allen,2013-14,1072.0,-0.4000000059604645,-1.6076576470100528,-1.726587653509473,-1.7873049846012148,-1.5822692098688842,-1.5361923928815053
Kendrick Perkins,2013-14,1207.0,1.7000000476837158,2.043353439332838,1.2811361970441442,1.3261633980062917,1.358527092132101,1.996960116810184
JJ Hickson,2013-14,1859.0,-0.10000000149011612,-0.4953013501139828,-0.41938985469201445,-0.3766736639563837,-0.38802256799857726,-0.4473110352213785
OJ Mayo,2013-14,1346.0,-2.0999999046325684,-1.890322951347696,-2.112207067789089,-2.147219344806218,-2.164059713209962,-1.8763435116367362
Brandon Bass,2013-14,2266.0,-1.2000000476837158,-0.7658447474204979,-0.7058674272531947,-0.6868212065199744,-0.6972258708395118,-0.7406870504774938
Luis Scola,2013-14,1399.0,0.0,0.9517497265553049,1.0692864490387723,1.0206282024418956,1.1842774712293407,1.0481740039331042
Tony Snell,2013-14,1231.0,-0.800000011920929,-1.1535064848642897,-1.0163094379135846,-0.9373275740317936,-0.9051913283626871,-1.058012966511955
Caron Butler,2013-14,1419.0,-2.0999999046325684,-1.6406696730542039,-1.394827912896577,-1.298444286864484,-1.276896400755681,-1.6048434796189832
Eric Gordon,2013-14,2057.0,-3.9000000953674316,-3.5633901656598166,-4.879026735730452,-4.860579952006551,-4.865429060025785,-3.5378573269122473
John Henson,2013-14,1856.0,-1.0,-0.9555452600642028,-1.0211307086289272,-0.9420535836961306,-0.9338985114534064,-0.9748664460566564
Luke Ridnour,2013-14,1141.0,-2.200000047683716,-2.7824362079521077,-2.4924617665224207,-2.4254845185116833,-2.4451811196825464,-2.757240196355668
Robert Sacre,2013-14,1089.0,0.20000000298023224,-0.16696314039516308,-0.5125169375669697,-0.5796266250284487,-0.46040539797392516,-0.201560897152823
Hollis Thompson,2013-14,1742.0,-3.0,-1.7704411458751155,-1.7285573649732298,-1.749871333639916,-1.7485952902898272,-1.785845724221239
James Anderson,2013-14,2309.0,-1.399999976158142,-1.461519173048921,-1.5970825406689082,-1.5520556496251785,-1.670420550477289,-1.4826109407953134
Wesley Johnson,2013-14,2240.0,-1.2000000476837158,-0.6479181667889717,-0.804493662930054,-0.794288793283765,-0.8225735876559278,-0.6967702618535379
Rodney Stuckey,2013-14,1950.0,-2.4000000953674316,-2.7337795616560228,-2.5743395591507188,-2.5243012935761793,-2.5608861256901774,-2.705098310874376
Kendall Marshall,2013-14,1564.0,-4.300000190734863,-3.507343298319474,-3.445705723583101,-3.341723535457602,-3.2599117707484355,-3.4505189030647996
Tony Wroten,2013-14,1765.0,-1.5,-1.4601143202641769,-1.8057794735819053,-1.8555205489287572,-1.9522145175701324,-1.4869665579477906
Tristan Thompson,2013-14,2594.0,-2.799999952316284,-1.173684670296583,-1.1914401847911777,-1.1019434860345918,-1.1132491150585264,-1.1772553852434988
Andrew Nicholson,2013-14,1174.0,-0.800000011920929,0.1637776586489145,0.040946000101242816,0.08578865105390591,0.06760241356646868,0.18898774022437287
Gary Neal,2013-14,1114.0,-4.699999809265137,-3.477953897665171,-4.352917218408739,-4.219172699587225,-4.161576221056384,-3.430293359842457
Derrick Williams,2013-14,1820.0,-2.200000047683716,-1.3084342670925093,-1.1265361509839227,-1.110672605670558,-1.157137693629709,-1.2714309837534277
Jeff Green,2013-14,2805.0,-2.200000047683716,-1.0680462262077648,-1.1607166936724076,-1.1772884014704603,-1.1730187228452382,-1.0753107612704418
Mike Scott,2013-14,1482.0,-2.9000000953674316,-2.2652008091180065,-2.1912472009148014,-2.085550205290055,-2.0286809539827284,-2.1982002055374967
Harrison Barnes,2013-14,2204.0,-0.6000000238418579,-0.3588411677872164,-0.033333815638972614,0.021116700472877056,0.03484010188385265,-0.30752868881537404
Evan Turner,2013-14,2457.0,-1.899999976158142,-2.4034417419397682,-2.196508229395447,-2.1974980395457937,-2.127549050904362,-2.3402560525824643
Tim Hardaway Jr.,2013-14,1875.0,-5.5,-3.176846528224429,-2.762769607855887,-2.6865362617927437,-2.6756642258696033,-3.1122821051436347
Elliot Williams,2013-14,1157.0,-3.700000047683716,-2.188179929581317,-2.4025424583735884,-2.3351568867343806,-2.2788087370283394,-2.210102349206354
Carlos Boozer,2013-14,2141.0,-1.2999999523162842,-0.25682061678818097,-0.021091087921416923,0.04318498644794805,0.08340893893460619,-0.17327829778582277
Ben McLemore,2013-14,2187.0,-3.700000047683716,-1.8284780281306918,-1.85734269183127,-1.8884756774480576,-1.9226608876751152,-1.8473910659791837
Chris Paul,2014-15,2857.0,2.0999999046325684,0.6317778921691651,0.4884996978960915,0.39016544318335905,0.31181397674735173,0.5619245911150178
James Harden,2014-15,2981.0,0.10000000149011612,0.12721550808884413,-0.020301378674282097,-0.13554843555413823,-0.07270268580804562,0.07095792489919109
Anthony Davis,2014-15,2455.0,4.5,3.307800719478778,3.1280898358186695,2.989752102653154,2.7831543586597465,3.1604938948641172
Kawhi Leonard,2014-15,2033.0,5.199999809265137,3.4230452292224323,3.9750393776676893,3.9414535770522394,3.9176206962152915,3.419989365947615
Draymond Green,2014-15,2490.0,5.099999904632568,4.853110927297028,5.340440552246626,5.402810368527923,5.341416430540283,4.793963010271166
Danny Green,2014-15,2312.0,3.0,2.5002466719350407,2.360793679940064,2.3864284959143935,2.319387804199066,2.470493250529386
Kyrie Irving,2014-15,2730.0,-0.8999999761581421,-0.9948563835787209,-0.967484603320917,-0.9290565765626433,-0.9833083918469858,-0.9715093386639332
DeAndre Jordan,2014-15,2820.0,1.2000000476837158,2.1799191992561537,1.8670352143960276,1.7851626577150599,1.620340687735411,2.056702792959691
Klay Thompson,2014-15,2455.0,1.0,1.23319369432414,1.3579163032806778,1.2903272898886684,1.2775199527107266,1.2380156660816646
LeBron James,2014-15,2493.0,-0.10000000149011612,0.45383605646986447,-0.1841348203747735,-0.14548651717992042,-0.24221520363328577,0.3632603540058682
Russell Westbrook,2014-15,2302.0,-0.5,-0.6029441234295516,-0.7585444700600066,-0.762541122171661,-0.8819362868941059,-0.6415087594490455
Marc Gasol,2014-15,2687.0,2.5999999046325684,1.3318140825906206,1.1537748522697648,1.167254739457545,1.0629739339312239,1.290433418615963
Kyle Korver,2014-15,2418.0,0.10000000149011612,0.552003260902763,0.6692616105145784,0.6302521400326356,0.5973454600175071,0.5935112684032222
Khris Middleton,2014-15,2378.0,3.0999999046325684,2.5461698960086596,2.654492388858233,2.6364178273223864,2.7378475266895337,2.5287632962297963
LaMarcus Aldridge,2014-15,2512.0,1.899999976158142,0.4721334750446792,0.26549152043010743,0.173914879690975,0.287880571179537,0.48480012347694823
DeMarcus Cousins,2014-15,2013.0,4.400000095367432,3.739099637204709,3.9214045508909834,3.8350861939530105,3.626079011792241,3.621722258008597
Gordon Hayward,2014-15,2618.0,0.20000000298023224,-0.04764832273209714,-0.06712594488095734,-0.0815532433397949,-0.12422260191403459,-0.0756114083050855
Kyle Lowry,2014-15,2414.0,0.6000000238418579,0.766895784009842,0.7225121092618698,0.6621589815469608,0.5231504799961619,0.6961553024761827
Eric Bledsoe,2014-15,2800.0,1.2000000476837158,1.4084806972085038,1.0485485768807508,1.005694301241459,0.92878914618195,1.3153301518899538
Damian Lillard,2014-15,2925.0,-1.2999999523162842,-0.9042596182190744,-1.0295410295385998,-1.0378323368944025,-0.946789346458415,-0.8768206260577346
Kevin Love,2014-15,2532.0,1.600000023841858,1.2469167616996188,0.9069677245305887,0.9531537212427952,0.8964678305654028,1.20868711813567
Rudy Gobert,2014-15,2158.0,4.800000190734863,4.411509857895102,4.083795319855824,4.033090389884751,4.041036158283909,4.336932653016447
Paul Millsap,2014-15,2390.0,2.4000000953674316,1.7359559931439263,1.5101156276887613,1.4976457714057902,1.387066848865009,1.690243639281529
Jimmy Butler,2014-15,2513.0,-0.20000000298023224,1.2950321200746502,1.1744479071908036,1.1576108297931662,1.04630085433388,1.245487055544324
Marcin Gortat,2014-15,2453.0,3.5999999046325684,3.0629208120997355,3.151456108265047,3.145512417928291,3.082455055398448,3.0723660174981475
JJ Redick,2014-15,2409.0,0.699999988079071,0.05011951836702504,0.07237070912295254,0.07962844740692172,0.06331911266211024,0.06608531390101992
John Wall,2014-15,2837.0,0.0,1.300922798523354,1.227965965767297,1.1833939727535288,1.1257483362267102,1.2919513625238426
Tim Duncan,2014-15,2227.0,3.5,2.884213520944828,2.961570900581194,2.9015113813095446,2.951691213430806,2.898972712765514
Ty Lawson,2014-15,2665.0,-1.7999999523162842,-2.3773778694747865,-2.375283612572394,-2.3062580100154744,-2.3079493646519285,-2.362586095899763
Wesley Matthews,2014-15,2024.0,1.2999999523162842,1.5141114109429734,1.7400593082604316,1.662438939510247,1.6484550928751325,1.5190663017246075
Zach Randolph,2014-15,2304.0,1.2999999523162842,0.9334653567136199,1.0974937698139098,1.0773940912192046,1.0848103749141857,0.9550848336289864
Mike Conley,2014-15,2225.0,0.5,0.10601462879074268,0.11075179553748296,0.10870343635299254,0.08631750068294658,0.09638229880792576
Rudy Gay,2014-15,2408.0,-1.100000023841858,-1.1519661022393548,-1.4556800705851658,-1.419966862264919,-1.4928600505712786,-1.199337507814055
DeMarre Carroll,2014-15,2189.0,1.0,0.49335580068110524,0.521394679542341,0.53939932701612,0.39533448250554937,0.4685762411598368
Tyson Chandler,2014-15,2286.0,2.5999999046325684,2.0377819587473764,1.8341175478015308,1.8172397404423415,1.907817778066669,2.0321755183906096
Jeff Teague,2014-15,2228.0,0.5,0.6751632331129966,0.711780728234795,0.7699960446267252,0.7258745327131242,0.6954881298442429
Tony Allen,2014-15,1648.0,4.800000190734863,4.165944570738653,5.147115183456152,5.2231371559537285,5.161322207041301,4.1700619464767295
Lou Williams,2014-15,2016.0,-2.200000047683716,-0.9146684185490949,-0.9364927125325131,-0.9540590120134267,-0.9431320005506193,-0.9245295721833772
Nikola Mirotic,2014-15,1654.0,2.200000047683716,1.7587399738338183,1.775102945354369,1.7223332278766832,1.758008858120057,1.763652561543664
Monta Ellis,2014-15,2699.0,0.800000011920929,1.107069628729004,1.0337343030409067,1.0394464869876459,1.0350636284133319,1.077018941874824
Derrick Favors,2014-15,2280.0,2.0999999046325684,2.326355573047899,1.9876766822867449,1.9336004741955704,1.845691822665959,2.2644360816427125
Blake Griffin,2014-15,2356.0,-1.2000000476837158,-0.11305119755305051,-0.41106939265291076,-0.3953091629747314,-0.35824720770212826,-0.132963062624666
Serge Ibaka,2014-15,2116.0,3.0,2.2466247889884783,1.7171541455985373,1.6753115305854678,1.7229616155466796,2.194868291540215
Al Horford,2014-15,2318.0,1.600000023841858,1.654549934121179,1.7558102601970167,1.7372932004550738,1.7594539693061555,1.658183852054819
Luol Deng,2014-15,2421.0,-0.10000000149011612,-0.7811891872989389,-0.630418425507184,-0.6394841427422696,-0.6666821379100785,-0.7618935433651615
Darren Collison,2014-15,1565.0,2.299999952316284,0.5043708955773006,0.34430034575182844,0.31229872223195937,0.33193409207258806,0.48328635767851397
Tyreke Evans,2014-15,2690.0,-1.2999999523162842,-0.6919683222493787,-1.1108933439009272,-1.0418839334137369,-1.056129111452414,-0.7258921579928959
George Hill,2014-15,1267.0,1.7000000476837158,1.465545968477324,1.4539481360577233,1.4746583579184218,1.4812592177478665,1.4751950692354552
Kemba Walker,2014-15,2119.0,1.2000000476837158,0.7096124252125676,1.0162795949052843,1.0354195823198962,1.0813297305676797,0.752251637787425
Andrew Bogut,2014-15,1583.0,4.699999809265137,4.750224278554423,5.304542670117004,5.281261086257163,5.398906367178176,4.714468782943753
Joakim Noah,2014-15,2049.0,2.5999999046325684,2.1363581381701153,1.7122081651971839,1.687096093954155,1.712544508273175,2.117262193132207
Matt Barnes,2014-15,2271.0,0.699999988079071,0.9331829797318973,0.5736021674272269,0.5135735017743357,0.4170807586290095,0.8387834098273846
Anthony Morrow,2014-15,1806.0,0.10000000149011612,0.2468124385004029,0.4405627232091677,0.38887595867738056,0.3568499337675602,0.22748910666999833
Chandler Parsons,2014-15,2186.0,-0.800000011920929,-0.364293573746345,-0.5403976732713649,-0.5446799737398172,-0.5681572967748947,-0.39412688896981063
Pau Gasol,2014-15,2681.0,0.5,1.7620931747582342,1.4138894512478193,1.3871543517454097,1.5721621952987501,1.7533240727766308
Manu Ginobili,2014-15,1587.0,1.399999976158142,1.821729772598969,1.755486628750572,1.7206754859592772,1.6527975456597674,1.7867936482021465
Zaza Pachulia,2014-15,1730.0,3.200000047683716,2.9290108763874376,2.987267431002474,3.0178696336995112,3.0151049437565525,2.9639493437511897
Patrick Patterson,2014-15,2156.0,-0.800000011920929,-0.1922210479722453,-0.21404252196216172,-0.2966858222413846,-0.31464447970483583,-0.21365503940917918
Devin Harris,2014-15,1685.0,0.4000000059604645,0.8537629572559414,0.9101826674513138,0.9015193010898004,0.9204693749666475,0.8538995367459119
Reggie Jackson,2014-15,2268.0,-0.800000011920929,-0.43511638804700553,-0.7265293980739693,-0.7125091856130722,-0.7009515309867513,-0.44475395168965615
Thaddeus Young,2014-15,2434.0,0.4000000059604645,0.16520173146997702,0.2650557101780148,0.20106571729040323,0.1973185108237346,0.12167028542044334
Trevor Ariza,2014-15,2930.0,0.30000001192092896,0.750196593176572,0.9077817742367398,0.8673219161538208,0.811108071205839,0.6855099685976931
Elfrid Payton,2014-15,2489.0,0.20000000298023224,-0.1730372823646016,-0.40097712731408724,-0.43495580581095417,-0.4525993887888443,-0.2242293416783948
Marcus Smart,2014-15,1808.0,1.7999999523162842,2.020656095134948,1.8700727417524048,1.8605575550918698,1.7646698798911638,1.9372728605101726
Bradley Beal,2014-15,2107.0,0.5,0.3741231849242898,0.16504987934158744,0.21972712080666643,0.2238619422855897,0.36141537366726106
Andre Iguodala,2014-15,2069.0,1.600000023841858,1.811739493788631,1.6879355789659496,1.739127014568079,1.6934404218801238,1.8061775992676057
Timofey Mozgov,2014-15,2045.0,2.4000000953674316,1.804768885611233,1.4742337578470284,1.4317472401828626,1.4344067374193008,1.7764570688000891
Dirk Nowitzki,2014-15,2282.0,-1.2999999523162842,-0.5622082242831207,-0.7742586206201669,-0.8064167317206941,-0.6721704612497262,-0.5652651804384243
PJ Tucker,2014-15,2383.0,1.2999999523162842,1.6180620475987302,1.6708925596044408,1.6402668399310807,1.47363953656074,1.5619153107144974
Deron Williams,2014-15,2114.0,0.0,-0.5099891649245503,-0.8593186505587755,-0.848945209167259,-0.9101488016081334,-0.563642737040168
Mario Chalmers,2014-15,2368.0,1.5,1.6066693655140303,1.0651138139328176,1.04192345674225,0.9396632182472471,1.4852625029387803
Goran Dragic,2014-15,2640.0,-1.600000023841858,-0.791216237433009,-0.7676604006335612,-0.8029990295489324,-0.809894384346086,-0.7884840973599097
Danilo Gallinari,2014-15,1426.0,0.20000000298023224,0.3740515807306034,0.41414773552028056,0.40282125337100005,0.32880895234554164,0.35098185652431235
Kentavious CaldwellPope,2014-15,2587.0,-0.4000000059604645,-0.09598673302253818,-0.2119703499707587,-0.18290760505774184,-0.1127935816287399,-0.10239950267501872
Jae Crowder,2014-15,1647.0,0.30000001192092896,0.5571526231901969,0.6681953614108458,0.6874842313573414,0.7032868915155301,0.5582836586791792
Jared Dudley,2014-15,1717.0,1.7999999523162842,2.0003792870396526,2.0263651747272116,2.000632707895702,1.9594452491505572,2.0142739515583843
CJ Miles,2014-15,1841.0,0.20000000298023224,0.9642992532424068,1.1557750055034473,1.116658757871988,1.0725924606160362,0.9749800810157423
Kelly Olynyk,2014-15,1423.0,2.0999999046325684,2.0321166105401693,1.9765690162954015,2.0212606158865336,2.0543713555958028,2.037781158387566
JR Smith,2014-15,2080.0,-1.0,-0.577562688761631,-0.7666850237110469,-0.7686773949975789,-0.7116190686070263,-0.5861194246981781
Jonas Valanciunas,2014-15,2096.0,1.2000000476837158,0.6373927885823479,0.3420794066459095,0.34314345756135656,0.2835005014821237,0.5818736418264447
Ed Davis,2014-15,1840.0,0.4000000059604645,-0.3668897936127813,-0.29694108811362874,-0.3770225680000796,-0.5238897494459351,-0.4588110421609927
Jonas Jerebko,2014-15,1230.0,2.799999952316284,2.4831797075561672,2.824170679199706,2.835917693949483,2.917824265417385,2.4983622065157274
Jeremy Lin,2014-15,1907.0,0.4000000059604645,-0.054040648482395995,-0.3520944876374621,-0.41453250630691046,-0.4299448352597842,-0.14832306303053355
Brook Lopez,2014-15,2100.0,0.6000000238418579,0.7076843774638201,0.7219030840507015,0.6722987921565473,0.6340003792380919,0.6747841780003121
Nicolas Batum,2014-15,2380.0,-0.20000000298023224,0.23651492224868348,0.1958802193760522,0.1914577766507039,0.15770631941307567,0.2004093702003784
Robert Covington,2014-15,1956.0,-0.20000000298023224,1.3732255122040757,1.3357889951596584,1.2799302012486202,1.1827387062631718,1.329979063950992
Michael KiddGilchrist,2014-15,1587.0,3.0,2.002704086382878,1.7276412560513075,1.718812205065664,1.6703704534906225,1.949268808987976
Paul Pierce,2014-15,1914.0,0.20000000298023224,0.7703625472358624,0.5937842204562164,0.6416855374486763,0.6322586418407982,0.7640492483884588
Isaiah Thomas,2014-15,1726.0,-2.9000000953674316,-0.922139862001487,-1.5808029512891326,-1.5692398014341062,-1.6232587208933833,-0.9740644063863888
Jrue Holiday,2014-15,1303.0,-0.6000000238418579,-0.4355598978365334,-0.6019156474726534,-0.5631814818208986,-0.5617895780993969,-0.4433641977464992
Ersan Ilyasova,2014-15,1319.0,0.4000000059604645,1.0582555211465239,1.2481830954355604,1.2575162151123132,1.2560712344829936,1.064538963619386
Amir Johnson,2014-15,1979.0,0.800000011920929,0.7012576433062452,0.7203153019394171,0.7645870103130193,0.7210547697625864,0.7000378571157934
Iman Shumpert,2014-15,1545.0,2.299999952316284,1.5186576206831568,1.3247093015850184,1.3196694906037083,1.2840701355041255,1.4807592811995882
Cody Zeller,2014-15,1487.0,2.0999999046325684,1.676797508107322,1.6911999557813902,1.6307120049449697,1.7646781120218122,1.7163239957343315
Patrick Beverley,2014-15,1727.0,1.0,0.34866433198167124,0.035761841020331114,0.04290105076398855,0.025707367006353343,0.28069679520875307
Kenneth Faried,2014-15,2086.0,-0.10000000149011612,-0.3365037885377558,-0.13092935794942717,-0.18451569259172498,-0.23166705635283558,-0.3542167962470775
Brandon Jennings,2014-15,1173.0,0.10000000149011612,-0.8279334605982662,-0.5951891471612649,-0.5657013841190929,-0.5578061341415075,-0.7726326504795925
Josh Smith,2014-15,2300.0,2.5999999046325684,2.518961908143914,2.3859235905562564,2.3556575006191185,2.428045836959766,2.5009852818955887
AlFarouq Aminu,2014-15,1366.0,2.5999999046325684,2.6122348391466668,2.33120040701571,2.273591420616249,2.274546074099849,2.5235459703540886
Corey Brewer,2014-15,2087.0,0.8999999761581421,1.1898819332909392,1.1757896848907803,1.1176651812296774,1.0253101352154996,1.116788101846756
Gerald Henderson,2014-15,2315.0,1.100000023841858,0.698752686904725,0.9782779781788218,0.9616403401048227,0.8954082289256547,0.7305466351210766
Ben McLemore,2014-15,2670.0,-0.4000000059604645,-0.25244482914889116,-0.8536396041099317,-0.8735630820338426,-0.9180064806626733,-0.31821294408850603
Markieff Morris,2014-15,2581.0,0.8999999761581421,1.6662706852266076,1.5461595485723012,1.539191888544797,1.4600480879565423,1.6058442890796683
James Johnson,2014-15,1370.0,1.2999999523162842,1.457943738444377,1.3441651052019399,1.3576305944202745,1.3188899786373418,1.3851336672713095
Andre Roberson,2014-15,1286.0,3.4000000953674316,2.631916295590347,2.361543950422215,2.3054081034978298,2.223407029187769,2.5402608838322407
Brandon Knight,2014-15,2035.0,-0.20000000298023224,0.20375136862769386,0.5132570844194796,0.43584513382125234,0.3967301128507381,0.19002266556619027
Brandan Wright,2014-15,1449.0,1.2999999523162842,1.7337763664146832,1.7650924314074816,1.7556711904420166,1.835253750994245,1.742963022808703
Omer Asik,2014-15,1982.0,2.4000000953674316,1.1415651617320286,0.8785177837055722,0.828453391363601,0.6904170126327587,1.1152926332840216
Andre Drummond,2014-15,2502.0,0.4000000059604645,1.0838621564772268,0.8010829168178598,0.6949067487484276,0.5780290651385255,1.0161977554899708
Greg Monroe,2014-15,2137.0,0.20000000298023224,1.6666811070072312,1.3341039056946684,1.345059563685905,1.2755658227644087,1.585395414785975
Jared Sullinger,2014-15,1566.0,0.5,0.8135257353799843,1.0576510124209775,1.032846546783182,1.0928659227668636,0.832753286102502
JJ Barea,2014-15,1362.0,-0.30000001192092896,-0.8143171241625007,-1.0355011354173522,-0.9179703248445608,-0.9180159155885946,-0.7932007426472983
Marvin Williams,2014-15,2035.0,0.8999999761581421,0.8483847291258622,1.0847278134960034,1.0623803426057727,1.0402658506700946,0.8712683631251914
Alan Anderson,2014-15,1744.0,1.399999976158142,0.8882555407392967,1.0863783740269346,1.1183759416738535,1.072723388342219,0.9027937375432756
Carmelo Anthony,2014-15,1428.0,-2.5,-2.630847682845386,-2.425260981087589,-2.3829200859483564,-2.4404511474288024,-2.5898343040450835
Cory Joseph,2014-15,1444.0,0.5,1.3861334993191068,1.1748393545629408,1.1716634661468883,1.250667815706901,1.4279841526022679
Donatas Motiejunas,2014-15,2037.0,0.800000011920929,1.2779517377977911,1.2370542086619216,1.260485037752208,1.2498304822071185,1.2951126725207915
Nene,2014-15,1693.0,2.799999952316284,2.189245593529641,2.1515954614158286,2.1655072351783997,2.101574852238004,2.179742423324014
Derrick Rose,2014-15,1530.0,0.800000011920929,-0.5241636142166445,-0.45678892153977435,-0.4442391536695996,-0.3949437163776084,-0.46076611775432486
Luis Scola,2014-15,1659.0,0.6000000238418579,1.2248486508363072,1.1290068707589178,1.147933058940461,1.1771362828371648,1.2750391746787673
Rodney Stuckey,2014-15,1874.0,-0.20000000298023224,0.09374518765642732,0.11651569896626451,0.11015314222356587,0.14273553201787528,0.10991392823364902
CJ Watson,2014-15,1422.0,1.100000023841858,0.6701240605588558,0.45302968503930546,0.36817873367394377,0.4401007063550356,0.6591633844354852
Harrison Barnes,2014-15,2318.0,-0.10000000149011612,0.6794117089073616,0.9197621057521714,0.8759910033089092,0.924905052542234,0.7107667015857444
Mike Dunleavy,2014-15,1838.0,-0.5,0.9143827143147866,0.9567059352030582,0.9221678321856542,0.8911166499594714,0.9074679492005194
Robin Lopez,2014-15,1638.0,1.399999976158142,1.1696907743623521,0.5558062637239829,0.566383686638464,0.6711510074268681,1.1560266752447954
Trevor Booker,2014-15,1564.0,0.8999999761581421,1.2856600866263934,0.8833206012414687,0.8518121749274907,0.9289322568350953,1.2943878522978496
Joe Johnson,2014-15,2791.0,-2.5999999046325684,-1.975359112749212,-1.7710058904732002,-1.8522130625787212,-1.9719885859249056,-1.9873164334415752
Victor Oladipo,2014-15,2573.0,-1.100000023841858,-1.01115815974174,-1.0730361943650446,-1.0737163981165092,-1.151192051411813,-1.0600011913156318
Pablo Prigioni,2014-15,1197.0,1.7999999523162842,0.24733222898403998,0.9327499292944337,0.951953182778307,1.0575884245472995,0.32240040533163516
Jason Terry,2014-15,1641.0,0.30000001192092896,0.6939549549194762,0.6523540789962419,0.6757417842550434,0.7069083887039767,0.6995649752808325
Tristan Thompson,2014-15,2194.0,0.0,-0.25052127158051635,-0.3584435886848741,-0.31239393021469364,-0.31851364192918974,-0.2255709914049091
Steven Adams,2014-15,1771.0,2.0,1.4127502016340465,1.2789184894752335,1.304589288266485,1.2582938883645958,1.3883015535288743
Amare Stoudemire,2014-15,1245.0,0.20000000298023224,-1.2559873468395815,-1.7865612860448472,-1.6451916793822214,-1.6230835557851262,-1.242578536976411
Mo Williams,2014-15,1980.0,-1.399999976158142,-1.2913470627640802,-1.7115138474323521,-1.6568037208175679,-1.6280842045876565,-1.2990814256820036
Wilson Chandler,2014-15,2471.0,-1.600000023841858,-1.494732507362286,-1.4167383986945012,-1.4166682732122737,-1.3802024920992086,-1.5123171517025016
Langston Galloway,2014-15,1457.0,1.2999999523162842,0.1777808441160491,0.47904614485540453,0.5236217050785849,0.45143637935049646,0.16917495605040808
Tony Snell,2014-15,1412.0,0.4000000059604645,-0.39159560712578434,-0.2656897541081862,-0.25413744885115164,-0.161894488464771,-0.3391377856162081
Tyler Zeller,2014-15,1731.0,0.30000001192092896,0.6211056100379957,0.44359130450832657,0.4912483136508189,0.5418143049765325,0.6402027577813467
Roy Hibbert,2014-15,1926.0,2.0,1.7473543041257202,1.3009428986064366,1.4130155939915672,1.3450440879830454,1.7368044670746567
Dwight Howard,2014-15,1223.0,1.899999976158142,2.209463496534012,1.8619189300078944,1.8900048076526583,1.771583857440967,2.1794676776693174
Dwyane Wade,2014-15,1971.0,-2.5,-1.2774747660539405,-1.6499595267256113,-1.6641159449766865,-1.7454658781135732,-1.3112607136506484
Giannis Antetokounmpo,2014-15,2541.0,-0.4000000059604645,0.6608018201119008,0.888841525511874,0.8843633538432027,0.8162619174825552,0.6706192671221538
Wayne Ellington,2014-15,1675.0,-0.5,-0.9486812528090222,-1.1092636004656533,-1.0436784119005886,-0.9747793491813412,-0.9255628797392154
Gerald Green,2014-15,1446.0,-2.0,-2.2314988921952925,-2.125717997744161,-2.100141144330442,-2.153177203409698,-2.2052145712261333
Ryan Anderson,2014-15,1675.0,-1.7999999523162842,-2.351608277278043,-2.2231866598583223,-2.245404766560041,-2.18332036042816,-2.3024858209154755
Chris Bosh,2014-15,1556.0,0.4000000059604645,-0.16450454104476508,0.22854708105342153,0.2557779470297093,0.28523740487776655,-0.11206403132766574
Michael CarterWilliams,2014-15,2149.0,2.299999952316284,2.0652368168987687,1.8602789115005303,1.7616953238827286,1.6583377697072266,1.973652519561272
Tobias Harris,2014-15,2369.0,-1.0,-0.8955880100007362,-0.8235453834433125,-0.8490039688295059,-0.7720446710160352,-0.899594391507786
Alex Len,2014-15,1518.0,2.5,1.6263973957995659,1.1458420202666313,1.152626220387832,1.095630889110446,1.5625418911764006
Jeff Green,2014-15,2454.0,-0.800000011920929,-0.9469089112215986,-0.6583943996763398,-0.5909305419066725,-0.5749843452459173,-0.8845484642397876
Taj Gibson,2014-15,1692.0,0.800000011920929,1.105031089362382,0.5296097887239027,0.5132935412181163,0.5721171093204501,1.068431170467894
Kris Humphries,2014-15,1345.0,1.5,0.9554219542865718,0.9724533327181011,1.0205885493781033,1.094337833193128,0.9809669733307722
Kosta Koufos,2014-15,1348.0,3.299999952316284,2.9064657219264185,3.5848500844129085,3.627257537246896,3.6415525781389326,2.9665539547548216
Luc Mbah a Moute,2014-15,1916.0,2.299999952316284,1.6847989369272482,1.6084377278705906,1.572653191462897,1.6733608934254707,1.7054532528800177
David West,2014-15,1895.0,0.30000001192092896,0.32464881479793173,0.2522239689287598,0.25958160893071824,0.2347438716361533,0.3099449895227716
DeMar DeRozan,2014-15,2100.0,-1.2000000476837158,-0.7642928703188528,-0.9040307619024225,-0.8944201119035227,-1.0001709793708702,-0.7879825837137326
Jodie Meeks,2014-15,1462.0,-0.6000000238418579,-0.5987087093154576,-0.5434271559845505,-0.5296637953078787,-0.48526022959967574,-0.5610457630158242
Aaron Brooks,2014-15,1885.0,-2.9000000953674316,-0.46697071228906767,-0.42858578065898806,-0.406992397418824,-0.19967059906432483,-0.4032140577990158
Rasual Butler,2014-15,1505.0,-0.800000011920929,-1.435886494539915,-0.9275986886380913,-0.8386500810190786,-0.8000829896650854,-1.298430826829419
Boris Diaw,2014-15,1984.0,-0.6000000238418579,0.18245469445118262,0.24334805651296532,0.2774285893285893,0.4361229830881215,0.2819908260799653
Eric Gordon,2014-15,2018.0,-1.899999976158142,-1.487601510618265,-1.6251983302121507,-1.5902402164679459,-1.5746291666520114,-1.4865151273869748
Joe Ingles,2014-15,1673.0,0.10000000149011612,0.8023043503979369,0.5226507069225726,0.5144863140207017,0.5666985981678091,0.7498327839354346
Brian Roberts,2014-15,1330.0,-0.30000001192092896,-0.338158943593344,-0.2554722707589615,-0.20498575327046084,-0.14319376464479028,-0.2462683771903325
Rajon Rondo,2014-15,2018.0,0.4000000059604645,0.8035670879748349,0.652841547389098,0.6430646875924451,0.5079203042610575,0.731776128185749
Anthony Tolliver,2014-15,1432.0,-1.600000023841858,0.3813488421074537,0.26109238984445604,0.2661763026561224,0.30064094881898895,0.37909071560548097
Beno Udrih,2014-15,1494.0,-0.699999988079071,-0.8153542926745132,-0.583418162079903,-0.5838093377994575,-0.43727530462927544,-0.7219197318773545
Nikola Vucevic,2014-15,2529.0,-1.0,-0.71270497844293,-0.45224940604798464,-0.5288152348216427,-0.520548339104958,-0.7109659930467762
Jamal Crawford,2014-15,1703.0,-2.299999952316284,-2.523028240364025,-2.474212383844096,-2.402127180474314,-2.44470720070898,-2.4785891460022187
Richard Jefferson,2014-15,1244.0,0.10000000149011612,-0.2282808830437798,-0.3351047322773927,-0.3146847226970325,-0.2008439582889428,-0.2000044992247128
Kevin Martin,2014-15,1302.0,-2.5,-2.7976448269887193,-3.7778982731387196,-3.7836393250491467,-3.7441994927523856,-2.822634944375959
Nerlens Noel,2014-15,2311.0,2.700000047683716,2.9616685572134043,2.617106779310481,2.540937752869148,2.522440398296278,2.888005999196442
Terrence Ross,2014-15,2092.0,-1.7999999523162842,-1.9453595527816034,-1.763419015347063,-1.7937024851272996,-1.814547834795094,-1.9384965071735702
Evan Fournier,2014-15,1661.0,-1.5,-2.069895614889994,-2.09500307998338,-2.0449881021602607,-2.0390609572046565,-2.0132607989198585
Solomon Hill,2014-15,2381.0,-0.20000000298023224,-0.5439400646224547,-0.49680328961641806,-0.5026275078901074,-0.49128614559274325,-0.5347486791102829
Evan Turner,2014-15,2260.0,0.20000000298023224,-0.5984484419673376,-0.5237021457366815,-0.49389456937078136,-0.4398413264816265,-0.5718468982214523
Courtney Lee,2014-15,2354.0,-1.899999976158142,-1.4652360247964644,-1.2752452651503225,-1.1960098295732517,-1.0847150069056386,-1.383403599563661
Jameer Nelson,2014-15,1407.0,-1.2999999523162842,-0.3304745659392039,-0.9197335054610138,-0.9035316595051006,-0.9299285306442024,-0.3694575355633272
DJ Augustin,2014-15,1964.0,-1.5,-1.304175150055389,-1.1935187472657847,-1.1035697460469025,-1.0636218599162612,-1.2394202054701562
Jordan Clarkson,2014-15,1476.0,-1.600000023841858,-1.875429706445631,-1.9322009751465905,-1.9015355757508285,-1.9104602998404023,-1.8526433712625265
Bojan Bogdanovic,2014-15,1854.0,-2.0,-2.5884137373024196,-2.6345170152162956,-2.659675830540302,-2.6198360931447002,-2.5449854824657563
Trey Burke,2014-15,2288.0,-2.0,-2.040207672714694,-1.6256378100864608,-1.609554568124155,-1.5558673156041107,-1.959833898522315
Caron Butler,2014-15,1623.0,-1.5,-0.5215122553715374,-0.6688572932202091,-0.6394986734638505,-0.6108181910244374,-0.5187939226037739
Gorgui Dieng,2014-15,2193.0,-0.699999988079071,0.4672849690763342,-0.03802377038115791,0.0033426156271069846,-0.029104118212062643,0.3254305714175477
Steve Blake,2014-15,1529.0,-1.0,0.07933693480415893,0.2201343885649622,0.23335154531200356,0.32653653999276944,0.13245497410867002
Wesley Johnson,2014-15,2245.0,-1.5,-1.5407132569696653,-1.9202579817571213,-1.9193548944008771,-1.9964087363470893,-1.5855041904466298
OJ Mayo,2014-15,1697.0,-1.5,-0.5675735696769519,-0.6630960152519488,-0.6097804839195976,-0.530489737902178,-0.5151754123983073
Miles Plumlee,2014-15,1194.0,0.5,-0.528292628474783,0.25687549096846335,0.3184132277170453,0.3750974541786452,-0.3956543831499831
Jason Thompson,2014-15,1991.0,0.20000000298023224,-0.5812795203588467,-0.8396109949872042,-0.8146997334679338,-0.7604406172189693,-0.6106919038985077
Al Jefferson,2014-15,1992.0,0.30000001192092896,0.6691989319773117,0.7637927850154841,0.8027539715949739,0.8119230436614728,0.6820027505510807
Tayshaun Prince,2014-15,1397.0,-1.0,-0.8100426864731471,-0.7107801383528566,-0.7011745823065566,-0.5998885744368743,-0.7402090614348849
Dion Waiters,2014-15,2208.0,-1.2000000476837158,-0.4229401524027149,-0.3195655109378067,-0.2883259506577259,-0.3207411161922165,-0.4033678476363681
Kyle Singler,2014-15,1743.0,-0.8999999761581421,-1.6095311249786404,-1.3246419851680424,-1.235886508020528,-1.1783652763252488,-1.5439990100457655
Hollis Thompson,2014-15,1776.0,-1.100000023841858,-0.4772136238113781,-0.5167449900812304,-0.45462996309180925,-0.33076096086028606,-0.4233860555637903
Arron Afflalo,2014-15,2502.0,-1.600000023841858,-2.269491634924961,-2.124080782549025,-2.079214175634397,-1.9886252186146964,-2.1857383860608963
Channing Frye,2014-15,1870.0,-1.2000000476837158,-1.2038621585770628,-1.0621306629484217,-1.0821633843518634,-1.0076269091575016,-1.1677570975450446
Jordan Hill,2014-15,1874.0,0.30000001192092896,-1.6561293148585987,-1.886139046929253,-1.870352388303116,-1.754242336111482,-1.6767865896021636
Quincy Pondexter,2014-15,1793.0,-2.4000000953674316,-0.9999658312006525,-1.6143318217126021,-1.7364885903997682,-1.7184440384952513,-1.1029737416372007
Otto Porter Jr.,2014-15,1432.0,-1.399999976158142,-0.24783398453406716,-0.11237419231678838,-0.07337592804693507,0.011568880732475917,-0.20539184161741578
Andrew Wiggins,2014-15,2969.0,-2.0999999046325684,-1.5950069982408943,-1.8013007346547625,-1.8097191567487065,-1.9031189000494484,-1.6599039743481159
Jerryd Bayless,2014-15,1717.0,-0.20000000298023224,-0.1837403469016055,0.047528197117218056,-0.034169886004476464,0.06707419334678048,-0.1320748953727222
Bismack Biyombo,2014-15,1243.0,0.30000001192092896,1.390775603141496,0.9187029334118351,0.8370131548513056,0.8987141098415313,1.3799825133183556
Tony Parker,2014-15,1953.0,-2.799999952316284,-1.8254696496780523,-1.7416971891713389,-1.700502984844865,-1.6423893054891117,-1.7408961269687502
Kobe Bryant,2014-15,1207.0,-3.5,-2.765639449775079,-4.575513538994219,-4.59721307228708,-4.6413323383817335,-2.84197129310974
Matthew Dellavedova,2014-15,1380.0,-1.7999999523162842,-1.396085610856018,-1.6503223036065402,-1.6546400249683333,-1.5868916029150748,-1.3889293641706684
Jerami Grant,2014-15,1377.0,0.30000001192092896,0.5304081183180946,0.36459381538821184,0.3981351764420404,0.5076853733298439,0.5446990826085504
John Henson,2014-15,1228.0,0.5,1.6557436643581052,1.5566781263712557,1.5371046629461669,1.5958781592260904,1.6807774399083375
Avery Bradley,2014-15,2428.0,-0.8999999761581421,-0.24632362953482329,-0.3523185000937662,-0.3674939509296508,-0.34393328058319206,-0.2834158386007002
Jarrett Jack,2014-15,2241.0,-0.5,-1.722530670416544,-1.3968873720135657,-1.4106501026805067,-1.3350134970920693,-1.6735212816936735
Shane Larkin,2014-15,1865.0,-0.20000000298023224,-0.13221632122994706,-0.15750814708275768,-0.20679817301261483,-0.31122826184533864,-0.17231928285483913
Andre Miller,2014-15,1253.0,-2.9000000953674316,-1.0687816006226754,-1.4769117305929857,-1.3873257529991472,-1.4864380637608656,-1.1206981800646507
Kent Bazemore,2014-15,1324.0,0.0,0.6359239806392797,0.16618238722186465,0.1721486008258623,0.11319029898454672,0.5837159872903352
Tarik Black,2014-15,1196.0,-1.2000000476837158,-0.644413437073111,-0.7989137062124961,-0.7848662566239754,-0.8867353269935798,-0.6861510330425901
Chris Kaman,2014-15,1398.0,0.20000000298023224,0.21683895544140963,-0.21529173866570134,-0.2692490759687132,-0.2686576546163888,0.17273712173740383
Mason Plumlee,2014-15,1743.0,-1.899999976158142,-0.46306797314467063,-0.4258775670891238,-0.3964899622715168,-0.40296935166529935,-0.47176283158988114
Brandon Bass,2014-15,1929.0,-1.100000023841858,-0.8177731745103597,-0.6900594457300155,-0.6675752812149197,-0.6079968339004356,-0.761118537415834
Chase Budinger,2014-15,1286.0,-1.7000000476837158,-1.2426915422928826,-1.2127815631066066,-1.295615025946937,-1.252752402639346,-1.2521484548120658
Omri Casspi,2014-15,1416.0,-3.4000000953674316,-2.4686524189357115,-2.9650228776287744,-2.830184648743561,-2.7485927999034856,-2.4621127194304564
Dante Cunningham,2014-15,1652.0,0.0,-0.19354200982129455,-0.2717889381928907,-0.13476909960556885,-0.17000076240135414,-0.17134591759172618
Shaun Livingston,2014-15,1468.0,-0.699999988079071,0.12538091286561423,0.16477732211032264,0.23604365345232434,0.3740255028667695,0.1865460376596612
Ray McCallum,2014-15,1436.0,-2.0,-2.4797218416921227,-2.28084817648619,-2.2849145585256574,-2.2708485940109964,-2.4658278348997293
Dennis Schroder,2014-15,1516.0,-2.0,-1.1229150944161073,-1.4839768331877665,-1.3893389522072197,-1.335628891861198,-1.1008199537710757
Quincy Acy,2014-15,1287.0,-0.4000000059604645,0.8058158680006442,0.41199590433421673,0.4637736149456775,0.41976633036934247,0.7438996196039921
Marco Belinelli,2014-15,1388.0,-3.0999999046325684,-2.702569291106463,-2.555225794566005,-2.4754352456003352,-2.38477002988752,-2.610716730472932
Greivis Vasquez,2014-15,1991.0,-2.4000000953674316,-1.2327289981676497,-1.5803857113757105,-1.5716933609958241,-1.485566820018098,-1.2400208110124809
Kirk Hinrich,2014-15,1610.0,-0.6000000238418579,0.3538810910838674,0.1824686233046828,0.21011576926954517,0.33212583890793623,0.3994061619916822
Marreese Speights,2014-15,1207.0,-1.600000023841858,0.5798339659460798,0.3311381690250156,0.414544824468836,0.5106478195337063,0.631516468103297
Carl Landry,2014-15,1192.0,-1.399999976158142,-1.003630175964823,-1.4587309598550227,-1.4123304246368096,-1.3071451656893605,-1.0254963187692978
KJ McDaniels,2014-15,1352.0,0.699999988079071,1.0780318455565179,0.7222248564038558,0.6448972655002012,0.7278872374524565,1.0162587283027806
Carlos Boozer,2014-15,1692.0,-1.7999999523162842,-1.6935896161704311,-1.6522079274523795,-1.5903163673562903,-1.5317160197557889,-1.716720779101323
Ramon Sessions,2014-15,1188.0,-1.7000000476837158,-0.9571478491498714,-1.4785780608934158,-1.4808608003898203,-1.4615633177126042,-1.0343211897916333
Kevin Seraphin,2014-15,1235.0,-0.800000011920929,-0.7937281620734826,-1.6859264502542988,-1.686937889582467,-1.6803411384955942,-0.8864326653777765
Dante Exum,2014-15,1817.0,-0.800000011920929,0.34110869020576284,0.2065164833412763,0.207903187883668,0.13186127979930787,0.31485509527835615
Tim Hardaway Jr.,2014-15,1681.0,-4.099999904632568,-2.8738677783082998,-2.9460310579118016,-2.944522077414207,-2.8084932786788217,-2.865047412969782
Norris Cole,2014-15,1831.0,-1.7999999523162842,-0.9078254913664614,-1.1209480735580464,-1.097618218765147,-1.0934487854500199,-0.9325533400830801
Ryan Kelly,2014-15,1233.0,-2.299999952316284,-1.4598094087927822,-1.90051008900174,-1.8579840479961893,-1.8467797126186576,-1.489020134993069
Kendrick Perkins,2014-15,1148.0,0.800000011920929,0.3108352948575458,0.08245083527687849,0.14673984663754802,0.22495908212636068,0.3536921246672896
Austin Rivers,2014-15,1563.0,-1.100000023841858,-1.40007182655036,-1.4252560118374429,-1.4899095700624843,-1.531989266213066,-1.379769152063123
Gary Neal,2014-15,1193.0,-3.799999952316284,-1.4621201243143584,-2.405501121358346,-2.3712342040671928,-2.2823716609341336,-1.4895592782233247
Derrick Williams,2014-15,1462.0,-3.4000000953674316,-3.2839261547564638,-3.1988932166404958,-3.123897681065401,-3.0929994123144575,-3.2186992504731067
Spencer Hawes,2014-15,1274.0,-0.4000000059604645,-0.4632974773879854,-1.2355879454139922,-1.1680429517344335,-1.1757463302104594,-0.5111370248485971
JJ Hickson,2014-15,1411.0,-1.100000023841858,-0.7632035730457165,-0.776514647099922,-0.7621350838178187,-0.7432001678954273,-0.7400227520740801
Henry Sims,2014-15,1399.0,-1.899999976158142,-0.29885732978217217,-0.3178118796684326,-0.2721019897787595,-0.16350887418913415,-0.2728791852488893
Lance Thomas,2014-15,1490.0,-1.7000000476837158,-1.1203966393439013,-0.9631580932539208,-0.9934155968472218,-1.0310575233207666,-1.1331453349704061
Jason Smith,2014-15,1785.0,-2.700000047683716,-1.7645026350467898,-2.1145798765966584,-2.13327784024541,-2.1214889739209597,-1.8200648623398665
Lance Stephenson,2014-15,1573.0,-2.299999952316284,-1.0503894029928265,-1.0482393213261538,-1.037983915813665,-1.1085791824765276,-1.0415923398236493
Jose Calderon,2014-15,1270.0,-5.300000190734863,-3.2309942679656154,-5.00605283495003,-5.022796418398283,-5.080126425171955,-3.286516698003817
Zach LaVine,2014-15,1902.0,-4.800000190734863,-3.281072466646924,-5.075840236334139,-5.0659971000966895,-4.944493259235772,-3.3314992814794713
Draymond Green,2015-16,2808.0,5.199999809265137,4.319288517336066,4.552349466079898,4.372131033250071,4.2174855400537865,4.234197151806021
Kawhi Leonard,2015-16,2380.0,5.099999904632568,3.7182102842936335,4.044556433853758,3.9999716667537464,3.9455524620631883,3.718644110750061
Chris Paul,2015-16,2420.0,1.600000023841858,1.0863707271074319,1.062821231286442,1.0741051011208467,1.029838460986008,1.0683954838671046
LeBron James,2015-16,2709.0,1.399999976158142,1.5471856943364732,1.171437912048488,1.0907132647346223,0.9742057161873403,1.453356166666731
Russell Westbrook,2015-16,2750.0,0.0,1.0900562073363047,0.6972569879797142,0.6408649915511488,0.5750316704376461,0.9833852662750696
James Harden,2015-16,3125.0,-0.6000000238418579,-1.136636561075742,-1.5384286505684615,-1.5121559571221317,-1.5496854274683667,-1.1676013830431382
Kyle Lowry,2015-16,2851.0,0.30000001192092896,0.478032330733498,0.42176323922684644,0.321833315213233,0.30784437678203264,0.43053321590734506
Kevin Durant,2015-16,2578.0,0.0,0.7580776644743206,0.5113123498658998,0.4877050651995179,0.4383340882951609,0.7259792637404439
Paul George,2015-16,2819.0,2.299999952316284,1.3225176050062273,1.1336441552843766,1.1484455020458622,1.1756861767170685,1.3086950930443997
Kemba Walker,2015-16,2885.0,1.100000023841858,0.6714536031823208,0.8096118432369456,0.7930573337976423,0.8029905278210681,0.6749425324997927
Nikola Jokic,2015-16,1733.0,4.5,2.792611188169631,2.9469124735958014,2.918888114458175,2.8667351217196093,2.7693293417064138
Steven Adams,2015-16,2014.0,5.300000190734863,3.41012786393961,3.190461353680981,3.250177758268749,3.146910769429869,3.4072021538921726
Isaiah Thomas,2015-16,2644.0,-0.8999999761581421,-1.139142128135494,-1.0861239279129415,-1.0613946637990102,-1.0616817711952926,-1.1001030754957224
DeMarcus Cousins,2015-16,2246.0,4.099999904632568,2.5358365492112487,2.57972833332979,2.5296547857343286,2.450463698619595,2.49067671968492
CJ McCollum,2015-16,2780.0,0.8999999761581421,-0.34788012194798124,-0.5707219708553499,-0.5061675889728328,-0.6110103281420003,-0.35446072789645794
Jimmy Butler,2015-16,2474.0,1.2000000476837158,0.8673651260693387,0.8635550369878378,0.9274617212688476,0.8592953600913278,0.8450826026051618
Ricky Rubio,2015-16,2323.0,2.700000047683716,1.4169595141312457,1.5955095015300733,1.4711921744546919,1.3171712771731303,1.2833999568646566
Damian Lillard,2015-16,2676.0,-2.0999999046325684,-1.9138622086465227,-1.6023951185278706,-1.5752247816768898,-1.4991240489547049,-1.8469134939461982
JJ Redick,2015-16,2097.0,1.5,-0.11580219253246743,-0.14550824886247143,-0.08520988240539751,0.019451911626926527,-0.029212975155626333
Kevin Love,2015-16,2424.0,1.2000000476837158,0.567436211957097,0.5714967374493845,0.5371594739947603,0.4940573704160308,0.5529750058201883
DeAndre Jordan,2015-16,2598.0,1.899999976158142,1.9668320446260652,1.6543640902200025,1.6141039876128433,1.587508069183801,1.9418253959738465
Kentavious CaldwellPope,2015-16,2789.0,1.7999999523162842,1.4531388637311626,1.0264171904010873,0.971150306933438,0.9665353646256201,1.363234633155071
Khris Middleton,2015-16,2852.0,-0.4000000059604645,-0.3240342612868291,-0.5347932113373606,-0.5254599243761825,-0.6153423645509924,-0.357928649158477
Marvin Williams,2015-16,2338.0,0.800000011920929,0.6550901437942672,0.615419354520555,0.6120197401470984,0.5557160986730911,0.6579331224039163
Paul Millsap,2015-16,2647.0,1.7999999523162842,1.5519737567470744,1.680430344317472,1.6677513229621188,1.6134856928084198,1.5411576945912424
Klay Thompson,2015-16,2666.0,-0.8999999761581421,-0.07007394289188836,0.29748747045882845,0.326363036517083,0.2599254504391568,-0.012898235081954541
Pau Gasol,2015-16,2291.0,2.4000000953674316,1.9816555746150768,1.7497990377945374,1.792599708831189,1.8067088233437223,1.952128949831274
Tristan Thompson,2015-16,2269.0,2.299999952316284,1.0692083364588238,1.0417288471831458,1.0348717795869429,1.1212685366605657,1.0894043124151027
John Wall,2015-16,2784.0,0.0,0.4632432995067025,0.3477746125864104,0.2931771067211152,0.2565657485363388,0.4263223744999421
Derrick Favors,2015-16,1983.0,3.0999999046325684,1.5420330471550001,1.6076949750930007,1.6373852068335002,1.5708404443843413,1.5661354592031147
Patrick Beverley,2015-16,2041.0,1.7999999523162842,1.2468289656945615,1.1820353609904701,1.111776723691463,0.9948405567578968,1.1510700654556014
Brook Lopez,2015-16,2457.0,2.5,1.6255597006734568,1.66219899487209,1.5850107559307607,1.5142819450624019,1.562608504122999
Kristaps Porzingis,2015-16,2047.0,3.299999952316284,1.9965197293642618,1.5044579916782364,1.4166301190087085,1.410948263487758,1.9247452998476904
Victor Oladipo,2015-16,2379.0,1.100000023841858,0.4761231935193007,0.5448442007731593,0.5681311347368323,0.5232086059196126,0.4571180363807462
Tim Duncan,2015-16,1536.0,5.300000190734863,4.223367187041469,4.6909711789312,4.823351244132837,4.871953132653486,4.265813726113067
Wesley Matthews,2015-16,2644.0,0.10000000149011612,-0.47727471226082285,-0.3880515269912068,-0.4488396267477516,-0.4817231794084019,-0.522138819017018
Anthony Davis,2015-16,2164.0,2.299999952316284,1.293420081863554,1.1523276030794927,1.1063149062998223,0.9917224800506081,1.2237525170665016
Jrue Holiday,2015-16,1831.0,0.20000000298023224,-0.2620758362228336,-0.40336805375974605,-0.436589046177595,-0.5158253436655638,-0.30716370965590384
LaMarcus Aldridge,2015-16,2261.0,1.5,1.9016280687566236,1.8359128026351215,1.8587053084595828,1.8851427489621824,1.9108371610217938
Marcin Gortat,2015-16,2256.0,3.299999952316284,2.0628357342364687,1.6979098287952379,1.6665141944600514,1.7503201828432222,2.0552126499768457
Al Horford,2015-16,2631.0,1.7999999523162842,1.4796965397395452,1.4991865381189753,1.5770471395551424,1.6337317064935357,1.520797387672037
KarlAnthony Towns,2015-16,2627.0,0.20000000298023224,-0.16612604820300872,-0.04340898564387445,-0.1086919356074733,-0.22272891156447672,-0.192216225848083
Goran Dragic,2015-16,2363.0,0.8999999761581421,0.7090679673250757,0.5751971139397876,0.5840922512394606,0.6490665937178087,0.7194979083081767
Danny Green,2015-16,2062.0,2.200000047683716,2.9463946080340078,3.2603452238456248,3.279839779515922,3.1930320588939383,2.946745703870905
Dirk Nowitzki,2015-16,2364.0,0.10000000149011612,1.1071270133361462,0.659228965456808,0.6447005067162279,0.6414866547001241,1.0483402815494391
Reggie Jackson,2015-16,2424.0,-1.7000000476837158,-1.208369211366871,-1.2439221909761593,-1.2155583570349398,-1.250848654565755,-1.1793288079346076
Hassan Whiteside,2015-16,2125.0,2.0,2.123281398984126,1.8230633594844745,1.8428491731893282,1.8012423187913549,2.0664508932589767
Ryan Anderson,2015-16,2008.0,0.30000001192092896,-0.6730587749540236,-0.16188790034199307,-0.19606551400866695,-0.11355618468515945,-0.586404588634151
Jared Dudley,2015-16,2098.0,0.8999999761581421,0.9023982674011971,0.7740757794427233,0.8273157114757299,0.7764339573869197,0.8807097134523368
Gordon Hayward,2015-16,2893.0,-0.8999999761581421,-0.2441546075655944,-0.21944739458569376,-0.24212723779839923,-0.3003270761135981,-0.2708821300496557
Rudy Gobert,2015-16,1932.0,3.5,3.3794016393214044,3.053508315587572,3.098283844015788,3.0609478688197274,3.310926789665469
Mario Chalmers,2015-16,1373.0,2.5,1.9240129741304124,1.6771335606104099,1.686473320757893,1.5899741186350347,1.8394305412632457
Rodney Hood,2015-16,2541.0,-1.0,-1.0423949639481758,-0.9603202402398885,-0.9107287770910851,-0.9711400227433351,-1.0100540035346814
Greg Monroe,2015-16,2314.0,-0.10000000149011612,-0.21408989957828328,-0.402692393893227,-0.4319598374322316,-0.4497630638446411,-0.26551615157178826
Jae Crowder,2015-16,2308.0,0.10000000149011612,1.006510692715357,0.8683520024965047,0.8633825620434792,0.8719492831828597,0.9932628986726652
Tobias Harris,2015-16,2513.0,0.699999988079071,-0.04853909813423829,0.06626074570357682,0.06056198116611593,0.04676863892250287,-0.02369172609197981
Kyle Korver,2015-16,2401.0,1.0,0.22901237959119972,0.5637223101557398,0.6829126565731787,0.7379647627842041,0.32004633479819145
Giannis Antetokounmpo,2015-16,2823.0,-0.20000000298023224,-0.2182973137910802,-0.032914826421282316,-0.03285926487390234,-0.1198822371528284,-0.2506456037078868
Ed Davis,2015-16,1684.0,2.0,2.2144126584492203,1.8136064153361224,1.7326254784096855,1.6718263691417103,2.116904807842761
Andre Drummond,2015-16,2666.0,1.600000023841858,2.5749765305191548,2.5313626231917983,2.452743349800972,2.344774715319958,2.487054558600215
JR Smith,2015-16,2362.0,-1.2999999523162842,-0.734015113356301,-0.8188211241048137,-0.8511065461617818,-0.846918106852875,-0.7593878471191057
Carmelo Anthony,2015-16,2530.0,-2.700000047683716,-1.5258619419541264,-1.8237966536724592,-1.829201641186432,-1.8378674615965527,-1.5782149847806313
Danilo Gallinari,2015-16,1839.0,-0.8999999761581421,-1.349482648431471,-1.1377147708000699,-1.1436750702249894,-1.0958056697806025,-1.3173347992665896
George Hill,2015-16,2524.0,0.6000000238418579,0.4884964724438692,0.6709492648906881,0.6892163697772814,0.7310689648907318,0.5193297799361076
Avery Bradley,2015-16,2536.0,-0.6000000238418579,-0.46456493407590804,-0.34583093187428066,-0.3521922931973822,-0.39422963347249496,-0.4720302265497605
Patrick Patterson,2015-16,2020.0,0.8999999761581421,0.9377158660534058,0.9312388863665515,0.8954080318695099,1.0039380980736536,0.9658671852737559
Serge Ibaka,2015-16,2500.0,1.399999976158142,1.3888893029441252,1.1034796013754211,1.1087308747770954,1.0758965086643677,1.3445820696676043
David West,2015-16,1404.0,2.700000047683716,2.0382544398841573,2.710977721566273,2.6849943177764235,2.722983013060859,2.1392348153429306
Matthew Dellavedova,2015-16,1867.0,1.0,-0.03841073842084869,0.46906193718725553,0.49656421531242245,0.5528937388161899,0.06191661068000295
Jared Sullinger,2015-16,1915.0,1.899999976158142,1.870771621752927,2.0221070905858207,2.049336001435442,2.0902689948594393,1.9001361448474046
Thaddeus Young,2015-16,2407.0,0.5,0.700804079387604,0.9018541502593564,0.8526695077819593,0.801994992533347,0.6402104253922845
Kent Bazemore,2015-16,2083.0,1.2999999523162842,1.7377256195626425,1.7489507121246755,1.674583135493846,1.7430467382512203,1.7029274009456614
Robert Covington,2015-16,1903.0,1.899999976158142,1.3638892761438421,1.189871893787579,1.1939400693397093,1.0998291457049156,1.294067144098417
Amir Johnson,2015-16,1800.0,1.2999999523162842,1.6360034220136535,1.6451851957174477,1.6467199949949698,1.6602574219897779,1.6435050563634177
Jeremy Lin,2015-16,2048.0,2.200000047683716,1.6593609740815247,1.6384195419201917,1.6061630589178937,1.626075485009768,1.640817483451836
Luol Deng,2015-16,2394.0,0.20000000298023224,0.2374890246589641,0.6280297237798006,0.6249514674181913,0.5762133317867325,0.2804867283094272
Monta Ellis,2015-16,2734.0,0.20000000298023224,0.9251373342711778,0.5713730772159954,0.6096892015768305,0.7012386052978814,0.9232244437905742
Jeremy Lamb,2015-16,1227.0,2.4000000953674316,2.548444917334097,2.6280006027809506,2.664942992407175,2.636243297665233,2.5266124688429863
Patty Mills,2015-16,1662.0,-0.10000000149011612,0.0780368207707727,0.6797380756015245,0.7326229381278291,0.7449042110905035,0.18358621662307273
PJ Tucker,2015-16,2540.0,0.8999999761581421,0.5206452647698693,0.45752465434927075,0.4821072098047673,0.4271496400807139,0.47281129994521054
Otto Porter Jr.,2015-16,2276.0,0.0,0.9221647326562076,0.940071369487818,0.9191518753141532,0.820898323383538,0.8553602948161797
Terrence Ross,2015-16,1747.0,0.4000000059604645,0.6031099304660973,0.7854089680821763,0.815931537303238,0.9395520448049911,0.6683470022983056
Jeff Teague,2015-16,2255.0,-0.4000000059604645,-0.5712061264512256,-0.5655429064829982,-0.5416184992736734,-0.4616371658172874,-0.5332213339274169
Andrew Wiggins,2015-16,2845.0,-0.800000011920929,-0.5878001997076768,-0.7945119149931219,-0.8078247957223409,-0.8322956822875678,-0.6425592425186691
Lou Williams,2015-16,1907.0,-2.200000047683716,-2.142849556183263,-2.285483938945155,-2.27824903662109,-2.3000287845815968,-2.16641083263558
Mike Conley,2015-16,1761.0,-0.8999999761581421,0.6369826101994688,0.6395185963286545,0.628073163471525,0.6060957480965194,0.5906834552691185
Langston Galloway,2015-16,2033.0,1.5,0.3767782866526165,0.4990701784527811,0.5600313113415888,0.5615318928183977,0.4133750813322615
Marcus Smart,2015-16,1667.0,1.899999976158142,2.1867314508118567,2.125885280481095,2.101227751649669,2.0195671185873465,2.1077108734981658
Jonas Valanciunas,2015-16,1557.0,0.10000000149011612,-0.04099764721641726,0.36458440238689127,0.3544610470483567,0.35172810911341845,0.01357810730839594
Nikola Vucevic,2015-16,2037.0,0.5,0.6384997211358401,0.6624848206207832,0.7307938718163915,0.7131425888193048,0.6357900843332611
Aaron Gordon,2015-16,1863.0,0.0,0.25112269659850367,0.4411022692044654,0.4003702678358406,0.3869630064082274,0.26064206314321536
Marc Gasol,2015-16,1791.0,2.5999999046325684,2.0862922865440954,1.8096704518278692,1.7403183035958043,1.738915501902986,2.0238021307936633
Dennis Schroder,2015-16,1621.0,1.2000000476837158,1.4691141452270202,1.6980690871583843,1.825665039574241,1.8268484333473212,1.5278924653032147
Garrett Temple,2015-16,1951.0,2.0,1.4345884079459947,1.2611445875538445,1.3414958291148227,1.2231689022554058,1.4001029785875527
Trevor Ariza,2015-16,2859.0,-1.100000023841858,-0.6436473314422821,-0.546926030316312,-0.5745652962115486,-0.5765040365396866,-0.680119356558362
Chris Bosh,2015-16,1778.0,0.20000000298023224,0.869311079349212,0.8710517747136906,0.9002025196451171,1.0425385745505948,0.9129803925807413
DeMar DeRozan,2015-16,2804.0,-3.0999999046325684,-2.0723342105326177,-1.8323069129679967,-1.8288217020104707,-1.7777899393463883,-2.000642348072757
Evan Fournier,2015-16,2566.0,-1.899999976158142,-1.6432984530264831,-1.5229755530807707,-1.53888716336654,-1.5529932043551886,-1.6510776505419817
Courtney Lee,2015-16,2334.0,0.6000000238418579,-0.13704389876772802,0.16478063935261006,0.1939276700196519,0.24699744131506185,-0.07895259604986124
Kelly Olynyk,2015-16,1395.0,2.0,2.005817153908136,2.4385867803574843,2.551008661484882,2.7067364270032175,2.1125277421758337
Chandler Parsons,2015-16,1799.0,-0.10000000149011612,-0.7638958327323894,-0.9203167237848698,-0.9400011155822644,-0.8872682395232768,-0.7801513754304732
Thabo Sefolosha,2015-16,1758.0,2.0,1.1764206309500473,1.4407612554468983,1.4618836200305636,1.4350912280436106,1.2339181704269384
Dwyane Wade,2015-16,2258.0,-1.600000023841858,-0.9162144741690462,-1.0031256579249916,-1.0231388791365439,-1.057596853116573,-0.9343776978238828
Clint Capela,2015-16,1471.0,1.7000000476837158,2.4458984300175386,3.1463365630509954,3.2074153734314024,3.325838854565499,2.523096346944663
Michael CarterWilliams,2015-16,1649.0,2.299999952316284,1.0576201310396516,0.7480070497172533,0.725773089368752,0.6927562838624738,0.9679021209726437
Darren Collison,2015-16,2219.0,-1.7000000476837158,-1.8542833957675593,-1.5262444459194284,-1.5078064246330687,-1.516376334206208,-1.8239875993710106
Cory Joseph,2015-16,2046.0,1.5,1.1637482760867957,1.202696764157946,1.2041046884136677,1.2623707281362475,1.1930608199678165
Ian Mahinmi,2015-16,1816.0,2.9000000953674316,2.1500756674284425,2.2303535273254536,2.264068258574267,2.337569658927739,2.1522483899845994
AlFarouq Aminu,2015-16,2341.0,0.6000000238418579,0.42267981289150386,0.5362301349708295,0.46450485442979805,0.4134257962785387,0.3757221713138418
Andrew Bogut,2015-16,1451.0,2.9000000953674316,3.4482386940154384,3.2635886336402224,3.344038907034136,3.2096642190973603,3.4199520978567866
Omri Casspi,2015-16,1880.0,-1.2000000476837158,-0.6771845926216681,-0.5638066687389522,-0.5824955284640303,-0.5804744625093325,-0.6617343458465774
Cody Zeller,2015-16,1774.0,1.600000023841858,1.2812621835187912,0.9076730499410418,0.9256952020487172,0.8840637957975113,1.2471905043440086
Will Barton,2015-16,2353.0,-0.6000000238418579,-0.9636280096991809,-0.7777810897306363,-0.8823576544034757,-0.8275602204332067,-0.9275622049461575
Trevor Booker,2015-16,1632.0,1.600000023841858,1.535298882387365,1.7253329885282742,1.7056127854754939,1.7796182887526104,1.5801489355777738
Jose Calderon,2015-16,2024.0,-0.5,-1.3540331048012426,-1.001566316306226,-1.0670693116969128,-1.1211851239253268,-1.3364678290409546
Rajon Rondo,2015-16,2537.0,-1.5,-1.2203427499011583,-1.1024846596760753,-1.0867131320390815,-1.1441325268508122,-1.2321598758822225
Rudy Gay,2015-16,2379.0,-0.20000000298023224,-0.18726320796853582,-0.3154212908413263,-0.36806397258139995,-0.37565314781291886,-0.21435267669638625
Andre Iguodala,2015-16,1732.0,0.4000000059604645,1.0101022191848321,1.172942543821124,1.1475836173663527,1.1827672618107494,1.000094628807477
Robin Lopez,2015-16,2219.0,-0.20000000298023224,0.29659181107554927,0.497464418156028,0.46128622892944326,0.40988183783435317,0.2583705205245866
Nikola Mirotic,2015-16,1646.0,-0.10000000149011612,0.5721529269510314,0.3464997362985083,0.34861300573492915,0.3080705611581821,0.5460280528490423
Mirza Teletovic,2015-16,1686.0,-1.7000000476837158,-1.885180622171805,-1.8186472877482764,-1.8015902630703342,-1.7291129815166655,-1.8466430218950753
Tony Allen,2015-16,1620.0,1.5,0.8578300564249368,1.1935004872690613,1.1826672964202136,1.0632555232699819,0.8357682757013084
Nicolas Batum,2015-16,2448.0,-1.7999999523162842,-0.47536023457137266,-0.4532240973669346,-0.41024352328176455,-0.45682690756254457,-0.4701505817636046
Gorgui Dieng,2015-16,2220.0,0.4000000059604645,1.0639678782297102,1.0712623511739416,0.9589268477069498,0.8403892262346206,0.9681294503939005
Kyrie Irving,2015-16,1667.0,-2.200000047683716,-1.2632225983244623,-1.0985135307977811,-1.0563374817562572,-1.0727576518904416,-1.2073961771693507
Zaza Pachulia,2015-16,2004.0,1.7000000476837158,1.3928445772118934,1.476820611497741,1.5497033977692678,1.4634428599910407,1.3948463117241423
Andre Roberson,2015-16,1553.0,1.2999999523162842,2.598065920769465,2.3603860268420034,2.276717866168738,2.1438075155598586,2.499810635462201
Ersan Ilyasova,2015-16,1881.0,-0.20000000298023224,-0.8846851616349114,0.14073309151993624,0.13953008395234145,0.12121199376094766,-0.7732051290692182
Joe Johnson,2015-16,2703.0,-1.7999999523162842,-2.3498353499911153,-1.9810658694598313,-1.908854789502745,-1.9465761115160816,-2.2668086017630373
Mason Plumlee,2015-16,2084.0,-0.4000000059604645,-0.030815185887224098,-0.2174209649401149,-0.21074097478498896,-0.25596439768200613,-0.07093739492367052
Deron Williams,2015-16,2106.0,-0.6000000238418579,-1.0184899217355434,-0.9731264713291958,-0.9453586871756969,-0.9336263114915617,-0.999221973190921
Allen Crabbe,2015-16,2105.0,-1.100000023841858,-1.176397504535878,-1.1088036305344326,-1.096479873868935,-1.0553831485283507,-1.1442288420816547
Channing Frye,2015-16,1200.0,0.20000000298023224,0.48538051580849784,0.13782992091086407,0.1545007194721532,0.21597942279036803,0.48073734686716185
Blake Griffin,2015-16,1170.0,0.20000000298023224,0.11557656942171757,0.22519299124948286,0.26032421293860586,0.20275319222874008,0.15596549395806317
CJ Miles,2015-16,1464.0,-0.699999988079071,-0.33172917794739676,0.06228271127434534,0.05524121874179816,0.09439657639973409,-0.2562005519666278
Raul Neto,2015-16,1499.0,1.5,1.1161384487267134,1.4480343279314722,1.437087578895702,1.364992731124621,1.1329469282960345
Justise Winslow,2015-16,2232.0,1.600000023841858,1.6389120012705378,1.5405428888605928,1.5541146294965085,1.628843152339235,1.6218969599765924
Bismack Biyombo,2015-16,1808.0,2.200000047683716,1.9017051310948418,1.523316098925053,1.5962175511546852,1.6177146445994368,1.8881632186252741
Boris Diaw,2015-16,1386.0,0.4000000059604645,0.9511185702048887,0.9563351644709798,1.0806088782196057,1.1695331607942876,1.0291655794988357
Taj Gibson,2015-16,1936.0,0.20000000298023224,0.5167172539898911,0.2757607092318367,0.22446003744593693,0.2150524621857886,0.5076573155057917
TJ McConnell,2015-16,1606.0,0.10000000149011612,-0.2590168705371009,0.46552880009335146,0.44795795580006437,0.35841007901639915,-0.24152433237474943
Tony Parker,2015-16,1980.0,0.0,-0.23982323690224616,0.2529943418225798,0.35331368577995265,0.3567806099954119,-0.12877742674296005
Ish Smith,2015-16,2239.0,-1.100000023841858,-1.4260053697658726,-1.6192850242968644,-1.5615097702258964,-1.613528338054693,-1.4270872285766212
Evan Turner,2015-16,2271.0,0.699999988079071,0.5154919364970756,0.643298665767636,0.6492536385153674,0.6530373480238943,0.5517822157959336
Wesley Johnson,2015-16,1666.0,1.7999999523162842,2.356409668415891,2.0910646200448872,2.114894320181908,2.0874664257797555,2.31514361357692
Iman Shumpert,2015-16,1316.0,1.399999976158142,1.140995845489719,1.1411438324244763,1.1506632719836118,1.14151218475576,1.1124550239050843
Darrell Arthur,2015-16,1516.0,1.7999999523162842,0.9459005009722521,0.8634888304121722,0.8399735649327148,0.8819157432485374,0.9479987758520799
Devin Harris,2015-16,1280.0,0.30000001192092896,0.9972661534245959,0.976530491551653,0.9149929630202801,0.8374483941855937,0.9568955029927609
Luc Mbah a Moute,2015-16,1274.0,3.5,2.5120786264485586,2.867830908586338,2.9303764468784443,3.0544958592066602,2.593917080258487
Elfrid Payton,2015-16,2145.0,-0.4000000059604645,-0.7208703049289453,-0.9147745594482231,-0.8550784703649237,-0.9506252510573494,-0.7219662210250284
Gerald Green,2015-16,1557.0,0.20000000298023224,-0.28562606706881144,-0.227984736488459,-0.21478326605197098,-0.18901876698520909,-0.23315374583911094
Zach Randolph,2015-16,2016.0,-1.7999999523162842,-1.3262797852443646,-1.2019716237604472,-1.2231256882954495,-1.1920778127161715,-1.2672141175387304
Anthony Tolliver,2015-16,1341.0,0.0,1.074354972660267,1.1961876691688949,1.2187324636080883,1.2383663864362038,1.0981492586691297
Raymond Felton,2015-16,2192.0,-0.800000011920929,-1.2245000391626637,-1.0811604247567994,-1.064105972987214,-1.0627091058655156,-1.195869556014511
JJ Barea,2015-16,1667.0,-1.899999976158142,-2.0209398007097947,-1.9188817985955526,-1.8189384876865382,-1.8165460189539866,-1.9817542400373545
Bradley Beal,2015-16,1708.0,-1.399999976158142,-1.6427465193960302,-1.4271987989814,-1.3647949049255388,-1.3447084763036177,-1.568759802313242
Dwight Howard,2015-16,2280.0,0.5,1.0081830473615563,0.6665469786524887,0.6149169100694623,0.5528426520311676,0.9358325338793774
Shaun Livingston,2015-16,1520.0,-0.4000000059604645,-0.09671911455037227,0.13546113793814685,0.19986137124006895,0.17844715724448862,-0.03960289177890712
ETwaun Moore,2015-16,1263.0,0.30000001192092896,-0.9849149433235616,-0.8314721158382845,-0.7945555757674742,-0.7266814244624714,-0.9283958822477127
Markieff Morris,2015-16,1629.0,2.0999999046325684,0.805847799070319,0.7533222395858211,0.7933735870811384,0.7043871507314967,0.7815439440796201
Larry Nance Jr.,2015-16,1266.0,1.0,0.7983600555700473,0.5100462658990641,0.5836577944654919,0.484377185732936,0.7471882977399461
Brandon Bass,2015-16,1342.0,-0.4000000059604645,-0.683521041179664,-0.9036428933564054,-0.8933604023191061,-0.8642960529415065,-0.6913253023068324
Gary Harris,2015-16,2439.0,-1.899999976158142,-1.4671282345184382,-1.2743538145720592,-1.2589624662108811,-1.3700796340335624,-1.487280997249844
Lavoy Allen,2015-16,1599.0,-0.5,0.9534877681482556,1.0776151180083424,1.0483330064008576,1.1342255805659438,0.9739450045444378
Jerryd Bayless,2015-16,1505.0,-0.8999999761581421,-1.993270018138942,-2.010431504296892,-2.0215405478136326,-1.9856298185619319,-1.999387693748635
Gerald Henderson,2015-16,1431.0,0.4000000059604645,-0.010899648182454147,0.1398599193614677,0.1310147318194606,0.19527889737461737,-0.021594622141891617
Ronnie Price,2015-16,1211.0,1.5,2.1535650580226067,2.28794466318505,2.3351986378658096,2.434567092821726,2.1634938680917517
Harrison Barnes,2015-16,2042.0,-0.800000011920929,-0.433682759558916,-0.18180836384890986,-0.13652652641201973,-0.0937658888192444,-0.3574010563122724
Corey Brewer,2015-16,1669.0,0.800000011920929,0.8078769202304215,1.2234695005001976,1.1346494656011736,1.0757561871798287,0.8017080072067081
Jon Leuer,2015-16,1255.0,0.30000001192092896,0.7445196357631865,0.5583300420925772,0.6009379715492308,0.5458903997456233,0.7047237947637285
JaMychal Green,2015-16,1446.0,0.10000000149011612,0.17348485888241422,-0.02547306104151445,-0.005211019493319868,-0.029691438020133756,0.16460369653866558
Jeff Green,2015-16,2253.0,-0.800000011920929,-0.8777079165377418,-0.6308183832493022,-0.5804605863499477,-0.45974480789423977,-0.7928722110991356
Rodney Stuckey,2015-16,1275.0,-0.4000000059604645,0.27624974253373,0.4176230924695563,0.4751618424308189,0.5128702547258759,0.3016906120033811
Jerami Grant,2015-16,2066.0,0.8999999761581421,0.39535048611083295,0.641786650881091,0.5850318144767419,0.580661017630212,0.4024160363651799
Frank Kaminsky,2015-16,1708.0,0.0,0.3427690667772224,0.48702744808700316,0.47729903530397144,0.6586668714873629,0.3971566159538157
Timofey Mozgov,2015-16,1326.0,2.299999952316284,1.0141510439568133,0.7973336673879307,0.7592666044954869,0.764024768069018,0.9994489258616385
Lance Thomas,2015-16,1313.0,0.0,-0.46079630139364813,-0.7008707375946844,-0.6659955256809452,-0.6526432077055284,-0.48093932631834097
Randy Foye,2015-16,1642.0,-0.10000000149011612,-0.9546509397308749,-1.1454596195426765,-1.1007101240889143,-0.9287904164525509,-0.8847192846089234
Eric Gordon,2015-16,1481.0,-1.7999999523162842,-1.3368910327105745,-1.3032710796391518,-1.3049362112259315,-1.2765419346721194,-1.3085573408913973
Jonas Jerebko,2015-16,1176.0,1.100000023841858,0.5580022592508306,0.6405651238646267,0.660235583029498,0.7006000565347659,0.5771948082940456
Kyle Anderson,2015-16,1245.0,0.30000001192092896,1.1439001998454934,1.733865443225645,1.660482029799639,1.7215732031945539,1.2403679716613496
Toney Douglas,2015-16,1262.0,-2.0999999046325684,-1.624873356439446,-1.133736840616365,-1.2339340869535773,-1.2059920917285196,-1.6040233847061938
Maurice Harkless,2015-16,1457.0,-1.0,-0.25266437544964326,-0.6229370793028602,-0.7120407299115173,-0.6757562063883741,-0.29984879729203007
Kosta Koufos,2015-16,1482.0,0.20000000298023224,-0.22145554851960875,-0.0812333751388945,-0.09186846756364087,-0.1075469092602642,-0.22144788060455373
Trey Burke,2015-16,1366.0,-2.0999999046325684,-1.9546892920282346,-2.043314225241707,-1.996131043125155,-1.8476328353402938,-1.8796611795280251
Kenneth Faried,2015-16,1694.0,-2.5999999046325684,-1.0377111570409507,-0.7664312627875668,-0.7861838875718632,-0.914915230666425,-1.0745245427397048
Jordan Hill,2015-16,1513.0,-0.4000000059604645,0.18242423055428858,0.04409424042201917,0.10104148410665395,0.20462932843111042,0.2327690678553454
Tony Snell,2015-16,1301.0,1.0,1.0398085874175347,1.0521934276838507,1.1286700258928097,1.2089508545732857,1.0654791337506753
Aron Baynes,2015-16,1233.0,0.30000001192092896,0.05955943636473229,-0.2037980076346253,-0.10598614131692949,-0.1659033610310172,0.050687049453489015
Meyers Leonard,2015-16,1333.0,-0.6000000238418579,-0.9738733388516005,-1.973722262511719,-1.875138658022843,-1.8626851526338475,-1.0363194062765997
Dion Waiters,2015-16,2152.0,-1.100000023841858,-0.8663875732263853,-0.9128591303506884,-0.8552401329133953,-0.8673363369801969,-0.8636182112292962
Willie CauleyStein,2015-16,1412.0,-0.699999988079071,-0.3332845689745419,-0.2618830246908723,-0.2822960136868386,-0.39559385882183745,-0.3488347885364538
Jamal Crawford,2015-16,2126.0,-2.5999999046325684,-1.6165969657184494,-1.7332472379307777,-1.7060215465908473,-1.6353585208298473,-1.5777472773615513
Alonzo Gee,2015-16,1632.0,1.100000023841858,0.47564603376643233,0.5626923286614776,0.5377782378806935,0.45797976440798516,0.4277837182840091
Joe Ingles,2015-16,1241.0,-0.10000000149011612,0.2080667990096322,0.4028463583037054,0.39689595566500535,0.44038685547459133,0.26394740613806433
Donald Sloan,2015-16,1318.0,-2.299999952316284,-2.1331980043168755,-1.7583420203454978,-1.7223424816729827,-1.7122870296266022,-2.0849905473054586
DJ Augustin,2015-16,1178.0,-2.9000000953674316,-1.5391741559039467,-1.377351804763744,-1.3229588310937,-1.2663587683010031,-1.477947758275213
Matt Barnes,2015-16,2190.0,-1.7000000476837158,-1.0351927077798058,-1.0590136401793753,-1.0676774136122194,-1.1438767877692224,-1.0646551424259756
Brandon Knight,2015-16,1870.0,-2.5,-1.4146411792988587,-1.630477299010097,-1.6390372062673526,-1.6417866155218537,-1.4260131960814109
Luis Scola,2015-16,1636.0,-1.2000000476837158,-0.6423243264226016,-0.32575909932487246,-0.27272868882265744,-0.3023008531560713,-0.5776001792309268
Mike Scott,2015-16,1146.0,-0.8999999761581421,0.7593006149086634,1.4221901713873106,1.4505471205158356,1.4823498939907591,0.8570502889027373
Jason Terry,2015-16,1258.0,-2.4000000953674316,-2.1143382067042262,-1.8832121127836359,-1.899158192915163,-1.8013988217412713,-2.073818944690832
Tyson Chandler,2015-16,1618.0,0.30000001192092896,-0.7662901521895906,-0.5941532891899811,-0.5860833333422835,-0.6631562616386505,-0.7781995370208836
Myles Turner,2015-16,1367.0,1.399999976158142,0.9312246737242891,0.9249086164197806,0.9782113985394199,1.0287723891077185,0.9648186379127955
Shane Larkin,2015-16,1751.0,-0.6000000238418579,-1.0494627424710985,-1.0239761773718152,-1.0920005658281757,-1.124855958842896,-1.085560552835032
Alex Len,2015-16,1821.0,1.7999999523162842,0.2927694322073089,-0.044779440723104275,0.003653011369959887,-0.03347422423849569,0.25596409297839284
Ben McLemore,2015-16,1443.0,-0.800000011920929,-0.2299382885286705,-0.6754658828597918,-0.7015473579055144,-0.781376130021386,-0.28478160275530723
Tayshaun Prince,2015-16,1462.0,0.30000001192092896,-0.06798014390578651,0.1860025915553103,0.09369805958221748,0.16866036100118192,-0.057112344319715645
Isaiah Canaan,2015-16,1966.0,-2.0999999046325684,-2.096409718099993,-2.065488785742028,-2.081736231514815,-2.008179180043531,-2.067647830245261
Jordan Clarkson,2015-16,2552.0,-2.200000047683716,-2.4794866627313317,-2.329403908119642,-2.278408621200325,-2.288800043471972,-2.475185050465611
Zach LaVine,2015-16,2294.0,-3.299999952316284,-3.246540400756616,-3.1339043165048777,-3.0459754862986426,-3.018401729474352,-3.2066817662476206
Nerlens Noel,2015-16,1965.0,1.5,1.4264951570511382,1.5039575630003803,1.4470149893804611,1.416220662058125,1.379658430622452
Julius Randle,2015-16,2286.0,-0.4000000059604645,-2.2767548019034654,-1.8122022609243502,-1.9194602529827325,-1.9873338797070526,-2.3113669759157323
Austin Rivers,2015-16,1464.0,-0.5,-0.5964016593886903,-0.8734114989311645,-0.8607270302476789,-0.6981503026997573,-0.5265559561982646
Wayne Ellington,2015-16,1615.0,-0.8999999761581421,-1.2525937944777346,-1.3036191469391363,-1.35944457710866,-1.2600438286557927,-1.234359346122644
Jerian Grant,2015-16,1265.0,-0.4000000059604645,-0.0892937455530913,-0.13160575279822806,-0.09863073456841248,-0.041814156002718296,-0.09105929907738904
Trey Lyles,2015-16,1382.0,-0.10000000149011612,-0.9055805312676487,-0.9585681144652953,-0.9743831643348636,-0.8819103769538553,-0.8733619852495438
Derrick Rose,2015-16,2097.0,-1.399999976158142,-2.0184358198233774,-1.817961329222118,-1.799664286105103,-1.725110706077368,-1.9602777880165259
Lance Stephenson,2015-16,1372.0,-2.5999999046325684,-2.533861792872449,-2.489542664688633,-2.4343497184492024,-2.3564321778312167,-2.510232657245
Mario Hezonja,2015-16,1413.0,-0.8999999761581421,-0.6843876884209661,-1.1046775109763718,-1.1044395823187512,-1.135465656616933,-0.6949642026766228
Jason Smith,2015-16,1181.0,-0.800000011920929,0.5216428262497882,0.10383784893643633,0.1923376878717454,0.1915304075000533,0.4996784057660771
Noah Vonleh,2015-16,1174.0,-0.10000000149011612,-0.42488114302348556,-0.45717526762363003,-0.49939795209232957,-0.5901107267777211,-0.4364768152474303
Arron Afflalo,2015-16,2371.0,-2.5,-2.6079473077890034,-2.4321837473688563,-2.391445866588961,-2.307055986460079,-2.5161304858944677
Richard Jefferson,2015-16,1326.0,-1.2000000476837158,-0.3190634413776186,-0.42821022631289807,-0.42549889897472504,-0.4256667214136419,-0.32342518462564585
Ramon Sessions,2015-16,1667.0,-2.9000000953674316,-2.2581362726079606,-1.8000679723903483,-1.8402011699101775,-1.6917707777844435,-2.135494635260195
Norris Cole,2015-16,1198.0,-2.5999999046325684,-2.257978574253623,-2.2662595326203347,-2.2741711795373667,-2.216021012847168,-2.25575056961545
Nik Stauskas,2015-16,1809.0,-1.600000023841858,-1.790241106513251,-1.8208196278203364,-1.8115057147367788,-1.8444463344368036,-1.7785199986115685
Ty Lawson,2015-16,1411.0,-0.800000011920929,-0.7158924804981983,-1.608088333621752,-1.4179999522551525,-1.414831891154578,-0.7778677450291417
Paul Pierce,2015-16,1231.0,-0.800000011920929,-0.5625630365729781,-0.6535831958712548,-0.61530149515792,-0.5393527203202886,-0.5400545254992652
Omer Asik,2015-16,1178.0,-0.5,-0.05221673839021611,-0.11419823766903622,-0.10156031167921305,-0.16583831912177077,-0.09669665734105051
Shabazz Muhammad,2015-16,1682.0,-3.5999999046325684,-2.775045488831826,-2.725230703042082,-2.708369263280291,-2.700090102454947,-2.7433922030180584
DAngelo Russell,2015-16,2259.0,-1.7999999523162842,-1.435998721828701,-1.3501882606482776,-1.4259022460852724,-1.370735031847728,-1.4034060663032197
Jahlil Okafor,2015-16,1591.0,-0.699999988079071,-1.0259483563445349,-1.4731575384928841,-1.3843329216765632,-1.4988074326317011,-1.070255258291167
Marco Belinelli,2015-16,1672.0,-2.799999952316284,-2.4667315446485043,-2.5085466749560537,-2.5913896267949217,-2.4551352735034193,-2.4143907534143043
Devin Booker,2015-16,2108.0,-3.200000047683716,-2.4123309408193623,-2.6310317864390997,-2.5815723367325427,-2.5758309954212413,-2.408337741409541
Doug McDermott,2015-16,1861.0,-3.4000000953674316,-2.448509487870777,-2.5396551851875278,-2.429691037350122,-2.3875455198829187,-2.3913085114519963
Derrick Williams,2015-16,1435.0,-2.799999952316284,-2.051892658926938,-2.2251483015546563,-2.165044002247624,-2.112387234133482,-2.002233864388851
Stanley Johnson,2015-16,1687.0,-0.4000000059604645,-0.041486630767085614,-0.24416140515700652,-0.2758486578408832,-0.23237467033107292,-0.07979322777538105
Kobe Bryant,2015-16,1863.0,-3.799999952316284,-3.5345593238840873,-5.040747069776579,-4.968400453252303,-5.02121697439032,-3.5751072293578523
Jabari Parker,2015-16,2408.0,-2.700000047683716,-1.5459930224931053,-1.472015834446341,-1.3665296583489177,-1.4327905482034686,-1.5607996978011764
PJ Hairston,2015-16,1313.0,-2.4000000953674316,-1.2127317820792833,-1.2335213675753507,-1.3655259055628837,-1.4507577956630267,-1.2591018915333874
Hollis Thompson,2015-16,2154.0,-3.299999952316284,-2.1390619072234722,-2.255919761673889,-2.2252415489928383,-2.20353640518181,-2.104887476573122
Dante Cunningham,2015-16,1971.0,-2.700000047683716,-1.9383755573676107,-1.9280098452989272,-1.8961604052855758,-2.0258441999112486,-1.9562113821175189
JaKarr Sampson,2015-16,1160.0,-2.0,-0.42683111437094434,-0.6487282829402317,-0.6864779061717279,-0.8341190692204243,-0.49353528739511376
Bojan Bogdanovic,2015-16,2115.0,-3.299999952316284,-3.372032484909198,-2.8993049095727192,-2.8861260346228597,-2.8691773557872935,-3.3287888350230617
Roy Hibbert,2015-16,1878.0,-0.8999999761581421,-1.569284886742453,-1.841167965916428,-1.82920842537207,-1.895683400046014,-1.6601566301808646
Emmanuel Mudiay,2015-16,2068.0,-2.0,-0.965968500034248,-0.9839301379898274,-0.9712607859836931,-1.1658897465453972,-1.0081537943483694
James Harden,2016-17,2947.0,-0.800000011920929,-1.452363343705359,-1.6207274700074907,-1.6134096608767554,-1.5907157843122777,-1.4622270605739602
Jimmy Butler,2016-17,2809.0,2.4000000953674316,2.057007881824247,2.0036587292400037,2.0165815105124194,1.9009054100170542,1.9940105449589267
Kawhi Leonard,2016-17,2474.0,1.7000000476837158,0.8385545702728907,0.9869700839640614,1.0161429124536494,0.9655469669748546,0.8435921147688521
Russell Westbrook,2016-17,2802.0,-1.2999999523162842,-0.010488368149412938,-0.4166948489741771,-0.49073647287823596,-0.6149827898518405,-0.10127952413902001
LeBron James,2016-17,2794.0,0.4000000059604645,-0.09391598410698593,-0.19144221198084738,-0.25273493683809634,-0.2908157022624171,-0.14028665119709324
Rudy Gobert,2016-17,2744.0,5.599999904632568,4.619359427620575,5.124174276850298,5.070696906067593,5.037429703741472,4.61895248801704
Draymond Green,2016-17,2471.0,6.199999809265137,4.056332722273176,4.799297708690354,4.778443949643077,4.652654124485213,4.084741854324203
Chris Paul,2016-17,1921.0,1.399999976158142,1.985564027910955,2.472433374138647,2.4649898616448676,2.359272202125652,1.9752673068094173
Giannis Antetokounmpo,2016-17,2845.0,2.4000000953674316,2.1598967409875036,1.959434171910881,1.9099252136633436,1.6735487439593606,2.0577565386244006
Anthony Davis,2016-17,2708.0,4.400000095367432,3.752663190123277,3.572995139647716,3.507600109025611,3.4170543121995127,3.6811592873223202
Kemba Walker,2016-17,2739.0,0.10000000149011612,0.12384459361502108,0.4312809549025801,0.43710885321572135,0.49776142747691793,0.15189302052552456
Nikola Jokic,2016-17,2038.0,0.8999999761581421,0.49273699269642596,0.5326989780142628,0.5565451764090315,0.3880476702630883,0.45489435748263
Bradley Beal,2016-17,2684.0,0.0,-0.781250997380216,-0.5827314185256927,-0.5839781900912682,-0.5902270008458917,-0.7691048942963381
Kevin Durant,2016-17,2070.0,1.7000000476837158,1.2900722934617637,1.3834680836328173,1.363276082369481,1.4305046971120743,1.3285292736758691
DeMarcus Cousins,2016-17,2465.0,1.7000000476837158,1.9218760331706455,1.6304538919321176,1.6145376688783024,1.5290085427884275,1.825780204047172
Kyle Lowry,2016-17,2244.0,-0.699999988079071,0.2512949089611082,0.27503250630762344,0.2697075476912761,0.2541080514536384,0.22979410723002436
Isaiah Thomas,2016-17,2569.0,-3.5999999046325684,-2.51456576699828,-2.466070913701311,-2.40874256684669,-2.5239447095010785,-2.5332244684137195
Mike Conley,2016-17,2292.0,0.10000000149011612,0.22121568877389924,0.5225854714699826,0.5045756569170932,0.518712052086175,0.24044558967582425
Damian Lillard,2016-17,2694.0,-2.0,-1.6680525293417607,-1.5637935898353046,-1.5554734598851416,-1.5362961091789218,-1.641440728012883
Blake Griffin,2016-17,2076.0,1.399999976158142,0.3631161394864464,0.5844512881760734,0.5596994569215394,0.4584037796110708,0.37175322120366877
John Wall,2016-17,2836.0,-0.8999999761581421,-0.6300773478572945,-0.4440890235681336,-0.49553018035597673,-0.5285456131063577,-0.6413537201370163
Gordon Hayward,2016-17,2516.0,0.800000011920929,0.5233577380648051,0.8309665328400673,0.8292516551367941,0.8154264600578909,0.5390637189169947
Paul George,2016-17,2689.0,0.4000000059604645,0.8928260091645993,0.885149700143279,0.8684693425451631,0.7689576389458347,0.8199735529027865
DeAndre Jordan,2016-17,2570.0,1.600000023841858,2.304371883329756,2.3469012934440436,2.362543374690113,2.24372032907708,2.2681126500561626
CJ McCollum,2016-17,2796.0,-1.100000023841858,-0.8734695193782152,-0.9204204745820965,-1.0111398472648918,-0.9906949056869361,-0.8903157623197447
Otto Porter Jr.,2016-17,2605.0,0.800000011920929,0.8965478089916861,0.7436119963653693,0.6743713548776901,0.5537432780356031,0.8189990257119424
Klay Thompson,2016-17,2649.0,0.4000000059604645,-0.4479342254158941,0.13024559448472514,0.1649673386740832,0.25330182111153143,-0.33495622495343536
KarlAnthony Towns,2016-17,3030.0,-2.0999999046325684,-0.4178850513347976,-0.36971430909566455,-0.4576951093419278,-0.43497979405353177,-0.4399100743586667
Lou Williams,2016-17,1994.0,-1.899999976158142,-2.0175101168989693,-1.8949097347347446,-1.912835058962914,-1.860183474605312,-1.974666330038689
Trevor Ariza,2016-17,2773.0,0.8999999761581421,0.266405676602898,0.14761505249510953,0.12604301775547283,0.012574788696839506,0.18563555693864803
Patrick Beverley,2016-17,2058.0,2.5,2.002385572861486,2.108702193185515,1.9979121363241696,1.7933693062743004,1.8803238570453307
Kevin Love,2016-17,1885.0,1.5,1.3139111036646591,1.2292937628192098,1.186221954362872,1.165084832569769,1.275853921718343
Paul Millsap,2016-17,2343.0,2.200000047683716,1.5383592492151583,1.7080774680265027,1.7329842097867585,1.7466368228092322,1.544886544158214
Marc Gasol,2016-17,2531.0,1.600000023841858,0.6439703916093872,0.8278545228163274,0.7913444947897266,0.6934000175915942,0.6376659404505474
Kyrie Irving,2016-17,2525.0,-4.0,-1.855248149129924,-1.758395331058338,-1.6994021008915363,-1.7799362004171275,-1.8490126550190105
Jae Crowder,2016-17,2335.0,0.6000000238418579,0.5022755809854578,0.4519627550429903,0.49650333560805704,0.34008942197705555,0.47900471516744386
Tobias Harris,2016-17,2567.0,0.800000011920929,-0.08328014372240668,0.28924022586416054,0.3281806459994828,0.28903929471735473,-0.030081966587451298
James Johnson,2016-17,2085.0,2.4000000953674316,2.473528656500501,2.6717320346580418,2.5784479339398194,2.5790406070621406,2.4667128561058953
Andre Roberson,2016-17,2376.0,4.0,2.6427061958596787,2.563978903491785,2.4839638549147063,2.4821940927691957,2.5966758844715314
Ricky Rubio,2016-17,2469.0,0.30000001192092896,-0.7271749706792804,-0.5370255138434459,-0.5631590490664626,-0.5995329315941376,-0.7834406836355419
Jeff Teague,2016-17,2657.0,-0.8999999761581421,-0.5820023576176355,-0.4576469227002298,-0.43597314665713227,-0.5139006279675945,-0.5930504907189026
JJ Redick,2016-17,2198.0,0.20000000298023224,-0.8690787922216885,-0.980896882239781,-0.8803722938659402,-0.9136424258553772,-0.8511137320303572
Michael KiddGilchrist,2016-17,2349.0,3.4000000953674316,2.1833152171615007,2.1572457465004846,1.9467013469955878,1.9427394900899815,2.0772900784397392
Amir Johnson,2016-17,1608.0,3.5999999046325684,2.2894371380765466,2.464484137718272,2.499246424293571,2.465761144090656,2.296791844295109
Andrew Wiggins,2016-17,3048.0,-0.800000011920929,-1.6846227448588975,-1.7550451196201549,-1.8046347625407715,-1.7855639102962702,-1.717359615843756
Robert Covington,2016-17,2119.0,3.799999952316284,2.5633007706518893,2.689318376050939,2.7326175154622607,2.685106812088266,2.5319527012728487
Danilo Gallinari,2016-17,2134.0,-0.5,-1.2019886077166504,-1.1407428356134484,-1.094364643876891,-1.0276403510207652,-1.1663079390799462
Ersan Ilyasova,2016-17,2142.0,2.0,1.2604741881552273,1.3503502688032705,1.3170112327090577,1.4107994112935174,1.2955051746718866
Victor Oladipo,2016-17,2222.0,1.7999999523162842,0.8324233162766723,0.9823569082781912,1.0162922988385261,0.9865670092421364,0.8317272194248828
Myles Turner,2016-17,2541.0,2.200000047683716,2.628725071771472,2.2809245372204887,2.2718026295650855,2.2566926494322663,2.5668027303762067
Joe Ingles,2016-17,1972.0,1.399999976158142,0.07058749252776159,0.30776940245285817,0.3150686122911913,0.3919117477361437,0.11167968400600822
Tyler Johnson,2016-17,2178.0,1.7999999523162842,1.6006625702511,1.7082698287729867,1.6237259568496216,1.6195084753543192,1.5717761885720138
Tim Hardaway Jr.,2016-17,2154.0,-0.699999988079071,-0.46462351752455017,-0.1314535416985375,-0.08769178450419257,0.0036248918490890056,-0.3611722934436592
Malcolm Brogdon,2016-17,1982.0,0.5,-0.6397505639325196,-0.4883485545067465,-0.4641045141720095,-0.3652353794951093,-0.6075707942732042
Pau Gasol,2016-17,1627.0,1.600000023841858,1.2564733335323217,1.2850907902246358,1.3102954274815635,1.2777657859771732,1.2962788362422448
George Hill,2016-17,1544.0,0.5,1.3811785368783225,1.5615116511085358,1.5063670392368174,1.578495680522425,1.4310063805532172
Luc Mbah a Moute,2016-17,1787.0,3.799999952316284,2.805922793270863,3.012074027186358,2.9895093309698946,2.8846284780809013,2.8206779167072487
Gorgui Dieng,2016-17,2653.0,1.600000023841858,1.1304226828935209,1.1040770909216253,1.0343193167009352,1.0205116245371797,1.0767397329482935
Danny Green,2016-17,1807.0,2.5999999046325684,1.7161768027810849,2.3181303826952564,2.290011379967914,2.4242782234842886,1.7887867997409015
Hassan Whiteside,2016-17,2513.0,1.7000000476837158,1.9164253772279294,1.4176538643197318,1.3492220845676257,1.228848644513386,1.8300341036621286
Seth Curry,2016-17,2029.0,0.6000000238418579,0.1658767532575468,0.6372354748600559,0.6507847052659177,0.7335539477021633,0.23222489079260034
Manu Ginobili,2016-17,1291.0,2.9000000953674316,1.4066223258593828,1.7995027096770944,1.844158789719777,1.7816369305543456,1.4784929696470814
Elfrid Payton,2016-17,2412.0,-0.8999999761581421,-0.3489546113310211,-0.3129231536017717,-0.3388001758019906,-0.36968270839732814,-0.3538378283106548
Marcus Smart,2016-17,2399.0,2.0999999046325684,2.033764340813491,1.927381651100832,1.8454781119225496,1.7721359027345471,1.9462435832399883
Andre Iguodala,2016-17,1998.0,1.2000000476837158,1.0674085721381135,1.4668664796822934,1.4063353564007992,1.4595634113557987,1.1097210908889479
Wesley Matthews,2016-17,2495.0,0.8999999761581421,0.2784200054678357,0.34872504199178683,0.33648401177172543,0.38000240284984677,0.2607130496844284
DeMar DeRozan,2016-17,2620.0,-2.0,-2.081556668823951,-2.065713917268942,-1.9849929510696385,-1.8454648858414147,-2.035833586860335
Goran Dragic,2016-17,2459.0,-1.7999999523162842,-0.9371269053822757,-0.9711026873916591,-0.891347359556659,-0.8776503760089189,-0.9167897400387341
Patrick Patterson,2016-17,1599.0,1.899999976158142,1.437376954695173,1.4206235328611343,1.3505110551122592,1.3897121554227767,1.4808087893239301
Terrence Ross,2016-17,1955.0,0.0,-0.7733766939601453,-0.7395017640120448,-0.6981229364334596,-0.5590690881527963,-0.7559659236237657
Thaddeus Young,2016-17,2237.0,2.0,1.7486453191978704,2.001681158485906,1.9966981804251795,1.9267364875278474,1.7651113656284485
DeMarre Carroll,2016-17,1882.0,2.0999999046325684,0.9597109817272981,1.19357627881505,1.2364235294024217,1.1686636091277869,0.9688163494836007
Wilson Chandler,2016-17,2197.0,0.5,-0.9849648495476395,-0.9305938951097829,-0.9550719670620196,-0.88543368218961,-0.9681642553098415
Aaron Gordon,2016-17,2298.0,-0.30000001192092896,-0.5190533538084575,-0.6127984492930889,-0.5581744567260501,-0.6432170602364825,-0.5294261259768653
LaMarcus Aldridge,2016-17,2335.0,1.7000000476837158,1.416932362694897,1.2423053086379607,1.2897572108305158,1.3500969552819486,1.4624692340189103
Tony Allen,2016-17,1914.0,2.200000047683716,1.6092384796941812,1.9362796556222452,1.943564377900198,1.816852581978452,1.5672344808560172
Jrue Holiday,2016-17,2190.0,0.20000000298023224,1.7624719778677886,1.8569327771152864,1.8372821833699688,1.8509252877523041,1.7688965426609609
Al Horford,2016-17,2193.0,0.30000001192092896,0.5061201357377411,0.5450362080456822,0.5078228060201697,0.5252929273752146,0.5021505165307821
Nicolas Batum,2016-17,2617.0,-0.699999988079071,-0.6092204626432701,-0.6046839625738822,-0.6122390256618344,-0.6794724752249011,-0.6253136979195223
Eric Bledsoe,2016-17,2176.0,-2.4000000953674316,-1.5263343766296822,-1.5653043674850093,-1.537442133310139,-1.5049659284975794,-1.528212796490736
Nikola Mirotic,2016-17,1679.0,1.100000023841858,1.5289942749004064,1.8948105015581513,1.8750568848651907,2.074895474891563,1.6275951123282615
Vince Carter,2016-17,1799.0,0.4000000059604645,0.6037840833170892,0.614562273847381,0.6654143800061143,0.5705770088097131,0.6040054450918986
Dwight Howard,2016-17,2199.0,2.299999952316284,1.9210537934163678,1.772425373507283,1.795143025206063,1.8013121472793054,1.8944072831806578
Greg Monroe,2016-17,1823.0,0.10000000149011612,1.3253416330846581,1.1711889242532958,1.147339230657238,1.189835218697474,1.2816000191428403
Eric Gordon,2016-17,2323.0,-1.0,-0.7739768862570542,-1.1643284455687979,-1.0412721327061358,-0.9691790878154614,-0.7604118532083322
Gary Harris,2016-17,1782.0,-1.7000000476837158,-2.393847004791021,-2.343379066246812,-2.36234738446732,-2.3366812108997452,-2.4350639583837492
David Lee,2016-17,1477.0,1.7000000476837158,1.322203446741735,1.8147131264293426,1.7973500220875038,1.9373481036164197,1.4472725581745904
PJ Tucker,2016-17,2236.0,1.600000023841858,2.2315010074116195,1.8259587496504959,1.7339473219895565,1.5988384193542824,2.1006735184126764
Maurice Harkless,2016-17,2223.0,0.30000001192092896,-0.3308793770898156,-0.1896981083094531,-0.29443405375958265,-0.2964066886534783,-0.3444375056541383
AlFarouq Aminu,2016-17,1773.0,3.5,1.8151707503896892,1.7302542861805745,1.6338893016598828,1.6780059916811632,1.72200853282692
Harrison Barnes,2016-17,2803.0,1.100000023841858,-0.5984569851150402,-0.1863054683299858,-0.13535322382740606,-0.0911932236238982,-0.5481374019935276
Channing Frye,2016-17,1398.0,1.7999999523162842,-0.24629039034683697,0.09768390612387612,0.17030971288731409,0.19745534898028577,-0.15749512796662446
Nikola Vucevic,2016-17,2163.0,2.0,1.551086026678082,1.7242840470013547,1.8042921265910157,1.8492555374523145,1.575313416468675
Dion Waiters,2016-17,1384.0,1.2000000476837158,0.6213439794265412,0.835918180062188,0.8416434542561844,0.9296304640542528,0.6694312957073737
Kentavious CaldwellPope,2016-17,2529.0,-0.699999988079071,-0.9188936713170973,-0.6151521304949044,-0.5550813836083329,-0.46709616016736166,-0.8478002706122959
Dewayne Dedmon,2016-17,1330.0,4.099999904632568,3.5490022909862393,4.005241489536894,4.0492935168273,4.1603983802317455,3.6061914593722277
Patty Mills,2016-17,1754.0,-0.699999988079071,0.11754744456920009,0.5938424069273468,0.6300770204142734,0.6935065132817979,0.22072183663733008
Garrett Temple,2016-17,1728.0,1.899999976158142,-0.2600855975695131,0.06000666656255382,0.06230136711644596,0.05589653752707219,-0.28136993450538283
Marvin Williams,2016-17,2295.0,0.6000000238418579,0.14941732145076564,0.2886556960129044,0.34069129314089197,0.41131031729227124,0.17392258719069392
Kristaps Porzingis,2016-17,2164.0,1.600000023841858,0.6942691793081897,0.89978663767023,0.958414730908009,0.797680057990369,0.7096797950224376
Tristan Thompson,2016-17,2336.0,1.2999999523162842,0.7758645623345303,0.9776742475340869,0.9971452996278152,0.9912678377504843,0.801294066785023
Ryan Anderson,2016-17,2116.0,-0.699999988079071,0.05136182549758181,-0.08265125908787702,-0.05674398458132999,-0.05510031121967805,0.06325206375220098
Brook Lopez,2016-17,2222.0,0.20000000298023224,0.08278258184129739,0.26197709761119714,0.21359678768816726,0.30310830006970196,0.12371233328751384
Steven Adams,2016-17,2389.0,1.600000023841858,1.7199964218290702,2.0838816916211327,2.0821768022067744,2.020696365326089,1.740474054427418
Avery Bradley,2016-17,1835.0,0.699999988079071,-0.9917086870236335,-0.9364338093779088,-0.9409020359817839,-0.938785265821439,-1.007319124326229
Mason Plumlee,2016-17,2148.0,0.10000000149011612,0.1021085313416831,-0.08460980853321709,-0.06821643871343008,-0.024164428754530343,0.07327010963228285
Jared Dudley,2016-17,1362.0,2.299999952316284,1.8228803110646024,1.718186198840837,1.6557116727081298,1.7971334144948887,1.8349079429339124
Wayne Ellington,2016-17,1500.0,-0.5,-1.2154198162191985,-0.9563213175778461,-0.8853775897589713,-0.825599530877349,-1.1206705798803915
Evan Fournier,2016-17,2234.0,-0.4000000059604645,-0.35169518332912214,-0.5225858270535831,-0.4951880479986096,-0.5659439708579537,-0.38031461741973255
JaMychal Green,2016-17,2101.0,0.800000011920929,0.27818017452842275,0.3540989953917783,0.3820581882662424,0.4011142711780198,0.30460581832741374
Jason Terry,2016-17,1365.0,1.100000023841858,0.2997523944738567,0.8911541148347228,0.9286370751297004,0.9869342264916494,0.3773797237691727
Kent Bazemore,2016-17,1963.0,1.399999976158142,0.9667678045627572,0.9377372436795678,0.9877018510894283,0.9403861683486641,0.9364573483012472
Rondae HollisJefferson,2016-17,1761.0,2.0999999046325684,1.1689630131327924,0.9926220909883612,0.9581195162901147,0.9376211106072756,1.0892628096171204
Joe Johnson,2016-17,1843.0,-0.800000011920929,-1.2553807121017722,-0.7849151374475416,-0.8284322766310929,-0.6487900262720495,-1.1385217280770856
CJ Miles,2016-17,1776.0,-1.100000023841858,-0.22908581428471958,-0.1721417384183582,-0.2335470857101607,-0.24113961272792667,-0.23701606309334275
Thabo Sefolosha,2016-17,1596.0,2.299999952316284,1.6882312937330983,2.083079269625921,2.209059535083768,2.183991158030082,1.7233200617446145
Clint Capela,2016-17,1551.0,0.8999999761581421,1.5273000539516577,1.539030173619052,1.495631026271136,1.4523180284829618,1.5349333307932398
Zach Randolph,2016-17,1786.0,0.0,-0.6319838840473105,0.4994180605726307,0.4760888510355491,0.4809562309287111,-0.5389080975791233
Derrick Rose,2016-17,2082.0,-1.399999976158142,-2.2199850918814215,-2.0622782795048544,-2.134491162605179,-2.17504043078503,-2.229160815616643
TJ Warren,2016-17,2048.0,-1.100000023841858,-2.0814040744381987,-2.1719936296032563,-2.2103125217743615,-2.2234464541793515,-2.0940606531626793
Solomon Hill,2016-17,2374.0,1.2000000476837158,0.6806068469073314,0.9759118301017078,1.0479483197940578,0.9952250377152907,0.7155776344524623
Serge Ibaka,2016-17,2422.0,0.30000001192092896,0.23390151116556035,0.08393648931361132,0.009571337169139688,0.0952526188846509,0.2093688199812034
Markieff Morris,2016-17,2374.0,1.100000023841858,0.9947215815188087,0.7737407995438434,0.7607519878736875,0.7019831444345077,0.9551012337184173
Nene,2016-17,1198.0,3.5,1.9251609612133653,2.521005082130807,2.5352935471972406,2.5230549091148644,2.0077851071043855
Josh Richardson,2016-17,1614.0,2.0999999046325684,1.6963809136766428,1.68906722693959,1.6355624186270041,1.6116648831763438,1.703262097743589
Nick Young,2016-17,1556.0,-1.5,-2.7850777500136537,-2.6457525501240164,-2.6281394686594313,-2.564451458538932,-2.802671115131534
Devin Booker,2016-17,2730.0,-2.0,-2.227000201787378,-2.133771678720955,-2.1533957206365173,-2.1962580705671453,-2.227300650963665
Jonas Valanciunas,2016-17,2066.0,-0.699999988079071,0.03546392587626111,-0.14123879270907327,-0.02975796096329393,-0.131099334255246,0.04280379812105404
Nemanja Bjelica,2016-17,1190.0,1.899999976158142,0.9769282188622355,0.9381454333243572,0.9092679078088557,0.9468074083659008,0.990780159094587
Kenneth Faried,2016-17,1296.0,-0.4000000059604645,-0.8630112802024039,-0.610912545643999,-0.636535202469504,-0.5653461304556923,-0.8096459205261314
Justin Holiday,2016-17,1639.0,0.6000000238418579,0.49928680667051195,0.691750899437799,0.6866841805209518,0.5894866083520682,0.48809562699416664
Dwyane Wade,2016-17,1792.0,-0.5,-0.16858023563572042,-0.2360615016828177,-0.30654070184221116,-0.3167738888612778,-0.19620368048571207
Cody Zeller,2016-17,1725.0,1.399999976158142,2.0503087510267304,1.856075895867222,1.8661276985149904,1.9258875472168082,2.045351335656873
Darren Collison,2016-17,2063.0,-1.7000000476837158,-1.847508600334962,-1.6154673602496812,-1.7118346727031197,-1.8425603525743104,-1.8708062930648626
TJ McConnell,2016-17,2133.0,0.6000000238418579,1.2147656241056453,1.2033179827451708,1.1827054911184225,1.1998130488764667,1.16055267878492
Kyle OQuinn,2016-17,1229.0,0.30000001192092896,0.2516239807307298,-0.016427297223711612,-0.10222651820890269,-0.2286482885612547,0.1271568310084541
Zaza Pachulia,2016-17,1268.0,0.8999999761581421,2.1347320697444596,1.9076621618740068,2.0390523594644803,1.841972817320117,2.1325836520591284
Carmelo Anthony,2016-17,2538.0,-3.0999999046325684,-2.4100322694460106,-2.238105482034984,-2.279345624589015,-2.2961582669590963,-2.4230865563157393
ETwaun Moore,2016-17,1820.0,-0.800000011920929,-0.9136870367905121,-0.86205756771836,-0.7789278408108394,-0.7618557121707691,-0.858288684013787
Marreese Speights,2016-17,1286.0,0.10000000149011612,-0.37051832310445343,-0.04004394937677119,0.10312355670800188,0.1809546340255829,-0.23536377292294572
Spencer Dinwiddie,2016-17,1334.0,-0.699999988079071,-0.03244073744579903,-0.11405816839080869,-0.06500388010895071,-0.12285531506868577,-0.05781461494503916
Rodney Hood,2016-17,1593.0,-0.6000000238418579,-0.6187496610768788,-0.16897402958817126,-0.1532958695760591,-0.08213727532475897,-0.5280844463537439
Ty Lawson,2016-17,1732.0,-0.699999988079071,-1.0387511592825711,-0.922568038304751,-0.9308687576836552,-0.9682934653402347,-1.0703289263806397
Robin Lopez,2016-17,2271.0,1.399999976158142,0.946007705778151,0.9205298072803412,1.0468781867272365,1.0407642500293588,1.0015995905100146
Jamal Murray,2016-17,1764.0,-0.4000000059604645,-0.07887681413335544,-0.06896047204552314,-0.04599572546677827,-0.04310659899410081,-0.0755209810000527
Norman Powell,2016-17,1368.0,-0.10000000149011612,-0.847158115632741,-0.6199561362164832,-0.5925770758181095,-0.551384092545983,-0.8053936490579865
Rajon Rondo,2016-17,1843.0,-0.10000000149011612,-0.009400215944996196,0.40834688139934244,0.30776079199974454,0.2994045395106665,-0.013232349960864996
Jon Leuer,2016-17,1944.0,0.5,0.016583249777868403,0.34822372322677364,0.332373495338183,0.38765960068149624,0.08682702887032068
Iman Shumpert,2016-17,1937.0,0.6000000238418579,-0.22463263978923662,-0.47349688017076597,-0.46022803435997495,-0.4374668337241693,-0.2629786244483258
Will Barton,2016-17,1705.0,-1.899999976158142,-1.6007025563003694,-1.4427599877384498,-1.4728276067508157,-1.499806957504069,-1.611044706623062
Trevor Booker,2016-17,1754.0,1.2000000476837158,0.6784560306502903,0.8009993560780799,0.8783043673820157,0.8867636737367139,0.6855762812240965
Troy Daniels,2016-17,1183.0,-1.2999999523162842,-0.915570119050374,-0.8378233145864258,-0.7273093819620526,-0.7635062061427063,-0.8378573944193479
Sam Dekker,2016-17,1419.0,0.10000000149011612,0.5762855787305344,0.5023169591268153,0.45461549725127137,0.5744091438573518,0.5773296072355618
Courtney Lee,2016-17,2459.0,-1.399999976158142,-2.1855152168939798,-2.134250452724105,-2.1117519506099516,-2.1523470041342083,-2.189629368311351
Jusuf Nurkic,2016-17,1391.0,2.4000000953674316,1.6948469711525318,1.6602506951549896,1.612919000268273,1.5661488894573177,1.6299429411591593
James Ennis III,2016-17,1501.0,1.100000023841858,0.4814737880527189,0.4545104306544078,0.3967311945881942,0.40745683617312445,0.46395159048591
Taj Gibson,2016-17,1989.0,0.6000000238418579,1.2878836897024897,1.147866690814188,1.0844096084518848,1.117095268620952,1.2534226851443075
Brandon Jennings,2016-17,1802.0,-0.800000011920929,-1.109819335511753,-1.3661925942605002,-1.3642068463616261,-1.4355017179221712,-1.1282806706546307
Ish Smith,2016-17,1955.0,-1.0,0.8168720352802261,1.064178241514355,1.0479508935085398,0.9881648083876147,0.8446345909659463
Langston Galloway,2016-17,1495.0,-0.10000000149011612,-0.21097623540712246,-0.14394316309682562,-0.07655752807702797,-0.038995524092196365,-0.1691747066199373
Marcin Gortat,2016-17,2556.0,-0.4000000059604645,0.4185651432144245,0.565972820950804,0.5879274941136243,0.48727875200592763,0.4370518476247518
Cory Joseph,2016-17,2003.0,-1.0,-0.5049789098870555,-0.45556233405355745,-0.4043423792560214,-0.4206423425992535,-0.504460617003363
Kosta Koufos,2016-17,1419.0,1.7000000476837158,1.2350468348166863,1.0141455636036367,0.977970105431043,0.9104750665729433,1.1817084267235891
Mike Muscala,2016-17,1237.0,0.5,0.3929973033014468,0.4361902596876476,0.4352806223609217,0.6180603682735009,0.45318541729984335
Larry Nance Jr.,2016-17,1442.0,0.6000000238418579,1.3418506790792244,1.5893964242881102,1.5387313783774041,1.3866841606609503,1.269357002424991
Jabari Parker,2016-17,1728.0,-1.5,-1.643212118493005,-1.6191375986920555,-1.5799732880694246,-1.6434970998234641,-1.6304791720546536
Jordan Clarkson,2016-17,2397.0,-1.100000023841858,-2.5609983970430745,-2.4324943263640044,-2.5095069459584547,-2.385107177845672,-2.5323290993838516
Dante Cunningham,2016-17,1649.0,0.20000000298023224,-0.24591427848923314,0.0799858720961642,0.12855934196311358,0.21420788008812724,-0.18468762709020284
Luol Deng,2016-17,1486.0,0.699999988079071,-0.232614489789655,0.13898966740385546,0.12189319166987551,0.11701217150035645,-0.2182125709566171
Willy Hernangomez,2016-17,1324.0,0.20000000298023224,0.5812810595627742,0.4714443095808663,0.4622843889805275,0.3996977372645806,0.5592553164760987
Dirk Nowitzki,2016-17,1424.0,0.30000001192092896,0.042470440354892725,0.18542922051824245,0.2002846759671318,0.2844407543844412,0.10007115974102213
Zach LaVine,2016-17,1749.0,-2.4000000953674316,-2.6569512611588326,-2.5414547131989154,-2.5565969776459068,-2.5705623544040717,-2.626044483677071
Evan Turner,2016-17,1658.0,0.8999999761581421,-0.23082997485373158,-0.2128189040024072,-0.23441132367491566,-0.21003435855977204,-0.2327492585165722
Caris LeVert,2016-17,1237.0,-0.800000011920929,-0.020388552272045113,0.12869568301376894,0.1255595614617291,0.1233180394034073,-0.022405287855678073
Rodney McGruder,2016-17,1966.0,-1.399999976158142,-0.8848561631227216,-0.6306661264308605,-0.6487637189619067,-0.6927934529379587,-0.8599097677050094
Glenn Robinson III,2016-17,1427.0,0.20000000298023224,0.10057194221931737,0.23986910705188957,0.3223650628148148,0.2852802771560657,0.12640502389542702
Dario Saric,2016-17,2129.0,0.30000001192092896,-0.5289310447126362,-0.5362026613075314,-0.5576048582913472,-0.5451276232288523,-0.5051559182070338
JR Smith,2016-17,1187.0,-0.5,-0.829325164943711,-0.8013289975467768,-0.785623530177862,-0.7761479126043044,-0.8355009840720485
Corey Brewer,2016-17,1281.0,0.4000000059604645,1.359140991126027,1.7799784937132122,1.7550480366121728,1.5154776998802608,1.2919688568059184
Dwight Powell,2016-17,1333.0,-0.5,-0.4951869391569712,0.1494774929358767,0.2206637555184443,0.17957880169031715,-0.43082617915518434
Matt Barnes,2016-17,1777.0,-1.0,-0.9270072618974308,-1.1837026085445577,-1.1634549801857061,-1.2566239329591524,-0.9722448356624385
Tyson Chandler,2016-17,1298.0,-0.30000001192092896,-0.10232018564631248,0.48498416225504937,0.45514374617644787,0.3019513229820556,-0.10134211923249162
Dante Exum,2016-17,1228.0,0.699999988079071,0.7462280104095398,0.2508795508407779,0.19411696034630804,0.20610405287618522,0.6805409411847676
Dorian FinneySmith,2016-17,1642.0,0.800000011920929,0.18938137245925535,0.45808645890659727,0.3873810608650969,0.3579915594241456,0.20900141483680001
Jerami Grant,2016-17,1531.0,0.20000000298023224,-0.8920390003601919,-0.8456310033801749,-0.8712261991144328,-0.7179554913528047,-0.8565760645526479
Jonas Jerebko,2016-17,1232.0,-0.8999999761581421,-0.6943306419779776,-0.8160112185604125,-0.7830677623181227,-0.7788651386820524,-0.6838671205614377
Anthony Tolliver,2016-17,1477.0,-1.2000000476837158,-1.2830395124952414,-1.123304088642882,-1.0976253169029275,-1.114368246144016,-1.2802810140913616
Marco Belinelli,2016-17,1778.0,-2.0999999046325684,-1.465562467754976,-1.5543026787499525,-1.5571850076845817,-1.5456897834085803,-1.4419507202580752
Monta Ellis,2016-17,1998.0,-0.5,-0.8322114381490793,-0.5821227449447265,-0.5568016020703864,-0.5689388103705981,-0.8215320711774696
Tim Frazier,2016-17,1525.0,-1.2999999523162842,-0.5959620555930467,-0.3984738860806634,-0.2947662745917299,-0.3914043307005442,-0.5761215327885421
Kelly Oubre Jr.,2016-17,1605.0,-0.10000000149011612,0.49908785029893216,0.5245456109423138,0.5454857449239223,0.5421034391319742,0.4642570151231704
Jonathon Simmons,2016-17,1392.0,0.699999988079071,1.0363072236128081,1.6136053513031814,1.585759981835178,1.6927433703875279,1.1291574602635173
Tony Snell,2016-17,2336.0,-1.600000023841858,-1.975547503483186,-1.6393945333628301,-1.68092212921239,-1.6327421409764626,-1.9494093404718151
Nik Stauskas,2016-17,2188.0,-2.0999999046325684,-2.214336268454152,-2.1619400327267453,-2.2012451128495716,-2.037619519991991,-2.1479494512006037
Richard Jefferson,2016-17,1614.0,-0.4000000059604645,0.1550936692097851,0.25452061396825193,0.23945813538497818,0.2838522631813337,0.15686778471018548
Shabazz Muhammad,2016-17,1516.0,-1.600000023841858,-2.049445533927716,-2.1572458319640955,-2.209991090991287,-2.126361886019862,-2.0153439189954145
Terry Rozier,2016-17,1263.0,0.20000000298023224,0.961477214336917,1.3045394530261227,1.2996455035993146,1.301193502776424,1.0066402236749148
Dennis Schroder,2016-17,2485.0,-2.5999999046325684,-0.7142011351044084,-0.5669668737413665,-0.5088880488275036,-0.43003918508225536,-0.6853470413182756
Justin Anderson,2016-17,1228.0,-0.800000011920929,-1.3728955112469998,-1.080981897049271,-1.1647071286067088,-1.1432100021615548,-1.3125901197040062
Andre Drummond,2016-17,2409.0,0.10000000149011612,0.3968302103884197,0.797411083811683,0.7927498637297603,0.6010710390904642,0.3470742306307189
Buddy Hield,2016-17,1888.0,-1.399999976158142,-2.241483508684029,-1.9276724435168668,-1.9754303810970197,-1.776347807046866,-2.151695295770383
Reggie Jackson,2016-17,1424.0,-2.0999999046325684,-2.386424885439654,-2.4325861015636536,-2.4337640680053116,-2.452230119608606,-2.3851605830574534
Stanley Johnson,2016-17,1371.0,0.5,1.302015160309802,1.5789041235849934,1.568190530691394,1.4060108736455224,1.2781804755411625
Sean Kilpatrick,2016-17,1754.0,-2.200000047683716,-2.4725028792430694,-2.389584167542446,-2.381567522196205,-2.3027634690883207,-2.434553656806595
Kelly Olynyk,2016-17,1538.0,-0.699999988079071,0.6894184222568513,0.7217430550209782,0.7347595316442059,0.7336609313559991,0.7123164611370851
Austin Rivers,2016-17,2054.0,-1.600000023841858,-1.8567861578624545,-1.6784224547141258,-1.5936199063799186,-1.5708360793677918,-1.797692588425729
Noah Vonleh,2016-17,1265.0,1.2000000476837158,0.9388489554104333,0.48313231839308607,0.5657551595171492,0.5656297095816024,0.9082083465426877
Richaun Holmes,2016-17,1193.0,-1.2999999523162842,-0.944457292496486,-0.36193637498491027,-0.4073936132298837,-0.2779967364793452,-0.8542157810336314
Deron Williams,2016-17,1657.0,-2.4000000953674316,-1.8965789891140816,-2.294833237953097,-2.25099810199767,-2.0923954851073576,-1.857730807890403
Terrence Jones,2016-17,1270.0,-0.10000000149011612,0.9238161468715487,0.6451096898993358,0.668643338355097,0.46838025896180957,0.9474727607652389
Timothe LuwawuCabarrot,2016-17,1190.0,-0.30000001192092896,-0.2716016136043944,-0.5427504884923171,-0.5895610934705205,-0.6100404130153044,-0.29842671821956274
Raymond Felton,2016-17,1700.0,0.0,-0.9545476899346717,-0.746196092612549,-0.7805172000475342,-0.6500221391955465,-0.9155931914566272
Alex Len,2016-17,1560.0,1.100000023841858,0.15199634504324644,0.11096920473044125,0.06996592694664272,0.07503706525532644,0.13845631637271602
Jameer Nelson,2016-17,2045.0,-2.9000000953674316,-1.7460972283545708,-1.7140434390844623,-1.66448037391579,-1.74395985293545,-1.7322393317313052
Allen Crabbe,2016-17,2254.0,-1.7999999523162842,-2.3156954603876656,-2.0939314360816326,-2.1185046314760188,-2.1155010892291792,-2.2629930207054763
Derrick Favors,2016-17,1186.0,0.6000000238418579,2.102211549985402,2.3874259229530375,2.414315472420501,2.460162746765013,2.197035555914094
Domantas Sabonis,2016-17,1632.0,1.2000000476837158,1.6935541339430913,1.7313970290338443,1.724751455622977,1.8592147193402104,1.7397645863623834
Yogi Ferrell,2016-17,1197.0,-1.899999976158142,-1.6030014953734704,-1.351388649184019,-1.344209888614937,-1.2924705508683778,-1.5648531403200594
Shaun Livingston,2016-17,1345.0,-0.4000000059604645,-0.5889167479956524,-0.1473166184891743,-0.1743112203695552,-0.11769360070411448,-0.49637432685870186
Frank Kaminsky,2016-17,1954.0,-1.7000000476837158,-0.5878186195838765,-0.41593983466646023,-0.41113720036049706,-0.34911508021467,-0.5308576074914675
DAngelo Russell,2016-17,1811.0,-2.5,-1.8406345562543618,-1.5452466991336635,-1.5589751598516435,-1.5203073629138846,-1.7950337260818154
Jeff Green,2016-17,1534.0,-0.4000000059604645,-0.6227438992287246,-0.24757461231763422,-0.198425998308686,-0.2058603743695073,-0.5726434406678229
Kyle Korver,2016-17,1753.0,-3.299999952316284,-2.609476799885175,-2.272162821013329,-2.210047914794225,-2.1435185245094797,-2.5253556629368354
Tony Parker,2016-17,1587.0,-2.0999999046325684,-1.5345258995217217,-1.4751067863779137,-1.509515472461143,-1.3871696705027081,-1.4578377535154827
Malcolm Delaney,2016-17,1248.0,0.20000000298023224,-0.0753798412266763,0.5297763456833612,0.5486192626532524,0.6533984616050408,0.01293523302212321
Isaiah Whitehead,2016-17,1643.0,-0.699999988079071,-0.17644161421582133,-0.07080128463723584,-0.1542353712749337,-0.16089370598469538,-0.17945552805306808
Matthew Dellavedova,2016-17,1986.0,-2.200000047683716,-1.8161248561821415,-1.7489792419711536,-1.7089738495839557,-1.6872662648671433,-1.7832981139732451
Boris Diaw,2016-17,1283.0,-0.5,-0.5259688808000337,-0.5399050601142659,-0.5606980354016345,-0.5124570846315939,-0.5057483697415708
Kris Dunn,2016-17,1333.0,0.0,0.19460262340782347,0.20679263344190135,0.027026069106335614,-0.008238268228266607,0.1190896281577552
Gerald Henderson,2016-17,1667.0,-1.600000023841858,-1.9075443115094635,-1.8215853893523475,-1.8287167096677175,-1.7372126376306738,-1.862233326255521
Jaylen Brown,2016-17,1341.0,-0.4000000059604645,-0.4115348660426794,-0.44768854311297834,-0.46904604274360534,-0.4551409911262417,-0.4075704534027664
Willie CauleyStein,2016-17,1421.0,-0.6000000238418579,-0.08444612061963223,-0.19078371714529424,-0.2552556655391701,-0.18294115851560458,-0.1058734685983348
Bojan Bogdanovic,2016-17,2083.0,-3.0999999046325684,-2.482213463732124,-2.46277938710127,-2.531555995837788,-2.5305758862512153,-2.4782766305881814
Sergio Rodriguez,2016-17,1518.0,-3.4000000953674316,-2.4023415293082584,-2.3808838417878686,-2.4234854377210913,-2.3105231517277858,-2.352472673379492
Shelvin Mack,2016-17,1205.0,-2.4000000953674316,-0.31228619558114923,-0.026127907511474695,-0.055704975673935626,0.0037751898902126345,-0.24120787191621137
Jamal Crawford,2016-17,2157.0,-2.5,-2.498933677568061,-2.5761564398362644,-2.5625867069858996,-2.4466595643332525,-2.4287729139347487
Randy Foye,2016-17,1284.0,-1.7000000476837158,-1.3421431789800067,-1.1515758796608975,-1.1274684893600935,-1.1347518333838158,-1.3228513994946178
Andrew Harrison,2016-17,1474.0,-1.0,0.8242823274707194,0.7737278224597928,0.8179048543314444,0.8390896041206448,0.8313279259941331
Meyers Leonard,2016-17,1222.0,-1.2999999523162842,-0.017209811881027215,-0.6332795649370226,-0.7468780376246282,-0.7777937699818549,-0.09635654174419042
Doug McDermott,2016-17,1508.0,-4.0,-3.806266935087368,-3.0246123878120486,-3.090580343589729,-2.9942764756013758,-3.628838749314276
Marquese Chriss,2016-17,1743.0,-1.2999999523162842,-1.4541128032946098,-1.5085081048833482,-1.6291875645500025,-1.847443957430632,-1.5510529928218173
Julius Randle,2016-17,2132.0,-2.5999999046325684,-1.7556681608961027,-1.4503328585079227,-1.4970310262107807,-1.5214075241061578,-1.7746779125601437
Bismack Biyombo,2016-17,1793.0,-0.6000000238418579,-0.18704902289189138,-0.317660139105846,-0.3319076720847451,-0.34072075434558846,-0.20106170425892242
Arron Afflalo,2016-17,1580.0,-4.800000190734863,-3.6008733718576162,-4.660973186577356,-4.7019624478552,-4.711401021818344,-3.581112868282413
Emmanuel Mudiay,2016-17,1406.0,-4.0,-2.493669001094073,-2.6361478495896025,-2.6134331564959874,-2.5288709199147594,-2.5300125008134335
DJ Augustin,2016-17,1538.0,-4.199999809265137,-2.232309652931745,-1.8758381253874137,-1.7652037235508704,-1.725033723701804,-2.1252029558384615
Brandon Ingram,2016-17,2279.0,-2.700000047683716,-2.604574671039984,-2.5274721389232346,-2.5679879773614607,-2.556110120781815,-2.6067182937737883
Damian Lillard,2017-18,2670.0,0.30000001192092896,0.7550497011236424,0.5422287954462119,0.5642524670635287,0.62535321478886,0.7346458424967538
Victor Oladipo,2017-18,2552.0,3.5,2.883739736011136,2.922768715027939,2.9110143854318467,2.812389246152244,2.7675136446249837
LeBron James,2017-18,3026.0,-1.7000000476837158,-0.971326602228558,-0.7716085683389111,-0.7538413710420029,-0.8829466150577043,-1.0443722907459239
Kemba Walker,2017-18,2736.0,0.6000000238418579,0.5414969719922081,0.6825551650076884,0.6590207527274925,0.6684217372660091,0.5554029948359809
Russell Westbrook,2017-18,2914.0,0.30000001192092896,-0.17650148926984602,-0.1292505381052201,-0.04854630035854195,-0.15989268009266117,-0.19361890928553493
Giannis Antetokounmpo,2017-18,2756.0,2.5,2.3913989902167128,2.0295202363143194,2.01585482458263,1.7689493259373452,2.2623445261457342
Jimmy Butler,2017-18,2164.0,2.299999952316284,2.049429234745139,2.1610232446678768,2.0982905284119724,1.9626526138377534,1.9811793044454467
Anthony Davis,2017-18,2727.0,3.799999952316284,4.498476019576946,4.422873326287571,4.397784928303704,4.194514201454716,4.39702656638888
Jrue Holiday,2017-18,2927.0,2.0999999046325684,2.039740833966169,1.8793833093146306,1.8495636858383901,1.6651337557899974,1.9645092402515605
Kyle Lowry,2017-18,2510.0,0.800000011920929,0.7455409591047004,0.9653708141577787,0.9597345630631489,1.136457580353296,0.8072872634362134
Chris Paul,2017-18,1847.0,1.100000023841858,0.9871881294929465,1.1240542921605678,1.093675947375258,1.029609996553741,0.9773901155199561
Nikola Jokic,2017-18,2443.0,0.30000001192092896,1.3369959567312606,1.474090417004257,1.500772880556939,1.3928812971429199,1.3397389276570808
KarlAnthony Towns,2017-18,2918.0,0.0,1.4735945766056775,1.257629379215857,1.227857196023597,1.0980035454105168,1.3866645042179968
Robert Covington,2017-18,2532.0,3.5999999046325684,2.907987650304677,3.0092103485458384,2.981610079928963,2.887368105503766,2.8537231153818556
Bradley Beal,2017-18,2977.0,0.8999999761581421,0.651927789235383,0.014772972136551182,-0.02616454114613488,0.03136943160294714,0.5679338309549727
Otto Porter Jr.,2017-18,2432.0,1.399999976158142,1.787011015662109,1.7017969630637113,1.6709426477278326,1.5697498282139857,1.7080765206469306
Ben Simmons,2017-18,2732.0,1.899999976158142,1.7774728844819412,1.655744324600331,1.6375431298982073,1.506562072702947,1.7262045328233735
Stephen Curry,2017-18,1631.0,-1.7000000476837158,-0.314841992660325,-0.5731070423856548,-0.5903418872155133,-0.5433923026356074,-0.3261835756650404
Paul George,2017-18,2891.0,1.5,0.7929906961681965,0.603325232030576,0.5103365059185015,0.47230255254827513,0.7290359506971069
Eric Bledsoe,2017-18,2322.0,1.7999999523162842,1.0073478512432454,1.231488835511495,1.2169650102893996,1.1200909687462444,0.9756472784368758
LaMarcus Aldridge,2017-18,2509.0,1.5,2.3648768702290974,2.340856330265014,2.334607341490194,2.283601014983626,2.351775839935393
Kevin Durant,2017-18,2325.0,-1.2999999523162842,-0.7485554720883449,-1.0698571007402489,-1.078532152898911,-1.037877851799079,-0.7634277851246932
Al Horford,2017-18,2277.0,3.299999952316284,2.311607503366448,2.6777171705466465,2.6578175469323657,2.6774470162255453,2.3916508634429414
Kyrie Irving,2017-18,1931.0,-1.2000000476837158,-0.9224843697970622,-0.7996453386997411,-0.7291659628735758,-0.7121979201590334,-0.8608976743814641
DeMar DeRozan,2017-18,2711.0,-1.600000023841858,-1.3479512137560086,-1.5854271799088955,-1.4421920330279552,-1.5496898816923619,-1.307745790509537
Draymond Green,2017-18,2287.0,2.4000000953674316,2.483175048134222,1.8992773118748842,1.8207080856779094,1.8004381509050824,2.414373479090356
Joe Ingles,2017-18,2578.0,0.699999988079071,-0.3970295656767101,-0.019340288526432978,-0.03810530785249086,0.04338724250047632,-0.31536120031667425
Steven Adams,2017-18,2487.0,1.2999999523162842,1.4073650801439173,1.6536782444931877,1.7101943452073383,1.7064699733288156,1.4712172527002123
Darren Collison,2017-18,2018.0,1.0,-0.5702876226790954,-0.37619155010713023,-0.4414613812643178,-0.5747534193227878,-0.6069412340838746
Donovan Mitchell,2017-18,2638.0,0.800000011920929,1.091493206314533,1.267004592003816,1.2879840280340435,1.2927717855245051,1.1191772381042633
Josh Richardson,2017-18,2689.0,2.799999952316284,1.980355970538914,1.8191264138286933,1.7791276297209362,1.7142544810212825,1.925054951680556
Joel Embiid,2017-18,1912.0,3.4000000953674316,4.048193608302029,4.316772694945676,4.348477186125191,4.341171757053415,4.03772129033867
Khris Middleton,2017-18,2982.0,-0.800000011920929,-0.7524750935722977,-0.8320152311781128,-0.8003144156569175,-0.8364916508395189,-0.7791775943433892
Lou Williams,2017-18,2589.0,-3.299999952316284,-2.533784644642469,-2.6406252737702784,-2.551730223743272,-2.489400871725405,-2.512464421801823
Spencer Dinwiddie,2017-18,2306.0,-0.699999988079071,-0.6649561072973479,-0.7134605975414153,-0.8159500396830426,-0.9185294611690581,-0.7131647505813218
Thaddeus Young,2017-18,2607.0,2.0,2.4757658848036597,2.269992727015877,2.2220515597141945,2.182478215342887,2.408488317166176
Clint Capela,2017-18,2034.0,2.799999952316284,2.9944264072886964,3.5046364176377707,3.4701286520051027,3.446335699613148,3.024683605785072
Klay Thompson,2017-18,2506.0,0.20000000298023224,-0.32324693432107476,-0.34145707473839915,-0.30465395972758297,-0.29459511753289935,-0.2851175240570253
Gary Harris,2017-18,2304.0,0.6000000238418579,-0.14711971115500372,-0.3150328686819055,-0.2728662107886217,-0.24677136614286477,-0.17799746821764842
Kyle Anderson,2017-18,1978.0,3.0999999046325684,2.295716353760133,2.2884341587925885,2.2288910294261752,2.213855087050825,2.272788847338268
Rudy Gobert,2017-18,1816.0,4.0,4.528415037112224,4.934827520896359,4.940165496641902,4.975442780392539,4.624993593869342
Eric Gordon,2017-18,2154.0,-0.800000011920929,-1.1868857111533593,-1.1465679824816895,-1.093982000677576,-1.010719529854091,-1.1222135779814533
Fred VanVleet,2017-18,1520.0,1.899999976158142,2.2682714625421374,2.770544594859557,2.739377052756472,2.7246178758726542,2.3152648234846183
Tyreke Evans,2017-18,1607.0,-0.6000000238418579,-0.04982106550408984,-0.232478035774876,-0.29286455828848523,-0.23733643931879858,-0.0637012064908348
Tobias Harris,2017-18,2668.0,-0.6000000238418579,-1.509581166085504,-1.2797049436443144,-1.3023835613167192,-1.2632538664175674,-1.4426802351172918
Blake Griffin,2017-18,1970.0,0.20000000298023224,0.6898887638221154,0.43420349431602623,0.41687767666415565,0.40647405110870904,0.6612966509048194
CJ McCollum,2017-18,2923.0,-1.399999976158142,-0.25166872654679556,-0.4343067512506759,-0.4246149382435407,-0.37378340127123905,-0.25491767796421055
Dwight Powell,2017-18,1672.0,2.9000000953674316,2.0664438585494396,1.9490703523423671,1.8534277108991688,1.8851118535525708,2.0390281589592103
Goran Dragic,2017-18,2378.0,0.10000000149011612,0.30543378601582516,-0.038249070600659435,-0.005261499459754002,0.0246424755970103,0.29266932227268605
Will Barton,2017-18,2683.0,-0.4000000059604645,-1.2591025697338378,-1.5232934066128363,-1.5584512144024267,-1.5127988917194441,-1.2638217488622943
Jayson Tatum,2017-18,2438.0,1.0,1.1904437404436352,1.159399665544811,1.0987269426939827,1.073352477873801,1.1671540680403958
Taj Gibson,2017-18,2726.0,0.5,0.6436372503308703,0.41305104370156154,0.4103476439163356,0.25656094540083973,0.5737573045304987
Terry Rozier,2017-18,2068.0,1.399999976158142,0.6180349553403399,1.0152881533139042,1.026969134276615,1.1110675062777176,0.6736323691036701
Jaylen Brown,2017-18,2152.0,1.2000000476837158,1.242116211021869,1.4587851557592293,1.4865128719091358,1.49744436392167,1.258052403077545
DeMarcus Cousins,2017-18,1737.0,2.200000047683716,2.370514657224128,2.669012277091277,2.717177870525865,2.68105534698124,2.3621132237749793
Jeremy Lamb,2017-18,1967.0,-0.20000000298023224,-0.9530459213549891,-0.833055576084051,-0.8599461789058969,-0.8495846851686729,-0.9293918202967743
JJ Redick,2017-18,2116.0,-1.5,-1.264054312904452,-1.3260312202781672,-1.2093592225084402,-1.047889408749827,-1.1867748754460234
Tim Hardaway Jr.,2017-18,1885.0,0.0,-0.7547822726970199,-0.7090659435639368,-0.7299517774799962,-0.6886083246519353,-0.7501714970419837
Ricky Rubio,2017-18,2254.0,1.2999999523162842,1.7690157494982113,1.817498079908774,1.7466439018092408,1.7935725956121205,1.761168604339677
AlFarouq Aminu,2017-18,2072.0,2.200000047683716,2.1954352622613476,1.9848094663777283,1.923958429872751,1.7644210491162928,2.105686304781019
Jamal Murray,2017-18,2565.0,-1.7000000476837158,-1.5694887243963702,-1.534959725857242,-1.5182940208639544,-1.5536915959812423,-1.5686692725962514
Delon Wright,2017-18,1433.0,1.7000000476837158,2.345137952252876,2.8464605371147838,2.8308477663479112,2.7731076634440894,2.38940922789536
Allen Crabbe,2017-18,2197.0,0.20000000298023224,-0.8398846106701159,-1.122301902646854,-1.1131681499287305,-1.1012744601149544,-0.8509437892740996
Aaron Gordon,2017-18,1909.0,1.600000023841858,0.5133267468480069,0.3938336198285369,0.26361459517402586,0.2553197716394813,0.48903304175753115
Jakob Poeltl,2017-18,1524.0,2.799999952316284,1.7987176505678117,2.102583405482064,2.1755906995990246,2.2937569965392175,1.898871089523083
Kristaps Porzingis,2017-18,1553.0,2.0,2.562573881989477,2.1819129450538046,2.1211674485767253,2.1241126833429798,2.500527532285482
Derrick Favors,2017-18,2153.0,1.5,1.7842937906311143,1.994909800862533,2.07562543281919,2.0336679530720265,1.832911457269202
Danny Green,2017-18,1791.0,2.700000047683716,1.6897660114384152,1.7083489624736101,1.6895883814470816,1.6736801954733398,1.7029894218435413
Buddy Hield,2017-18,2024.0,0.30000001192092896,0.23408666131730582,0.565864345770808,0.501921413195477,0.5451602578971163,0.26247107084284294
Nikola Mirotic,2017-18,1494.0,0.10000000149011612,1.5969349607800383,1.676581482692424,1.6923167296766852,1.6630480405917414,1.5971320923296453
Ish Smith,2017-18,2043.0,1.0,-0.0776782580535943,0.09531354163567524,0.15518131135953328,0.1697683761768313,-0.02740188517463727
Anthony Tolliver,2017-18,1757.0,0.10000000149011612,0.8041708087618009,0.6124875928670541,0.7337654286950739,0.7785119492821432,0.8433772508287745
Jonas Valanciunas,2017-18,1727.0,1.2999999523162842,1.310982468660892,1.566091751456487,1.7157292471918004,1.8370441078302402,1.4167414589907976
Marc Gasol,2017-18,2408.0,1.7000000476837158,1.1628632024876382,0.6445431830098239,0.577875812561276,0.6220828506416229,1.0909815955993678
Michael KiddGilchrist,2017-18,1850.0,2.9000000953674316,0.817673883107666,0.6142699807427136,0.5646790980065792,0.44726751982128443,0.7509403770156665
Kyle Korver,2017-18,1574.0,0.4000000059604645,-0.65856716493836,-0.8156478656190448,-0.8386707755216865,-0.7053153301742673,-0.6025460390266854
Kentavious CaldwellPope,2017-18,2458.0,-0.5,0.6561794499731782,0.6426237584347585,0.7057439527784264,0.6835077690550612,0.634461452142101
Andre Drummond,2017-18,2625.0,0.699999988079071,1.2327634047772031,1.7214469766061538,1.6104266564832925,1.4006117395539517,1.1655611119923304
Yogi Ferrell,2017-18,2282.0,1.2000000476837158,1.1538107722724942,1.224529818581942,1.2178041895869178,1.201849854021844,1.1149591016621612
Kevin Love,2017-18,1651.0,-0.8999999761581421,-0.16021832915682913,-0.25730130501119797,-0.2958423880473151,-0.3231324439167409,-0.2161252009714365
Larry Nance Jr.,2017-18,1421.0,2.5999999046325684,3.28284159832189,3.845100971882426,3.787746895320001,3.658758483176475,3.2298129507894786
Shabazz Napier,2017-18,1535.0,2.4000000953674316,1.6426442949359772,1.8507434832831358,1.7956118460068384,1.8014231414671145,1.6805647546089573
Dario Saric,2017-18,2310.0,-0.4000000059604645,-0.05469705434176149,-0.051057570333759524,0.06210320175189574,0.06393053399788924,-0.016868722073943444
Tyus Jones,2017-18,1467.0,1.2999999523162842,1.4192139058318518,1.940205217847637,1.8497487521350882,1.7743570146381484,1.4232663393531597
JJ Barea,2017-18,1603.0,-1.7000000476837158,-1.0164701627407422,-1.1192616084781155,-1.083460583555084,-0.8982575322304395,-0.9894426775534668
Rondae HollisJefferson,2017-18,1920.0,1.100000023841858,0.10692168789706546,0.5597433709427087,0.48131862782584145,0.39107760825835813,0.08328825574199959
Andrew Wiggins,2017-18,2979.0,0.30000001192092896,-0.0024186201031524412,-0.2982186839994017,-0.3050137043681999,-0.3767830012636473,-0.06796907987523351
DeMarre Carroll,2017-18,2180.0,0.5,0.6828093844982018,0.3537903098692087,0.2795042331160579,0.292171223219196,0.629524041639557
Justin Holiday,2017-18,2265.0,1.100000023841858,0.5850388075323874,0.27856304683768096,0.2280806537674028,0.16968847149999677,0.5148741390967948
Kelly Olynyk,2017-18,1779.0,-0.8999999761581421,1.1266266713329025,1.0556099740582632,0.997967216997799,1.0509792801668154,1.1496334703781366
Tyler Johnson,2017-18,2052.0,0.4000000059604645,0.03919357239889192,0.08102373151629125,0.1251725509119215,0.09832955484543814,0.056635994037224996
Dejounte Murray,2017-18,1743.0,3.0999999046325684,2.9882591645032415,3.4336425725244175,3.409436970759242,3.2746090569155677,3.01455883819268
Tomas Satoransky,2017-18,1643.0,0.10000000149011612,0.4853609184724288,0.31997674091082284,0.29599368003945065,0.3280476404757032,0.4643082442312841
Pascal Siakam,2017-18,1679.0,0.800000011920929,1.6919041543644584,1.6120353375439092,1.6147398800890058,1.688715169715683,1.7138124299164916
Rudy Gay,2017-18,1231.0,1.399999976158142,0.4915616045250213,0.45194177479714676,0.3936754591242872,0.5165858721005832,0.5092808008939266
Ersan Ilyasova,2017-18,1729.0,2.0,2.2434314701843507,2.2451025357776757,2.2009228514245667,2.06466919784587,2.1960609960470214
Jusuf Nurkic,2017-18,2088.0,2.5999999046325684,3.372446429750143,3.559678302751937,3.483468430143446,3.3431214167973895,3.3276225979361724
Marvin Williams,2017-18,2006.0,0.10000000149011612,0.3093669564629961,0.4425318893569725,0.45911701280188866,0.38534683836400296,0.31237346806541716
Kent Bazemore,2017-18,1789.0,0.699999988079071,0.7597585312658178,0.4329947634396495,0.3048000868428615,0.22086767562392273,0.6498998324996633
Bojan Bogdanovic,2017-18,2464.0,-0.20000000298023224,-0.39382707019949637,-0.2580210611351916,-0.2944839702362529,-0.26124315930111125,-0.3871076178876374
Josh Hart,2017-18,1461.0,0.5,-0.6581783648300289,-0.4534280329967346,-0.4508854071122398,-0.41874079609662906,-0.6190769862587001
Dennis Schroder,2017-18,2078.0,-1.399999976158142,-1.5775302439184848,-1.3398871457131358,-1.3774548909507174,-1.3215116449419078,-1.5789847010286617
John Wall,2017-18,1410.0,0.10000000149011612,0.4983303578674237,0.07911671684587154,0.07321907307284864,0.04442721291076604,0.45546148751872495
Lonzo Ball,2017-18,1780.0,1.399999976158142,1.890787976701553,1.8462472097192568,1.8361418473999342,1.6967312915428052,1.812307860411917
Amir Johnson,2017-18,1171.0,3.200000047683716,2.5722880966580184,2.2176293699852327,2.188076631659875,2.205039970471546,2.59077302015797
Julius Randle,2017-18,2190.0,-0.30000001192092896,-0.7114073794915585,-0.8038259518869344,-0.7241532081300607,-0.7339997963370621,-0.660106327198607
Jordan Clarkson,2017-18,1888.0,-0.8999999761581421,-0.566924136664311,-0.2687922271734432,-0.25000716931536315,-0.2657920763026222,-0.5289468347590506
Ed Davis,2017-18,1471.0,1.5,1.3141686914051145,0.8054258626571614,0.8254639499642952,0.7533829250587571,1.2677224176683
Montrezl Harrell,2017-18,1293.0,-0.10000000149011612,0.9394381074985152,0.6223428059948048,0.699655576495891,0.6708921546725654,0.9375453304769634
Joe Harris,2017-18,1975.0,-1.100000023841858,-1.657764969947925,-1.845053476663453,-1.8530347069964404,-1.7890737437889308,-1.6374123068658548
George Hill,2017-18,1812.0,0.4000000059604645,-0.8910884525943943,-1.1502385316905896,-1.165639697304644,-1.2395501700156912,-0.9765019058235029
James Johnson,2017-18,1943.0,0.10000000149011612,0.712116491324098,0.4745677360443399,0.5301847332098428,0.4974678473505594,0.6927496510911615
Dirk Nowitzki,2017-18,1900.0,-0.4000000059604645,-0.44277451220294534,-0.26275106533672127,-0.217431688559628,-0.12881511818299143,-0.3828953414244925
Marcus Smart,2017-18,1614.0,1.7000000476837158,1.6498788323255276,2.0705931659955397,2.143492294581164,2.0099139917761795,1.65169367575613
Reggie Bullock,2017-18,1732.0,-0.20000000298023224,-1.2680855001272275,-1.1550016377205528,-1.0981185315092103,-1.0878869589458724,-1.2132006343366775
Ryan Anderson,2017-18,1725.0,0.20000000298023224,-0.16897837162079532,-0.47166731710289317,-0.4330788143888068,-0.33732658392458426,-0.1471254785990981
Carmelo Anthony,2017-18,2501.0,-1.899999976158142,-1.1813910414849942,-1.035098274270765,-1.0038456328682521,-1.0893411828347968,-1.1374800302302326
Nemanja Bjelica,2017-18,1371.0,0.8999999761581421,0.5205709713357484,0.3743008803396418,0.3565167367420399,0.447382494800885,0.4893306243050367
Pau Gasol,2017-18,1812.0,1.100000023841858,2.5197580909668376,2.552530568192488,2.4756153686746067,2.5890284947721254,2.5443399185693596
Lauri Markkanen,2017-18,2020.0,-0.20000000298023224,-0.797416134715733,-0.9921847695409217,-1.0524241791116784,-1.0865985421761803,-0.835271263881045
Kyle OQuinn,2017-18,1387.0,0.5,0.8276236779809368,0.2905908130681699,0.09378991307243131,0.03953147286172326,0.712886565125335
OG Anunoby,2017-18,1481.0,1.7999999523162842,1.9213238573198506,1.8703000850036542,1.8385074897980056,1.8416139919133565,1.897939163529296
Trevor Ariza,2017-18,2269.0,-1.0,-0.2505321558947221,0.1419072146793187,0.22132946007330612,0.03244446585811819,-0.2631667635713947
Wilson Chandler,2017-18,2346.0,0.10000000149011612,-0.6363844481622328,-0.9704164769493928,-0.9484889817499532,-0.9660613348674265,-0.658173907046839
Jeff Teague,2017-18,2311.0,-1.7000000476837158,-1.2908547326802502,-1.363289104076283,-1.37166733663146,-1.4460607476028273,-1.3035915500024693
TJ Warren,2017-18,2142.0,-0.5,-1.1108932487282532,-1.0715882279467297,-1.0965820433783497,-1.0578528791371826,-1.0945276376632427
Marcin Gortat,2017-18,2075.0,1.600000023841858,2.1726408943308364,2.322971171819021,2.288058565872904,2.26390585172387,2.181632374407471
Jerian Grant,2017-18,1686.0,-0.8999999761581421,-0.7444227941414309,-0.7365551769348991,-0.726586519565255,-0.7458595959824981,-0.7547863229975522
Devin Harris,2017-18,1340.0,-0.699999988079071,-0.9260731465452607,-0.3232453115450038,-0.42023423129740434,-0.27815462292343973,-0.8390224543772082
Trey Lyles,2017-18,1391.0,0.10000000149011612,-0.3641603622257327,-0.8203600099437109,-0.8686177146538281,-0.8353369818083777,-0.39827069305425955
DJ Augustin,2017-18,1760.0,-0.5,-0.08575409248150967,-0.13131030522262416,-0.03212042935081533,-0.03949750714389463,-0.06248803993643083
Evan Fournier,2017-18,1837.0,-2.0999999046325684,-2.097404617810976,-2.086735873152085,-2.034530128524666,-2.047520654538227,-2.089993044338642
Patty Mills,2017-18,2107.0,-1.2999999523162842,-0.9929508196870982,-1.14585546590496,-1.1048566157377582,-0.9838346588649953,-0.9666611583202647
Rajon Rondo,2017-18,1705.0,-1.899999976158142,-0.4093036002473758,-0.4044156652079653,-0.38919783110613376,-0.47150950530464075,-0.43065872010222545
Hassan Whiteside,2017-18,1364.0,2.5,2.2960573528647923,2.112441697664562,2.057810702375204,2.024283816600623,2.2518610314055083
Manu Ginobili,2017-18,1299.0,0.20000000298023224,-0.7949339303165356,-0.7687176996380334,-0.7326907760636956,-0.7596162456797506,-0.781020640379795
Luc Mbah a Moute,2017-18,1564.0,2.5,2.0513451961727776,2.415712932417665,2.439386446173458,2.3548223294078587,2.0860374244921727
PJ Tucker,2017-18,2281.0,0.4000000059604645,1.1052545806424274,1.2734709085053508,1.2319507883834504,1.1636422010894756,1.0954675571601953
Wayne Ellington,2017-18,2041.0,-2.0999999046325684,-0.9432076858931461,-0.8804026987587953,-0.9004824581790175,-0.7816016871534999,-0.8903606010209871
Jeff Green,2017-18,1828.0,0.20000000298023224,0.49811694403735124,0.6892473484244664,0.6027525140946343,0.5891069273541718,0.5235663938802937
Andre Iguodala,2017-18,1622.0,1.2999999523162842,1.5989458531242084,1.716816842596537,1.7341559446423056,1.7921217548616326,1.6341327930670257
Reggie Jackson,2017-18,1201.0,-0.699999988079071,-1.6842869713896302,-1.9320995873921034,-1.8312942946569108,-1.8006174390025942,-1.6475701916715215
Aron Baynes,2017-18,1485.0,3.700000047683716,2.5562243500084083,3.604776965051614,3.635119609136786,3.749669631427694,2.6792641191041335
Devin Booker,2017-18,1865.0,-3.0999999046325684,-2.4451579335570965,-2.7004628867396185,-2.654961186453241,-2.649474614118354,-2.4800996560135733
Malcolm Brogdon,2017-18,1436.0,-0.6000000238418579,-1.596248811479029,-1.7411328983195058,-1.6873287529836407,-1.6033502214638793,-1.5480278481085477
Dillon Brooks,2017-18,2350.0,0.6000000238418579,0.1946406518824227,0.19274501143857947,0.1669066950152963,0.14836380634812707,0.1656853388108675
Bogdan Bogdanovic,2017-18,2175.0,-1.7000000476837158,-1.6600117187961747,-1.8416378239851574,-1.8397883486833004,-1.9220495818355272,-1.6965302477373874
Corey Brewer,2017-18,1208.0,1.899999976158142,1.0482529280553052,1.1809319206542344,1.0863159094080181,0.8834811477556377,0.9421432775584957
John Collins,2017-18,1785.0,0.5,1.0396575057175585,1.0024499174379191,0.9394898127916322,0.8890961242146115,1.023177660765265
James Ennis III,2017-18,1604.0,0.8999999761581421,-1.3694525335359602,-0.9725793349252718,-0.9262536753176831,-0.9477235920482605,-1.3016580330903362
Jerami Grant,2017-18,1647.0,0.699999988079071,0.8699198281177224,0.41533157916173064,0.39490951384326684,0.4637667942694861,0.8479224191562282
Shelvin Mack,2017-18,1365.0,0.20000000298023224,0.26955691973542345,0.5804810093218508,0.5781162288513806,0.6397236429939572,0.3071639080814414
Darius Miller,2017-18,1944.0,-1.100000023841858,-1.9109166882440292,-2.152810614868858,-2.129327225934671,-2.174776803455109,-1.8829130738668294
ETwaun Moore,2017-18,2586.0,-1.600000023841858,0.7575996119956527,0.38769667507510175,0.40296418230363706,0.3459413601418959,0.6972510518168391
Garrett Temple,2017-18,1615.0,1.2000000476837158,-0.2185628050379929,-0.452191446220729,-0.4453988236220913,-0.4709665345509026,-0.2544138206587642
Nikola Vucevic,2017-18,1683.0,0.4000000059604645,1.9492276712005119,1.9141743121437358,1.94828136562574,1.9382465815479468,1.9555302288665568
Justise Winslow,2017-18,1680.0,1.2999999523162842,1.2919152340324218,1.357799034948067,1.3441775427144376,1.415460688601672,1.3012830131045723
Brook Lopez,2017-18,1735.0,0.10000000149011612,0.04102990555083316,0.21103077570508882,0.23907179875735135,0.13413904045208405,0.08904274747023763
TJ McConnell,2017-18,1706.0,1.2999999523162842,0.5555123068068913,0.5701435522835767,0.6272532826292658,0.6400662502412628,0.5633029762103158
CJ Miles,2017-18,1337.0,-1.0,-0.4476896269252694,-0.8501268178882397,-0.8465702132918695,-0.8196207048961947,-0.43402667261864614
Nicolas Batum,2017-18,1981.0,-2.299999952316284,-0.9587945703488403,-1.3109102595726008,-1.3252387191649118,-1.3638507644198967,-0.9767958147749161
Marco Belinelli,2017-18,1947.0,-1.899999976158142,-1.3064434572616885,-1.598243320574805,-1.6751296374025615,-1.6436647428172408,-1.3290099377246143
Dewayne Dedmon,2017-18,1542.0,1.100000023841858,1.119763355137726,0.7394242353603,0.7655393445997749,0.6664008541690924,1.0394853642062203
Mario Hezonja,2017-18,1657.0,0.20000000298023224,-0.19032979767982638,0.04913584144331298,-0.03564341410313754,0.00018749531172967265,-0.18256986758197896
Caris LeVert,2017-18,1864.0,0.10000000149011612,-0.44294490232589234,-0.4385219190165216,-0.5161844828614366,-0.4861274355357106,-0.46461660331893717
Austin Rivers,2017-18,2057.0,-2.0,-2.1618722779385786,-1.940175591188443,-1.8937017505674887,-1.8891873775378332,-2.1635435933255796
Pat Connaughton,2017-18,1488.0,-0.10000000149011612,0.16880634192073435,0.08648904684843028,0.048491751369692415,0.12636639746551004,0.22154838939931262
John Henson,2017-18,1970.0,0.30000001192092896,1.6692777264660994,1.8292261944813242,1.7736636221265736,1.72209047649415,1.6553815729297734
Luke Kennard,2017-18,1463.0,-0.699999988079071,-0.421272167157646,-0.5472262592479336,-0.46125129416824956,-0.333647001800628,-0.36269763457583715
Courtney Lee,2017-18,2310.0,-1.5,-1.8905803846028482,-1.6734505457557673,-1.6848173543647087,-1.731568086264321,-1.879249907742649
Harrison Barnes,2017-18,2634.0,-0.20000000298023224,-1.5029233148319485,-1.619553030610147,-1.6366930266728663,-1.563645830008845,-1.4774711634170976
Serge Ibaka,2017-18,2093.0,-0.20000000298023224,0.084654131539006,-0.0677039796748404,-0.10502242346836715,-0.08956090324527205,0.09194807745117747
Cory Joseph,2017-18,2210.0,-0.30000001192092896,0.09955904363484958,0.23783746672300166,0.19824413510897215,0.22111820646165783,0.09650979122471345
Bobby Portis,2017-18,1643.0,-2.0,-0.875692132414875,-0.8073438237673292,-0.8730295351763563,-0.8587480052447934,-0.8876137992394167
Wesley Johnson,2017-18,1486.0,2.0999999046325684,1.5916240905914665,1.302986587647917,1.2600006546515474,1.2061434210530484,1.503863457473482
Kyle Kuzma,2017-18,2401.0,-0.800000011920929,-0.7007115458651174,-1.015697257518223,-1.002766135659861,-0.9539236812717313,-0.6803645872409532
Bam Adebayo,2017-18,1368.0,1.2999999523162842,1.5129193757522337,1.858806117894003,1.8023585066676877,1.9377531181472945,1.5938411024095942
Stanley Johnson,2017-18,1894.0,1.2999999523162842,1.3333232484069018,1.1117688527213896,1.1304586018377232,1.0673030513472936,1.285632973645767
Maxi Kleber,2017-18,1206.0,1.5,0.6373574028704676,0.9138433263703857,0.8562322454039801,0.8844383630431923,0.6527560696636611
Domantas Sabonis,2017-18,1810.0,-0.20000000298023224,0.5894113815340093,0.2947350229719978,0.2584082630943045,0.3381924355281845,0.6147044460920329
Mario Chalmers,2017-18,1421.0,1.0,1.3805330053286025,1.256999907241116,1.2219144655762255,1.233052904933536,1.2978383055194709
Kris Dunn,2017-18,1525.0,0.5,-0.1566571543764289,-0.2380039405812926,-0.290813734799327,-0.357949221216243,-0.23095243731756296
Andrew Harrison,2017-18,1326.0,-0.5,-0.6370878642759793,-0.43011922249854995,-0.38872957527570184,-0.4150750787911601,-0.6058252028020608
DeAndre Jordan,2017-18,2424.0,-1.0,0.16733267735267185,0.3403153082274277,0.3122356840063887,0.27284508448645756,0.14465503013927045
Sindarius Thornwell,2017-18,1156.0,1.7999999523162842,0.9340016289412278,0.5821667314309075,0.4499598590967333,0.4449985055361386,0.8497547399312155
Denzel Valentine,2017-18,2095.0,-1.0,-0.9408052192673192,-0.9951923031432897,-1.0230256688172477,-0.9711846831655218,-0.9462514593451544
Dwyane Wade,2017-18,1536.0,0.6000000238418579,-0.07671408149185005,-0.2588078360628867,-0.2519242247338744,-0.2705557300354433,-0.07650495522483136
Tyson Chandler,2017-18,1151.0,1.0,0.33360807023322014,0.19182004807780084,0.11264105166271943,0.028065758632754345,0.27575588544857854
Frank Kaminsky,2017-18,1835.0,-2.299999952316284,-1.9906869048110933,-1.718245738407819,-1.6489593400224274,-1.5576004068450187,-1.8972503423537377
Kosta Koufos,2017-18,1391.0,0.6000000238418579,2.259125002130999,1.9036168576088954,1.9180490959552756,1.9497128492156315,2.234369359100816
Frank Ntilikina,2017-18,1706.0,2.5,0.7227103999585434,0.24870356494245036,0.19233337971354703,0.14738945441613263,0.6509798661489712
Maurice Harkless,2017-18,1264.0,-0.4000000059604645,0.8298095575449138,0.5182500211882678,0.54683816502492,0.48591435929847393,0.7734411636002452
Alex Len,2017-18,1395.0,-0.30000001192092896,0.6416933694258263,0.5626276253944642,0.5831198257603802,0.5574681983620123,0.6155225112259769
Willie CauleyStein,2017-18,2044.0,0.8999999761581421,0.15399796053761922,0.2569438504260338,0.2267343448947619,0.14395314112980007,0.1403631965836181
Jae Crowder,2017-18,2090.0,-0.4000000059604645,0.65910812476653,-0.20450591911255545,-0.17740009399251958,-0.31099851416380764,0.5626822989329283
Raymond Felton,2017-18,1365.0,-0.5,-0.7924704141867691,-0.3912837472210474,-0.3752956895655476,-0.31343070459412004,-0.7091021012299105
Brandon Ingram,2017-18,1975.0,-0.800000011920929,-1.0290315294839947,-1.241813969255303,-1.3262231370595066,-1.294391290553478,-1.0437478548657313
Mason Plumlee,2017-18,1439.0,0.30000001192092896,0.713749098257175,1.0483290140568804,1.0680554268203302,1.1350809592821023,0.7916745062601882
Isaiah Taylor,2017-18,1167.0,-0.20000000298023224,-0.31051028272146863,-0.3802155513336211,-0.4359741241334496,-0.2874334052648818,-0.28577506816155646
Trevor Booker,2017-18,1158.0,-0.8999999761581421,-0.01343081355448808,-0.028642066143001937,0.036327813703052866,-0.013376327649787065,-0.037164015970277145
David Nwaba,2017-18,1646.0,-0.8999999761581421,-0.965561624334482,-0.8315942217723639,-0.8483695852134756,-1.0023374849118558,-0.9979848184474879
Kelly Oubre Jr.,2017-18,2231.0,-1.2999999523162842,-0.8072581199377427,-0.6834224187403315,-0.7211804620220345,-0.8116926137015139,-0.8283683130488064
Michael Beasley,2017-18,1653.0,-2.0,-1.1889446160472095,-1.4493922448796748,-1.4634517721615523,-1.5109149990427637,-1.2561454004461816
Wesley Matthews,2017-18,2131.0,-1.5,-1.6032612607435042,-1.6816415910133249,-1.7253298455572201,-1.7777022579766333,-1.6773154393022172
Elfrid Payton,2017-18,1808.0,-2.700000047683716,-2.1454052115513367,-2.324924871587368,-2.2732661068758526,-2.3433782490012867,-2.191486272716104
Evan Turner,2017-18,2034.0,0.30000001192092896,-0.029269035273958112,-0.033453548873373165,-0.053007795754254516,0.008581957699140505,-0.0005400786823070436
Bryn Forbes,2017-18,1517.0,-1.100000023841858,-1.6396966372633126,-1.3338441894642594,-1.2627257751055545,-1.093955613134293,-1.509037614730111
Dwight Howard,2017-18,2463.0,-0.10000000149011612,1.6601237355731757,1.279047210435779,1.2543595219464083,1.1031330459036037,1.5964018062580363
Markieff Morris,2017-18,1968.0,-0.8999999761581421,-0.1687213598585122,-0.345367505014776,-0.341411681690856,-0.3564833906280846,-0.18024560975228038
Myles Turner,2017-18,1836.0,-0.4000000059604645,2.2494382622044284,1.8346247426338351,1.8019819198000042,1.7294966454644838,2.2058405456123666
Nick Young,2017-18,1393.0,-1.2999999523162842,-0.7411147317481823,-0.6362086296650786,-0.6307923116998209,-0.5416148338579005,-0.6721442694205673
Avery Bradley,2017-18,1433.0,0.30000001192092896,0.3993079886898647,-0.2609503316315768,-0.2636408227928084,-0.4318067319171455,0.26872261835298894
Jarrett Jack,2017-18,1548.0,-1.600000023841858,-1.4801620357366805,-1.7491927702793568,-1.6875956831892585,-1.6883138591423563,-1.4816308963445457
Jonathon Simmons,2017-18,2029.0,-1.899999976158142,-2.1269155802364432,-2.1721976592634107,-2.186810452777458,-2.212071246714819,-2.1391644314870693
Taurean Prince,2017-18,2464.0,-1.7999999523162842,-1.3023909076568914,-1.3048477296564926,-1.3534164726291125,-1.3826337714620993,-1.3176652503216564
Rodney Hood,2017-18,1616.0,-2.5999999046325684,-1.6516068433573177,-1.552578763256443,-1.5520409197148106,-1.5066252813971404,-1.6278119155113084
Tyler Ulis,2017-18,1658.0,-1.0,-1.4643408390781958,-1.4867050289113848,-1.4572167639394271,-1.4931487805368113,-1.488883058613595
Skal Labissiere,2017-18,1240.0,-0.800000011920929,-0.12421823580709655,-0.6183617372581788,-0.6321133761272368,-0.5491488641450032,-0.1514199520757473
Doug McDermott,2017-18,1768.0,-1.2999999523162842,-1.0479432817994885,-1.3503766663009968,-1.3528017371513366,-1.2666928345834874,-1.0120644597490234
Quincy Acy,2017-18,1359.0,-0.699999988079071,0.21260684864160992,0.48830638771065243,0.4464454850584514,0.5121091969074058,0.23923675302181704
Patrick Patterson,2017-18,1270.0,-0.10000000149011612,0.5379496971129961,0.8905053339429787,0.9116789901781565,0.9240984499416669,0.5918539321618914
Dante Cunningham,2017-18,1562.0,-0.6000000238418579,-0.5107853277724784,-0.26184425698303826,-0.23567187231064224,-0.230708272346552,-0.4715794489225518
JaMychal Green,2017-18,1542.0,-1.600000023841858,-0.8603612319623639,-0.9715089765640208,-1.0000514627982056,-1.0865466036325149,-0.919522341827181
Mike Scott,2017-18,1406.0,-2.200000047683716,-1.8264860949626827,-2.1878057830774846,-2.1361068363025058,-2.2001155228582756,-1.8373294613115054
Tony Snell,2017-18,2053.0,-1.899999976158142,-1.8792607443107427,-1.6350368225097969,-1.6457478660792257,-1.5251777244614781,-1.8364905944655596
Lance Thomas,2017-18,1353.0,0.0,-0.09056664495554353,-0.5970652969063275,-0.5558921486408779,-0.5800461957825593,-0.15241027401804721
Marquese Chriss,2017-18,1527.0,0.30000001192092896,0.06739114487440077,-0.047310930663725735,-0.18480468646979148,-0.3006206358482084,-0.004505563260255925
Lance Stephenson,2017-18,1850.0,-2.9000000953674316,-2.6913222541730297,-4.2864864760173,-4.2347843078410286,-4.305062000487309,-2.718633552221762
Ian Clark,2017-18,1455.0,-2.5,-1.585006107708906,-1.8777864804500353,-1.8332198099641996,-1.7174479263100408,-1.5458629514938487
Justin Jackson,2017-18,1506.0,-1.399999976158142,-2.099785657402779,-1.8749471057467673,-1.803359574205033,-1.924101965540909,-2.0613307147825246
Zach Randolph,2017-18,1508.0,-3.799999952316284,-2.152820300186557,-1.81005021664047,-1.7754291045555881,-1.813210894709312,-2.1872900209826365
DAngelo Russell,2017-18,1234.0,-3.5,-2.6795999146958547,-2.6083834880967616,-2.558562101930924,-2.52670296184735,-2.6386425062613115
Jarrett Allen,2017-18,1441.0,-1.100000023841858,0.3186945245430159,0.46958485430360253,0.5184035577798911,0.6494598783008397,0.3975133355414737
Gorgui Dieng,2017-18,1333.0,-1.7000000476837158,-0.5141112889129978,-0.6275335816610751,-0.5244759181858719,-0.6246085953470027,-0.5089723411069351
JR Smith,2017-18,2244.0,-3.0,-2.887512040760796,-3.2361318450451306,-3.2992595380114143,-3.3065423189324257,-2.9108430225944875
Joe Johnson,2017-18,1205.0,-1.2999999523162842,-0.6660908318818144,-1.2832222168475924,-1.1386261057867675,-1.0944074442187053,-0.6710975255307582
Robin Lopez,2017-18,1690.0,0.10000000149011612,0.7911464118575205,0.41451421844287933,0.4260444094397108,0.40605676480119957,0.7825061403941415
Jarell Martin,2017-18,1661.0,-0.5,-0.20180002098259442,-0.8471757925780679,-0.8816845264610762,-0.893125149127551,-0.2666528562992879
Troy Daniels,2017-18,1622.0,-3.9000000953674316,-3.8108263907799778,-4.974350267095555,-4.882469716802011,-5.0089243879758545,-3.779367605912562
Jamal Crawford,2017-18,1653.0,-5.099999904632568,-4.024811926576962,-5.197667894274734,-5.1843086428301515,-5.139860353612773,-4.058392837528061
Dragan Bender,2017-18,2069.0,-1.0,-0.7506189061694692,-0.7026675213061304,-0.7219661580871009,-0.8002347550103921,-0.7442874490484032
DeAaron Fox,2017-18,2026.0,-2.0,-1.624789517124064,-1.4721886369835935,-1.4888715817926386,-1.4540762206620235,-1.5949697662819322
Emmanuel Mudiay,2017-18,1245.0,-2.4000000953674316,-1.8772529984943014,-1.8342104907817478,-1.8357566691649005,-1.8327206828505087,-1.8881312087850939
Josh Jackson,2017-18,1959.0,-1.2999999523162842,-0.6802894811050513,-0.8673146398289099,-0.9670088464630364,-1.0910226895338786,-0.7478737340648348
Bismack Biyombo,2017-18,1495.0,-1.100000023841858,-0.22787701641107005,-0.503643713977092,-0.5166879075442726,-0.4662585026120324,-0.28481638249786323
Thon Maker,2017-18,1238.0,-3.4000000953674316,-1.3586025941241915,-1.463812318956102,-1.512380125585023,-1.4709705665296702,-1.372153890648287
Dennis Smith Jr.,2017-18,2049.0,-3.299999952316284,-2.5480266419527293,-2.393851882900736,-2.34490681525351,-2.375656027362715,-2.5199122327854027
James Harden,2018-19,2867.0,1.100000023841858,-0.04416307792920249,-0.07332396094323179,-0.08773201778635625,-0.10909075470925594,-0.07145545510829653
Paul George,2018-19,2841.0,3.799999952316284,2.593289920660343,2.4715145668324157,2.4511646392763144,2.376243841365179,2.5447552247506113
Stephen Curry,2018-19,2331.0,0.699999988079071,0.8831088783350667,0.6777162075805269,0.6273626972837335,0.6010001693852491,0.8324644188920161
Damian Lillard,2018-19,2838.0,-0.4000000059604645,0.7324541060159715,0.49896352574961933,0.4597573451516606,0.441792389028061,0.6627575145195065
Nikola Jokic,2018-19,2504.0,1.7999999523162842,2.3455179855477923,2.9299203765456703,2.7908026116690907,2.7786436236407366,2.3422657975993877
Kemba Walker,2018-19,2863.0,0.800000011920929,-0.4187616571673694,-0.38638815983061203,-0.394638990290066,-0.38580400038629176,-0.4239961276469161
Giannis Antetokounmpo,2018-19,2358.0,2.5999999046325684,3.2968872250531547,3.1325157483629984,3.0801120762754417,3.0082784557886058,3.2200576576495883
Rudy Gobert,2018-19,2577.0,5.099999904632568,4.114010117655875,4.594055282448251,4.563679414166508,4.611999728573548,4.123931013022827
Mike Conley,2018-19,2342.0,1.7000000476837158,0.8835881329308699,1.107890627936223,1.0354055868978422,0.9601350918610595,0.8545307166211371
Kyrie Irving,2018-19,2214.0,1.100000023841858,0.47001432100373186,0.4200769957351243,0.41753768650948325,0.3557126736809386,0.4412298834953121
Kevin Durant,2018-19,2702.0,-0.20000000298023224,0.6829079324058007,0.41754084019359994,0.40598573324070947,0.4118934632328042,0.6348521211767089
Jrue Holiday,2018-19,2402.0,1.5,0.983342182456537,1.1067722627320984,1.0825487044794884,1.0238910049835983,0.9315794191839558
Nikola Vucevic,2018-19,2510.0,3.5,2.5949244846548445,3.0436391212716205,3.0496785700288616,2.965458565022,2.6063424716935266
Jusuf Nurkic,2018-19,1974.0,5.199999809265137,4.151221217296325,4.064230502145416,3.8982039020750237,3.805691462722532,4.074129139699388
Joel Embiid,2018-19,2154.0,3.5999999046325684,3.5110305852006403,3.951011821071358,4.025346008670429,4.005354374465526,3.520905923768024
Eric Bledsoe,2018-19,2272.0,2.200000047683716,1.5967629089693451,1.6510029257226306,1.7034927372037232,1.5497618642101725,1.5745315929791641
Bradley Beal,2018-19,3028.0,-0.8999999761581421,-0.9414417450375793,-0.9989909313936348,-1.032798448612888,-1.0629414408590392,-0.989335590093015
Anthony Davis,2018-19,1850.0,3.299999952316284,2.563540474026311,3.2620465261016127,3.072824001388403,3.0792546718190446,2.5329449174977037
Blake Griffin,2018-19,2622.0,0.4000000059604645,-0.4272330824889738,-0.3801381435953284,-0.3801160536185525,-0.29343487013395436,-0.3980760213202623
Andre Drummond,2018-19,2647.0,3.0999999046325684,2.6616685811743386,3.3648602038909496,3.227629879051541,3.305626992654997,2.6287012973833996
Kyle Lowry,2018-19,2213.0,1.899999976158142,2.112944383615295,2.09125136114281,2.036732399752138,1.997844648009518,2.091082496810206
Danny Green,2018-19,2216.0,1.7000000476837158,1.317851618989339,1.5464032561653691,1.5243095701856424,1.5967891309433253,1.3513426621941218
Kawhi Leonard,2018-19,2040.0,0.699999988079071,1.1617048048181968,1.4316466019711471,1.4080142054167226,1.3594526006038117,1.142824367457802
Jimmy Butler,2018-19,2185.0,1.7000000476837158,0.9583115955700344,1.0076652043648195,0.9858285083320255,0.9676144092567804,0.9227211768642777
LeBron James,2018-19,1937.0,0.10000000149011612,0.8023368331254647,0.5245212484699064,0.5149289770083838,0.5692679737992866,0.7448253768968549
Danilo Gallinari,2018-19,2059.0,0.20000000298023224,-0.6265375065000294,-0.7950543496400879,-0.7875917661914843,-0.7058868997901604,-0.6319967980922719
Pascal Siakam,2018-19,2548.0,1.2000000476837158,1.7534998548804888,1.8065215784488444,1.8217967766867602,1.810607090371212,1.7633620558283756
Marc Gasol,2018-19,2436.0,3.9000000953674316,3.020074224248745,3.294687013683332,3.2567388521807605,3.2926561114641055,3.048188444401155
Russell Westbrook,2018-19,2630.0,-0.30000001192092896,0.5596859731892628,0.3107535410589251,0.24959782909201403,0.12546848416101675,0.48421336933432674
Joe Ingles,2018-19,2568.0,1.2000000476837158,1.0457793659695698,1.341966483095535,1.2343864289505126,1.2176127944516888,1.0508797626951385
Khris Middleton,2018-19,2393.0,0.8999999761581421,0.16342690015732325,0.36081833599783164,0.3878672599407222,0.37634922139204385,0.19178986831956593
CJ McCollum,2018-19,2375.0,-0.10000000149011612,-0.2869071317212622,-0.4897692530243394,-0.48122437693564407,-0.4706639640799888,-0.2967744086287003
Chris Paul,2018-19,1857.0,0.8999999761581421,1.7470777037575875,1.6300209265499228,1.5701615219474165,1.4462147875045421,1.6709692964256755
Clint Capela,2018-19,2249.0,2.0999999046325684,2.0934673017776424,1.9030818232236157,1.8722370995286046,1.8718020323711506,2.0466479963851416
Paul Millsap,2018-19,1895.0,3.0,1.982296822901188,1.9695750842194322,1.9190447568461773,1.8476131131861664,1.9192831106262862
Steven Adams,2018-19,2669.0,1.899999976158142,2.0429607968511876,1.8467520921973213,1.8714575826546793,1.9513160869818313,2.0618371242457636
LaMarcus Aldridge,2018-19,2687.0,1.2000000476837158,0.5745837298637342,0.924792487479831,0.8028206997406062,0.8697848297749331,0.6082405948951704
Draymond Green,2018-19,2065.0,3.5,3.1315114954386205,3.3196541336960785,3.2341945843919606,3.0979186648657357,3.0694851836926853
Thaddeus Young,2018-19,2489.0,1.7000000476837158,1.6692066820566223,1.7755652649286042,1.780329000413084,1.8216393685147323,1.6722089317104225
Jeremy Lamb,2018-19,2250.0,1.100000023841858,0.6419319562156728,0.7641734899027318,0.7044719134243932,0.6205205273260042,0.5730938547615185
Luka Doncic,2018-19,2318.0,-0.8999999761581421,-1.1609034302673116,-1.0847136872418366,-1.0210450129667406,-0.9974061824078491,-1.1531704813806358
Malcolm Brogdon,2018-19,1832.0,0.8999999761581421,0.3291985867456069,0.6643788998415722,0.6302874896026671,0.793418676822333,0.42432465174099193
Josh Richardson,2018-19,2539.0,0.8999999761581421,0.5616970922193794,0.6861610501972564,0.6544296659961466,0.6811566290114635,0.5653951918255992
Marcus Smart,2018-19,2200.0,2.200000047683716,1.9002151372550946,1.9160141718670212,1.8867036327110778,1.95978351182252,1.8503401084053621
Al Horford,2018-19,1973.0,1.399999976158142,1.4100542694472462,1.7944387313903247,1.8010299331516022,1.9214163882716062,1.4636764349398286
Patrick Beverley,2018-19,2137.0,1.100000023841858,0.9297176200518459,0.7331971534903039,0.6777275148444262,0.5774781205436083,0.8319969721976674
Buddy Hield,2018-19,2615.0,-0.800000011920929,-0.902750906615752,-1.1052759277788633,-1.0395198848602192,-0.9985342160490681,-0.9225269401641711
Jamal Murray,2018-19,2447.0,0.10000000149011612,-0.48565468524645833,-0.809117962470615,-0.7520371640675713,-0.7492119194165403,-0.5266322718159798
Monte Morris,2018-19,1970.0,1.2000000476837158,-0.1358244883010472,0.16219460892873752,0.1754725283698339,0.2097986542060875,-0.07337147697106022
Derrick Favors,2018-19,1766.0,3.200000047683716,3.3852760314949633,4.028029005337308,3.9902840042168135,4.096368303736837,3.4388976222812793
Montrezl Harrell,2018-19,2158.0,1.2000000476837158,0.6517162182256647,0.8943457763252289,0.9514322546259083,0.9977868622860867,0.7097571254280177
Donovan Mitchell,2018-19,2598.0,-0.699999988079071,0.7095665586543931,0.8148693482869136,0.8144332445629345,0.7911357825633063,0.7124772457253571
Derrick White,2018-19,1728.0,3.0,2.0546134100380584,2.25961529322658,2.223550648395686,2.1896903519127697,2.0491659060617113
Davis Bertans,2018-19,1632.0,1.2000000476837158,0.2868212692154084,0.23310658929722702,0.3235998986308291,0.3195365495359502,0.2702336704398733
John Collins,2018-19,1829.0,-0.5,-0.8117191850745612,-1.2011097590507993,-1.1354142251715786,-1.1997073233492261,-0.8828793560860007
JJ Redick,2018-19,2379.0,-0.5,-1.2585738388801975,-1.3416344799097224,-1.3019836372623208,-1.1826093364777326,-1.2013786874594745
Rudy Gay,2018-19,1842.0,1.5,0.980848210218699,0.6343898173627761,0.6257132776711506,0.6130811732584318,0.9094307346211673
Hassan Whiteside,2018-19,1674.0,3.799999952316284,3.1878438468345807,3.741381160507494,3.8258628685046787,3.913276162025829,3.245442408210363
Jayson Tatum,2018-19,2455.0,0.6000000238418579,0.7093479342479045,0.9021298473226843,0.8899649646529596,0.8339314271948891,0.706414364669602
Aaron Gordon,2018-19,2633.0,0.699999988079071,0.6628067895649384,0.6436647371017487,0.6415800166599465,0.6177331626076796,0.6507826322732617
Jerami Grant,2018-19,2612.0,1.100000023841858,1.4134124641905377,1.2643297684816435,1.266171451696338,1.1550286025972252,1.3764222409816917
Cory Joseph,2018-19,2063.0,2.5,2.374709856683228,2.4544597087815236,2.4177156460629816,2.4261294364361263,2.3801135243361156
Otto Porter Jr.,2018-19,1683.0,1.2999999523162842,0.04749725598355979,0.3647482918737374,0.3351123512013457,0.19611024963296092,0.01914474912897992
Nemanja Bjelica,2018-19,1788.0,1.0,0.44625963571880306,0.33422625093814573,0.3204366690207542,0.28461613137885833,0.41722963345423564
Larry Nance Jr.,2018-19,1795.0,2.200000047683716,1.137090335328945,1.536664794593913,1.5053071296985117,1.50258106961925,1.0893095931148549
Delon Wright,2018-19,1699.0,2.0,1.0706923004071218,1.210036288607094,1.2716675920220195,1.2344541068351846,1.0815920108877606
Kevon Looney,2018-19,1481.0,2.700000047683716,2.231512041857701,2.436745342380789,2.448047179510067,2.4480492672111183,2.279875426285779
Tobias Harris,2018-19,2847.0,-0.6000000238418579,-1.1455269177085463,-1.3885614448551247,-1.3882579512930626,-1.2430873718506035,-1.1317455846241444
Lou Williams,2018-19,1993.0,-3.700000047683716,-2.267599935953691,-2.622005347593059,-2.637960797676142,-2.509047703072155,-2.2479132186075113
Bogdan Bogdanovic,2018-19,1947.0,-0.20000000298023224,-0.5070395696547471,-0.4028591140615759,-0.4366159930478152,-0.46919964659722724,-0.5373188689730571
Bojan Bogdanovic,2018-19,2573.0,-0.4000000059604645,-0.8631949034886204,-0.6219477071647187,-0.6586032673476414,-0.5604184295654362,-0.7921095523356162
Joe Harris,2018-19,2293.0,-0.5,-1.574857443415635,-2.0414143086911354,-2.0686107444837845,-1.999769094071774,-1.6046417996744191
Domantas Sabonis,2018-19,1838.0,0.30000001192092896,1.7498438537100622,1.3842116155955702,1.4656947595784264,1.5700585037212216,1.8013584211044504
Devin Booker,2018-19,2242.0,-3.0,-3.0364359996339383,-4.699649689497096,-4.690170028775132,-4.665727394265715,-3.06556595176462
Darren Collison,2018-19,2143.0,0.0,-0.06786261596015858,0.06529729293862466,0.09741794116817874,0.06184025431285262,-0.06454928271058791
DeMar DeRozan,2018-19,2688.0,-0.8999999761581421,-0.8586782672834697,-1.0650516996542667,-1.0650101757621209,-1.1170497056828022,-0.9163829754222124
Spencer Dinwiddie,2018-19,1914.0,-0.699999988079071,-1.364274314662644,-1.714997965156523,-1.7278416876134763,-1.6345451049192523,-1.368358922061711
Evan Fournier,2018-19,2553.0,-0.5,-0.9063560374471766,-0.7047196353484997,-0.7215898739102837,-0.761876660335516,-0.8871719383029332
Dwight Powell,2018-19,1662.0,-0.4000000059604645,-0.49066517591877007,-0.558195128027263,-0.5842940258541955,-0.5997493263970847,-0.48478326711262026
Klay Thompson,2018-19,2652.0,-0.800000011920929,0.03905322300059383,-0.17975459493783782,-0.19015861814631213,-0.18553384124280817,0.024882898612108118
PJ Tucker,2018-19,2802.0,1.7000000476837158,1.812065517836811,1.7550361115895203,1.6407149880178902,1.4830563387141418,1.7047136077064733
Ricky Rubio,2018-19,1899.0,1.2000000476837158,0.7901459466365971,0.887519091407174,0.9118747510659473,0.9049866566817266,0.7922907947750708
Jonathan Isaac,2018-19,1996.0,1.7999999523162842,1.445964004814373,1.0771640902957451,1.0476173361297159,0.9635053834463692,1.3703101903977775
Terrence Ross,2018-19,2150.0,-0.30000001192092896,-0.3795078944352953,-0.019243769086046206,-0.05643432179628714,-0.027166890559149587,-0.33915502398723907
Mikal Bridges,2018-19,2417.0,1.100000023841858,0.4576340162574413,0.38434504870041214,0.3210926105649967,0.1498424153128865,0.3663617255393895
Bam Adebayo,2018-19,1913.0,2.700000047683716,2.1655358710166728,2.288431681951456,2.2888003453337062,2.264460350206224,2.1929847051094042
Jae Crowder,2018-19,2166.0,0.5,0.4494453511372374,0.35023014049436785,0.40777142995389953,0.43557181811221846,0.4654639255587497
Maxi Kleber,2018-19,1502.0,2.9000000953674316,2.3263819141628574,1.8404158354110596,1.8630992397095323,1.8515651637136994,2.2758906573679334
Brook Lopez,2018-19,2322.0,0.8999999761581421,2.8433086047233584,3.7321068457830426,3.7910870316962,3.8591084744274524,2.9875208021293496
Nikola Mirotic,2018-19,1245.0,1.399999976158142,0.853985120069778,0.6275169628987153,0.6131861091196895,0.7484771226934043,0.8571727732363693
Robert Covington,2018-19,1203.0,3.299999952316284,3.2113434309111524,3.4712081485005233,3.369511832564013,3.209744561802373,3.184392168657025
Tim Hardaway Jr.,2018-19,2057.0,-0.699999988079071,-2.1124889999011263,-2.1158263972900375,-2.111648098886003,-1.9959569269787507,-2.0895694283395967
Gordon Hayward,2018-19,1863.0,0.10000000149011612,0.46192537723829835,0.35414868099112934,0.366366902420071,0.3590816897221386,0.4471528299300736
Josh Hart,2018-19,1715.0,3.0,2.3323025372066533,2.191956573096932,2.1283066242441517,2.1290252710199637,2.3105721523708125
Andre Iguodala,2018-19,1578.0,1.600000023841858,2.0666567858622598,2.029331759103212,2.0232149834811364,2.000588353808795,1.9996450045288807
Kelly Olynyk,2018-19,1812.0,0.699999988079071,0.9625274630124436,1.112039103903263,1.0315056570843926,1.115072951153533,0.9869375350686985
Ersan Ilyasova,2018-19,1231.0,2.799999952316284,1.3468691235934491,2.526551016791938,2.751768300446287,2.9308490925117843,1.5628811183717384
Patty Mills,2018-19,1908.0,-0.8999999761581421,-1.1345689553098104,-1.44197248296001,-1.339934451962824,-1.2651981339376857,-1.098194481535254
Jakob Poeltl,2018-19,1273.0,1.0,1.978762475939101,1.5098880755590223,1.5903963991792478,1.66583886208642,1.9801530419194229
Jordan Clarkson,2018-19,2214.0,-2.0999999046325684,-2.1128239730540557,-2.3813912692314396,-2.309217479183026,-2.267846304308377,-2.1103792159119426
Derrick Rose,2018-19,1392.0,-1.2000000476837158,-1.3189157366678506,-1.214768399784298,-1.2622855566080766,-1.1540496441594503,-1.27767919562547
Ben Simmons,2018-19,2700.0,-1.399999976158142,-0.5682986653782501,-0.6195526956250732,-0.5580200295260207,-0.6835897064559349,-0.5905186589808504
Myles Turner,2018-19,2119.0,1.899999976158142,3.033826287374402,3.2993923059965864,3.269977599534915,3.408879849071119,3.0479558071926576
Fred VanVleet,2018-19,1760.0,-0.8999999761581421,-0.08129344192039781,0.15167178166970702,0.13887129753307986,0.19640906805001707,-0.03249961027067983
Maurice Harkless,2018-19,1415.0,1.5,2.3181978266964283,2.278894288010406,2.2297953153115007,2.097428391330855,2.240192026410642
Josh Okogie,2018-19,1757.0,1.7000000476837158,1.1532085935002776,1.5171724561417008,1.4638930137110204,1.3890294842613844,1.1207674531012843
Tomas Satoransky,2018-19,2164.0,-0.6000000238418579,-0.13143308104676915,-0.34107482623442875,-0.335137252929512,-0.4377912471330282,-0.18804533363953552
Justise Winslow,2018-19,1959.0,0.30000001192092896,1.811680894808601,1.884273538823325,1.8373634694714434,1.8749173515240196,1.7930305898938583
Derrick Jones Jr.,2018-19,1153.0,2.200000047683716,2.5066554030922124,2.1831604245951737,2.150177602265486,2.181091786720012,2.4861765731856114
Kelly Oubre Jr.,2018-19,1935.0,0.4000000059604645,-0.5191702581477406,-0.8081682088403719,-0.8504785319178605,-0.8937879305946832,-0.5844727093957851
Ed Davis,2018-19,1446.0,1.5,2.9710525592815156,2.617498225537589,2.602500073914836,2.7049422655007738,2.970124455436996
Dewayne Dedmon,2018-19,1609.0,1.100000023841858,0.5792025276238238,0.7493071723277572,0.6688959349219239,0.6889156666940026,0.5504684599560677
Jared Dudley,2018-19,1220.0,1.7999999523162842,0.8110749619309925,0.7093975962129039,0.6789721237917431,0.7360017086680545,0.7971132438194177
Justin Holiday,2018-19,2607.0,1.2000000476837158,0.8956952408603072,1.0654767159094403,0.9967363372230735,0.9429358205179933,0.8302790282695623
Lauri Markkanen,2018-19,1682.0,-0.800000011920929,-0.8532943614380347,-0.9288477340903123,-0.9856589333594837,-1.007982229349391,-0.879519997680382
Landry Shamet,2018-19,1802.0,-1.0,-1.8255090229574593,-1.9258350895887615,-1.8669796052265195,-1.8224195296774597,-1.7971661317620893
Serge Ibaka,2018-19,2010.0,0.699999988079071,1.125215866259442,1.2137868831319305,1.2023020763150234,1.2828940500429056,1.19166716711655
Tyus Jones,2018-19,1560.0,0.10000000149011612,0.4135441184675789,0.9020565365633374,0.8768411851180584,0.8327226722548954,0.44723705033993005
Dennis Schroder,2018-19,2314.0,-0.6000000238418579,-0.49094070966946646,-0.3396704598448771,-0.31733731080321237,-0.20433888088341337,-0.42353254638988047
Noah Vonleh,2018-19,1722.0,0.8999999761581421,0.3229043207726902,0.4226016249289353,0.4127551559204123,0.3407686649783634,0.28675322648234264
Cody Zeller,2018-19,1243.0,0.6000000238418579,1.1383069237645818,1.193385488260958,1.082646940178293,1.1025617639442407,1.1240357764688889
George Hill,2018-19,1302.0,1.2999999523162842,1.2337539475326333,1.684888051113453,1.6198238625597334,1.7250218177558332,1.3143449815257144
Ryan Arcidiacono,2018-19,1961.0,-0.4000000059604645,-0.82076742234793,-0.28642680752823857,-0.26491969467828247,-0.29045619159137087,-0.7751905897426271
Shaquille Harrison,2018-19,1430.0,1.7999999523162842,1.116909192177217,1.513301855240965,1.4652399331774366,1.401057862954481,1.0973869396309415
Jaren Jackson Jr.,2018-19,1515.0,1.7999999523162842,2.396649202050458,1.9887349175363118,1.9219745577041978,1.94331684586962,2.3447024740882076
Malik Beasley,2018-19,1879.0,-0.8999999761581421,-1.4599647460140415,-1.5090048015258701,-1.4128067892970078,-1.4678395416231274,-1.431807018854369
Jeff Green,2018-19,2097.0,-0.8999999761581421,-0.906014971890503,-0.9426768078733662,-0.9745083985793486,-0.950976137205344,-0.9032187461602956
Gary Harris,2018-19,1639.0,0.5,0.015488480149833589,-0.0976784554189237,-0.08307688417860896,-0.07606653849557167,0.011833778760394964
Reggie Jackson,2018-19,2289.0,-2.200000047683716,-1.5816826295276676,-1.841117304623815,-1.8584750896542634,-1.7700204030261513,-1.5590363445518725
Wesley Matthews,2018-19,2091.0,-0.30000001192092896,-0.6001683120539528,-0.9587798167360815,-0.9454148980275052,-0.8803497351329694,-0.6361845367239051
Mitchell Robinson,2018-19,1360.0,0.8999999761581421,1.7173257655232934,2.004928111412488,1.9855551511501899,1.8271827354328862,1.6885950024622864
Tristan Thompson,2018-19,1198.0,1.0,-1.080228720583452,-1.3783163389680633,-1.3864142157761743,-1.336779675598641,-1.1065452966205696
Nicolas Batum,2018-19,2354.0,-0.20000000298023224,0.5888203596683859,0.3498551002048666,0.3785477052099591,0.32432005916094775,0.505943689378526
Kyle Anderson,2018-19,1281.0,2.200000047683716,2.6203413366371575,2.5019080835516436,2.5289369396225245,2.3786800792290537,2.5751600313872878
Harrison Barnes,2018-19,2533.0,-0.4000000059604645,-1.3682151690668147,-1.6690656834464843,-1.6362064130849538,-1.4935958876462374,-1.3422041914670635
Rodney Hood,2018-19,1893.0,-0.800000011920929,-1.6490403464855214,-1.4247476821911362,-1.4616059097317091,-1.4727019004948678,-1.661245066612008
Zach LaVine,2018-19,2171.0,-2.299999952316284,-2.310508602097547,-2.2389774645251324,-2.3140199477999293,-2.2761534216232078,-2.2975701728867146
Lonzo Ball,2018-19,1423.0,0.800000011920929,2.1629833262386713,2.1266189085221385,2.0748984391584817,2.160239585962416,2.1101084181037533
Bruce Brown,2018-19,1449.0,2.4000000953674316,1.739023297473942,1.3617030127120886,1.4126191928965224,1.410317232667946,1.6912502709605766
Jalen Brunson,2018-19,1591.0,-0.6000000238418579,-1.3481548811204422,-1.522804492434422,-1.5326775865307758,-1.489124280812405,-1.3528855399565336
Pat Connaughton,2018-19,1261.0,0.20000000298023224,-0.008508535392539762,0.35533742153638603,0.3754057693531413,0.5526624459706121,0.08393133835193886
Tyreke Evans,2018-19,1402.0,0.5,1.0354139456019897,1.3180398032980647,1.3318504756882008,1.3659046067671767,1.0747673275966332
Eric Gordon,2018-19,2158.0,-1.899999976158142,-1.4761021498514724,-1.7507907210571416,-1.7223317916343075,-1.7020284644708683,-1.4545821432932644
Iman Shumpert,2018-19,1481.0,1.0,0.06023160292889404,-0.3596942574020996,-0.4352947308330531,-0.5756965092344836,-0.09061847966088463
Jeff Teague,2018-19,1264.0,-1.0,-2.4320729618436054,-2.268599074597538,-2.276067398906424,-2.24349834917558,-2.3996710951942473
Wayne Ellington,2018-19,1297.0,0.0,0.8585176235023071,0.706797163420229,0.656294654179008,0.7946061884311768,0.8484090454583973
Langston Galloway,2018-19,1745.0,-1.0,-0.6887170288918444,-0.520431112508296,-0.4727382553315275,-0.4046180861662839,-0.6529366130879674
Kyle Kuzma,2018-19,2314.0,-0.699999988079071,-0.7669081977209299,-1.1303201112824228,-1.1179085838320204,-1.0744399484441562,-0.7669239995879513
JaVale McGee,2018-19,1671.0,0.6000000238418579,0.7430921572646856,1.6460459158410212,1.5585329612160108,1.571007972809136,0.805058541078809
Mason Plumlee,2018-19,1731.0,-0.10000000149011612,1.3934082067075848,1.4867393699993743,1.4148440648490554,1.36508944457945,1.3726644256813392
DeMarre Carroll,2018-19,1703.0,-0.4000000059604645,-8.529112125282845e-05,-0.04722993967027918,-0.026683292861276034,0.039524039557079435,0.007773461931318831
Torrey Craig,2018-19,1503.0,0.0,0.027712323513960344,-0.5177252959686334,-0.5408894130722705,-0.5806078446542297,-0.059352176825932176
Seth Curry,2018-19,1399.0,0.10000000149011612,-0.54971704825711,-0.489780031216488,-0.4833111424268259,-0.42477141527067763,-0.49746774706085206
Enes Kanter,2018-19,1640.0,-1.7999999523162842,-0.9037792045971746,-1.20998440670747,-1.104954117733967,-1.0496210078147432,-0.8649848378283723
Jeremy Lin,2018-19,1436.0,1.100000023841858,0.3809736418811308,0.22243877900904024,0.17714964405875483,0.2280779894620706,0.34052077188878327
Jaylen Brown,2018-19,1913.0,0.5,0.32497566395777866,0.37936644733170916,0.3787404161121823,0.38293823020207085,0.33661979600467634
Juancho Hernangomez,2018-19,1358.0,0.8999999761581421,0.29566224258932156,0.13754202267087992,0.15134775727173544,0.15604925831029615,0.2723088327080314
Julius Randle,2018-19,2232.0,-2.0,-0.8496628430974259,-1.0501770701030986,-1.0295163456095389,-1.0263491453280946,-0.8270283875362886
Taj Gibson,2018-19,1686.0,-1.5,-0.965243592478488,-0.7160753445824268,-0.6254155208753173,-0.7168881246888287,-0.9404927629520453
DeAndre Jordan,2018-19,2047.0,0.699999988079071,2.047428819510869,1.8044928396582731,1.8150644061751577,1.661246541288125,1.9757408981068387
Dario Saric,2018-19,2023.0,-1.0,-0.9210832808927399,-0.7676968181298447,-0.8090977091302167,-0.7213772701901513,-0.8735229831981373
Alex Len,2018-19,1544.0,0.6000000238418579,-0.256734007629123,-0.2927518677552475,-0.43899604569014805,-0.337542814321033,-0.24445451035005492
Darius Miller,2018-19,1757.0,-0.5,-0.9385499875391852,-1.162030407632966,-1.1059016541685827,-0.9425736145916235,-0.918681767666221
Marco Belinelli,2018-19,1815.0,-2.0999999046325684,-1.9955020627338764,-1.9923855849769287,-1.9078970060293226,-1.857704348534105,-1.933995369730181
Tyler Johnson,2018-19,1529.0,0.0,-0.7547792763717887,-0.7549130085806791,-0.7371391752430272,-0.6513986447247235,-0.7160667503143571
Kyle Korver,2018-19,1334.0,-0.800000011920929,-0.8710185430125258,-0.7214380691485419,-0.6909964774577144,-0.6163385006808713,-0.7791031597217455
Rodney McGruder,2018-19,1550.0,0.20000000298023224,0.18840271306136003,0.03211954217731598,0.0452214063635355,0.13177554351701007,0.1973233498517395
Mike Muscala,2018-19,1306.0,0.20000000298023224,0.7165687062596159,0.31515515960056284,0.4420408243652366,0.4229447729666992,0.709845959767665
Elfrid Payton,2018-19,1250.0,-1.100000023841858,-1.1131413911263413,-1.2180526369430587,-1.2649418595045463,-1.3536926047178712,-1.1532783977897898
Ish Smith,2018-19,1251.0,-1.2999999523162842,-0.9167639801633523,-1.4922515480968968,-1.439426131379148,-1.2667354234137964,-0.9053069742540976
Garrett Temple,2018-19,2040.0,0.699999988079071,0.8610511552912272,0.8515749635419466,0.7723022294653346,0.7830776930615919,0.8214737558565746
Thomas Bryant,2018-19,1496.0,-1.7000000476837158,-0.1562153038407836,0.18764319076434807,0.1954819911142336,0.2500750964826189,-0.10744133099332948
Kevin Huerter,2018-19,2048.0,-2.200000047683716,-1.9525868836721378,-1.7065399083011528,-1.7703683911371175,-1.866310112944631,-1.9512144326903595
Andrew Wiggins,2018-19,2543.0,-0.8999999761581421,-0.883524708306665,-0.8235053686058396,-0.8339369889126578,-0.8228146849312755,-0.8681660840269296
Avery Bradley,2018-19,1905.0,0.699999988079071,-1.1126723941870877,-1.2288656272960636,-1.2629590171775409,-1.1273265732957487,-1.106866393607462
Vince Carter,2018-19,1330.0,-0.30000001192092896,-0.2063813372300009,-0.4601049360190844,-0.4029362114334827,-0.38844463697632414,-0.2404381199914344
Richaun Holmes,2018-19,1184.0,0.20000000298023224,0.7120045802476693,0.9921983779645025,0.926592609773407,1.0326446050049483,0.7396561647998022
Justin Jackson,2018-19,1614.0,-1.0,-0.7199463351408659,-0.6251237892643613,-0.6249259520666774,-0.5628569733401119,-0.699361716185766
Jake Layman,2018-19,1327.0,-0.4000000059604645,-0.5313495328088734,-0.9503223715928382,-0.9331830337546196,-0.9338935151918786,-0.5522140975444427
Tony Snell,2018-19,1304.0,-1.2000000476837158,-0.8721290324441894,-0.5036752006522789,-0.4761847540148008,-0.34128133500248015,-0.7578933266237954
Evan Turner,2018-19,1605.0,0.0,-0.6113282669583869,-0.3056920608012131,-0.26687892186591916,-0.1958074473092596,-0.5700586854035303
Bryn Forbes,2018-19,2293.0,-2.4000000953674316,-2.277210001279566,-2.10824327472188,-2.077682111597057,-2.018431241258645,-2.224448630976644
Terry Rozier,2018-19,1791.0,-0.10000000149011612,0.4621372184011753,0.9137844806714989,0.9476402743734766,0.9172370914431744,0.5098893401639872
Dennis Smith Jr.,2018-19,1508.0,1.2000000476837158,0.8504605237095433,0.5097130510554375,0.5271997079437951,0.5644000453804203,0.8142770970585926
Marvin Williams,2018-19,2133.0,-0.800000011920929,0.17599956911394934,0.2830532518424037,0.3363758797332877,0.2208803425711597,0.14848532514907803
Trae Young,2018-19,2503.0,-4.5,-3.2088614911969033,-4.571024005058779,-4.515063732748685,-4.546914687348989,-3.2200366460815393
Trevor Ariza,2018-19,2349.0,-2.0,-1.2706167297932023,-1.315554183623957,-1.3139667630366783,-1.511749073174075,-1.3512991618205628
Kris Dunn,2018-19,1389.0,-0.699999988079071,-1.133857587813531,-1.112147005440491,-1.1164625265346493,-1.1991090120387216,-1.1649771351628464
Luke Kennard,2018-19,1437.0,-1.899999976158142,-1.7466866061290434,-1.8024807325374659,-1.8329946612327737,-1.8092687465288204,-1.7203247150247412
Brandon Ingram,2018-19,1760.0,-0.699999988079071,-0.3223290322925192,-0.8941699552451841,-0.8977079239415025,-0.8100342718860487,-0.35866656031775573
Jonas Jerebko,2018-19,1218.0,-1.2000000476837158,-0.02623529209686279,-0.08439525142943219,-0.02747011676170724,0.03263388244015959,-0.010895248847523959
Robin Lopez,2018-19,1606.0,-0.20000000298023224,0.2120467813194971,0.6601486862350631,0.6641944414031414,0.7063718471388174,0.30007954048545693
Jabari Parker,2018-19,1724.0,-0.800000011920929,-1.0872403034365847,-0.9914787385450358,-1.0356928312237166,-1.0353036160991342,-1.0859314146462329
Dwyane Wade,2018-19,1885.0,-2.0999999046325684,-0.8495201166176054,-1.0727750936688,-1.0253527930739816,-0.9534088658510984,-0.8116250410715466
Deandre Ayton,2018-19,2183.0,-1.7000000476837158,-0.41949816101719006,-0.30971364378100663,-0.2616035897202249,-0.2637273382830687,-0.3736753580148667
Reggie Bullock,2018-19,1879.0,-1.100000023841858,-2.0249497530200085,-2.1720912742369003,-2.0449576373447425,-2.0344241892048283,-1.9883541821550768
Gerald Green,2018-19,1473.0,-2.299999952316284,-1.6052656740354656,-1.72373424229942,-1.8107149311622612,-1.8231996815115274,-1.6333111530977797
Doug McDermott,2018-19,1340.0,-2.4000000953674316,-0.954772128340356,-0.8244336393725759,-0.7974708167959312,-0.7065148526044571,-0.8675413702603513
Rajon Rondo,2018-19,1369.0,-1.399999976158142,-2.5208279182850535,-2.047356409293666,-2.052928509437101,-2.0739264701892495,-2.499775293303126
Kent Bazemore,2018-19,1643.0,0.6000000238418579,0.24624165029829334,0.3555285736206817,0.42749732875025725,0.34676504260219937,0.1898738545641633
Damyean Dotson,2018-19,2004.0,-1.2000000476837158,-1.5125928467348004,-1.6497756347873076,-1.589756910198766,-1.6416450121746058,-1.5205728379167147
Miles Bridges,2018-19,1696.0,-0.699999988079071,-0.9591808719646037,-0.7493323783977872,-0.6892334021323279,-0.7857204242669931,-0.9364723435804069
Wilson Chandler,2018-19,1177.0,-0.699999988079071,0.058315224527465334,-0.43478225706658147,-0.38321497399850757,-0.33783018891460814,0.02188025000008631
Wes Iwundu,2018-19,1233.0,0.6000000238418579,1.2850373747496082,0.9524201531722031,0.952750931203781,1.1381951098018521,1.299076600536807
Alec Burks,2018-19,1375.0,-1.600000023841858,-1.7760925752323815,-1.9492456451788485,-1.9138525359660254,-1.900333725518583,-1.8134550447124318
Zach Collins,2018-19,1356.0,-0.800000011920929,0.380555010806069,0.19997575272773538,0.2271075761951333,0.31792495892039163,0.4090267982536139
Mario Hezonja,2018-19,1206.0,-0.10000000149011612,-0.7972391935392779,-0.25287032704982515,-0.24060166905454922,-0.3280654469379566,-0.773177791710391
JaMychal Green,2018-19,1371.0,-1.100000023841858,-0.6787098327005403,-0.8113770250534567,-0.8317513951117175,-0.8815645528943571,-0.7452172141125515
Stanley Johnson,2018-19,1208.0,2.200000047683716,1.6412207856253087,1.9612685147393711,1.9566287370863242,1.8951282235887965,1.6506071779003508
Taurean Prince,2018-19,1552.0,-1.899999976158142,-2.210442551844959,-3.1629824684853625,-3.080192899958315,-3.0134416119297978,-2.281616353866366
Austin Rivers,2018-19,2028.0,-1.0,-0.19705753672659743,-0.5582783116466827,-0.5436398735649502,-0.5058306063507731,-0.2440449030782818
Allonzo Trier,2018-19,1459.0,-1.5,-2.1856922349025902,-2.347153550669425,-2.3865882492281245,-2.31615765624552,-2.169449519763707
Marvin Bagley III,2018-19,1567.0,-1.7999999523162842,-1.226045121355167,-1.2196399579073072,-1.256200970878878,-1.24867711037103,-1.2174689377674437
Josh Jackson,2018-19,1988.0,0.6000000238418579,0.1567196029252661,-0.043419895315937804,-0.11430707909388653,-0.22060185909850777,0.08379254722066883
Terrance Ferguson,2018-19,1931.0,-1.399999976158142,-0.29403461475945325,-0.4041031473337786,-0.4382833140369308,-0.2800377972643721,-0.3204299335200029
Emmanuel Mudiay,2018-19,1607.0,-2.0,-3.212587657884532,-3.7570479149774667,-3.643981869830477,-3.4363403775401027,-3.1971848996474326
James Johnson,2018-19,1164.0,-0.699999988079071,0.6270114343511645,0.36702988168028783,0.3809368728876531,0.39103360824653044,0.6191392299263598
Markieff Morris,2018-19,1270.0,-1.0,-1.1552799880284381,-1.4717028589233903,-1.4016360782032682,-1.3898183924002077,-1.1741076231615966
James Ennis III,2018-19,1230.0,-1.7000000476837158,-1.1548819958849248,-1.4612971814082463,-1.4489320829797556,-1.459596568746575,-1.2084905779806407
Rodions Kurucs,2018-19,1294.0,-0.4000000059604645,0.9937938375177457,0.5726283250060805,0.5291365346744388,0.48677068399770757,0.9409180201692723
OG Anunoby,2018-19,1352.0,-0.30000001192092896,-0.2610378102908114,-0.5431304085870288,-0.47732852017069516,-0.37890014724505927,-0.2619692962684182
Will Barton,2018-19,1189.0,-2.299999952316284,-2.3630806996878424,-2.4482321232704605,-2.3731077854002636,-2.336416636343898,-2.378512570907484
Mike Scott,2018-19,1395.0,-1.899999976158142,-0.6398024605269224,-1.1135372971468223,-1.107078742672871,-1.0005019319031088,-0.6442148792286598
Malik Monk,2018-19,1258.0,-3.700000047683716,-2.515962358163061,-4.2292916227281765,-4.240136851445498,-4.239533313085752,-2.5572353936345533
Bobby Portis,2018-19,1299.0,-3.299999952316284,-1.2502940375634515,-1.4378259710871935,-1.5347194475843327,-1.5067071742487523,-1.2746079299893514
Frank Jackson,2018-19,1169.0,-2.799999952316284,-2.7368136661489295,-2.613260132474205,-2.5415100158844206,-2.518953761979742,-2.691759765366646
Shelvin Mack,2018-19,1246.0,-2.0,-1.6461578157643668,-1.3573527501595328,-1.2490316138733806,-1.042101569608358,-1.5387496288406055
Cedi Osman,2018-19,2444.0,-2.799999952316284,-2.4423666116942795,-3.6253993888628013,-3.6424355331058504,-3.558928307920691,-2.515688548084409
Jarrett Allen,2018-19,2096.0,-2.799999952316284,0.1252208733085076,0.7255428286281084,0.74914816683777,0.7233638216237763,0.15785342925321097
Jamal Crawford,2018-19,1211.0,-5.800000190734863,-4.301975408396247,-5.446415411002034,-5.436523815847655,-5.383869198850872,-4.319890944499217
Wayne Selden,2018-19,1439.0,-3.200000047683716,-2.1591472582379416,-2.264690449937541,-2.270138146614259,-2.243892634762126,-2.1624955616782606
Collin Sexton,2018-19,2605.0,-5.5,-3.6675710555778367,-5.100131677515078,-5.156643128952887,-5.129940920630231,-3.7030608585049567
Giannis Antetokounmpo,2019-20,1917.0,3.9000000953674316,4.123108191956392,4.37769746876864,4.370170758391356,4.179220442507792,4.07172580733759
Damian Lillard,2019-20,2474.0,-2.0,-1.7014232311294093,-1.8768655378347572,-1.9358009673051162,-1.8691597465771959,-1.705707085497847
LeBron James,2019-20,2316.0,0.699999988079071,0.8310936673153907,0.8564373473349898,0.8703234000449858,0.7944586677972587,0.8117862476992486
Rudy Gobert,2019-20,2333.0,6.599999904632568,4.2923352447812135,4.847425242285707,4.825755604722617,4.7997237502368115,4.270624774805496
Luka Doncic,2019-20,2047.0,-1.0,-1.2224169254518356,-1.1408002066139384,-1.134725581435987,-1.1427334351895406,-1.2466222789858077
Nikola Jokic,2019-20,2336.0,0.800000011920929,2.186837089470329,1.9647954160362593,1.911578657201193,1.8697844210020147,2.1165127050745793
Jayson Tatum,2019-20,2265.0,1.7999999523162842,1.0582406859945372,1.15251752460072,1.1002217469248576,1.0547496801095801,1.0293243258749398
Jrue Holiday,2019-20,2117.0,2.4000000953674316,1.6124839676843608,1.3858373559148434,1.286804780948673,1.2211269283530926,1.5064860047659199
Kyle Lowry,2019-20,2098.0,1.100000023841858,0.45035026370269376,1.0178907754988071,1.046278380460327,1.0255167922012516,0.5327850725631167
Trae Young,2019-20,2120.0,-3.299999952316284,-3.0163409017879146,-2.582219093794281,-2.533466132975641,-2.555700655848029,-2.9789050911011388
Khris Middleton,2019-20,1853.0,1.100000023841858,1.2462464379697495,1.2876943798513563,1.2962462407270086,1.2357088040926354,1.2488888957564106
Montrezl Harrell,2019-20,1749.0,3.5999999046325684,1.7556789088205627,1.9266036717604191,1.972380725443797,2.1854465516426957,1.8652144763514205
Devin Booker,2019-20,2512.0,-2.9000000953674316,-2.0785803751363603,-2.1060497767949675,-2.0826881832151347,-2.178397689933667,-2.0848532271239075
KarlAnthony Towns,2019-20,1187.0,0.8999999761581421,-0.9739346427168232,-0.814923000584213,-0.9232615909966682,-0.9206853562356639,-0.9746520374780948
Joel Embiid,2019-20,1506.0,3.5999999046325684,3.7653965684320463,3.5577969824425075,3.5517944156899133,3.515154067497037,3.716221106476296
Marcus Smart,2019-20,1919.0,2.0,1.9251709273220883,1.8863831184861133,1.8685481466794978,1.8196352557750959,1.8800146149177805
Fred VanVleet,2019-20,1928.0,1.0,1.1950821270575016,1.4580224079972424,1.5438257638216757,1.5758969482804777,1.2343716577704138
Nikola Vucevic,2019-20,1998.0,1.600000023841858,0.9830112859444033,1.0927036539928117,1.045535016353864,1.1597467478133558,1.0279831148582204
Bam Adebayo,2019-20,2417.0,2.0999999046325684,2.298624408555525,1.8114355964357882,1.740829436448653,1.6487624754443289,2.197163648732508
Tim Hardaway Jr.,2019-20,2091.0,0.10000000149011612,-1.1893968864269449,-1.1016742932944954,-1.117353938378126,-0.9407924865104523,-1.1749223146229726
Ben Simmons,2019-20,2017.0,2.4000000953674316,2.441973303081258,2.344710901337268,2.3527935135553597,2.197861727401121,2.3474853898551853
Derrick White,2019-20,1677.0,2.200000047683716,1.1660381383933958,1.1239885471402087,1.0845984649043605,1.121909934290261,1.121766508324425
Will Barton,2019-20,1916.0,1.0,0.662828035630583,0.6720364911206552,0.6463905365723983,0.7118650729333437,0.6418026811546372
Royce ONeale,2019-20,2049.0,1.7999999523162842,1.5125255909421031,1.344119120703412,1.3095940088688376,1.1268226989357055,1.4110250625887546
Patrick Beverley,2019-20,1342.0,3.0999999046325684,2.306901969250793,2.360988878269481,2.2797696866741637,2.14679328009802,2.2294585370256694
Patty Mills,2019-20,1485.0,0.4000000059604645,0.4614418016580347,0.5543181763047639,0.5812321705813887,0.4894072904324167,0.44915159143645716
Robert Covington,2019-20,2137.0,2.0,1.276957415952792,1.1215975982636763,1.0804391552843193,0.9643296830932737,1.1756242089266895
Brook Lopez,2019-20,1817.0,3.9000000953674316,3.6501628446124346,4.205380953742866,4.270227238752681,4.320968542808893,3.767851750247808
Bradley Beal,2019-20,2053.0,-3.700000047683716,-2.7890514357396574,-2.820061960916401,-2.8695909513297355,-2.7325255909176356,-2.7781080073993922
Mikal Bridges,2019-20,2042.0,1.7000000476837158,2.112679275248993,1.8339535132965095,1.7439006072644534,1.6355497603857154,1.981952824726752
Jarrett Allen,2019-20,1852.0,2.0999999046325684,1.3188155173465628,1.364792220157244,1.3493380717649788,1.40603368876786,1.3609817563720497
Nemanja Bjelica,2019-20,2011.0,-0.30000001192092896,-0.48456967925370076,-0.47326900681967643,-0.4775947316317556,-0.6091844707101308,-0.49258822667611324
Domantas Sabonis,2019-20,2159.0,0.10000000149011612,1.3495521702153406,1.0881573379220044,1.129784184756404,1.189287624883396,1.3522916447760345
Eric Bledsoe,2019-20,1646.0,1.0,1.3259791642507432,1.5214518850938303,1.55255760754954,1.5040036982394032,1.3743764541870416
CJ McCollum,2019-20,2556.0,-1.899999976158142,-1.28174835563524,-1.4161571913627595,-1.4189922245514097,-1.3996321339893631,-1.2720012108653702
Jamal Murray,2019-20,1904.0,0.4000000059604645,-0.25767558439752647,-0.043804160244592605,-0.06996112690952189,-0.13849322173738443,-0.2416506101348014
Pascal Siakam,2019-20,2110.0,1.100000023841858,0.7884870471508014,1.163972878350758,1.1475168051295368,1.119156154540792,0.8585708990168679
Steven Adams,2019-20,1680.0,1.7000000476837158,2.004674437093093,1.705517875534168,1.7336365163172776,1.846421793106118,2.0061167661514516
George Hill,2019-20,1271.0,0.8999999761581421,0.6318410227717847,0.10335254198168084,0.2628593408307882,0.4282205463954454,0.7208299333297434
Joe Ingles,2019-20,2137.0,0.699999988079071,-0.0782260252510111,-0.18791783650782148,-0.135921017876213,-0.17821222196010517,-0.08556886453505783
Mitchell Robinson,2019-20,1412.0,1.7000000476837158,1.9343290415212442,1.9412561089006553,1.9838248418065128,1.8745375093756005,1.8964626718407844
Spencer Dinwiddie,2019-20,1994.0,-2.200000047683716,-1.189821235368472,-1.5221341806580932,-1.472933705943414,-1.4002123247272786,-1.189378543908409
OG Anunoby,2019-20,2066.0,1.7999999523162842,2.03247683776333,1.8537963463955807,1.7599501158215216,1.7849167512201836,1.958672502227335
Jakob Poeltl,2019-20,1171.0,3.0,2.669719169529216,2.2896980814804664,2.293269851891073,2.202232975958143,2.6090729904445253
Dennis Schroder,2019-20,1999.0,1.399999976158142,0.9014003129604539,0.9226865386571501,0.9206359823893195,0.9915800200099472,0.9282168121301724
Jaylen Brown,2019-20,1934.0,-0.20000000298023224,0.023284293718697308,-0.07004638415853062,-0.10769987887427175,0.031285770713162006,0.04387186736945492
Clint Capela,2019-20,1279.0,4.199999809265137,2.5261634799453194,2.4238881010640516,2.369160542246287,2.382214770970883,2.5227187540776175
Dorian FinneySmith,2019-20,2120.0,0.699999988079071,0.6578267403608807,0.24817624350423437,0.26163697268193814,0.1749444122463309,0.5858638952315213
Donovan Mitchell,2019-20,2364.0,-2.0,-1.1943855445171694,-1.4751354099936007,-1.4895292286763282,-1.5624709859215857,-1.2118915505239392
Tobias Harris,2019-20,2469.0,-0.5,-0.3077514357776504,-0.44261980172585136,-0.42215657091610187,-0.38444729325319194,-0.30887014591215917
Bogdan Bogdanovic,2019-20,1766.0,-0.4000000059604645,-1.1483531016658084,-0.8841525115908788,-0.888026187714481,-0.9276888008706193,-1.1242338293075202
Evan Fournier,2019-20,2076.0,-0.5,-1.0275363510350553,-0.888162605785365,-0.8612180519710152,-0.9277777247122345,-1.015345820108431
Kris Dunn,2019-20,1269.0,4.099999904632568,2.477861107553679,3.13400292801537,3.051346844741164,3.033477412719864,2.4717762466490454
Gordon Hayward,2019-20,1740.0,-0.800000011920929,0.049130129679990114,-0.33522226562731516,-0.3745383194797737,-0.3421821618921242,0.01695855042091223
Derrick Jones Jr.,2019-20,1375.0,2.0,0.6277608895360399,0.7661800434856627,0.7241075811644798,0.692189613759171,0.6118829714723069
Jordan Clarkson,2019-20,1705.0,-1.7000000476837158,-0.7676544667404172,-0.7617755166465815,-0.8007111941082651,-0.8181517895295545,-0.7692284165865623
DeMar DeRozan,2019-20,2316.0,-2.700000047683716,-2.464294898595564,-2.2633754079605315,-2.2762147100868777,-2.211744758573935,-2.442340292500319
PJ Tucker,2019-20,2467.0,2.200000047683716,1.8764343926947924,1.701032482551192,1.6183863159752594,1.5066659490226884,1.778031964176438
Marc Gasol,2019-20,1161.0,4.099999904632568,2.8807633932913315,3.2348500845991763,3.3771180037975697,3.3143246580446064,2.9430353539528666
JaVale McGee,2019-20,1130.0,2.9000000953674316,2.1220888393747406,1.625594090840269,1.4586129115407258,1.4955147573316083,2.077956303929002
Paul Millsap,2019-20,1240.0,1.7999999523162842,2.2152871681003465,1.8306377589648213,1.8297041343209093,1.7457054849555993,2.14830164821337
Larry Nance Jr.,2019-20,1472.0,1.100000023841858,0.43531489882139934,0.6224863681521519,0.5548669304785846,0.49935908408006424,0.40001193332991364
Deandre Ayton,2019-20,1236.0,3.0,2.2910566748735306,2.43283828147234,2.442387718352337,2.54040369892855,2.3196046110943
Zach LaVine,2019-20,2085.0,-1.399999976158142,-1.7108332848045897,-1.4147827856216777,-1.4863255576569963,-1.3762538700065607,-1.657272098158063
Kelly Oubre Jr.,2019-20,1933.0,0.5,0.1428913400699639,-0.20218655489567133,-0.2639338146622456,-0.2960928864019316,0.06594158239741654
DeAaron Fox,2019-20,1634.0,-2.0,-1.3402735501327872,-0.7431898940299982,-0.822876825566956,-0.8680303638413194,-1.3091012450478048
LaMarcus Aldridge,2019-20,1754.0,0.800000011920929,-0.2977225460230688,-0.14512684665587924,-0.024514151770998263,0.04273852055935591,-0.2445170274059839
Terrence Ross,2019-20,1889.0,-1.0,-1.3063867752957106,-0.9065660104330077,-0.863340956641469,-0.7602969637444923,-1.2025740172544606
Bruce Brown,2019-20,1634.0,1.899999976158142,0.47087412900009595,0.14017519151952001,0.15344993180234753,0.03302984483265285,0.39534359069386477
Buddy Hield,2019-20,2216.0,-1.899999976158142,-1.7290280295978602,-1.5125902880745232,-1.4977028727475874,-1.3737424603395283,-1.6761168294710427
Maxi Kleber,2019-20,1890.0,0.699999988079071,0.2940711393077389,0.01729940659720925,0.09232194269618903,-0.026294443282353135,0.2939353160346298
Andre Drummond,2019-20,1879.0,1.899999976158142,2.010927619463658,2.2794533451895873,2.186370424130903,2.0415813127401696,1.9216502972359655
Joe Harris,2019-20,2123.0,-1.7999999523162842,-1.248118700465536,-1.290978101644547,-1.3194266306040303,-1.3130163019577998,-1.2415320457634953
Lou Williams,2019-20,1864.0,-2.5999999046325684,-1.3220116405730915,-1.5366903617653158,-1.5193068311245546,-1.3813596600081508,-1.2886155717520897
Rudy Gay,2019-20,1461.0,0.8999999761581421,1.1793578484823017,0.720859862453197,0.701525588066156,0.6678660070868401,1.095373041840992
Kentavious CaldwellPope,2019-20,1762.0,-0.30000001192092896,0.14776775189021182,0.013366622590172739,0.019930173750534394,0.005059701237313821,0.15990691631923282
Aaron Gordon,2019-20,2017.0,-1.2000000476837158,-0.26145418109234264,-0.5290231412197187,-0.5228802235972884,-0.5562099739384716,-0.2766048521347055
Kelly Olynyk,2019-20,1300.0,-0.5,0.28948871420756594,-0.03827070905305557,-0.05130976525056871,0.015804513714030875,0.2664215174701586
Myles Turner,2019-20,1826.0,1.7000000476837158,2.029594602306812,1.8649683465570828,1.8384962268482987,1.7713138915627007,1.9737964450395276
Langston Galloway,2019-20,1702.0,-1.5,-1.972656610135751,-1.382636262157325,-1.3671697521923092,-1.3263032516360538,-1.8953872191767578
Gary Harris,2019-20,1780.0,2.0,0.8111074360556431,1.0537390839680087,1.0351527667535212,1.0262732403972836,0.7974853842179205
Kyle Anderson,2019-20,1330.0,1.7999999523162842,2.5634169503120416,2.3963514213940167,2.3157561242117355,2.229129037390835,2.500202960979713
Harrison Barnes,2019-20,2482.0,-1.100000023841858,-1.1210175679608365,-1.0325861796647053,-1.0493645034252448,-1.0346985244925921,-1.1453373651482535
John Collins,2019-20,1363.0,-0.4000000059604645,-0.1329602061545901,-0.2918843837662498,-0.376906410583608,-0.3378883544752182,-0.15092383980687427
Draymond Green,2019-20,1222.0,2.299999952316284,1.8435182613040055,2.35224422805458,2.3431598064106987,2.185380777661345,1.829320017368794
Pat Connaughton,2019-20,1243.0,0.5,0.34694795220823016,-0.013775459720296437,0.1234219002275656,0.3750677271525467,0.43298273168424484
Tristan Thompson,2019-20,1721.0,1.0,0.014839099441840295,-0.17122229707869585,-0.2061655590798399,-0.1608479375199468,-0.0037513117343855214
DJ Augustin,2019-20,1420.0,-1.2000000476837158,0.027885237751066216,-0.384729567220114,-0.39913773704174443,-0.29214088293057805,0.05274867915404404
Doug McDermott,2019-20,1372.0,-2.0999999046325684,-1.4171361439036434,-1.7938605137143484,-1.7247107293215282,-1.6930204839007705,-1.358307334172572
Mike Scott,2019-20,1207.0,-1.7000000476837158,-0.869587303292032,-1.1800770583028288,-1.1784498360614386,-1.2635253381241116,-0.8793636375036613
Andrew Wiggins,2019-20,1858.0,-2.0999999046325684,-1.207497785837002,-1.621607089836218,-1.5958712514889797,-1.60145077170846,-1.2397156758954102
Thomas Bryant,2019-20,1147.0,-0.5,-1.156253741750791,-1.0421661269322535,-1.032409533349461,-1.035641395941036,-1.1700590351681686
Jaren Jackson Jr.,2019-20,1622.0,-0.20000000298023224,-0.09600349474553674,-0.016543083257673452,-0.039385511038131676,-0.02468856251161452,-0.0889616032107367
Monte Morris,2019-20,1636.0,-2.299999952316284,-0.9299164880789558,-0.8933689464729754,-0.9004764138081779,-0.8628861068617941,-0.8981520721433682
Cedi Osman,2019-20,1910.0,-0.800000011920929,-1.396292968159639,-1.2333116003111546,-1.2636877599757557,-1.384085034660831,-1.4416151335689908
Serge Ibaka,2019-20,1485.0,0.8999999761581421,1.3791298291126415,0.7882423686818663,0.8103659290590055,1.0040626204720682,1.4145456192513015
James Ennis III,2019-20,1265.0,-0.800000011920929,-1.1696811376765008,-1.6969547639376685,-1.62494925457498,-1.6344956791806498,-1.2175154569098499
Torrey Craig,2019-20,1072.0,-1.0,-1.2243547049079309,-1.7742174995666788,-1.7579411381486036,-1.809834875299293,-1.334282161884845
Josh Okogie,2019-20,1547.0,0.4000000059604645,0.2148002489247145,0.3160117618808947,0.28886387894021476,0.16595702464865414,0.1543221427098777
Cody Zeller,2019-20,1341.0,-1.2999999523162842,-0.9480278125589856,-0.8205132044543375,-0.9203711479359125,-0.7977098671336836,-0.9379635368340983
Austin Rivers,2019-20,1594.0,-2.299999952316284,-1.1468605425015213,-0.9284749205951601,-1.0335313987965689,-0.9617252303551295,-1.1544281830846592
Malik Beasley,2019-20,1209.0,-1.399999976158142,-1.819063054469063,-1.455593608737478,-1.5024194575280188,-1.4527707743965548,-1.7429520728209573
Kyle Kuzma,2019-20,1526.0,-0.10000000149011612,-0.3697752444477331,-0.5729504450954895,-0.5356578104055183,-0.47515297612992985,-0.32477130276629945
JaMychal Green,2019-20,1307.0,-0.6000000238418579,-0.285845986326999,-0.6712606229835779,-0.6335370612185297,-0.6168536761727389,-0.29947457395259547
Landry Shamet,2019-20,1452.0,-1.7999999523162842,-0.8974247814973394,-1.2469669859719927,-1.197074480912931,-1.2130822235350904,-0.9343077534120499
Marvin Williams,2019-20,1129.0,-0.8999999761581421,-0.29800572078857096,-0.39847106521921793,-0.38915503287960973,-0.38003261260726867,-0.30049855027162675
Kevin Huerter,2019-20,1760.0,-2.4000000953674316,-2.0182487976795294,-1.9179682069700705,-1.9584278390900862,-1.9061906171000147,-2.0172882546329975
Miles Bridges,2019-20,1995.0,-1.600000023841858,-1.4615137726850498,-1.3039017178718941,-1.4123768135235548,-1.3375375311342832,-1.4510032655257057
Lauri Markkanen,2019-20,1492.0,-2.0999999046325684,0.11800612967837475,0.05035420040904676,0.047352530975864685,0.038688844795839124,0.12747550517238113
Jeff Teague,2019-20,1464.0,-3.299999952316284,-2.4401111213181395,-2.47231593966159,-2.3974675793429894,-2.3997000128482178,-2.422107925248305
Bryn Forbes,2019-20,1579.0,-3.4000000953674316,-3.2850896597073405,-3.1147227767145447,-3.026525288428243,-2.8415801284185838,-3.2353162809899425
Collin Sexton,2019-20,2143.0,-4.599999904632568,-3.78304772182811,-3.7224932706524303,-3.682164259737138,-3.7206902091523526,-3.7322823704017547
Terrance Ferguson,2019-20,1257.0,-0.20000000298023224,-0.6627095178834523,-0.7070251025675386,-0.6587281207205036,-0.5803676896538648,-0.7110176102668926
Malik Monk,2019-20,1169.0,-2.9000000953674316,-2.737257896762646,-2.7420994843936692,-2.757232617725514,-2.63878931208075,-2.733667424792782
Kevin Knox II,2019-20,1166.0,-1.7000000476837158,-0.926407313574515,-1.3790483548751094,-1.3597754906194723,-1.3641948562434982,-0.933580480103677
Nikola Jokic,2020-21,2308.0,1.100000023841858,0.8764835435104197,0.998138072619754,1.0038966987893727,0.7904682014511806,0.8312911634070453
Rudy Gobert,2020-21,2000.0,8.199999809265137,5.2640981294543145,5.587328040157255,5.517381571891915,5.38127221055267,5.323906691880568
Stephen Curry,2020-21,2009.0,-1.7000000476837158,-0.954136173456125,-0.9260759129877281,-0.9256966028599893,-0.9441040921462549,-0.9459462582650217
Giannis Antetokounmpo,2020-21,1854.0,2.5,1.8773092504756554,1.5615537360422191,1.4746598958132426,1.4056440827473193,1.778319618940661
Kawhi Leonard,2020-21,1675.0,1.7000000476837158,0.7992044275425563,0.443938922544166,0.3454430491833196,0.21318550828567814,0.6979497414366238
Luka Doncic,2020-21,2106.0,-1.399999976158142,-0.4258579995218558,-0.5139596454733378,-0.48730891885461386,-0.6077078393813696,-0.43612735393028895
Paul George,2020-21,1711.0,2.4000000953674316,1.4358631428009887,1.2988190554337447,1.2281111953766441,1.129362941592431,1.361059029618301
Joel Embiid,2020-21,1481.0,4.599999904632568,2.8515691053743923,3.0609468154149857,3.0392997353233495,3.002338258170158,2.870753233844389
Clint Capela,2020-21,1809.0,5.300000190734863,3.5803041490827505,3.6002510529433245,3.5295246971518663,3.394211516333275,3.477732440128685
Jimmy Butler,2020-21,1622.0,2.9000000953674316,3.156044103224616,2.6887469412001956,2.607960968854826,2.389308914302389,2.96824404710529
Mike Conley,2020-21,1459.0,4.0,3.485777324988869,3.3782726834886505,3.301732201863773,3.1410763060066444,3.387812667422809
Damian Lillard,2020-21,2181.0,-2.799999952316284,-2.0129210209035753,-1.8666349972844674,-1.8528371637816476,-1.8443306278684448,-2.0083948831928957
Julius Randle,2020-21,2424.0,2.0,0.9932209657249974,1.1214128083758517,1.0932480389239658,1.0998407248735143,0.9998779716211662
Fred VanVleet,2020-21,1899.0,2.4000000953674316,1.7536426070474946,1.5678761158956185,1.5369698869669446,1.3318560068603487,1.6600712870807934
Bradley Beal,2020-21,2073.0,-2.299999952316284,-1.69240780617962,-1.5686744289822323,-1.5099600537519489,-1.4728551583430893,-1.6764829312260592
Draymond Green,2020-21,1839.0,3.200000047683716,2.456250951995959,2.550654515367975,2.46677426795495,2.3523129823784537,2.388380984147295
Jayson Tatum,2020-21,2112.0,-0.8999999761581421,-0.880533289807207,-1.0148494761204903,-1.098406039634555,-1.1041347707670792,-0.9128016163506341
Jrue Holiday,2020-21,1740.0,1.399999976158142,1.7203401769741729,1.4465269919181396,1.4628934648027652,1.318301006549845,1.6366751222364382
LeBron James,2020-21,1448.0,0.4000000059604645,1.386935330315755,1.2712775991892997,1.2814158803793054,1.2929918030602952,1.368204091945232
Mikal Bridges,2020-21,2163.0,0.8999999761581421,0.8336911747230615,0.5984832282396165,0.5463597650743671,0.38195636915262665,0.7315915879360285
Zion Williamson,2020-21,2026.0,-0.800000011920929,-0.8531167521008802,-1.0090993513587985,-0.960107640468898,-0.8974398134424734,-0.8355594133134844
James Harden,2020-21,1558.0,-2.0,-1.2641740025001122,-1.132026015269494,-1.0742987564102926,-1.0706775641443373,-1.251019805317641
Chris Paul,2020-21,2046.0,-1.100000023841858,-0.08437446809786699,-0.21039430790549857,-0.3389485857487591,-0.41275724344880654,-0.14624834839192427
Devin Booker,2020-21,2099.0,-1.2999999523162842,-1.2514648312456074,-1.0776397482005677,-1.0311056117336392,-1.0468388229380245,-1.2408736478512818
Jakob Poeltl,2020-21,1657.0,4.599999904632568,3.140785096899424,3.793378599191942,3.7103158865591186,3.6575528362556113,3.1515247175128582
Joe Harris,2020-21,2075.0,0.5,-0.29751713150053655,-0.46626991906547705,-0.46484569694527234,-0.5396166864712065,-0.30996080144266525
Thaddeus Young,2020-21,1499.0,0.800000011920929,1.0500561287683456,1.1007070379505905,1.030730320367438,1.0235043127434793,1.021834895825867
Joe Ingles,2020-21,1682.0,0.5,0.20808031128664534,0.17804846377053063,0.17104707100026664,0.18446191129762257,0.20498765064234348
Jamal Murray,2020-21,1704.0,0.6000000238418579,-0.29702944430339656,-0.1758090672633234,-0.269321271190398,-0.2589067283926071,-0.3217845464176525
Montrezl Harrell,2020-21,1516.0,2.4000000953674316,1.6558048222068948,2.0022389728763343,1.9961644557316682,2.1795894674993095,1.7276560118340485
Trae Young,2020-21,2009.0,-3.5999999046325684,-2.338358430930036,-1.936277689429088,-1.9592680108567546,-1.9227088741652882,-2.2912003641611802
Robert Covington,2020-21,2049.0,2.4000000953674316,1.4936461977299482,0.9053727801707903,0.7795966904886288,0.6253995176761636,1.3383076304771053
Donovan Mitchell,2020-21,1771.0,-1.7999999523162842,-1.875234306191264,-1.5342459062523126,-1.564444347883087,-1.465319129737598,-1.8051457540255187
Bam Adebayo,2020-21,1974.0,1.899999976158142,1.2000945090510484,0.9816868693846597,0.9383607890935378,0.9179410526959724,1.15194504990666
Danny Green,2020-21,1801.0,2.0,1.6163843428272573,1.7946193405197892,1.8266655750722596,1.701217042146455,1.57686324101184
Kyrie Irving,2020-21,1768.0,-3.0,-0.6273398228165266,-0.617312304233922,-0.6917788061133692,-0.8045863643111567,-0.6699758194756072
CJ McCollum,2020-21,1384.0,0.4000000059604645,-0.5147470120328053,-0.48732918258000507,-0.48434183426077715,-0.4882250667998009,-0.5349945687575703
Khris Middleton,2020-21,2109.0,-0.699999988079071,-0.9051752024264257,-0.9306799475820997,-0.9217240458225535,-0.9028678932991351,-0.8985133515683745
Nikola Vucevic,2020-21,2181.0,0.6000000238418579,0.35649264552212795,0.3961694376557903,0.40745136906083573,0.43671350466385817,0.3695633091372214
Nicolas Batum,2020-21,1745.0,2.5999999046325684,2.061943718102702,1.6534036173657483,1.5981827426265995,1.5062495376481246,1.9569361510901444
Jordan Clarkson,2020-21,1629.0,-0.5,-0.6841854134626905,-0.8389394526040517,-0.8797331138626102,-0.837905497981255,-0.6779321581377393
Zach LaVine,2020-21,1894.0,-1.899999976158142,-1.4784179252801846,-1.0946360644485214,-1.0815325336152717,-1.0900868358592133,-1.4233851129354915
Royce O'Neale,2020-21,2061.0,1.600000023841858,1.0647755613400849,1.1726661681740038,1.1707383767255037,1.0706215197666078,1.0211809949003445
Ben Simmons,2020-21,1754.0,2.4000000953674316,2.2556576044135896,2.1252808040381326,2.054603882999495,1.9262736827454272,2.1744179017545338
Kyle Anderson,2020-21,1743.0,1.899999976158142,1.91195860943044,1.9160829828812558,1.849907001542173,1.7040307802263512,1.8198643573494289
John Collins,2020-21,1744.0,0.8999999761581421,-0.34745153404842966,-0.18853018609913041,-0.161570332209372,-0.22813978005238053,-0.32532328877840605
Tobias Harris,2020-21,1858.0,0.30000001192092896,0.714985889570632,1.1660005919967713,1.1912021418147736,1.1458507863107963,0.7314335764805503
Terry Rozier,2020-21,2143.0,-1.399999976158142,-0.9187344026878369,-0.6818484716146717,-0.6980020063250507,-0.6927470194701584,-0.9342053106424515
Kemba Walker,2020-21,1256.0,0.8999999761581421,-0.28329559526568926,-0.19905125663134324,-0.15529297495375416,-0.1000023145502191,-0.24289480685340362
Harrison Barnes,2020-21,2102.0,-0.10000000149011612,-0.6561091865798045,-0.675078256431864,-0.7246574283949432,-0.8004035656297104,-0.7097467406746342
Jaylen Brown,2020-21,1999.0,-0.5,-0.5610086912434129,-0.504245073272845,-0.555000796273747,-0.5005048887924006,-0.5480649700967841
Delon Wright,2020-21,1551.0,1.600000023841858,1.0583227828121122,0.021512737524550338,-0.12939877541853212,-0.15697708236893526,0.9057145663299058
Richaun Holmes,2020-21,1687.0,1.899999976158142,1.4666439725861047,1.5860137682657258,1.5185907136047265,1.407691727760135,1.423180608321988
Brandon Ingram,2020-21,2093.0,-2.200000047683716,-1.5383217667689508,-1.495915461017006,-1.5007962073802663,-1.5525824236413626,-1.5448415201065977
T.J. McConnell,2020-21,1604.0,1.2000000476837158,2.0041556644598515,1.2733613077809798,1.238618827594553,1.0083082727770414,1.8058807527159546
Deandre Ayton,2020-21,2021.0,1.2000000476837158,0.9336375424247961,0.604452807398902,0.647055369460919,0.8003940655519903,0.9698118284716092
Lonzo Ball,2020-21,1649.0,0.4000000059604645,0.07092887716068257,-0.25403103949049205,-0.25950810853744505,-0.32265253588979453,0.019316369480220072
Karl-Anthony Towns,2020-21,1498.0,-0.800000011920929,0.05042824946033064,0.3295477971094032,0.3967594847457082,0.3096328071610822,0.07208168873806706
Jonas Valanciunas,2020-21,1623.0,0.6000000238418579,1.5490029267135086,1.8669182014230494,1.8417744779029,1.7786516604344569,1.5664496798481586
Jae Crowder,2020-21,1508.0,3.0999999046325684,1.526593628018456,1.2875954760070198,1.2444319234090764,1.1584123894205103,1.4563308716062011
Michael Porter Jr.,2020-21,1767.0,-0.800000011920929,0.1618156324342213,-0.13990219835705808,-0.1270692488338787,-0.14728666352716277,0.12458547699836303
OG Anunoby,2020-21,1433.0,2.4000000953674316,2.3080563338173596,1.8918779827048504,1.8705927222627972,1.6891824831029412,2.197818297066795
Dorian Finney-Smith,2020-21,1761.0,1.100000023841858,0.8580775038091033,0.6325587000755027,0.5925204906137542,0.4699712363562713,0.7752691311402644
Devonte' Graham,2020-21,1531.0,0.800000011920929,-0.27642828762565513,-0.2661213927234798,-0.245394955073662,-0.20670180365005963,-0.23734970332261393
Myles Turner,2020-21,1455.0,4.699999809265137,3.136362422217214,3.3179358798706238,3.2373477198815506,3.2117563984053534,3.1240966624364708
Jarrett Allen,2020-21,1678.0,2.0,0.6367911839497993,0.8079200991505853,0.7131903027326566,0.8149864127742272,0.6849155173133294
Chris Boucher,2020-21,1415.0,0.4000000059604645,0.671497434935738,0.6723195872142873,0.719248401988058,0.7419617434301367,0.7084347737420145
Derrick Rose,2020-21,1131.0,2.0999999046325684,1.522572511159194,1.4144845285817578,1.4319680844538296,1.3893626893415134,1.5064875406855553
Matisse Thybulle,2020-21,1264.0,4.400000095367432,2.9420620866826424,2.8018534743885115,2.7490111291656416,2.5940560027149706,2.8441495627367694
Christian Wood,2020-21,1326.0,2.5999999046325684,2.1722833731723012,2.2273125811326904,2.1324572779892166,1.9964733108053918,2.1151786920071283
Luguentz Dort,2020-21,1519.0,3.799999952316284,1.2889785745801705,1.3820738851229877,1.3383825419811834,1.1981455279033435,1.1784527251445918
Raul Neto,2020-21,1317.0,2.5,1.9305001676899662,1.7322976339725042,1.7038471433711506,1.4778572744249725,1.8086053516708247
Tim Hardaway Jr.,2020-21,1823.0,-0.10000000149011612,-1.1616342921536038,-0.7567431177900903,-0.7631017919659465,-0.7789127215869768,-1.114052211878844
Bobby Portis,2020-21,1284.0,1.5,0.9966121995481031,0.822438824458461,0.8902157319364566,0.9907368659749727,1.0433503588669757
Marcus Smart,2020-21,1483.0,0.6000000238418579,1.1331169658515012,1.1311142149317832,0.9927722367333217,0.8653643372972768,1.0390845253761345
Alex Caruso,2020-21,1123.0,4.599999904632568,3.4139018281121167,3.504434858859622,3.4091682534729886,3.2850840607916174,3.329238001786439
Pat Connaughton,2020-21,1444.0,1.899999976158142,0.7111418168032965,0.8098744571531961,0.8938689602972176,0.912460058847952,0.7203964192387433
DeMar DeRozan,2020-21,1868.0,-2.9000000953674316,-2.2513267863823883,-2.2060697647621867,-2.221530768337834,-2.22000721031798,-2.2617586005335837
De'Aaron Fox,2020-21,2036.0,-2.700000047683716,-1.116025478167842,-1.3660975127964636,-1.3293092935029116,-1.358665021456677,-1.1689644030357813
Buddy Hield,2020-21,2240.0,-1.7999999523162842,-1.238066264502653,-1.3655829381180793,-1.3586424193434112,-1.3086810525648798,-1.2549316067944978
Dejounte Murray,2020-21,1946.0,-0.10000000149011612,1.5542032815951705,0.946156005105869,0.8874249809984947,0.6980148647819934,1.4085586154999004
Pascal Siakam,2020-21,1976.0,-0.6000000238418579,-0.06943689512093223,0.14495561043909727,0.09162065164726635,0.045323861126184306,-0.06943980046717617
Jae'Sean Tate,2020-21,1909.0,1.2999999523162842,1.2928664214254197,1.1096348407354553,1.0861001857342427,0.8360294730944599,1.1715311059825524
Kyle Lowry,2020-21,1601.0,-1.0,-0.4224529428855382,-0.029188061175245514,-0.06967151997327854,-0.06609325682199721,-0.38561003595442184
Bogdan Bogdanovic,2020-21,1203.0,0.0,0.4219183168935281,0.25940459497845036,0.2636336661928913,0.20371216053551178,0.40202610621334384
Malcolm Brogdon,2020-21,1930.0,-1.2999999523162842,-1.0615812530864586,-1.0277800381132183,-1.0251027902631704,-0.933944105104895,-1.010267496190158
Donte DiVincenzo,2020-21,1666.0,0.5,0.8414975270139501,0.788775957445752,0.6089065658499313,0.49132051064791904,0.7630050159791208
Norman Powell,2020-21,1989.0,-0.800000011920929,-0.7305373369191873,-0.9022905612068898,-0.9490962469737577,-1.052232336814046,-0.760904679706734
Miles Bridges,2020-21,1858.0,0.4000000059604645,-0.1644984008493366,0.08123138242839839,0.09944235966160477,0.09098142565044753,-0.1408919602659695
Jalen Brunson,2020-21,1557.0,-0.10000000149011612,0.2665473886030034,0.3645087095570311,0.3165087136051039,0.1930131184415476,0.2295556356038241
Facundo Campazzo,2020-21,1274.0,2.700000047683716,1.8720910691903943,1.7139359124488884,1.619915948482121,1.4755260614154875,1.741952211157326
Shai Gilgeous-Alexander,2020-21,1180.0,-1.2999999523162842,-1.7084063466833668,-1.266092977981596,-1.2952299071640865,-1.3658456710177689,-1.6783562760241622
RJ Barrett,2020-21,2286.0,-0.4000000059604645,0.2766595297529195,0.563116626403539,0.5347912415627736,0.5130186051702238,0.2898610087586208
Rudy Gay,2020-21,1232.0,2.799999952316284,1.971904731698472,2.083185443164247,2.083961298363381,2.1495293065214023,1.9797184414477091
Justin Holiday,2020-21,1993.0,0.800000011920929,0.3097015981057315,0.4029447731029494,0.38442880758530523,0.31149729993758624,0.28645749577457846
Brook Lopez,2020-21,1771.0,1.399999976158142,1.9810493521725152,2.9331270225067794,3.00861796146732,3.064649541930656,2.079971758405655
Isaiah Stewart,2020-21,1370.0,3.0,2.273989801364519,2.4667762440519474,2.3782456998411625,2.4269662705648907,2.3100951235506715
Jerami Grant,2020-21,1805.0,-0.5,-0.7094299263841906,-0.5576010942688783,-0.5371507839210141,-0.6474080708830403,-0.7277719471354547
Cameron Johnson,2020-21,1437.0,2.200000047683716,0.6172963441998441,0.5679870901765076,0.57032531761058,0.5818485198422115,0.6045382771737177
Kelly Olynyk,2020-21,1856.0,-0.20000000298023224,0.9995764045484028,1.0915815843326764,1.1212412293250698,0.9880388689433168,0.9826720189378041
Davis Bertans,2020-21,1308.0,-0.8999999761581421,-0.37230367350209825,-0.3557100960725351,-0.3187506005646745,-0.2500015387139438,-0.34760759990788026
Duncan Robinson,2020-21,2101.0,-0.6000000238418579,-0.39394302260447195,-0.23876723218903492,-0.17012080552839753,-0.24888541015961232,-0.37682885832167734
Ivica Zubac,2020-21,1519.0,1.7000000476837158,2.5003449680516807,3.110717153443237,3.238932175361328,3.1984786000928773,2.5616106556150493
Steven Adams,2020-21,1605.0,1.0,1.3001401069833127,1.3012164893609433,1.2858482324780327,1.2993541744520178,1.2607407716833512
Kevin Huerter,2020-21,2041.0,-0.4000000059604645,-0.0200677204771484,-0.014046475919902449,-0.051993407927953525,-0.10910941701081334,-0.05589638325511096
Paul Millsap,2020-21,1085.0,1.7999999523162842,1.029111623788257,0.833686336583314,0.8646312775035303,0.7869536619283463,0.9681628063765233
Immanuel Quickley,2020-21,1194.0,-1.2999999523162842,-0.44486784453050826,-0.6667584038238678,-0.5882202364938157,-0.4933555505899849,-0.39078591292002773
Domantas Sabonis,2020-21,2043.0,-0.20000000298023224,0.8163310609089047,0.8496454977452568,0.7747581875713385,0.8156194387688024,0.8261261941462548
Dennis Schroder,2020-21,1901.0,0.0,-0.35188094740942805,0.060399965364465735,0.05015903122615138,0.04425899197938092,-0.327150289239987
Kenrich Williams,2020-21,1373.0,0.10000000149011612,0.6457402764007609,0.6903369832472974,0.6426191365114688,0.508180483900375,0.5811508255751947
LaMelo Ball,2020-21,1286.0,-0.800000011920929,-0.25101894084758236,-0.7335405465310487,-0.8885095626281594,-0.8356434598030291,-0.3186642221298734
Khem Birch,2020-21,1366.0,2.299999952316284,1.6240856862499076,1.4862941725223844,1.5091653620843575,1.477399758085097,1.6266519472723944
Dillon Brooks,2020-21,1830.0,0.6000000238418579,0.4897838923874511,0.6441300842546017,0.6726473483526559,0.5842173401619813,0.4704926321193362
Blake Griffin,2020-21,1073.0,1.899999976158142,0.30339987819102215,0.7020588575072935,0.7449220681113211,0.8365839293735711,0.37073739704051706
Josh Hart,2020-21,1349.0,1.100000023841858,0.08852273629207214,0.46505078338792255,0.46772077226919306,0.5419799570038835,0.07808399847490227
Gordon Hayward,2020-21,1496.0,-0.5,-0.3405182795570141,-0.4154413420837609,-0.41617959009899597,-0.4648411420935592,-0.36013202244884945
Alec Burks,2020-21,1165.0,-0.10000000149011612,1.3638276158197056,1.2525642916318434,1.2328365594268456,1.2541573754011952,1.354348478039182
Reggie Jackson,2020-21,1460.0,-1.100000023841858,0.15727748058172925,0.21284113697991275,0.15579547442434252,0.15519069260549498,0.1561825684591958
Enes Kanter,2020-21,1648.0,-2.799999952316284,0.0882287139576023,0.7763388197648807,0.8758155633903637,0.836041825885793,0.13961646733937833
Grayson Allen,2020-21,1259.0,0.5,-0.37664942480025715,-0.5506817508907387,-0.6105778673826123,-0.5977799697195241,-0.38888417961924987
Patty Mills,2020-21,1548.0,0.0,-0.021037228735283797,-0.06958119180397083,0.008774968968927654,-0.09235563405253519,0.004807757021761512
Daniel Theis,2020-21,1551.0,1.7000000476837158,0.3639312346463046,0.7412957459259338,0.7168961954472228,0.7367707695861787,0.4214133191205477
Danilo Gallinari,2020-21,1154.0,-0.800000011920929,-0.7836120956884663,-0.7964526860556692,-0.7263686010336032,-0.6700438710400314,-0.7555186834549611
Damion Lee,2020-21,1079.0,1.0,0.9408989258773119,1.0326734895176815,1.0238098938277354,0.7952139306974035,0.8908950928626642
Garrett Temple,2020-21,1356.0,1.7000000476837158,0.8887527590112836,0.9666082365006365,0.9138017268492558,0.907445523031156,0.8463134408579955
Aaron Gordon,2020-21,1283.0,0.8999999761581421,0.14699611637706284,0.22209354585297272,0.2555209358850534,0.1946168141533123,0.1499907326268074
Josh Jackson,2020-21,1478.0,1.2999999523162842,0.8931677953555619,1.0340427218150055,1.0184744580781198,0.9862332633245172,0.8499172155908634
Nerlens Noel,2020-21,1382.0,2.5999999046325684,1.642901460347634,1.393452084119672,1.3372935359816256,1.2481683701146173,1.5792462355947607
Kristaps Porzingis,2020-21,1245.0,-0.8999999761581421,-0.27477299881774525,-0.39867767712577135,-0.3145543273834639,-0.3328249165649505,-0.27169381969037
Bruce Brown,2020-21,1314.0,-0.10000000149011612,0.38513331887007574,0.06293216380491956,-0.0015262446775210214,-0.02958393968896003,0.3210105334628422
Andrew Wiggins,2020-21,2227.0,0.20000000298023224,0.8294563972620977,0.8094306797095601,0.8018236597059533,0.8608126376700955,0.8159770263182196
Kent Bazemore,2020-21,1185.0,2.5999999046325684,3.398640244025431,3.551086874672681,3.5653786262770697,3.2995667941899187,3.309422665224532
PJ Dozier,2020-21,1088.0,2.4000000953674316,1.6554594187222724,1.7592918605260013,1.7590235206687925,1.732848899342517,1.627116718883759
Andre Drummond,2020-21,1093.0,2.5999999046325684,1.7431154017067203,1.6811894936218437,1.583985828623612,1.448456138862419,1.6599473780159477
Marcus Morris Sr.,2020-21,1414.0,-1.5,-1.4289289503669051,-1.5715352691214377,-1.5387320629139398,-1.4990667307233814,-1.4103314088128769
Tomas Satoransky,2020-21,1242.0,-0.10000000149011612,-0.17915837170850837,-0.11733722404703725,-0.1941503908534563,-0.18388709884345036,-0.2102216591805222
Evan Fournier,2020-21,1094.0,-0.699999988079071,-0.5256138752636155,-0.507609584903469,-0.5732511572862244,-0.5331176720469666,-0.524532854348468
Maxi Kleber,2020-21,1308.0,1.399999976158142,0.6700071309392204,0.9443043240577447,0.953774634000901,0.9297876501386494,0.7026639102899737
Chuma Okeke,2020-21,1133.0,1.7000000476837158,0.9467028509851292,0.8541266772575578,0.7503468231166889,0.6370361230174035,0.8784820024827045
Brandon Clarke,2020-21,1326.0,1.2000000476837158,1.328675854003043,0.9458239517515721,0.9209974703352597,0.8605418676293568,1.251549955918496
Talen Horton-Tucker,2020-21,1173.0,1.600000023841858,1.469281219190175,1.4316387571813383,1.4735267267283332,1.2913298492574463,1.4415856647182856
Caris LeVert,2020-21,1308.0,-0.6000000238418579,-0.07004992907647531,-0.0374759656563565,-0.08620369108357225,-0.10661255917687208,-0.08823152597290881
Shake Milton,2020-21,1353.0,-0.699999988079071,-0.7298950438964712,-0.43481515374659735,-0.4251254552391912,-0.2925719223139376,-0.6411449054907774
Ja Morant,2020-21,1875.0,-2.9000000953674316,-2.1494020607496886,-2.0187148368230927,-1.9871830223333165,-1.9939363127455667,-2.098502868590317
Monte Morris,2020-21,1151.0,-0.20000000298023224,0.27720034279510436,0.1001908685236258,0.08134151017459607,0.05664607170694155,0.2566340659071367
Larry Nance Jr.,2020-21,1091.0,2.799999952316284,2.639783597270668,2.4106972235369217,2.3735000309148133,2.2797157589747643,2.5316600265267524
Josh Okogie,2020-21,1111.0,1.7999999523162842,0.8238526124637056,0.6278340286801611,0.5988437576935853,0.4039779373393476,0.6971814251535334
Tyrese Haliburton,2020-21,1746.0,-2.5,-1.2209203660602164,-1.5602735234341008,-1.627231244680389,-1.6303702301754697,-1.2817217975255113
Victor Oladipo,2020-21,1080.0,1.5,1.9306902660417093,2.212657311006083,2.15505762481303,2.033645342261902,1.8764541932222867
Reggie Bullock,2020-21,1707.0,-0.699999988079071,-0.5495180106894724,-0.47616339966923465,-0.3990455871956433,-0.44077635496563317,-0.5217028885085626
Kentavious Caldwell-Pope,2020-21,1700.0,-0.10000000149011612,0.5997167563635128,0.6028351578535193,0.5350188859414429,0.4387831923733374,0.5577099233389287
Derrick Jones Jr.,2020-21,1288.0,1.399999976158142,0.09685427031593355,-0.1805406486493332,-0.1536369787485663,-0.1952832740565413,0.04471119561869673
Cory Joseph,2020-21,1395.0,0.4000000059604645,-0.21813588001520579,-0.21256224882560082,-0.2647499060096496,-0.38387968227593583,-0.2864574471569007
Kendrick Nunn,2020-21,1505.0,-1.2000000476837158,-0.3829857439156853,-0.3479201316561614,-0.4018448942384832,-0.41006160216089704,-0.37991091561732654
Naz Reid,2020-21,1232.0,1.0,0.6686528306711527,0.6917176412399668,0.6978975839457174,0.8344577944662608,0.7277672587185455
Seth Curry,2020-21,1523.0,-1.600000023841858,-1.222356044545314,-1.0893516493728241,-1.0372983519471883,-0.9237680875047093,-1.1401206221537237
Payton Pritchard,2020-21,1160.0,-0.8999999761581421,-1.1981261248998265,-1.139759346232057,-1.1440979207268454,-1.1581499351888191,-1.180050136354639
Hamidou Diallo,2020-21,1161.0,0.30000001192092896,0.7618136964776459,0.8490076589846859,0.852001620198124,0.7536342098157541,0.7087606775650998
Darius Garland,2020-21,1778.0,-1.399999976158142,-0.6392148023566414,-0.5503814920180888,-0.618241955017037,-0.5889478418365257,-0.6442896949052921
Tyler Herro,2020-21,1472.0,-0.6000000238418579,-0.7729937489428977,-0.6637757343403023,-0.6186378813983513,-0.6183007335135503,-0.7285125246172547
Robin Lopez,2020-21,1266.0,0.6000000238418579,0.6317098428586609,1.107717295399169,1.1293547484394089,1.348262448783988,0.7652204867231085
Terance Mann,2020-21,1215.0,0.0,-0.11986320508458473,-0.03147842661802622,-0.01994440527488911,0.030595765584637682,-0.09808627540828439
Andre Iguodala,2020-21,1244.0,1.5,1.6786122364888083,1.5103742475815611,1.4388707547555248,1.2920880587074157,1.5688460095121444
Tyus Jones,2020-21,1142.0,-0.6000000238418579,0.22156190686873312,-0.10409754153242741,-0.12785522313105924,-0.14816003074870315,0.1778864459074334
P.J. Washington,2020-21,1743.0,0.5,0.6194692891042813,0.4446369324924066,0.4102744481710211,0.3339470907395703,0.5842344018930794
Landry Shamet,2020-21,1267.0,-0.30000001192092896,-1.1019531622872842,-1.0538806625588235,-1.0347926791084199,-1.0109413187065897,-1.0921064567756804
Dwight Howard,2020-21,1104.0,0.8999999761581421,1.5202675274816564,2.1192301229514734,2.121673915506066,2.1253511787861123,1.5647504292076486
Malik Beasley,2020-21,1214.0,-2.4000000953674316,-2.151864586876402,-1.8337080157202272,-1.9375131954015627,-1.9392455648789582,-2.131942297064452
Wendell Carter Jr.,2020-21,1296.0,1.2000000476837158,0.8477870325470328,1.1420799591620652,1.066328360806717,1.2075559676383643,0.8827694840542019
Ricky Rubio,2020-21,1612.0,-0.6000000238418579,0.1102745776458647,-0.24630457696923447,-0.3744504406659733,-0.5203025109327019,-0.0037099437764046284
Desmond Bane,2020-21,1383.0,-2.0,-0.7535817931350294,-0.9485659996994571,-0.9214694171086145,-0.8735232284027751,-0.7253122510953972
Jeff Green,2020-21,1726.0,-1.2000000476837158,-0.642428611093053,-0.768785869314521,-0.7046065077958981,-0.6847633481454182,-0.638606244673233
Lauri Markkanen,2020-21,1181.0,-1.0,-0.13088936707098542,-0.0438870987105037,-0.009414977244691647,-0.006291823798478563,-0.11347178446771577
Mason Plumlee,2020-21,1474.0,-1.2000000476837158,-0.7071527550262956,-0.7703365802291995,-0.7840284768456142,-0.7728396780208665,-0.6961561197004059
Terrence Ross,2020-21,1347.0,-1.0,-0.5432247525793149,-0.4983072100032839,-0.5966013669031586,-0.6174236334810032,-0.5594064600264765
Russell Westbrook,2020-21,2165.0,-2.0999999046325684,-0.17959694089890899,-0.22191661339665608,-0.322634738084982,-0.29214516364300713,-0.2146004100684533
Deni Avdija,2020-21,1257.0,0.699999988079071,0.4813646311149587,0.4331696411453984,0.5015439793671603,0.41710354273483474,0.4660400012424367
Will Barton,2020-21,1736.0,-1.899999976158142,-1.0184773643359017,-1.1177873887220398,-1.1684485993658216,-1.1435498098939356,-1.053349895030047
Bojan Bogdanovic,2020-21,2017.0,-1.399999976158142,-0.6477324907698077,-0.433535287245999,-0.44040858203889793,-0.3766001224612928,-0.603933035615345
Goran Dragic,2020-21,1200.0,-1.100000023841858,-1.045015452858985,-0.8577678822881422,-0.8512631276804469,-0.7945141879032699,-0.9932879880193985
Aaron Holiday,2020-21,1136.0,-0.6000000238418579,-0.5914641303826673,-0.4476158570012148,-0.477885970334438,-0.40856331652893374,-0.5515119189357176
Elfrid Payton,2020-21,1399.0,-1.0,-0.7215285284093038,-0.25767418269205405,-0.2589696108514065,-0.25480987473147704,-0.6624816689357217
Josh Richardson,2020-21,1657.0,-1.2000000476837158,-0.40519475167818786,-0.73136191739621,-0.8218644866227377,-0.9050343076269796,-0.5018569418831923
Sterling Brown,2020-21,1229.0,-0.8999999761581421,-0.2605758743890164,0.12215566118121501,0.08787496798871586,-0.003796231153173596,-0.27287838126436725
Coby White,2020-21,1947.0,-1.0,-0.9808644855061406,-0.869945009550767,-0.8398451643406805,-0.8841709093679336,-0.9800644528974602
Carmelo Anthony,2020-21,1602.0,-2.5,-2.497401992520433,-2.6850071393961015,-2.6010514705642107,-2.4067236789975244,-2.454529048777322
Saddiq Bey,2020-21,1732.0,-1.600000023841858,-1.2516754866302664,-1.3024130604455384,-1.250158446207154,-1.173658143789067,-1.2058465870271586
Kelly Oubre Jr.,2020-21,1687.0,1.2000000476837158,1.1059146395534973,1.103416907317697,1.0035144558521958,0.9229978503613988,1.028454452276973
Collin Sexton,2020-21,1927.0,-2.700000047683716,-1.7753941713449957,-1.544414192716818,-1.6241388643892098,-1.6371630968440103,-1.7766022543305853
John Wall,2020-21,1288.0,-1.5,-0.9472468135644657,-0.7028750409153492,-0.6517744685068207,-0.7203158429674613,-0.9333653731696214
Lou Williams,2020-21,1364.0,-3.0999999046325684,-1.8045919499075822,-1.755732543848054,-1.702946894471767,-1.7325846278573624,-1.7795976161680176
Eric Bledsoe,2020-21,1945.0,-2.0,-1.1297596906323253,-0.8460225635327359,-0.8759569911326525,-0.8815056048800753,-1.1401863302448578
Keldon Johnson,2020-21,1795.0,-1.899999976158142,-1.2405628204213253,-1.0672319023714905,-1.1043941950157863,-1.0155641118324121,-1.218599165574988
Tristan Thompson,2020-21,1171.0,-0.4000000059604645,0.8937454641771386,0.9026698432091533,0.8920136374391407,0.902564449451265,0.9020872783473888
Marvin Bagley III,2020-21,1072.0,-0.800000011920929,-0.6640820210404029,-0.5296408700976792,-0.5936233999137922,-0.6735262366764199,-0.6962288791626394
Bryn Forbes,2020-21,1271.0,-3.5999999046325684,-2.257291300140293,-2.0738344313455466,-2.0732194502825165,-1.9160840351999546,-2.172362114018551
Solomon Hill,2020-21,1438.0,-0.4000000059604645,0.017708139238654046,-0.23349797539709669,-0.18832142727976114,-0.23497032807872922,-0.009912393542036685
Gary Trent Jr.,2020-21,1735.0,-2.799999952316284,-1.9838447367134087,-2.025265358572643,-2.014917439571023,-2.010696525316325,-1.9834522796360572
Jaden McDaniels,2020-21,1413.0,-1.2000000476837158,0.12655290728350174,0.21511155961990336,0.2513023577722594,0.20966080907319296,0.13881066241795043
Markieff Morris,2020-21,1162.0,-0.30000001192092896,-0.4218608864835417,-0.18922143652200424,-0.16232829286461867,-0.03866666438120424,-0.3362830518757015
Doug McDermott,2020-21,1462.0,-3.4000000953674316,-2.4466863964311183,-2.0228895602293884,-2.0047045236146985,-1.878096358407037,-2.3516732511739935
Svi Mykhailiuk,2020-21,1226.0,-1.399999976158142,-0.6216876330714938,-0.42745270659925133,-0.5288432458999123,-0.648597358276152,-0.6649984944545705
Cedi Osman,2020-21,1415.0,-1.7000000476837158,-0.7837335290617694,-0.7362529865801596,-0.8425108170856161,-0.9751802119563696,-0.8179925204207392
Kyle Kuzma,2020-21,1808.0,-0.30000001192092896,-0.12007354048937044,0.07813695798992773,0.110751321358485,0.08114530537206102,-0.09542664511380687
Rui Hachimura,2020-21,1636.0,-0.6000000238418579,-0.5274142555529558,-0.5485478720813237,-0.5875490387030592,-0.6190720564983805,-0.5324337423146646
Luke Kennard,2020-21,1153.0,-4.199999809265137,-3.512639940814431,-3.0472270018544823,-2.9821249054018804,-2.8436703656725237,-3.414897796400686
DeAndre Jordan,2020-21,1241.0,-0.6000000238418579,-0.5778858216361416,-0.1653179554081316,-0.07678720686896345,0.1639385168294279,-0.4372185569814186
Patrick Williams,2020-21,1830.0,-0.4000000059604645,-0.6289465092342021,-0.8501680385273267,-0.8697942895535449,-0.9308453920559496,-0.6813347130922212
Cole Anthony,2020-21,1107.0,-2.5,-1.7336127784277833,-1.3147626680491071,-1.3166994378207637,-1.3932927983648076,-1.7134189826199082
Bismack Biyombo,2020-21,1244.0,1.0,0.42117643632092805,0.8074487367293578,0.7585959810738458,0.7828435053738312,0.48430852278936176
Anthony Edwards,2020-21,2098.0,-2.799999952316284,-1.4116047992812493,-1.3915982944877474,-1.4470241820751688,-1.3841996096541607,-1.3977772735531875
Isaiah Roby,2020-21,1319.0,-1.2999999523162842,-0.4002607134503172,-0.48121558049184754,-0.4825993556770685,-0.5098666704261244,-0.4374611779502645
Dwayne Bacon,2020-21,1702.0,-1.7000000476837158,-1.3479935796623836,-1.0976821154728769,-1.1232514852098685,-1.0681711698010496,-1.3058680130514055
Isaac Okoro,2020-21,1954.0,-1.600000023841858,-1.0477452281714246,-1.1196747787091856,-1.0840903840025031,-1.0720875309430944,-1.0366109623388375
P.J. Tucker,2020-21,1254.0,-0.8999999761581421,0.7281163683522089,0.3887231903196404,0.30649745857410843,0.2758611785789249,0.6475026772345817
Darius Bazley,2020-21,1592.0,-0.800000011920929,-0.5913720444239696,-0.11293694950109714,-0.006355922814570092,-0.1025477196323373,-0.5703988418586354
Lonnie Walker IV,2020-21,1330.0,-3.5999999046325684,-2.550880263392589,-2.1394248334522006,-2.1606885324619642,-2.139217403149747,-2.4931519222903074
Theo Maledon,2020-21,1685.0,-2.700000047683716,-1.7939972177626182,-1.7826770506076206,-1.8277585751193293,-1.7492571981879776,-1.7850328959690875
Nikola Jokic,2021-22,2476.0,5.900000095367432,3.5239507030015482,3.9067298673303212,3.8282246070140107,3.8126433328943716,3.469435833610073
Jayson Tatum,2021-22,2705.0,1.7000000476837158,1.2222597036755896,1.5439225520363666,1.482697440468104,1.3702324350322483,1.2061344459281342
Joel Embiid,2021-22,2297.0,3.5999999046325684,3.4185190919441024,3.425419225736703,3.4664218431780394,3.426889153719811,3.364609707429161
Giannis Antetokounmpo,2021-22,2204.0,2.0999999046325684,2.26810046482902,2.061776192944652,2.0249250217782055,1.8449240522223782,2.1642420382147267
Luka Doncic,2021-22,2272.0,0.30000001192092896,-0.8897975025431232,-0.7013434218938517,-0.709102129572349,-0.65825189527513,-0.8401669226628253
Rudy Gobert,2021-22,2091.0,6.900000095367432,4.249798058451376,4.882897444153157,4.835049990383018,4.807145494762948,4.279730349596821
Stephen Curry,2021-22,2211.0,0.5,0.7181347502558252,0.729826997177494,0.613518696879586,0.541876987258737,0.7115015318497051
Fred VanVleet,2021-22,2462.0,1.7000000476837158,1.179622318277281,1.110507663462778,1.0867334407045715,0.9555328185437713,1.0947916111275935
Trae Young,2021-22,2618.0,-3.0,-2.1245910163834183,-2.2201107744315216,-2.172951215345024,-2.1352069836576533,-2.119340932736356
Jrue Holiday,2021-22,2207.0,1.5,1.2967391688762067,1.2300039071314304,1.1391866175126582,1.1128038656237729,1.244464896708781
Devin Booker,2021-22,2345.0,0.4000000059604645,-0.30822861253257355,-0.13491263808719303,-0.07765410562228815,-0.10950791826774561,-0.2604411477033391
Kevin Durant,2021-22,2007.0,0.699999988079071,0.5955227733221511,0.500740452864429,0.5295533635258326,0.5643208732164928,0.5752464156961088
Darius Garland,2021-22,2407.0,-0.30000001192092896,-0.03934988700212007,0.11670488308873311,0.09154729592018905,0.12707404558478685,-0.05546311714283547
Mikal Bridges,2021-22,2848.0,0.8999999761581421,0.5207870395049794,0.5879497265415095,0.5350984425870937,0.4994631427085343,0.4928710526187096
LeBron James,2021-22,2084.0,0.0,-0.03796380381109937,-0.14185463174220292,-0.2228852012847663,-0.17165581709248023,-0.07172374046190712
Derrick White,2021-22,2180.0,3.200000047683716,2.3835692586483153,2.4084051743007393,2.4076403233587946,2.323296439556082,2.3540606258300913
Terry Rozier,2021-22,2427.0,0.30000001192092896,0.1892844498044476,-0.1275479229123597,-0.21792502227026786,-0.24494689019233024,0.10682608164785341
Marcus Smart,2021-22,2270.0,2.0,1.8714662635196626,1.5987824657990322,1.5633683057883918,1.4960763890282491,1.7761994980927027
Desmond Bane,2021-22,2266.0,0.5,0.18683551530237175,0.1460421356923385,0.18556649605177675,0.20843468163637796,0.20935900410805736
Mike Conley,2021-22,2033.0,1.2000000476837158,1.9643525970780735,1.5601484851179563,1.4517511372626752,1.4302547465305693,1.8499162070454864
Dejounte Murray,2021-22,2334.0,-0.10000000149011612,0.6317916421227086,0.09194137604657865,0.06785603458085757,-0.0701781324884559,0.5258118710366992
Chris Paul,2021-22,2139.0,-0.5,0.666934828120519,0.37247723278436323,0.356648668540437,0.23921933108882165,0.6030926856359474
Jakob Poeltl,2021-22,1941.0,2.5,1.4806428361495456,2.1491991438108182,2.2238728061576456,2.2412398830689724,1.5387033231527847
Domantas Sabonis,2021-22,2136.0,2.299999952316284,1.371544534777963,1.3301303001938554,1.368315834180194,1.2170922142700356,1.3309675908840501
Jimmy Butler,2021-22,1931.0,0.800000011920929,1.0098118794740563,0.5740955371591974,0.6176797819817317,0.40304433741553364,0.8882075165428871
Jarrett Allen,2021-22,1809.0,4.199999809265137,3.0524309127730107,3.248271821931217,3.2757035384923334,3.2547401305355113,3.041113763122979
Miles Bridges,2021-22,2809.0,-0.10000000149011612,0.12114775262878728,0.08019861275300816,0.013958539054948219,0.033768776091400665,0.10395075323191715
Al Horford,2021-22,1981.0,3.799999952316284,2.888849473127342,2.7774722689732765,2.8474011990852786,2.781432236101656,2.889990604193393
Jaylen Brown,2021-22,2197.0,1.2000000476837158,0.9568700685503793,1.033879006265017,1.033772657360064,1.0263358314557942,0.9562594988239239
Tyrese Haliburton,2021-22,2655.0,-0.8999999761581421,-0.42487049619686995,-1.106330977090254,-1.186652729109433,-1.2495398885937048,-0.5195336430491171
Kyle Lowry,2021-22,2133.0,0.800000011920929,0.8707667229783034,0.9071530855246261,0.8334093089402917,0.7829918478755081,0.8228308750415549
Karl-Anthony Towns,2021-22,2476.0,-1.2999999523162842,0.3964133180380357,0.40020253145010176,0.3817780059691134,0.33253302270762103,0.3961656367239822
DeMar DeRozan,2021-22,2743.0,-2.299999952316284,-1.4865499755818652,-1.6448328496410352,-1.586633469343382,-1.6387712858718089,-1.4806605465677714
Bam Adebayo,2021-22,1825.0,3.9000000953674316,2.9285587633969232,2.6037205056045525,2.5254863998090284,2.4072170529874417,2.8086449068207067
Anthony Edwards,2021-22,2448.0,0.20000000298023224,-0.4150328706861467,-0.5280430574567057,-0.48094164572065656,-0.5491790067327516,-0.43191195700961366
LaMelo Ball,2021-22,2393.0,-0.699999988079071,0.087176885655538,-0.27414579534516703,-0.28347640896960224,-0.3367254088885764,-0.006039826411499485
Alec Burks,2021-22,2278.0,1.2999999523162842,0.8494339786767651,0.8644052901644766,0.8303879426665928,0.7708261192412567,0.7968532708410774
James Harden,2021-22,2419.0,-1.600000023841858,-0.6829514209779642,-0.7700154761731375,-0.8018546922639672,-0.8229486930198333,-0.68378780376809
Immanuel Quickley,2021-22,1761.0,1.600000023841858,0.9366011911957604,1.249317932227988,1.2223596282705271,1.2233315793104125,0.9537290509078706
Jalen Brunson,2021-22,2499.0,-0.5,-0.8738282258295311,-0.8151658614103408,-0.8508842097100917,-0.7777561468442507,-0.8596490542285747
CJ McCollum,2021-22,2140.0,-0.800000011920929,-0.6195821180324851,-0.7770412416931911,-0.7823738374341135,-0.7536960536794164,-0.6320731770348923
Ja Morant,2021-22,1889.0,-1.600000023841858,-0.871628699601388,-0.9835144140160292,-0.9156993028173539,-0.8752305450996867,-0.8371652053492304
Mitchell Robinson,2021-22,1848.0,2.5999999046325684,1.38506923475294,1.2158551056562297,1.2973091880124037,1.2264959588378777,1.3574438993455684
Donovan Mitchell,2021-22,2266.0,-2.700000047683716,-1.4737454847883387,-1.7335259218122738,-1.72942327800921,-1.8024318423391692,-1.49854129875427
Royce O'Neale,2021-22,2379.0,1.2000000476837158,1.0479213725590055,0.6657528880078116,0.6701017756120047,0.6137105147219588,0.9521471082417329
Clint Capela,2021-22,2018.0,1.7999999523162842,1.24963985262749,1.0127084400350856,1.0024734276033587,0.9768857105139868,1.205702561189107
Robert Williams III,2021-22,1804.0,2.700000047683716,3.1327735095302596,2.7517462572658378,2.7197795411400625,2.6499008336351633,3.1111684522174055
Josh Hart,2021-22,2335.0,2.700000047683716,-0.7646366054441386,-0.39795101859197823,-0.38860183706251394,-0.5047543643305469,-0.739191677348192
Pascal Siakam,2021-22,2578.0,-0.5,0.31341007467080384,0.4496787032049805,0.4644980469062405,0.4346819657867519,0.3207144172085666
Gary Payton II,2021-22,1230.0,4.300000190734863,2.94124520766059,2.3606060800029898,2.3711019662365453,2.2753492767271797,2.8126004715053576
Steven Adams,2021-22,1999.0,0.5,1.1127901694045965,0.9214092039920411,0.9023596083708123,0.9561792836326775,1.0863499005651749
Patrick Beverley,2021-22,1461.0,1.899999976158142,1.3576271848261894,1.221101060528087,1.1642580693086555,1.009917447977743,1.2712518664953096
Jordan Clarkson,2021-22,2112.0,-0.5,9.235732577869693e-06,-0.11340190503673188,-0.10677291493341715,-0.07427630794914301,0.0007832406842557173
Cameron Johnson,2021-22,1707.0,2.0,1.4525164295344317,1.2745123571667214,1.2507218785163787,1.2253036158521908,1.4111871826280105
Garrison Mathews,2021-22,1680.0,2.0,-0.20774586783869747,-0.15606718377379977,-0.2723515164569147,-0.24035963318078915,-0.2951685275304667
Jonas Valanciunas,2021-22,2240.0,0.800000011920929,1.2828143703525383,1.3916106767160528,1.439241081918126,1.4482256720203137,1.301371794757426
Moritz Wagner,2021-22,2429.0,0.699999988079071,-1.5150481332297558,-0.727660701401657,-0.7217520668673363,-0.6486918192952706,-1.3570581829702733
Andrew Wiggins,2021-22,2329.0,1.7000000476837158,1.599380083414987,1.3960470404545666,1.4385803481874642,1.4453171594367522,1.57356413837871
Jarred Vanderbilt,2021-22,1866.0,2.0,2.0577689273610025,1.595045984833316,1.599215253067976,1.4132848590976665,1.9037308671392081
Dorian Finney-Smith,2021-22,2616.0,0.4000000059604645,0.513373391014768,0.26903437395991403,0.31623357939812,0.22757274541599326,0.478818483448257
De'Anthony Melton,2021-22,1633.0,2.200000047683716,1.6649514929562568,0.9810981456661603,1.0439202949717563,0.9992560871314965,1.5714935919931992
Jusuf Nurkic,2021-22,1579.0,3.4000000953674316,2.571782500348942,2.3212865740432393,2.3084306815751936,2.1926448137013885,2.4643738972545397
D'Angelo Russell,2021-22,2077.0,-1.100000023841858,-1.1688809078608782,-0.9904754799156046,-0.9843016581079578,-0.9174578121909487,-1.1040671729578018
Jaren Jackson Jr.,2021-22,2126.0,1.899999976158142,2.4282329197684405,2.1025328562519157,2.094729124263448,1.982400150674009,2.376581493309467
Khris Middleton,2021-22,2141.0,-0.699999988079071,-0.06593922809093405,-0.13567261866027414,-0.18775562180972685,-0.2458289836785184,-0.09170930423860299
Gary Trent Jr.,2021-22,2417.0,-0.6000000238418579,0.04457454921045435,-0.7338499279978097,-0.7885008741001456,-0.8408720312740742,-0.07613775894354884
Robert Covington,2021-22,1927.0,2.700000047683716,2.502450843539826,2.0416219449351116,1.976818628399744,1.8743220711973252,2.351181011423069
Shai Gilgeous-Alexander,2021-22,1942.0,-0.8999999761581421,-0.782749972271266,-0.7564487066777157,-0.6717712415732567,-0.6680964789799153,-0.7802139436741072
Bobby Portis,2021-22,2028.0,1.0,1.431267568265801,1.4111236513470022,1.4197896137412156,1.2816316494762354,1.405071490658536
Alex Caruso,2021-22,1147.0,4.699999809265137,2.981557583386891,2.76788923921017,2.670156489218812,2.5079550656680696,2.835559688499912
Tyler Herro,2021-22,2151.0,-0.800000011920929,-1.1069198626013472,-0.9599561474835955,-0.9493481338237655,-0.8107013824102585,-1.04112589384928
Keldon Johnson,2021-22,2358.0,-0.30000001192092896,-0.32301803994602,-0.47123610760068474,-0.5101654323370259,-0.5453348620243039,-0.3387661233388501
Harrison Barnes,2021-22,2596.0,0.6000000238418579,-1.8457494935053491,-1.8366931947787721,-1.7751218012694407,-1.7687909157105546,-1.8503180202961549
Montrezl Harrell,2021-22,1618.0,0.6000000238418579,1.5063479850696042,1.7405706005852148,1.663700544563412,1.7187672507921707,1.5445954736929484
Bogdan Bogdanovic,2021-22,1821.0,-0.6000000238418579,-0.05293619755010096,-0.21824497555851427,-0.2571226795581687,-0.19569984169157098,-0.0819509636667186
Paul George,2021-22,1077.0,3.9000000953674316,2.628600012796316,2.425568391183352,2.450870221024498,2.2970743840850734,2.5431295185017646
Jordan Poole,2021-22,2255.0,-1.0,-0.9794632547138928,-0.8372766559065377,-0.775258861560393,-0.8140337095069505,-0.9457199659780162
Jae Crowder,2021-22,1886.0,1.899999976158142,1.4871411314520129,1.5120844547044374,1.4966405374282972,1.4050568062140554,1.4352747654187672
Spencer Dinwiddie,2021-22,1962.0,-0.20000000298023224,-0.6906914627407299,-0.43289757755902625,-0.45038179102309733,-0.4082807825630722,-0.6547505549997426
Otto Porter Jr.,2021-22,1396.0,2.299999952316284,2.12017259609188,1.5576153343365178,1.5500871690121683,1.4885750882832858,2.0077201289945497
Matisse Thybulle,2021-22,1650.0,4.199999809265137,3.3253498213208497,2.983433606211248,2.9416039114712054,2.847129776692272,3.1367128178982875
P.J. Tucker,2021-22,1981.0,2.200000047683716,1.5567402071310552,1.5064638830853747,1.5416218037612637,1.446175771025337,1.5229988173230793
Deni Avdija,2021-22,1953.0,2.0999999046325684,1.1990185634081951,1.2893659530683141,1.239496574080079,1.254533121363213,1.1980224218792315
Kevin Love,2021-22,1650.0,0.20000000298023224,0.7390544101251562,0.8812306886396313,0.9131179007356208,1.0171320560344699,0.8281260774125595
Wendell Carter Jr.,2021-22,1852.0,1.600000023841858,2.206690270704137,1.9321835018848486,1.8740862800539453,1.9422274857920128,2.1785788551493597
Buddy Hield,2021-22,2463.0,-1.0,-1.1852946957308852,-1.2077825224134815,-1.2716216472589859,-1.1753024679039594,-1.1539827946496837
Draymond Green,2021-22,1304.0,4.300000190734863,3.572390927397252,3.8971047085699926,3.8820883910774127,3.6956971271664236,3.52512131827815
Anthony Davis,2021-22,1404.0,2.700000047683716,2.477104306648307,2.485975005275381,2.4362548100372026,2.3538169581678057,2.402814334676711
Terance Mann,2021-22,2292.0,0.4000000059604645,1.0223892325751445,0.9395805900595139,0.8881586740624844,0.8736356066016019,0.984738042328211
Cody Martin,2021-22,1842.0,0.8999999761581421,0.9085191930690478,0.7429956619178193,0.7362677671922048,0.6452850459251489,0.8141595470685885
Lonzo Ball,2021-22,1212.0,2.700000047683716,2.5522082723723756,2.3236182773449694,2.3067575949157906,2.2078989176278796,2.4447070703060194
Brandon Clarke,2021-22,1246.0,1.100000023841858,1.8735210584444992,1.5140287546003823,1.4661161847104225,1.579019351255598,1.8506499341614422
John Collins,2021-22,1663.0,0.699999988079071,1.0469078775127796,1.0001894183780837,0.9811782580221158,0.8861435316320874,1.0115015152202678
Andre Drummond,2021-22,1417.0,2.5,2.100465753400003,2.027283157984391,2.1070039134863023,1.9788612989367387,2.0673314517970733
Aaron Gordon,2021-22,2376.0,-0.4000000059604645,0.11231775919036985,-0.10122522199643083,-0.12734976444366047,-0.11624744377493447,0.08171190105741528
Javonte Green,2021-22,1479.0,1.399999976158142,1.3968964868953149,0.8370133122036094,0.7828757300011858,0.6715714374406008,1.2516714886355842
Luke Kennard,2021-22,1891.0,-0.6000000238418579,-0.5766937760236632,-0.6387576604273741,-0.5627600180283019,-0.497947283667625,-0.5330319600804007
Zach LaVine,2021-22,2328.0,-2.5999999046325684,-1.9972408551245202,-1.665837859222351,-1.5718912985097617,-1.557591259915849,-1.9243995110008458
Caleb Martin,2021-22,1372.0,2.200000047683716,1.90333906661551,1.784959227501139,1.7665149384614516,1.6690675916269009,1.8481911940037659
Tyrese Maxey,2021-22,2627.0,-1.5,-1.2590466780949758,-1.0889737767420267,-1.1062696169943673,-1.0467651944970482,-1.192015278796205
Malik Monk,2021-22,2103.0,-1.100000023841858,-1.1950407707002295,-1.5481848934717901,-1.5367740644084986,-1.5096884195003692,-1.197685148299303
Kristaps Porzingis,2021-22,1481.0,0.4000000059604645,2.0527512458514616,1.678345942556379,1.749323320305625,1.705854019143311,1.990539458346569
Max Strus,2021-22,1587.0,-0.699999988079071,-0.3252874202827216,-0.21539663747918888,-0.21664780263876654,-0.07811809161633794,-0.2712542018994718
Hassan Whiteside,2021-22,1148.0,2.299999952316284,1.5127680158296304,2.1391997545306425,2.1599658538880573,2.1460272568815064,1.5810338142865406
Bradley Beal,2021-22,1439.0,0.699999988079071,-0.6236081803771054,-0.21539748451395635,-0.1852273777032696,-0.2197667084987906,-0.5993718535375108
Seth Curry,2021-22,2135.0,-0.800000011920929,-0.5631176715837958,-0.6541926548430188,-0.6204130219513792,-0.5377786776123831,-0.5495490406362691
Isaiah Hartenstein,2021-22,1191.0,1.600000023841858,2.452089267066278,3.2810693630379184,3.2994640238369026,3.558907376968199,2.5605712707673556
Kevon Looney,2021-22,1717.0,1.399999976158142,2.065741737983215,2.0489167816348064,2.0310577739325586,2.0606689353286285,2.081277244935942
Delon Wright,2021-22,1430.0,2.5,2.1137842483416134,1.464293175273212,1.4238154389834636,1.2188079528040847,1.942641910642218
Chris Boucher,2021-22,1658.0,1.2999999523162842,2.016236765507322,1.8310492932435094,1.800976608447196,1.8099284294442182,2.0039994121342706
Bruce Brown,2021-22,1736.0,0.30000001192092896,0.8556303543187329,0.7659416178136307,0.7099951182270134,0.5780852840407691,0.8015375435421294
JaVale McGee,2021-22,1149.0,2.5,2.287212156661383,3.159380621139266,3.270560484970051,3.3434294505009228,2.401507273003618
Grayson Allen,2021-22,1805.0,-0.10000000149011612,0.29396959505925135,0.35351327898037166,0.3930920413475443,0.3316522154013499,0.2856724602700405
Lauri Markkanen,2021-22,1857.0,-1.100000023841858,-0.14123324438186236,-0.22055253282534673,-0.2222247917859712,-0.14533986457857553,-0.11723434992688411
Monte Morris,2021-22,2239.0,-1.5,-0.9801835210301245,-1.174484064071426,-1.1945041915222951,-1.1955333203289,-1.0047522948447445
Kevin Porter Jr.,2021-22,1867.0,0.10000000149011612,-0.7592156768751005,-1.3234088306439513,-1.333716681955218,-1.3707090246034632,-0.8407138954379008
Kenrich Williams,2021-22,1072.0,3.799999952316284,2.6769439219668465,3.0225604207164505,2.993690567132008,2.9079075033805926,2.639139448321513
Reggie Bullock,2021-22,1875.0,0.5,-0.31562180116379085,-0.04196196836762196,-0.042655021009216074,-0.05077038315149601,-0.29472087923816515
Pat Connaughton,2021-22,1691.0,-0.10000000149011612,-0.433079752925832,-0.34827776230861157,-0.3806800392045621,-0.46978481404986616,-0.471508994795516
Kevin Huerter,2021-22,2158.0,-0.6000000238418579,-0.8176913644699965,-0.9691180165658053,-0.9490367235488807,-0.912985676873864,-0.8120522909529564
Tre Jones,2021-22,1127.0,1.7999999523162842,0.4482856409349466,0.5461396592646778,0.4468985280805903,0.4328371341524796,0.4099432826082988
Tyus Jones,2021-22,1549.0,-0.699999988079071,0.016181270854819796,-0.3221585904688761,-0.3141225503679773,-0.3182010791876154,0.003450443998363242
Austin Rivers,2021-22,1376.0,1.5,-1.0763455675070683,-1.3068299196479252,-1.2524251015516663,-1.2100008141705656,-1.0829509718059915
Deandre Ayton,2021-22,1713.0,1.100000023841858,1.6500647965672695,1.1470213495361512,1.2305712939110784,1.3558830971868923,1.7014980838612372
Malcolm Brogdon,2021-22,1206.0,-0.6000000238418579,-0.47425470923146523,-0.38805132702529,-0.36770654579798495,-0.45621699127809956,-0.46026566957587867
Danny Green,2021-22,1334.0,1.399999976158142,1.1288192694622639,0.9543295147873345,1.0080651050352087,0.8764568430056436,1.0559324938683652
Nikola Vucevic,2021-22,2418.0,1.399999976158142,1.3151405763208368,1.3097086343889153,1.3375734424652184,1.3598249373935343,1.3248149581028414
Brandon Ingram,2021-22,1869.0,-1.2999999523162842,-0.8934226662427494,-0.7977099889273762,-0.8310050186558018,-0.8264457192687158,-0.8668679596693148
John Konchar,2021-22,1252.0,0.8999999761581421,1.0739426719556113,0.745090689361392,0.7170890606781631,0.7369371937153186,1.0441931755902607
Ivica Zubac,2021-22,1829.0,0.800000011920929,1.0333985288531073,1.8006812437444097,1.8313757623997096,1.9372778830469024,1.1253342561686508
Tobias Harris,2021-22,2519.0,-1.5,-0.7727220817708376,-0.709453512969435,-0.7294486720179004,-0.7145752711888261,-0.7462307068808046
Duncan Robinson,2021-22,2022.0,-0.800000011920929,-0.46099217919551577,-0.4211003248589955,-0.318986761628477,-0.31032731371256134,-0.4410633417084693
Myles Turner,2021-22,1235.0,2.4000000953674316,2.748245859521048,2.437115683966842,2.4505514462542592,2.375708307484602,2.651761686414103
Cameron Payne,2021-22,1278.0,0.800000011920929,-0.00419560023706797,0.2794091488559271,0.23435034915922656,0.2570263588428232,0.021296264027998602
Gabe Vincent,2021-22,1576.0,1.100000023841858,0.7900407502659937,0.6969449107531347,0.6509793040799842,0.6581932149668649,0.7536042004268845
Precious Achiuwa,2021-22,1698.0,2.4000000953674316,2.222215787731026,1.8867910555102891,1.8895035890066585,2.0749636626893317,2.2206076163035817
Marquese Chriss,2021-22,1541.0,1.0,0.12386511851234489,0.64310908573468,0.6934204675201132,0.7284330690632642,0.18745175310425824
De'Aaron Fox,2021-22,2083.0,-2.5,-1.9084764279114725,-1.8670190954623413,-1.8560846601780348,-1.8328902533035043,-1.8905073511463801
George Hill,2021-22,1253.0,1.7999999523162842,1.36160366963349,1.674571037080786,1.704141254219554,1.6727504853345139,1.3883050874414424
Nassir Little,2021-22,1088.0,1.399999976158142,0.9784067424046301,1.0345641676844435,1.0534224874031235,1.030389597124021,0.9560705770550805
Jae'Sean Tate,2021-22,2026.0,0.699999988079071,0.7015276899342655,0.6017236541524613,0.5298314258490431,0.4328973187634908,0.6258228379823947
Hamidou Diallo,2021-22,1269.0,1.399999976158142,1.2832704442887994,0.8141762364358349,0.7050148097275059,0.6616469713599848,1.158347310869098
Luguentz Dort,2021-22,1665.0,1.2000000476837158,0.18602743662150864,0.3574509998385289,0.2606467399976713,0.2565574703952077,0.1419067360635635
Evan Fournier,2021-22,2326.0,-1.7999999523162842,-1.52345133583827,-1.5977418887924988,-1.6287114046004914,-1.5465176883810257,-1.5301437144372683
Devonte' Graham,2021-22,2162.0,-1.7999999523162842,-0.6098014433403021,-1.0868326492168445,-1.0301753413856578,-1.042217468296602,-0.6309010796044218
Reggie Jackson,2021-22,2337.0,0.0,-0.45095896932299473,-0.18155526423599805,-0.21935043800863957,-0.12495432956800429,-0.4038993562221575
Anfernee Simons,2021-22,1681.0,-2.299999952316284,-2.5453146918958005,-2.2113916728371517,-2.185196951104624,-2.0355527274268796,-2.455175821411795
OG Anunoby,2021-22,1703.0,-0.699999988079071,1.203818581024099,0.7969569245053528,0.758482641823777,0.7331739855391857,1.1080755059507164
Nicolas Batum,2021-22,1462.0,1.600000023841858,0.9052999594244142,0.4134984732184872,0.43201156489133746,0.39849803249784754,0.8179622841079373
Kentavious Caldwell-Pope,2021-22,2329.0,-0.10000000149011612,-0.4304671887826018,-0.6155337980598345,-0.7093426331166549,-0.740485661881254,-0.5159086134227939
Tim Hardaway Jr.,2021-22,1245.0,0.5,-0.5312932770402958,-0.49273105860959293,-0.42815432820886573,-0.46922145254622016,-0.5231602808236373
Devin Vassell,2021-22,1905.0,-0.5,0.27107923728700867,-0.2445541805417896,-0.23568381411351277,-0.2785120064288398,0.1924447579912972
Dwight Powell,2021-22,1773.0,-0.800000011920929,0.17368451710481791,0.1718717058848232,0.3288432120198451,0.3519583710548103,0.22603158284908015
Cory Joseph,2021-22,1600.0,0.0,-0.26870677487798117,-0.2597196753151304,-0.2711296564416114,-0.21825277410522387,-0.2725531318173242
Maxi Kleber,2021-22,1450.0,2.799999952316284,2.7504840192239977,2.974759611477599,2.9080107113905984,3.006163617811692,2.747985917338329
RJ Barrett,2021-22,2417.0,-0.699999988079071,-1.329559196317632,-1.0242276177923844,-1.0133884155467856,-0.9398347146451578,-1.269129757461833
Eric Bledsoe,2021-22,1361.0,2.0,1.6051328754496161,1.412435237860187,1.370048966398865,1.2749635794454262,1.5227790382557722
Daniel Gafford,2021-22,1416.0,-0.699999988079071,-0.19878632073143399,-0.2190204567781448,-0.09401555817740717,-0.051950492026446256,-0.14071945187786308
Jaden McDaniels,2021-22,1785.0,1.899999976158142,1.9680694016789404,1.721823944497393,1.672931873403038,1.5657476880986747,1.8892396885180462
Isaac Okoro,2021-22,1963.0,0.20000000298023224,0.33350919208068175,0.5482430866104575,0.5035852387435329,0.37111868961365124,0.2931077926830322
Kelly Oubre Jr.,2021-22,1983.0,-1.100000023841858,-0.39861832655500107,-0.56594275330533,-0.6147601221423233,-0.7006049692931703,-0.43821410087986273
Nemanja Bjelica,2021-22,1120.0,1.399999976158142,1.06612037743676,1.7506498358028277,1.8166344926631786,1.811556965360016,1.2040499629497796
Danilo Gallinari,2021-22,1641.0,-2.0,-1.6379279390757626,-1.7209056788578283,-1.6684580484410143,-1.4961490500060033,-1.6066500071336656
Patty Mills,2021-22,2315.0,-1.600000023841858,-0.6732408768578819,-0.9010577477388715,-0.8860342229667959,-0.9464828501579722,-0.7177217156867283
Malik Beasley,2021-22,1960.0,-2.0999999046325684,-1.5005502946613096,-1.6676338983805516,-1.591323003547394,-1.6059877648409122,-1.4840751439614122
Mason Plumlee,2021-22,1771.0,0.8999999761581421,2.1370904980592775,1.9369152081856509,1.8858248231014039,1.9349038695506589,2.107322319686031
Landry Shamet,2021-22,1405.0,0.20000000298023224,0.37623147451605143,0.47572648080396684,0.4436700961192981,0.5348092765761064,0.4136546969977731
Grant Williams,2021-22,1855.0,0.0,0.7259617902279117,0.6540161277544174,0.6224298168151136,0.6195535929947091,0.73986879844659
Kyle Anderson,2021-22,1458.0,0.699999988079071,0.8366395107426794,0.5789344304159711,0.47455779495530503,0.44076496941697113,0.7710571755828779
Will Barton,2021-22,2277.0,-0.8999999761581421,-0.8654695266048473,-0.9430812491058113,-0.9478597130298012,-0.9550497507032625,-0.8864672410534536
Amir Coffey,2021-22,1525.0,-0.8999999761581421,-0.8066388047784554,-0.909043062254485,-0.8841328070037271,-0.8796361900809821,-0.8068770637118825
Georges Niang,2021-22,1736.0,-1.399999976158142,-1.0899569697797402,-1.132973326341325,-1.0362997086076744,-0.848639053229598,-1.0134748005883802
P.J. Washington,2021-22,1743.0,-1.2999999523162842,0.2573008073630415,-0.02792672229599962,-0.007879691365343,-0.004859494158223281,0.23915381514012093
Jerami Grant,2021-22,1500.0,-0.800000011920929,-0.066506235261074,-0.42792352177235204,-0.4630457993677843,-0.4169542457783501,-0.11015622663626404
Caris LeVert,2021-22,1752.0,-2.200000047683716,-1.027093317147594,-1.220495472422399,-1.2543272106187917,-1.2954039881089576,-1.0505990766964148
Raul Neto,2021-22,1350.0,-0.6000000238418579,-0.893848073169351,-1.0322331520034873,-0.890601412805978,-0.881535806811565,-0.8769150325507051
Taurean Prince,2021-22,1177.0,-0.10000000149011612,-0.5556771966923699,-0.6093501773902068,-0.5884502691469007,-0.6197211904318315,-0.582119087606638
Facundo Campazzo,2021-22,1175.0,1.600000023841858,1.3900391536731456,1.019228194054616,1.0065348877127493,0.8307539205664431,1.2634530783463507
Gary Harris,2021-22,1730.0,-0.4000000059604645,-0.1927043449283604,-0.6085185874976053,-0.6055567344317463,-0.6138319174586896,-0.2343627465352873
Josh Richardson,2021-22,1572.0,-1.100000023841858,-0.09449810183075213,-0.3948884515116583,-0.3367540392471316,-0.28214463202526346,-0.11446128545456419
Marvin Bagley III,2021-22,1146.0,-0.10000000149011612,-0.5117649803546978,-0.27503014423156913,-0.21737496060286343,-0.3038736466206433,-0.4625628678052078
Jalen Smith,2021-22,1307.0,2.9000000953674316,-0.02704233789749763,0.22113139064886267,0.19314404285040848,0.2659017596923026,-0.012562281709809995
Cole Anthony,2021-22,2059.0,-1.899999976158142,-0.9642369745371591,-0.7703088519058015,-0.7674463786345948,-0.7432305893734696,-0.9222221504343601
Norman Powell,2021-22,1458.0,-2.799999952316284,-2.148536416434508,-2.376834456604624,-2.425272648110652,-2.4052402386419898,-2.184857799419335
Obi Toppin,2021-22,1190.0,-0.6000000238418579,0.7728940001973854,0.6963095804558199,0.7643053219238856,0.7614402269715752,0.7880937613776344
Carmelo Anthony,2021-22,1793.0,-1.899999976158142,-0.675939787925964,-0.8644976000348619,-0.8628774027478294,-0.8147182893879976,-0.6635779196456286
Christian Wood,2021-22,2094.0,-1.2999999523162842,0.41425675526937855,0.3464084867607303,0.2691822390775337,0.3661190278269386,0.37678095801824435
Torrey Craig,2021-22,1570.0,0.4000000059604645,0.09762062281347746,0.10545947585734927,0.01467104802406434,0.008239881302954222,0.07211700752001864
Joe Ingles,2021-22,1122.0,-1.100000023841858,-0.5644462908625061,-0.7217631915437489,-0.7580764308483556,-0.7521218932760515,-0.5316698078640171
Cedi Osman,2021-22,1434.0,-1.100000023841858,-0.9153741393674363,-1.051907379262048,-1.0469133763266547,-1.0257499147038172,-0.9225384775001729
Saben Lee,2021-22,1455.0,-0.800000011920929,-0.17898846220953862,-0.5058775646376823,-0.5762639750839453,-0.6661591461998033,-0.23598108980423133
Coby White,2021-22,1675.0,-2.5999999046325684,-1.9564395392629277,-1.6131273885097217,-1.5487877096745635,-1.4846006151462117,-1.879285745056579
Mo Bamba,2021-22,1796.0,0.30000001192092896,1.0629896268916323,1.2214538805699082,1.228053328197972,1.2707991847512017,1.0919146392172077
Dewayne Dedmon,2021-22,1065.0,0.699999988079071,1.2466894889879356,1.3062021092347484,1.4240816105275003,1.366480229624094,1.3017596385136911
Naz Reid,2021-22,1194.0,0.6000000238418579,1.1973683931377952,1.0814840167497923,1.1428010972361937,1.1523867489470054,1.2003246455757102
Bojan Bogdanovic,2021-22,2131.0,-2.5,-1.6352948832784289,-1.6490620074991886,-1.6508485677390037,-1.6033506095169263,-1.6020987138676386
Gordon Hayward,2021-22,1564.0,-1.2999999523162842,-0.19010693086175662,-0.6169995394783206,-0.5588540564957264,-0.6093397462617319,-0.24276305430481454
Trey Lyles,2021-22,1518.0,-1.7999999523162842,-1.118297167577222,-1.216431981958101,-1.2469145421954848,-1.1849709573734182,-1.0881055982702388
Saddiq Bey,2021-22,2691.0,-2.5999999046325684,-1.1407571348165864,-1.5825324201892188,-1.606033630216958,-1.6148713528223029,-1.1850821275710421
Jaxson Hayes,2021-22,1381.0,-1.2999999523162842,0.41254005898030116,0.45789628086666484,0.520126462691068,0.5072804745918704,0.43521144575890647
De'Andre Hunter,2021-22,1545.0,-0.30000001192092896,-0.3811311012488361,-0.2641004358776662,-0.33338474229987836,-0.30166615283009923,-0.394221822750157
Furkan Korkmaz,2021-22,1381.0,-1.0,-0.6927461632151846,-0.7022323646595684,-0.6283698075246186,-0.656378605821243,-0.6664524660976319
Talen Horton-Tucker,2021-22,1498.0,0.20000000298023224,0.1746693341534003,0.07472020632699873,0.04077432616341655,0.06469916705373033,0.14130175189012673
Kyle Kuzma,2021-22,2204.0,-0.699999988079071,-0.5774699769975156,-0.4796201690086273,-0.42805838521301987,-0.4249988725785497,-0.5528782542262993
Chuma Okeke,2021-22,1720.0,1.2000000476837158,1.5735355606850958,1.250373539633445,1.262442513667182,1.1285639476332348,1.458634360330597
Isaiah Stewart,2021-22,1802.0,0.800000011920929,1.0956892098999744,1.1001785360859886,1.1755728788361057,1.1003134445720677,1.131830131009909
Eric Gordon,2021-22,1669.0,-2.5999999046325684,-1.5731486943399478,-2.1845541044232926,-2.131373241698985,-2.037790803642867,-1.5776934636755615
James Johnson,2021-22,1191.0,-0.699999988079071,0.3851216524315675,0.28364035951761934,0.3055056855307068,0.3214315182773989,0.3849528777079163
Shake Milton,2021-22,1146.0,-1.2999999523162842,-0.8877899936052978,-1.0833690030432919,-1.0573850584529056,-0.9511349833226829,-0.8611562209054583
Dennis Schroder,2021-22,1837.0,-0.800000011920929,-0.5855091760676884,-0.28999029768425233,-0.24951180471039602,-0.24503763979455576,-0.5384775251914009
Kenyon Martin Jr.,2021-22,1638.0,-2.700000047683716,-1.8308451628362448,-2.194954553616996,-2.0399694652205964,-2.0336291463561382,-1.8335315908139065
Aleksej Pokusevski,2021-22,1233.0,-0.10000000149011612,1.0386932567222789,1.1378139807098353,1.0797401956211397,1.1127039090833537,1.030694019413068
Nickeil Alexander-Walker,2021-22,1460.0,-1.100000023841858,-1.412173615277195,-1.1018171935805194,-1.1020482663943245,-1.1136821361994313,-1.3679328113340299
Richaun Holmes,2021-22,1074.0,-1.2999999523162842,-0.12496421319342021,-0.157931746848689,-0.16505283313239077,-0.13520512510808458,-0.10132172430619218
Justin Holiday,2021-22,2026.0,-1.7999999523162842,-0.055378058626810084,-0.4377460832290511,-0.4823056241895459,-0.59365445803311,-0.14044921362684265
Garrett Temple,2021-22,1074.0,-0.30000001192092896,-0.8876235296347721,-1.047968466531961,-0.9482043185551724,-0.9052274989347073,-0.8850204939674456
Lonnie Walker IV,2021-22,1612.0,-1.7999999523162842,-1.6158348441034218,-1.57250990040501,-1.5154324416747387,-1.4727215422175959,-1.5540181235749624
Bryn Forbes,2021-22,1250.0,-3.200000047683716,-2.4387100621125866,-2.239193544760421,-2.0495716449541455,-2.004386387336807,-2.3299359922652116
Avery Bradley,2021-22,1406.0,-0.8999999761581421,-0.6310525216690397,-0.9426033541798137,-1.0331362948181428,-1.097314034912741,-0.6911234880143589
Frank Jackson,2021-22,1142.0,-2.299999952316284,-1.3938231997551498,-1.3294430972218847,-1.30912293785926,-1.303207697700325,-1.367316607314114
Chimezie Metu,2021-22,1249.0,-0.30000001192092896,0.5823266931968807,0.6034303938498119,0.5320542000240656,0.4542536963376109,0.5249682129060717
Russell Westbrook,2021-22,2678.0,-2.0999999046325684,-1.6544585301165688,-1.5173577900222266,-1.5633704132366641,-1.4928246730361558,-1.6350825871539232
Drew Eubanks,2021-22,1245.0,-1.600000023841858,-1.145825924534096,-1.0346525266788587,-1.023937541857606,-0.9124784498011387,-1.0939796923175338
Marcus Morris Sr.,2021-22,1564.0,-3.9000000953674316,-2.510536740498462,-2.2626249522705093,-2.2752441831379593,-2.204536960615738,-2.4474639123889257
Oshae Brissett,2021-22,1528.0,-2.799999952316284,-1.4465339956962837,-1.6301638901909172,-1.608310964626001,-1.7191664407397658,-1.4941134816810928
Killian Hayes,2021-22,1637.0,-0.5,0.31513127800767593,0.06126391247602961,0.08374673561765492,-0.04154423909130778,0.2256470346742187
Doug McDermott,2021-22,1223.0,-4.5,-2.950888491168751,-2.5511843522757873,-2.428949667306274,-2.3935960012250725,-2.8822175834664696
Jordan Nwora,2021-22,1141.0,-2.0999999046325684,-2.3390959414423316,-2.0854539432711254,-1.981691045378077,-1.9235254969556679,-2.2706127928212423
Ben McLemore,2021-22,1260.0,-3.0999999046325684,-2.588801728319008,-2.801897289779458,-2.8071974140063363,-2.7077365579563915,-2.563180346937821
Terrence Ross,2021-22,1448.0,-3.5,-3.0200616577736485,-2.8466005218759065,-2.791680337067283,-2.6238149904661796,-2.9229012811575994
R.J. Hampton,2021-22,1369.0,-1.7999999523162842,-2.0462175288436373,-1.8891698421033873,-1.889675775981074,-1.9111030791239103,-2.003350943981652
Nikola Jokic,2022-23,2323.0,4.099999904632568,2.1475596269124617,1.976946152118492,1.9567357121606956,1.866931611929798,2.107196009529316
Luka Doncic,2022-23,2391.0,-0.4000000059604645,-0.9878675953260759,-0.9229466110804487,-0.8987321107047861,-0.859630438440187,-0.9851801675347365
Joel Embiid,2022-23,2284.0,3.700000047683716,2.6938499889139944,2.8235330245193433,2.727238094712695,2.830674987192013,2.665687284612472
Damian Lillard,2022-23,2107.0,-1.5,-2.361279105236238,-2.4150916454537485,-2.424674076458372,-2.3731104762267288,-2.3142419517481807
Jimmy Butler,2022-23,2138.0,0.5,0.06531653053016936,-0.5218055996057503,-0.47635241205137546,-0.5007770460040974,-0.023655378489959453
Kyrie Irving,2022-23,2241.0,0.4000000059604645,0.0067327557896203205,0.4074568266211246,0.41182238117971676,0.36564393778574855,0.031503026542463335
Fred VanVleet,2022-23,2535.0,1.2000000476837158,0.7045807747225804,0.6058277271671505,0.548158095123303,0.5481922497613113,0.6418428831096985
Shai Gilgeous-Alexander,2022-23,2416.0,0.20000000298023224,0.6261494900869475,0.7686704957715698,0.6809507489996677,0.5538251917503052,0.5647578444021275
Anthony Davis,2022-23,1904.0,4.599999904632568,3.8002295346407684,3.5083728010822615,3.4370062897448874,3.415184536112551,3.7058897413980243
Donovan Mitchell,2022-23,2432.0,-1.0,-0.7615653062531273,-0.8618873426895208,-0.9310040813452218,-0.9401661969145036,-0.7725189067532213
Giannis Antetokounmpo,2022-23,2024.0,2.299999952316284,1.9791718377875591,1.8439969696094014,1.8541071242242653,1.8115962485424273,1.954872290545143
Stephen Curry,2022-23,1941.0,-1.0,-0.49358688722151,-0.30488649272139823,-0.3337847554028786,-0.3352727245948778,-0.4860025929690965
Jrue Holiday,2022-23,2183.0,2.0,1.7076562271341489,1.6106294558620382,1.5303716042329178,1.5822931465327215,1.6691380369936157
James Harden,2022-23,2135.0,0.30000001192092896,-1.2574131388357774,-1.0568423561888123,-1.0373037372530554,-0.995899562769273,-1.2229689929084577
Derrick White,2022-23,2319.0,3.0999999046325684,2.277962777640557,2.747297132877442,2.774080277891984,2.650978384946726,2.2695006771800714
Trae Young,2022-23,2541.0,-1.100000023841858,-1.7850685177984524,-2.0263207407456667,-1.9573069347498666,-1.9538281489992029,-1.7713936260259264
Darius Garland,2022-23,2447.0,0.699999988079071,-0.10840806758126477,0.13225016426762862,0.19322867964023835,0.24040779094662101,-0.07985890303383274
Jayson Tatum,2022-23,2732.0,-0.699999988079071,-0.5323570809125457,-0.4267561331910122,-0.47622661339770167,-0.5419950240329792,-0.5261742070387038
Brook Lopez,2022-23,2373.0,5.0,3.417061678973953,3.7216429379732157,3.774047377089409,3.828338308407756,3.5645266591828184
Domantas Sabonis,2022-23,2736.0,0.20000000298023224,-0.7714982486977374,-0.5393106553785192,-0.6551012649562915,-0.5644040263422574,-0.7351416051935248
Kawhi Leonard,2022-23,1748.0,2.0999999046325684,1.0707316211535647,1.134935774813253,1.1593692607732105,1.1177115729284044,1.0267544778945876
Lauri Markkanen,2022-23,2273.0,1.0,0.8220119343718976,0.6321880929298312,0.6500064998384827,0.6615943070528686,0.8005932516017882
Ja Morant,2022-23,1948.0,1.0,0.7178106434396578,1.023142023031369,1.032842712751609,0.99566880820842,0.746118676146638
Tyrese Haliburton,2022-23,1883.0,-1.0,-2.1377838592154705,-2.5897996603175426,-2.595636519118074,-2.551544933290848,-2.1381809734665076
Jalen Brunson,2022-23,2379.0,-0.8999999761581421,-2.312976695254986,-1.7356937743786045,-1.700100077182417,-1.662208963523146,-2.252019662288015
Kristaps Porzingis,2022-23,2120.0,1.7000000476837158,1.5516603814580487,1.9307703816889445,1.9252178749268227,2.0097249795900924,1.5888561373356824
Paul George,2022-23,1939.0,1.7000000476837158,0.701896810731934,0.7817532433931482,0.7692238254656881,0.699779838130333,0.6319499326747576
DeMar DeRozan,2022-23,2682.0,0.4000000059604645,-0.4644717283170559,-0.22786175781519663,-0.20926988562985271,-0.312698160511504,-0.46455858908419095
Josh Hart,2022-23,2454.0,1.7999999523162842,1.4415605499209512,1.492092802761541,1.4710493336665693,1.2970297801133537,1.3467376980753223
Immanuel Quickley,2022-23,2344.0,2.200000047683716,1.9251227518234661,2.082858526436196,2.051397464570766,2.0555158527780866,1.9086265999738214
De'Aaron Fox,2022-23,2435.0,-1.5,-2.5285158011165847,-2.3840293949685005,-2.479926291723376,-2.4021529710596976,-2.4863193727873094
LeBron James,2022-23,1954.0,0.10000000149011612,-0.1150715488643406,0.09349085674710267,0.0020828023373410526,0.043767029197059146,-0.12205386959280705
Moritz Wagner,2022-23,2609.0,1.7999999523162842,0.27966142440121244,1.2891997119403913,1.288699369016458,1.2590860667489052,0.3417000704294392
Kevin Durant,2022-23,1672.0,0.699999988079071,1.629192379740513,1.8207388203883914,1.9547790428804555,1.998919082619998,1.6580457445366468
Alex Caruso,2022-23,1575.0,6.099999904632568,3.6719050932377897,3.771565268181579,3.8244842065247724,3.6267552217238066,3.5789918854781027
Devin Booker,2022-23,1835.0,-0.8999999761581421,-1.655203652010701,-1.3898496402704903,-1.4144133632929676,-1.3326967857449945,-1.6019897302694361
Mikal Bridges,2022-23,2963.0,0.4000000059604645,0.02420852015991104,-0.7798569873846866,-0.7437330277526586,-0.835623873582282,-0.11310243917394061
Anthony Edwards,2022-23,2842.0,0.4000000059604645,0.26257666596977886,0.3526493151767205,0.3385265492292308,0.3340129315271992,0.24059124088529052
Austin Rivers,2022-23,1843.0,1.600000023841858,-2.263383852342959,-1.6850058068873464,-1.5840469551783865,-1.7086085734207859,-2.227625558177663
Desmond Bane,2022-23,1841.0,0.30000001192092896,0.6849191005553656,1.0274711592530894,1.0467209060959126,1.0115677651494597,0.716938729441672
Draymond Green,2022-23,2297.0,3.5,3.2554225809409916,2.9487419628297475,2.8912678606317064,2.9317800317226146,3.187730993077176
Jaren Jackson Jr.,2022-23,1787.0,2.799999952316284,3.485047480998186,3.517661362968888,3.5817361530650773,3.501610627535923,3.4647945222822893
Kevon Looney,2022-23,1958.0,1.899999976158142,1.6077120068431334,1.5185582165575642,1.4608907421238144,1.5625040149532174,1.6374966785681244
Aaron Gordon,2022-23,2055.0,0.8999999761581421,1.0465924271787292,0.8771198184288409,0.8336914373966768,0.8521893955428614,0.9897214958608366
Tim Hardaway Jr.,2022-23,2152.0,1.7000000476837158,-0.3522774044328366,0.14760017866827357,0.058856641034405105,0.022815796197046462,-0.34608706989215726
Kentavious Caldwell-Pope,2022-23,2381.0,1.2999999523162842,1.4775575426288636,0.604966774422335,0.6164459866375338,0.3677757782209162,1.2804405905524945
Bam Adebayo,2022-23,2598.0,2.700000047683716,1.731071912502491,1.819869043666495,1.7967698825579141,1.688329549695713,1.6732920501478417
Buddy Hield,2022-23,2482.0,-0.10000000149011612,-0.7762418340025836,-0.6631132609276525,-0.595497903862005,-0.5542323613964681,-0.7598335882854927
Julius Randle,2022-23,2737.0,-1.2999999523162842,-1.7956084962687249,-1.37702496201897,-1.3774785763210144,-1.3243167727036127,-1.7101546264033958
Zach LaVine,2022-23,2768.0,-1.100000023841858,-1.4754470764020757,-0.9252861082700272,-0.9785991023177925,-0.883909244801605,-1.374836155955693
Harrison Barnes,2022-23,2662.0,0.4000000059604645,-0.5366832313433261,-0.38419156990909664,-0.40925493675702673,-0.43231513895209367,-0.5356122156929936
Mike Conley,2022-23,2029.0,-0.30000001192092896,-0.9578182206864951,-0.615128563764218,-0.5941849658008056,-0.6869958141132806,-0.9838269735149957
Donte DiVincenzo,2022-23,1894.0,2.700000047683716,1.8761055377184874,1.6472526959048175,1.582801350435017,1.4502159100971455,1.743450672147199
Rudy Gobert,2022-23,2148.0,4.099999904632568,2.4356183876572306,2.7031524576397956,2.630161722071734,2.629807849874824,2.4842552599760563
Kemba Walker,2022-23,1703.0,3.0999999046325684,-3.3502290638785444,-2.9756411201291932,-3.1033072803295774,-2.886613427104929,-3.201698309945132
Luguentz Dort,2022-23,2272.0,2.5,0.8549423463640075,0.7198332301368663,0.7396606266352165,0.5593745096962499,0.7480122764191265
Saben Lee,2022-23,2171.0,1.2999999523162842,1.2108035583410282,1.649859762007713,1.6324026447080588,1.6074901847618193,1.2799072325043923
Clint Capela,2022-23,1730.0,2.200000047683716,0.5151198284070576,0.7098719376054556,0.7657415451598915,0.8250492261024076,0.5274337879768591
Caris LeVert,2022-23,2237.0,1.899999976158142,0.8015609565813187,1.111027004980188,1.1965189057584176,1.1993925202880136,0.8204270087967842
Mitchell Robinson,2022-23,1591.0,2.200000047683716,1.71220131803789,1.880214229970426,1.912068484312567,1.7193340158539305,1.6507726479901703
Spencer Dinwiddie,2022-23,2725.0,-1.100000023841858,-1.194188757490041,-0.9882878903896285,-1.0427550717386562,-1.0700638591481362,-1.2160995435654496
Tre Jones,2022-23,1984.0,0.699999988079071,-0.5953447582811862,-1.2572888228530668,-1.2507005639420337,-1.401500415784176,-0.6856146241818114
Jarrett Allen,2022-23,2220.0,1.7999999523162842,2.4061472888761304,2.302148200023416,2.32586069437387,2.331007834034828,2.4157962782279996
Josh Okogie,2022-23,1350.0,3.700000047683716,2.1103453772977385,2.1694475377309614,2.166015019587953,2.0622873717019345,2.0433640205699874
Pascal Siakam,2022-23,2652.0,-1.7000000476837158,-1.237609557879341,-1.1985620485387383,-1.2163083365580365,-1.1992266633409399,-1.205546877877863
Delon Wright,2022-23,1221.0,3.5,1.9725539460592054,2.049936954410162,1.9951011388803455,1.8041948057604758,1.853889226321067
Kyle Anderson,2022-23,1957.0,1.2000000476837158,1.0365534661384612,1.0844002378822724,1.0925765532290421,0.9685927126272146,0.9559610175364676
Chris Paul,2022-23,1889.0,-0.30000001192092896,0.3482033248074809,-0.13891017537548156,-0.175930112960207,-0.20826951044215125,0.295643284223971
Jamal Murray,2022-23,2133.0,-1.399999976158142,-0.8835710419331765,-0.9176046124580443,-0.9262791173162898,-0.9321502033132768,-0.897147415523038
Kevin Porter Jr.,2022-23,2024.0,-0.5,-2.679965383869333,-2.7198464467367782,-2.7868827426595093,-2.74089252981627,-2.641323026206395
Anfernee Simons,2022-23,2171.0,-0.699999988079071,-1.9621280476535063,-1.6051365953446624,-1.532642562852528,-1.4988483687419116,-1.8862896848766524
Jaylen Brown,2022-23,2405.0,0.30000001192092896,-0.4294657488451161,-0.22400887562345606,-0.22429993448859037,-0.24004551854581568,-0.3940003341732123
Isaiah Joe,2022-23,1395.0,0.30000001192092896,-0.10316715549141203,-0.03964497983254754,-0.027255391633008424,-0.09531799999188874,-0.08523391605029254
Cameron Johnson,2022-23,1199.0,2.700000047683716,0.9718102653156354,0.9860887180220771,0.9952871852083232,0.9962697957100612,0.9652149458737322
De'Anthony Melton,2022-23,2150.0,1.100000023841858,1.1157213033628808,0.8955039406830756,0.9012183765744153,0.7812625662359634,1.019798861509479
D'Angelo Russell,2022-23,2304.0,-1.600000023841858,-1.0746666596002419,-0.7418829362168835,-0.7315756356194272,-0.7248628881154467,-1.033768701285604
Malcolm Brogdon,2022-23,1744.0,-0.4000000059604645,-0.05930897311039798,0.09201923341536017,0.15951083949282133,0.10640552036779709,-0.04478272775357549
Al Horford,2022-23,1922.0,1.100000023841858,1.2360538844050228,1.426491390344296,1.3942835004489367,1.4207261165527032,1.2881979522248839
John Konchar,2022-23,1494.0,3.299999952316284,2.4986432009880217,2.4582436980341495,2.5281528182160953,2.3877054348349716,2.446500904578296
Tyrese Maxey,2022-23,2016.0,-1.100000023841858,-1.8311623686243792,-1.7672734574360072,-1.728022438712518,-1.674420927206473,-1.797142138132486
Steven Adams,2022-23,1133.0,3.5,3.450814791677959,3.3813371676391277,3.5150427174195276,3.417405439650918,3.452410073047945
T.J. McConnell,2022-23,1526.0,1.899999976158142,0.8219606088578586,0.8820101376073832,0.9779075148553806,0.8056219068768402,0.7463176436258064
Jaden McDaniels,2022-23,2416.0,1.2999999523162842,1.4880951187080835,1.3869407615707625,1.3664568758057598,1.3559605981962157,1.4287399758862476
Bradley Beal,2022-23,2715.0,1.2999999523162842,-1.6376570894706273,-1.2198832925877687,-1.2034931336100312,-1.1391108245426778,-1.5746667065295814
Kyle Lowry,2022-23,1718.0,1.0,0.5761301705226736,0.7469740217980181,0.7949404299964028,0.6101169552640392,0.5346407826871336
Marcus Smart,2022-23,1957.0,0.699999988079071,0.643699576404561,0.42921035630699944,0.3997149501546189,0.16795103537985573,0.5285750115442309
CJ McCollum,2022-23,2649.0,-1.399999976158142,-1.9950820055130074,-1.6768403003273382,-1.606193808352339,-1.5766687793527618,-1.933157101739164
Jalen Smith,2022-23,1246.0,3.200000047683716,-0.21192950170527325,-0.06830102291846558,-0.03171901183150673,-0.06933349104485739,-0.16731738789223408
Coby White,2022-23,1730.0,0.20000000298023224,-0.20648458018649898,-0.3391391707717645,-0.26835792943193826,-0.29062470689283926,-0.16518435415124472
Royce O'Neale,2022-23,2409.0,0.800000011920929,1.5024052064620577,1.4960338985792911,1.4779229969047072,1.3983137827191114,1.4505555422524063
Onyeka Okongwu,2022-23,1849.0,1.2999999523162842,1.6953305665943526,1.7922178174573522,1.7274002981851382,1.7723804564685672,1.6866298870313072
Kelly Olynyk,2022-23,1942.0,0.5,0.054953740211218405,0.31672121910385953,0.356475270348936,0.24858631534195302,0.06307789772622126
Cole Anthony,2022-23,1552.0,-0.5,-0.8987124190193891,-0.5467980201289306,-0.49686250904383333,-0.4499027181122873,-0.8459994883301256
Bogdan Bogdanovic,2022-23,1508.0,-0.8999999761581421,-1.6267425055685467,-1.3087601362132526,-1.19783380084175,-1.179404836698759,-1.5657451256451687
Alec Burks,2022-23,1122.0,0.10000000149011612,-0.658783182226161,-0.8052164522690732,-0.7806562037246807,-0.8813393648101407,-0.7038332035138295
Isaiah Hartenstein,2022-23,1626.0,2.5999999046325684,2.078355357217663,2.2088832039048425,2.1434790882985095,2.0835489990985816,2.0533182841605226
Kevin Huerter,2022-23,2203.0,-1.899999976158142,-1.382251383206439,-1.5644869768484755,-1.6402445373001102,-1.6336911468811584,-1.3844426773906995
Jakob Poeltl,2022-23,1906.0,0.30000001192092896,0.5671557680429837,1.0608149413908348,0.9608854321468596,0.8608170815465667,0.5631347668593796
Sam Merrill,2022-23,1290.0,1.2000000476837158,1.6607362415024622,3.5567267445761774,3.7164134548536554,3.8785260455183344,1.843169081099714
Larry Nance Jr.,2022-23,1381.0,2.5999999046325684,1.5207602319522762,1.1004773957207539,1.1351053033170997,1.1380294665753938,1.463894730798939
Tobias Harris,2022-23,2436.0,-0.10000000149011612,-0.19266012570691374,-0.31307983485792845,-0.34393071674301534,-0.38488403811453326,-0.20639375066624774
Mason Plumlee,2022-23,2054.0,-0.699999988079071,-1.4066633220705886,-1.2844641587562946,-1.277112399693029,-1.1877483215191025,-1.334405300281442
Kenrich Williams,2022-23,1206.0,2.9000000953674316,1.0567140109409197,1.421419133266682,1.3879132443626456,1.381458178024888,1.074805016517325
Tyler Herro,2022-23,2337.0,-1.2999999523162842,-1.009507761478396,-0.5099793889839371,-0.5398328501902074,-0.5330442430342327,-0.9545292189763948
Dejounte Murray,2022-23,2693.0,-1.0,-1.2402774778335266,-1.498536425272501,-1.506795049230254,-1.5294535449902016,-1.27434487820642
Cedi Osman,2022-23,1548.0,0.699999988079071,-0.11057211587592962,0.21486662324713768,0.2709114198096645,0.22153632742399787,-0.05615573591378698
Dillon Brooks,2022-23,2214.0,1.899999976158142,1.0678896784661551,1.1922952176389607,1.1638107426560405,1.210476338329348,1.0727616231316912
Grayson Allen,2022-23,1972.0,0.20000000298023224,0.880014591332734,0.9991958597511219,0.9635749182381473,0.8217449627114055,0.8157152854232033
Monte Morris,2022-23,1695.0,-1.2000000476837158,-2.398886220566765,-2.6618221405076947,-2.5938127407933456,-2.512577517519791,-2.349685812915492
Brandon Ingram,2022-23,1538.0,-1.0,-1.1884230283757347,-0.8219423800240333,-0.8416139078800651,-0.878261507203669,-1.1523872354004459
Michael Porter Jr.,2022-23,1798.0,-1.2999999523162842,-0.8640340831661646,-0.9149177218312011,-0.85874065209548,-0.852316884860258,-0.848299505671395
Terry Rozier,2022-23,2221.0,-0.8999999761581421,-1.8884498349494294,-1.7655665952758208,-1.7009294855485746,-1.7475739543024227,-1.8820463846247104
Jerami Grant,2022-23,2246.0,-0.8999999761581421,-0.7816528020988146,-0.9002297993185442,-0.9072045683751021,-0.9402963470435706,-0.8084500492940033
Tyus Jones,2022-23,1940.0,-1.600000023841858,-1.1707213139167751,-1.5235782047267161,-1.5947121729199982,-1.4569930408018368,-1.1654771921417963
LaMelo Ball,2022-23,1268.0,-0.8999999761581421,-2.715264934895823,-2.4965167574576106,-2.5879462115062757,-2.489850312504943,-2.675271687712362
Wendell Carter Jr.,2022-23,1690.0,1.5,0.6088352554098526,0.9015009331442567,0.9404953274874328,0.9687903580563547,0.6596213777239986
Kyle Kuzma,2022-23,2239.0,0.5,0.09178397613338643,0.030979772591153698,0.06480882689595469,0.05661454513229317,0.10919535621068398
Jusuf Nurkic,2022-23,1391.0,2.0,1.5995376028226762,1.7283666755415772,1.8254745042238207,1.776598352803548,1.6106971939852384
Dwight Powell,2022-23,1458.0,1.2000000476837158,1.1435246706561217,1.1227935886241256,1.1476721644272974,1.1263615852339677,1.1398176144714158
Gary Trent Jr.,2022-23,2118.0,-0.699999988079071,-0.7709023483734794,-1.242234882412205,-1.2128472457080341,-1.2069328112862074,-0.8169936577251136
Nicolas Batum,2022-23,1709.0,0.8999999761581421,0.8285943686060322,1.1344960497718348,1.0988773513825798,1.0736660337773714,0.8129627874811518
Saddiq Bey,2022-23,2129.0,-2.0999999046325684,-2.5540162505223316,-2.7204922088606938,-2.6584913064592084,-2.6645525151227947,-2.5352956744636614
Pat Connaughton,2022-23,1443.0,1.0,1.0217732120471539,1.2125774925425037,1.2847734528582166,1.2146454869322962,1.0225411649692555
Daniel Gafford,2022-23,1604.0,-0.30000001192092896,0.139126265031309,0.8172565793770737,0.7412114122638435,0.8289271048311027,0.2352239427564291
Anthony Lamb,2022-23,1195.0,1.899999976158142,0.8066385119852294,1.0774498045208594,1.089117459187154,1.1317745012190528,0.8683542914660396
Kevin Love,2022-23,1240.0,1.600000023841858,-0.5105291012438556,0.6996876185931733,0.6918544563412066,0.8518554157368838,-0.30308290420872097
Isaac Okoro,2022-23,1652.0,0.699999988079071,0.9799861387248318,1.2453333987408841,1.2361127898503503,1.1893073832818082,0.9778312553185221
Kelly Oubre Jr.,2022-23,1548.0,0.30000001192092896,-0.4711693514663198,-0.7498383609867262,-0.8109442383584032,-0.8847584090285778,-0.56384345914338
Dennis Smith Jr.,2022-23,1390.0,3.5,2.3807156736312356,2.4709172268269484,2.521440986209516,2.4625974068905543,2.34570012212369
Jordan Clarkson,2022-23,1988.0,-2.799999952316284,-2.3051294899076984,-1.801365376947733,-1.7773108316511064,-1.635532400423584,-2.216031184846418
John Collins,2022-23,1441.0,1.7000000476837158,-0.2684417775361172,-0.11655000987172677,-0.16039115462239387,-0.10833314591309107,-0.2714000481076857
Myles Turner,2022-23,1825.0,-0.10000000149011612,0.22631710347698056,0.7317901620373752,0.7091225590088628,0.8418867522366106,0.29778471966466397
Josh Green,2022-23,1539.0,1.0,-0.14626274093020578,-0.13088768000654882,-0.19110009384525056,-0.30075696826929554,-0.21917386553335855
Malik Monk,2022-23,1719.0,-1.5,-0.9613632021388012,-0.7424284705471422,-0.756953385463726,-0.7560463629496481,-0.9373399919137207
Andrew Wiggins,2022-23,1190.0,1.399999976158142,0.657448689978036,0.7533934454756481,0.682828970857658,0.6785876130045324,0.6436625930258859
Ivica Zubac,2022-23,2170.0,1.2000000476837158,1.5336001146359517,2.482604748402918,2.4815878975939434,2.4880250854166035,1.6302101757028806
Chris Boucher,2022-23,1523.0,0.10000000149011612,0.47233796403982964,0.6201434148827312,0.6115967860749213,0.5575425957703125,0.4732901207989786
Christian Wood,2022-23,1738.0,-0.800000011920929,-0.9472593835289105,-1.0585786084658382,-1.09486993752191,-1.007243884326163,-0.9027278208333975
Dorian Finney-Smith,2022-23,2009.0,1.2000000476837158,0.48733987759568037,0.2744910608734897,0.2937788240515289,0.2349574080165859,0.4620232251433272
Markelle Fultz,2022-23,1778.0,-0.4000000059604645,-0.6797486830612536,-1.1978521562456044,-1.2382925522274335,-1.174700108517556,-0.7466760591726803
Damion Lee,2022-23,1506.0,0.800000011920929,0.10760462831446775,0.5765104428575274,0.6849899020487951,0.6303895974588982,0.14463481407363843
Terance Mann,2022-23,1872.0,-0.6000000238418579,-0.6449839944777954,-0.5111741853300812,-0.4936882981890204,-0.516808777878144,-0.642897168670498
Caleb Martin,2022-23,2077.0,1.2000000476837158,0.815584209304655,1.1141940821840044,1.0949907477413683,1.0260378571254,0.788478311002481
Nikola Vucevic,2022-23,2746.0,-0.699999988079071,-0.2685488458652846,-0.4074232864164975,-0.3709632083723738,-0.3475495404530763,-0.2659801655673682
Deni Avdija,2022-23,2020.0,0.800000011920929,0.45632591062685673,0.7326892228538363,0.7660167143408867,0.7273524410060505,0.47534460269476336
Jeff Green,2022-23,2602.0,-2.9000000953674316,-2.155237669999173,-1.6614243156010462,-1.7115114654217056,-1.4838571330728334,-2.0327494153869003
Luke Kennard,2022-23,1315.0,-0.8999999761581421,-0.12065565437965338,0.2641721498592262,0.27202932054674883,0.17336892768453957,-0.05956273307011254
Dennis Schroder,2022-23,1986.0,-0.5,-0.4031671202559669,-0.04729797327745281,-0.010022102744243248,-0.05645490769693485,-0.38648571487515065
Matisse Thybulle,2022-23,1200.0,2.5,1.7938987579590882,1.2444410276954967,1.1502196027828937,1.0268743028651564,1.627550698806604
Xavier Tillman,2022-23,1180.0,1.5,1.6488161333193783,1.8458926428643478,1.8143539473515624,1.770014485866499,1.653911287001038
Grant Williams,2022-23,2045.0,0.0,0.28510491545495187,0.3368635828390379,0.39777756420737276,0.33589901782287157,0.28651487951543936
Bruce Brown,2022-23,2280.0,0.4000000059604645,-0.055873883693583565,-0.003148912345439299,-0.0165949137555469,-0.01567001735928522,-0.07725616973812205
Jalen McDaniels,2022-23,1913.0,0.30000001192092896,0.5913981896610214,0.5270086338176269,0.4225517212949705,0.2835337603719616,0.5199280147659943
Bobby Portis,2022-23,1818.0,-0.699999988079071,-0.2976537019703408,-0.3191228010927557,-0.2865009575597801,-0.18602990006277967,-0.2461250678580884
Troy Brown Jr.,2022-23,1860.0,0.6000000238418579,-0.09680150850192515,0.0017931271251560577,0.05544632665839726,-0.02108796174286527,-0.12165284786933522
Devin Vassell,2022-23,1178.0,-0.5,-2.1028744058389774,-2.378599733833891,-2.3503081712335785,-2.4860111783806476,-2.1166474435438585
Devonte' Graham,2022-23,1338.0,-1.2000000476837158,-1.633836373012258,-1.696378398730956,-1.7144173040667023,-1.6613146368660936,-1.5854658022425694
Bojan Bogdanovic,2022-23,1893.0,-3.299999952316284,-3.3522632587837937,-3.196170473100218,-3.1301378458768463,-3.037463205261286,-3.2989040707403605
Jevon Carter,2022-23,1810.0,0.4000000059604645,0.5826557970426431,0.6591756445628774,0.6436451709847335,0.6326430455434624,0.5928917420125824
Brandon Clarke,2022-23,1090.0,0.6000000238418579,1.1864521582832892,1.177429727896007,1.2104515213487532,1.2652899344980308,1.2340514182551068
Russell Westbrook,2022-23,2126.0,-2.0,-1.8700032988282027,-1.7551945210114999,-1.7432214272121596,-1.6862764351623327,-1.83109085119243
Malik Beasley,2022-23,2093.0,-1.600000023841858,-1.3437536057816966,-1.2694130847114258,-1.2416612659933342,-1.280773954767641,-1.3604598305343427
Naz Reid,2022-23,1251.0,0.4000000059604645,-0.037629637908286336,0.5861332068924482,0.5141982175566898,0.6651112011904058,0.0688998910293997
Collin Sexton,2022-23,1145.0,-1.600000023841858,-2.023275704627369,-2.1228167837091134,-2.021586935830452,-2.0267166608330127,-2.0018748631116274
Keita Bates-Diop,2022-23,1452.0,0.10000000149011612,-0.8747045479851558,-0.8415964028763419,-0.8053238667155352,-0.7407354074955881,-0.8347032884364814
Ben Simmons,2022-23,1105.0,0.8999999761581421,1.2410242281229549,1.5121521220399952,1.5648348664365512,1.4143266196636504,1.1733645097691126
Torrey Craig,2022-23,1948.0,-0.10000000149011612,-0.05489601445622898,0.040916325207975016,0.029620983537408732,-0.030761421957293297,-0.08009615375490876
Gary Harris,2022-23,1184.0,-1.100000023841858,-1.2730345781906274,-1.194929433782886,-1.1893582296107468,-1.2443918058704555,-1.3062162241201836
Naji Marshall,2022-23,1792.0,-0.6000000238418579,-0.8145744209754798,-0.6730720535129906,-0.6518934508229159,-0.714872492682249,-0.7916378544611544
Drew Eubanks,2022-23,1584.0,0.10000000149011612,-0.818620363634886,-0.420418384855635,-0.4485802410881192,-0.3230173092764526,-0.6889476446409417
Talen Horton-Tucker,2022-23,1313.0,-0.10000000149011612,0.12512158540497126,0.5582775908084638,0.47938395352445096,0.46154364056254304,0.13057216758685014
Cory Joseph,2022-23,1227.0,-1.5,-1.5776315441401174,-1.153986634449142,-1.0830938328172932,-1.212748473197353,-1.5510792785921945
Victor Oladipo,2022-23,1106.0,1.0,0.06373150245218523,0.45908455794638203,0.43554714821923457,0.4309794061997153,0.08372152928581884
Gordon Hayward,2022-23,1577.0,0.30000001192092896,-0.7268694609310687,-0.35482987346516554,-0.29159050600430947,-0.3243788714271408,-0.6784904111687763
Trey Lyles,2022-23,1247.0,-1.0,0.06701164230689677,0.26951744488057255,0.32325502226179853,0.2612136870668385,0.07798428803447784
Gabe Vincent,2022-23,1759.0,-0.20000000298023224,-0.28967114247679515,0.09593570928755132,0.0989445217283043,0.11345935975425481,-0.2565403270901086
Killian Hayes,2022-23,2154.0,0.4000000059604645,-1.2131578443838118,-1.481444926822066,-1.4825728363725883,-1.5848328927796482,-1.2301796790729984
Keldon Johnson,2022-23,2063.0,-2.799999952316284,-3.281920547779509,-3.0805472037347235,-3.08970550520008,-2.991174359483227,-3.251994784273763
Josh Richardson,2022-23,1530.0,-1.0,-0.24910992741249954,-0.7358741554153294,-0.7769620330907732,-0.8361956993042556,-0.3188602771654376
Jarred Vanderbilt,2022-23,1879.0,-0.4000000059604645,-0.6790211816244142,-0.4046780247034786,-0.4997422423592166,-0.5928676592427015,-0.7480479422276184
De'Andre Hunter,2022-23,2126.0,-0.699999988079071,-0.5303213495190079,-0.2968092147166214,-0.31258582233765936,-0.345768239503978,-0.5608021976973965
Norman Powell,2022-23,1567.0,-1.600000023841858,-1.6249868149330875,-1.2667373219418623,-1.2015161640401872,-1.2495008883259815,-1.5854660515040793
Jaylen Nowell,2022-23,1252.0,-2.0,-1.3803291947200815,-1.6951855220833136,-1.7054820250377944,-1.618191200471245,-1.3721682701146387
Rui Hachimura,2022-23,1466.0,0.10000000149011612,0.42270172842521236,0.503800813530172,0.543039433670569,0.7302825382858188,0.4785767037176088
Shake Milton,2022-23,1567.0,-1.899999976158142,-1.8165671498911546,-1.6090611890883881,-1.5029912495208224,-1.4019543827876126,-1.7302933495175148
Jonas Valanciunas,2022-23,1968.0,-1.5,-0.5755926842016348,-0.2816222250531076,-0.28998866898058895,-0.22207121680263064,-0.5065314471872494
Precious Achiuwa,2022-23,1140.0,-0.20000000298023224,-0.8616143270845329,-0.4098626687683199,-0.3930076466387834,-0.3409408925561905,-0.7967444626798899
Deandre Ayton,2022-23,2035.0,-0.10000000149011612,0.10988878756997501,0.43762469851119346,0.47306384103928467,0.544187701466993,0.19244320494069284
Aaron Nesmith,2022-23,1816.0,-1.399999976158142,-1.485778516067284,-1.5926060450239694,-1.6287069679072885,-1.5973108135901717,-1.5065614311935935
Nick Richards,2022-23,1217.0,-1.399999976158142,-0.042317177605036393,0.2004108081714408,0.14621622206947374,0.3786625232212718,0.05396026441490941
Patrick Beverley,2022-23,1816.0,0.20000000298023224,-0.10085791440075123,-0.18893886622866246,-0.11617303628729606,-0.26542629618392705,-0.14925352906534572
Seth Curry,2022-23,2093.0,-2.0999999046325684,-1.8597143821279032,-1.6739848744873933,-1.573664012082364,-1.644608592113064,-1.8141703053521088
Terrence Ross,2022-23,1330.0,-1.899999976158142,-2.1964921155197636,-1.9024001872704228,-1.8801986794508698,-1.786559019218139,-2.1366118115487165
Thomas Bryant,2022-23,1081.0,-1.7000000476837158,-1.3521922395370998,-1.2469519125294677,-1.243872142795234,-1.237981768235341,-1.3110114571643936
Lamar Stevens,2022-23,1120.0,0.699999988079071,0.3644634017063273,0.7448072959883514,0.8528941270871253,0.8516346901204038,0.4570171001080481
Max Strus,2022-23,2272.0,-2.0999999046325684,-1.3042623225863086,-0.8190645085092094,-0.7823032363549604,-0.7541895347229269,-1.2507513491750621
Oshae Brissett,2022-23,1083.0,-1.0,-0.29631254158870546,-0.342879913390321,-0.3540991832936467,-0.3703167156403499,-0.288082093263712
Marcus Morris Sr.,2022-23,1825.0,-1.2000000476837158,-1.433227502265813,-1.2550245768232218,-1.2098243414209766,-1.2269844748264518,-1.3936403935313733
Georges Niang,2022-23,1512.0,-2.0999999046325684,-1.8919716601709862,-1.7510029154343418,-1.7597471154535247,-1.4867669227093598,-1.7903059674931605
Joe Harris,2022-23,1527.0,-2.200000047683716,-1.3837482505451957,-0.9695992400092412,-0.9447436800626261,-0.9442383481168619,-1.3065920744032988
Taurean Prince,2022-23,1192.0,-0.699999988079071,-0.6182295541090508,-0.19325452126157616,-0.08424581341228855,-0.119391815831383,-0.562372231715762
Reggie Jackson,2022-23,1657.0,-0.4000000059604645,-0.4226828082406626,0.08650798951661973,0.12588527551412107,0.17809305187085522,-0.35392970573444715
Jordan Poole,2022-23,2458.0,-1.7999999523162842,-1.1064194724719483,-1.005707028411513,-1.050554213930152,-0.9829956762428929,-1.0795470695136151
P.J. Tucker,2022-23,1920.0,-0.30000001192092896,-0.46048394668582404,-0.5109642086159573,-0.563003858639775,-0.6233072015051389,-0.4599276556515975
RJ Barrett,2022-23,2475.0,-2.5999999046325684,-2.2950833808970503,-1.8259325803620037,-1.7778298481955752,-1.6269861955484086,-2.2018773607105664
Eric Gordon,2022-23,1965.0,-3.0,-2.452718175650551,-2.334524489295563,-2.3980887427537625,-2.383408222319451,-2.428724912799137
Jordan Nwora,2022-23,1188.0,-3.200000047683716,-3.1682553037816694,-3.0330891445163934,-2.8916345966066537,-2.806831593032987,-3.0498423634445264
Lonnie Walker IV,2022-23,1297.0,-2.5,-2.671487412618455,-2.510350835096986,-2.4738750945185752,-2.474658861287465,-2.6287434441937414
Bol Bol,2022-23,1505.0,-1.399999976158142,-0.5187755578563229,-0.14665268350962254,-0.19448067134103508,-0.12312082075655503,-0.4923438780195689
Doug McDermott,2022-23,1314.0,-4.199999809265137,-3.44731968462915,-3.2744440119924114,-3.297289442036287,-3.1144456345322897,-3.329845024517407
Reggie Bullock,2022-23,2364.0,-2.0,-1.7417545561327084,-1.6847866149200883,-1.6310262016092478,-1.630376923149435,-1.738612897883046
