player,season,mp,y_offense,y_defense,y_total,ours_offense,ours_defense,ours_total,direct_total,struct_offense,struct_defense,struct_total,eRO,eRD,eRT,paine_mp,match
Kevin Durant,2013-14,3122.0,7.599999904632568,-0.6000000238418579,7.099999904632568,6.794998251765283,-0.09735726476935867,6.697640986995924,6.768535031809077,5.195248792746827,-0.16989455078009943,5.025354241966728,7.408909747,-0.196188377,7.21272137,3122.0,exact
Chris Paul,2013-14,2171.0,7.099999904632568,3.9000000953674316,11.0,6.087177547066031,2.2798608998536647,8.367038446919697,8.3320439448884,5.91981164699127,0.7726058225775883,6.692417469568857,6.788261414,2.001470813,8.789732227,2171.0,exact
Kevin Love,2013-14,2797.0,5.699999809265137,0.8999999761581421,6.599999904632568,5.735227339191354,-0.11259923305384927,5.622628106137505,5.0131937400051285,4.427254165466403,0.42861659674189956,4.855870762208302,4.764739931,0.096116361,4.860856293,2797.0,exact
James Harden,2013-14,2777.0,6.300000190734863,-0.30000001192092896,6.099999904632568,6.4761653318254035,-0.05908059445525176,6.417084737370152,6.0582107166177215,3.1874925286581055,0.015945492743778586,3.203438021401884,5.288509071,0.20885896999999998,5.49736804,2777.0,exact
Kyle Lowry,2013-14,2862.0,4.400000095367432,1.2999999523162842,5.699999809265137,4.345676957163371,0.5878964048666576,4.933573362030028,4.887693834070414,4.515400469209849,0.839726466306416,5.355126935516266,3.7099056409999998,0.558947893,4.268853534,2862.0,exact
Joakim Noah,2013-14,2820.0,1.5,4.5,5.900000095367432,0.6426727462915913,3.1298828498705262,3.7725555961621176,3.764945745219764,0.7683915854205179,3.748574966077033,4.516966551497551,1.171157008,3.050231063,4.221388071,2820.0,exact
Paul George,2013-14,2898.0,2.5999999046325684,2.9000000953674316,5.599999904632568,2.9540785561668144,2.773297927737938,5.727376483904752,6.13444039773702,3.365220034331625,2.7362723192585934,6.101492353590219,2.458816276,2.624825375,5.083641651,2898.0,exact
LeBron James,2013-14,2902.0,5.800000190734863,-1.2999999523162842,4.599999904632568,6.884552510934516,-0.2878174926741108,6.596735018260405,6.646130858588871,3.3326942427902706,-0.7230864572743376,2.6096077855159328,6.802156098,-0.032012307,6.770143791,2902.0,exact
Goran Dragic,2013-14,2668.0,4.800000190734863,0.20000000298023224,5.0,4.9395190458847855,-0.560227003292905,4.379292042591881,4.619206919465481,2.019335149751165,-0.8130273964887049,1.2063077532624602,4.874634502,-0.166298167,4.708336335,2668.0,fuzzy
Dirk Nowitzki,2013-14,2628.0,4.400000095367432,0.4000000059604645,4.699999809265137,4.174987689986993,0.3298555694825694,4.504843259469562,4.411047072388143,3.0848723660730637,0.06427939446032122,3.149151760533385,4.33425307,-0.528633181,3.805619889,2628.0,exact
Carmelo Anthony,2013-14,2982.0,4.199999809265137,-0.4000000059604645,3.799999952316284,4.492742848002125,-0.2010021475372261,4.291740700464899,4.188386519733591,4.230720102455692,-0.7759409319797412,3.4547791704759505,3.7999880879999997,-0.516875534,3.283112554,2982.0,exact
Kawhi Leonard,2013-14,1923.0,1.7000000476837158,5.0,6.699999809265137,1.2334272241452016,3.774599239903571,5.008026464048773,4.760933880235782,-0.8098817013470166,3.5082581376896838,2.698376436342667,2.513374201,3.439128243,5.952502444,1923.0,exact
DeMarcus Cousins,2013-14,2298.0,1.7000000476837158,3.299999952316284,5.0,0.483756476481154,2.509863327593982,2.993619804075136,2.45714363373522,1.2972059342384272,1.9029895046221965,3.2001954388606237,2.149256896,1.452255703,3.601512599,2298.0,exact
Ricky Rubio,2013-14,2638.0,1.899999976158142,1.7999999523162842,3.700000047683716,2.2644643565639773,1.4074385619155727,3.67190291847955,4.2858036584865085,1.2542803407617802,0.09026918105587359,1.3445495218176537,1.11820116,2.788866443,3.907067603,2638.0,exact
Jimmy Butler,2013-14,2591.0,0.5,3.4000000953674316,3.9000000953674316,0.5881764594142048,2.6285245729804907,3.2167010323946954,3.547159722870384,0.05795417776232281,2.895338085175979,2.9532922629383016,0.13927438,3.17006237,3.30933675,2591.0,exact
Blake Griffin,2013-14,2863.0,2.9000000953674316,0.30000001192092896,3.200000047683716,3.4528296359134063,1.7592434591550312,5.212073095068438,4.7415622403748925,1.8552466330612702,0.5064776138157261,2.3617242468769963,3.5704295339999996,0.429203318,3.999632851,2863.0,exact
Kemba Walker,2013-14,2614.0,1.399999976158142,2.299999952316284,3.799999952316284,1.4876127061433717,2.2049559589048746,3.6925686650482463,3.2365616728406525,3.451501875153582,2.0013465442477942,5.452848419401376,0.498463806,1.076624653,1.575088459,2614.0,exact
Isaiah Thomas,2013-14,2497.0,3.5,0.4000000059604645,3.9000000953674316,4.120200815737944,-0.21857328709648235,3.901627528641462,3.207104675451555,4.034010977160596,-0.2107375265672925,3.823273450593304,3.47729002,-0.801645379,2.67564464,2497.0,exact
Klay Thompson,2013-14,2868.0,2.0999999046325684,0.800000011920929,2.9000000953674316,2.164048952753879,1.3526808601938842,3.516729812947763,2.3591020558075653,1.0466530278010697,1.0684043114345152,2.1150573392355847,1.4530270880000002,0.9105598880000001,2.363586976,2868.0,exact
Mike Conley,2013-14,2446.0,3.5,0.4000000059604645,3.799999952316284,3.379236616278334,0.20150693279073054,3.5807435490690644,3.4142582989283667,2.6681939098790437,-0.25351541620206963,2.4146784936769743,2.798431989,0.318132963,3.116564953,2446.0,exact
LaMarcus Aldridge,2013-14,2498.0,1.100000023841858,2.200000047683716,3.4000000953674316,1.344343269346952,1.5278737524907473,2.8722170218376992,4.069657313311779,0.7516609387839744,0.6780273199090678,1.4296882586930422,1.8608227749999997,1.260350406,3.121173181,2498.0,exact
Wesley Matthews,2013-14,2780.0,2.799999952316284,-0.10000000149011612,2.5999999046325684,2.2784665431569415,0.1630246663262945,2.441491209483236,2.2834727451918937,1.4605362553515273,-0.27845955589832194,1.1820766994532055,2.677226158,-0.11979339700000001,2.557432761,2780.0,exact
Mario Chalmers,2013-14,2178.0,1.5,2.5,4.0,0.9108809228772129,1.8346435133388448,2.7455244362160576,2.2900872703879886,-0.10011758708753729,-0.0498785786631337,-0.14999616575067098,0.156816508,1.165950911,1.322767418,2178.0,exact
Anthony Davis,2013-14,2358.0,1.2000000476837158,2.299999952316284,3.5,0.6553861878599062,1.06352742177884,1.7189136096387463,1.5617949616522333,-0.6571900838733705,0.07445104557792681,-0.5827390382954437,2.524670613,1.652440338,4.177110951,2358.0,exact
Robin Lopez,2013-14,2603.0,1.0,2.0,2.9000000953674316,0.4567724179911747,2.1776903447002134,2.634462762691388,1.9508975355571485,-0.24664029467535492,1.4356411111327543,1.1890008164573993,1.861653544,0.180420225,2.04207377,2603.0,exact
Damian Lillard,2013-14,2937.0,3.5999999046325684,-1.5,2.0999999046325684,3.4956708325208936,-0.6741768810935337,2.82149395142736,3.8096570935093044,2.313796757042593,-0.9119056326758785,1.4018911243667145,3.026592387,-0.8809285479999999,2.145663839,2937.0,exact
Paul Millsap,2013-14,2482.0,0.4000000059604645,2.700000047683716,3.0999999046325684,0.41439610454364045,2.1754897757871685,2.589885880330809,2.7549877962557594,0.16725123403502465,1.6459112269104874,1.8131624609455121,0.71167266,2.199708101,2.911380761,2482.0,exact
DeMarre Carroll,2013-14,2341.0,0.699999988079071,2.5999999046325684,3.299999952316284,0.32050391374585013,1.8479410217848748,2.168444935530725,1.9777980737724183,-0.6458801334703875,1.2407917409430544,0.5949116074726669,1.074055761,1.353226241,2.427282002,2341.0,exact
Nicolas Batum,2013-14,2956.0,1.899999976158142,0.0,1.899999976158142,1.7863658683143306,0.2936947837273763,2.080060652041707,2.2076567911763374,1.4906834909860458,-0.6497091894843834,0.8409743015016624,1.840172932,0.653452395,2.493625326,2956.0,exact
John Wall,2013-14,2980.0,1.899999976158142,-0.20000000298023224,1.7000000476837158,2.421109308087111,0.3205219917564257,2.7416312998435366,3.1943161886064075,2.9714102602963357,-0.18138045425852609,2.7900298060378095,1.568868355,1.161724206,2.73059256,2980.0,exact
Andre Iguodala,2013-14,2040.0,1.2000000476837158,2.5999999046325684,3.799999952316284,1.8718356163962346,2.8611829166744194,4.733018533070654,4.6918331462133125,-0.15835443748222197,2.198288936089366,2.0399344986071437,1.841377839,2.687193912,4.52857175,2040.0,exact
DeAndre Jordan,2013-14,2870.0,0.699999988079071,1.100000023841858,1.7999999523162842,1.000268783177232,2.316458511150763,3.316727294327995,3.3774325602819038,0.08161779321264978,0.9375400807060701,1.01915787391872,0.002096188,3.1856490299999995,3.187745218,2870.0,exact
Ty Lawson,2013-14,2222.0,3.200000047683716,-0.30000001192092896,2.9000000953674316,2.9247393909395427,-1.9171411276487191,1.0075982632908236,1.0822399914701537,1.9275484446244382,-1.866612853762406,0.06093559086203215,2.804023284,-0.459009263,2.345014022,2222.0,exact
Chandler Parsons,2013-14,2783.0,2.5999999046325684,-0.800000011920929,1.7999999523162842,1.7916044440594738,-0.08186009120035738,1.7097443528591165,1.5180293640311049,0.5639454223798247,-0.38437971229439194,0.17956571008543276,2.4683742,-0.083793883,2.384580317,2783.0,exact
Manu Ginobili,2013-14,1550.0,4.0,1.100000023841858,5.099999904632568,4.242741322613573,1.6010935044006327,5.843834827014206,4.839058868467333,1.2783277809564948,1.334116803822752,2.612444584779247,3.248636097,1.737328245,4.985964342,1550.0,exact
Marcin Gortat,2013-14,2655.0,-0.6000000238418579,2.5,2.0,-0.7543605259262917,2.811882392510039,2.0575218665837474,2.8154745214294916,-1.5188568977918948,2.4414669591746243,0.9226100613827295,0.284311994,1.341667049,1.625979042,2655.0,exact
George Hill,2013-14,2434.0,0.30000001192092896,2.0999999046325684,2.5,1.4977385066630287,1.2325665234758099,2.7303050301388385,3.087725473752093,0.6570920315241735,2.199645099393251,2.8567371309174243,0.22104332599999998,1.7244229239999997,1.9454662489999999,2434.0,exact
Danny Green,2013-14,1651.0,0.699999988079071,4.0,4.699999809265137,0.4787081011650725,2.614641151836647,3.0933492530017195,2.2713218613767334,0.15961378963994308,2.7949903492346775,2.9546041388746205,-0.181415807,2.81639927,2.634983463,1651.0,exact
Serge Ibaka,2013-14,2666.0,-0.30000001192092896,2.299999952316284,1.899999976158142,-0.8698041493799847,1.422421177035574,0.5526170276555892,0.5517541550840779,-1.7556764889333547,1.663633365108482,-0.09204312382487267,0.275803576,1.695491585,1.9712951620000003,2666.0,exact
Trevor Ariza,2013-14,2723.0,1.0,0.699999988079071,1.7000000476837158,1.515299908515212,0.9147354208120188,2.4300353293272305,2.2329670608104606,0.7774296249223025,0.01289799592325716,0.7903276208455596,1.6097076290000003,1.421303719,3.031011348,2723.0,exact
Anderson Varejao,2013-14,1800.0,0.5,3.5999999046325684,4.099999904632568,0.008708655186474118,2.0812739648730276,2.0899826200595015,2.848644108568308,-0.5938472773990506,0.8735615530829299,0.2797142756838793,0.7373346770000001,2.07546269,2.812797367,1800.0,exact
David West,2013-14,2472.0,0.6000000238418579,1.5,2.200000047683716,0.6690123682937142,2.1980808348338976,2.8670932031276117,3.368581749693442,-0.03438665706186783,2.7502066171283466,2.7158199600664785,0.50298623,2.32410018,2.82708641,2472.0,exact
Deron Williams,2013-14,2059.0,2.5999999046325684,0.6000000238418579,3.200000047683716,2.8055527616410827,1.179432547121366,3.9849853087624485,3.6998257137412893,1.6739020620607978,0.32057347276208686,1.9944755348228846,2.336421599,0.521043508,2.857465108,2059.0,exact
Patrick Beverley,2013-14,1751.0,2.200000047683716,1.899999976158142,4.099999904632568,1.8263333088947495,1.5640270401152854,3.390360349010035,2.7857529637819383,0.14848632771724024,0.762445332351576,0.9109316600688162,0.461499212,0.995844228,1.45734344,1751.0,exact
Channing Frye,2013-14,2312.0,2.0,0.4000000059604645,2.4000000953674316,1.6929314478580002,0.5068378059689851,2.199769253826985,2.454104731236314,0.6145106869021068,0.5678129338747038,1.1823236207768106,-0.004287935,0.622148429,0.617860494,2312.0,exact
Patty Mills,2013-14,1527.0,3.9000000953674316,0.8999999761581421,4.800000190734863,3.0070435419595913,1.1702751610294173,4.177318702989009,3.0955932044477934,1.389161910181393,2.5374053327834685,3.9265672429648615,2.585749746,0.915911033,3.501660779,1527.0,exact
Dwight Howard,2013-14,2396.0,-0.4000000059604645,2.4000000953674316,2.0,0.6238386134902708,1.824917824042083,2.448756437532354,1.851773375913442,0.6796044991788821,0.8874004589305787,1.567004958109461,1.003281366,1.346513311,2.349794678,2396.0,exact
Vince Carter,2013-14,1973.0,2.4000000953674316,0.4000000059604645,2.9000000953674316,1.5035100321679213,0.1652326049375675,1.6687426371054888,1.707131988668597,2.523707771305408,-0.2874060289974147,2.2363017423079934,1.013507251,-0.629076745,0.384430506,1973.0,exact
Darren Collison,2013-14,2069.0,1.100000023841858,1.600000023841858,2.700000047683716,0.8828015223821493,-0.40432739318947114,0.4784741291926781,0.04236754993982903,0.6702851470654486,-0.21375634916409933,0.45652879790134926,1.07811779,-0.291639137,0.786478654,2069.0,exact
Andre Drummond,2013-14,2619.0,1.2999999523162842,0.20000000298023224,1.5,0.9233241465240898,0.045391303775358306,0.968715450299448,0.6752503072556997,0.569799771988078,-0.6234842255678861,-0.05368445357980811,1.9103326960000002,0.8595883660000001,2.769921062,2619.0,exact
PJ Tucker,2013-14,2490.0,0.800000011920929,0.8999999761581421,1.7000000476837158,0.3778592904256676,0.7667935601975242,1.1446528506231919,1.5186151659104434,-0.18617844346507983,-0.3553408616688165,-0.5415193051338963,0.453196927,0.627936996,1.081133923,2490.0,exact
Draymond Green,2013-14,1797.0,-1.2000000476837158,4.599999904632568,3.4000000953674316,-1.3906207192626179,3.2993932297615736,1.9087725104989557,2.872920808808366,-0.8833522135648603,3.431107343093482,2.5477551295286216,-1.669983655,3.318872496,1.648888842,1797.0,exact
Roy Hibbert,2013-14,2409.0,-1.7000000476837158,3.4000000953674316,1.7999999523162842,-1.524623648513492,3.2627422957945704,1.7381186472810783,1.6948321583458406,-0.5569612505230455,3.912765417659805,3.3558041671367596,-2.290005521,2.42918143,0.13917591,2409.0,exact
Andrew Bogut,2013-14,1769.0,-1.399999976158142,4.400000095367432,3.0999999046325684,-0.5097521306017296,3.8861659307940086,3.376413800192279,3.543253981262076,-1.3351394946793826,3.233339994746782,1.8982005000673992,-0.838861305,3.581236873,2.742375568,1769.0,exact
Al Jefferson,2013-14,2553.0,-0.5,1.7999999523162842,1.2999999523162842,-0.03706138528942728,1.843373231114416,1.8063118458249887,1.7771215475861883,-0.5028464902796697,1.9323955487417916,1.429549058462122,1.585912926,1.399330945,2.985243871,2553.0,exact
David Lee,2013-14,2288.0,0.30000001192092896,1.2000000476837158,1.600000023841858,0.7067927178832498,1.8991495304425794,2.605942248325829,2.7398266149187678,-1.0528429007502993,2.027126629693306,0.9742837289430066,1.329303065,0.758006095,2.08730916,2288.0,exact
Nikola Pekovic,2013-14,1663.0,1.100000023841858,2.200000047683716,3.299999952316284,1.0161020173924575,0.58830232687186,1.6044043442643177,2.216816483417299,-1.045803475167082,1.2198921263563667,0.17408865118928474,3.103463476,-1.024071965,2.079391511,1663.0,fuzzy
Corey Brewer,2013-14,2609.0,0.30000001192092896,0.699999988079071,1.0,0.8261576950066739,1.323936633475317,2.150094328481991,2.376155528770289,-1.053418542777012,-0.034584574042375596,-1.0880031168193876,1.116278911,1.379693868,2.495972779,2609.0,exact
Tim Duncan,2013-14,2158.0,-1.2999999523162842,3.0,1.7000000476837158,-1.1112395005970719,2.3613112077300378,1.250071707132966,1.313069480898092,-0.8097209931062842,2.3129680771141494,1.503247084007865,0.148026589,2.052280895,2.200307484,2158.0,exact
Kyrie Irving,2013-14,2496.0,2.299999952316284,-1.2000000476837158,1.2000000476837158,2.519811925281919,-1.7593506357490896,0.7604612895328293,0.04863891245769067,2.5795057450793384,-1.2145735538245273,1.3649321912548111,1.929162415,-0.494995933,1.434166483,2496.0,exact
Kyle Korver,2013-14,2408.0,1.899999976158142,-0.6000000238418579,1.2999999523162842,1.9153620804168303,0.47141969940529377,2.3867817798221242,2.300899450076904,0.433921920167499,0.570722110846742,1.0046440310142408,1.164217246,0.774511348,1.938728594,2408.0,exact
Paul Pierce,2013-14,2098.0,0.10000000149011612,1.7999999523162842,1.899999976158142,0.4956897045014898,2.167090847466415,2.6627805519679044,2.712597342562487,0.02444550525829217,1.3113164369287194,1.3357619421870115,1.104201183,0.49135347799999995,1.595554661,2098.0,exact
Gordon Hayward,2013-14,2800.0,0.699999988079071,-0.10000000149011612,0.6000000238418579,0.44738575707792777,-0.1853295474346154,0.26205620964331233,-0.3530945319345314,1.5135773503232093,-1.6129893730242184,-0.09941202270100913,0.930879798,-0.569803321,0.361076477,2800.0,exact
Eric Bledsoe,2013-14,1416.0,1.5,2.200000047683716,3.700000047683716,1.0254459052205853,1.4109388984705642,2.4363848036911495,2.336905389822037,0.17597574539770824,1.037748649780229,1.2137243951779373,1.669755745,0.49999753,2.169753275,1416.0,exact
Chris Bosh,2013-14,2531.0,-0.10000000149011612,1.0,0.8999999761581421,0.18131293888566188,2.132940516745377,2.314253455631039,2.9993126879115675,-0.8911991183030601,2.209518882795065,1.318319764492005,1.991765783,0.9134225210000001,2.905188303,2531.0,exact
DeMar DeRozan,2013-14,3017.0,1.7000000476837158,-1.2999999523162842,0.4000000059604645,1.60458811078115,-1.2192234961038046,0.3853646146773453,0.7618794152163212,2.0071652458562776,-0.3285369681145549,1.6786282777417227,2.303731993,-0.044248185,2.259483807,3017.0,exact
Reggie Jackson,2013-14,2277.0,0.8999999761581421,0.4000000059604645,1.2999999523162842,1.234046334356431,-0.10646722045855454,1.1275791138978764,0.8862113490292861,1.576647574133786,0.6132646390396518,2.1899122131734376,0.369994734,0.175567166,0.5455619,2277.0,exact
Russell Westbrook,2013-14,1412.0,3.299999952316284,0.4000000059604645,3.700000047683716,2.983508417114813,-0.8455324209352693,2.1379759961795437,2.0578195297971456,2.044098596075608,-0.15226379482039454,1.8918348012552135,3.236244417,0.9412958169999999,4.177540234,1412.0,exact
Monta Ellis,2013-14,3023.0,1.0,-0.800000011920929,0.20000000298023224,0.44709274661440834,-1.327863997543879,-0.8807712509294707,0.7989047128345538,1.1655141397474464,-1.3924035216489357,-0.22688938190148922,1.115912098,-0.381528108,0.73438399,3023.0,exact
Bradley Beal,2013-14,2530.0,0.30000001192092896,0.4000000059604645,0.699999988079071,0.8257518058444931,0.13947832098655977,0.9652301268310529,0.9912287363425542,1.0409979079508644,0.33941394062180236,1.3804118485726669,0.289479183,0.017735163,0.307214347,2530.0,exact
Marc Gasol,2013-14,1970.0,-1.100000023841858,2.799999952316284,1.7999999523162842,-1.0293484907299644,1.599734465907309,0.5703859751773446,0.3007114706971396,0.39475599195697164,1.0522580246707294,1.447014016627701,0.612529459,1.050401501,1.66293096,1970.0,exact
Josh McRoberts,2013-14,2360.0,2.0,-1.0,1.0,0.5080971689568772,0.4193108912550465,0.9274080602119237,1.4068185099433304,-0.17829504473872415,0.5492651748094092,0.370970130070685,0.507726271,0.9492810729999999,1.457007344,2360.0,exact
Jared Sullinger,2013-14,2041.0,0.5,1.100000023841858,1.5,0.19962669114608791,0.8729132966959424,1.0725399878420303,0.6330849625379379,1.6113430533350426,0.7136576059147353,2.3250006592497776,-0.596642967,-0.347211224,-0.943854191,2041.0,exact
Marco Belinelli,2013-14,2016.0,2.799999952316284,-1.2999999523162842,1.5,2.0694979015500974,-1.333370553077731,0.7361273484723665,0.60355017372847,0.44551384204385386,-0.12924617049758763,0.3162676715462662,1.944045401,-0.378026714,1.566018687,2016.0,exact
Randy Foye,2013-14,2485.0,2.0999999046325684,-1.399999976158142,0.699999988079071,1.5015077787543054,-1.859417807595933,-0.3579100288416275,-0.6462614608604342,1.3556797896838118,-1.7738022813055405,-0.41812249162172876,0.780072404,-0.804177641,-0.024105237,2485.0,exact
Courtney Lee,2013-14,1973.0,0.699999988079071,1.0,1.600000023841858,0.3649740813254574,0.9380702351114508,1.303044316436908,0.9296874345818834,-0.5644133247185255,1.264326066838196,0.6999127421196705,0.5405592144941713,0.6896416557126205,1.2302008702067917,1973.0,exact
Rudy Gay,2013-14,2531.0,1.100000023841858,-0.5,0.6000000238418579,1.5541711575785258,-0.5684426768006696,0.9857284807778561,0.26701547733365066,1.024759835950584,-1.0356728487659113,-0.010913012815327194,1.0422907241588306,-0.1390798518012643,0.9032108721050968,2531.0,exact
Jeremy Lin,2013-14,2054.0,-0.5,1.7999999523162842,1.2999999523162842,-0.35634434948573473,0.8599128314602683,0.5035684819745336,0.06899173623469539,0.15839219635767282,0.6221038750691406,0.7804960714268134,0.127859352,-0.635246536,-0.507387183,2054.0,exact
Mike Dunleavy,2013-14,2584.0,0.30000001192092896,0.10000000149011612,0.4000000059604645,0.12750617238274312,0.879225293947249,1.0067314663299922,0.8696752431088974,0.008296043636625616,2.02711301342199,2.0354090570586156,-0.172498282,1.048035107,0.8755368250000001,2584.0,exact
Amir Johnson,2013-14,2214.0,-0.30000001192092896,1.2000000476837158,1.0,-0.1408317208824462,1.5710102899084692,1.4301785690260231,1.1520569807560257,-1.1611218979683982,1.361078616439176,0.19995671847077778,-0.097865096,1.120487527,1.022622432,2214.0,exact
Shane Battier,2013-14,1468.0,0.10000000149011612,2.700000047683716,2.700000047683716,-0.6908119460038882,1.6320156524700404,0.9412037064661523,0.8538194563474218,-1.3622421681470467,2.864391980351779,1.5021498122047325,-1.040024816,0.636860626,-0.40316418900000006,1468.0,exact
Luol Deng,2013-14,2213.0,0.30000001192092896,0.6000000238418579,0.8999999761581421,0.7597372354406794,0.17006920445505214,0.9298064398957315,0.5105111671703351,0.21094169560828266,0.27495645034917454,0.4858981459574572,0.8774834829145955,-0.17458877367645728,0.7028947092381382,2213.0,exact
Kris Humphries,2013-14,1376.0,0.0,3.0,3.0,-1.9471690284738363,0.8232403358455324,-1.1239286926283039,-1.6911676631992387,-1.4344934320794116,1.485040125665629,0.05054669358621733,-0.610119478,0.39385684699999995,-0.216262631,1376.0,exact
Tiago Splitter,2013-14,1271.0,-0.8999999761581421,4.199999809265137,3.299999952316284,-0.8787255037055147,4.101278963792667,3.222553460087152,1.7959145953612585,-1.0992176737595536,3.716979881486928,2.617762207727375,0.576334811,0.855910855,1.432245666,1271.0,exact
Boris Diaw,2013-14,1974.0,0.800000011920929,0.30000001192092896,1.0,0.7201374138794071,0.3779909943893262,1.0981284082687333,0.4205466594509473,-0.45474128538809583,1.401582508494878,0.9468412231067822,0.188730907,0.46608806,0.654818967,1974.0,exact
Shaun Livingston,2013-14,1974.0,0.20000000298023224,0.8999999761581421,1.100000023841858,-0.20799397747045467,1.6059396993831605,1.3979457219127058,1.7454343902082643,-1.0582908892623017,0.47066853862865454,-0.5876223506336472,-0.19901877,0.847227865,0.648209095,1974.0,exact
Greg Monroe,2013-14,2690.0,0.30000001192092896,-0.30000001192092896,0.0,-0.1934532323171018,-0.44695181818382074,-0.6404050505009226,-0.039721579080397265,-0.5617800888787894,-0.9501134745994748,-1.5118935634782642,0.362443683,-0.358917967,0.003525716,2690.0,exact
Derek Fisher,2013-14,1428.0,0.30000001192092896,2.0,2.299999952316284,0.8825475095861117,1.4703357959683074,2.3528833055544194,2.571162252040152,0.15037645408555195,1.606614647288433,1.756991101373985,0.185355146,1.173582171,1.358937317,1428.0,exact
Michael KiddGilchrist,2013-14,1502.0,-2.299999952316284,4.400000095367432,2.0999999046325684,-1.935766686891938,2.021421163230932,0.08565447633899392,-0.1553290546107575,-1.8721376930436517,0.4990531241380617,-1.3730845689055902,-1.722270608,1.224835521,-0.497435087,1502.0,exact
Zach Randolph,2013-14,2705.0,1.2999999523162842,-1.2999999523162842,0.0,1.098774390478387,0.23419034251718615,1.3329647329955732,1.0531274720520551,2.01931506668477,0.5527914750562588,2.5721065417410287,0.067940153,-0.080092091,-0.012151938,2705.0,exact
Jeff Teague,2013-14,2542.0,0.6000000238418579,-0.5,0.10000000149011612,0.9683369789203033,-0.39821215528085574,0.5701248236394476,0.6281230631115153,1.7588189629489637,-0.3556980699040685,1.4031208930448953,1.083379353,-0.557414572,0.525964781,2542.0,exact
Dwyane Wade,2013-14,1775.0,1.5,-0.20000000298023224,1.2000000476837158,0.9116306896736992,0.7871102561118283,1.6987409457855276,1.3110661210539434,0.14695433326791757,-0.48946764955932587,-0.3425133162914083,2.815306836,0.196900391,3.012207227,1775.0,exact
Michael CarterWilliams,2013-14,2414.0,-0.5,0.6000000238418579,0.10000000149011612,0.27180202913093643,0.06141491179085954,0.333216940921796,-0.4564986920652884,1.2979012736590827,-0.5625697899514795,0.7353314837076032,-1.634727038,0.497198244,-1.137528794,2414.0,exact
Jae Crowder,2013-14,1254.0,-0.10000000149011612,3.0,2.9000000953674316,-0.23697557374159117,2.0915601599724707,1.8545845862308794,2.235140896399576,-1.2903787237323503,2.1637182021619514,0.8733394784296011,0.269263697,1.406441572,1.675705269,1254.0,exact
Joe Johnson,2013-14,2575.0,2.700000047683716,-2.700000047683716,0.0,2.780349975193696,-1.610365949427108,1.169984025766588,1.1824244670884319,2.8848614930283745,-1.0452187735016476,1.8396427195267269,1.6147828940000002,-1.283370821,0.331412074,2575.0,exact
Lance Stephenson,2013-14,2752.0,0.6000000238418579,-0.800000011920929,-0.20000000298023224,1.0865244606829478,-0.023090273565913744,1.063434187117034,0.43438765067834223,0.6355985379585758,0.9948896175759414,1.6304881555345172,0.217568949,1.44688107,1.6644500200000003,2752.0,exact
Tony Allen,2013-14,1278.0,0.20000000298023224,2.4000000953674316,2.5999999046325684,-0.3619979274340821,2.8774383977509927,2.5154404703169106,2.1448379228192063,-1.7458651198790682,2.0816397201558603,0.33577460027679207,-0.10260223800000001,3.07422854,2.971626302,1278.0,exact
Nene,2013-14,1560.0,-2.200000047683716,3.799999952316284,1.600000023841858,-1.8571564901859856,2.731930219304957,0.8747737291189714,2.163669612820902,-1.9260531760395452,2.0780225768154423,0.15196940077589716,-0.570551023,1.438739445,0.868188422,1560.0,exact
Terrence Ross,2013-14,2159.0,0.5,-0.10000000149011612,0.4000000059604645,1.1122441823147777,-0.48957945262531827,0.6226647296894594,-0.2708574779376542,1.1609765187008514,-0.2825610217176747,0.8784154969831767,-0.086033913,0.407913916,0.321880003,2159.0,exact
Chris Andersen,2013-14,1396.0,0.5,1.600000023841858,2.0999999046325684,-0.055653583035291825,2.1509119617078123,2.0952583786725203,1.6585321310977221,-0.44080689769480036,1.8984187534157522,1.4576118557209519,0.306832711,1.192050141,1.4988828520000002,1396.0,exact
Kirk Hinrich,2013-14,2116.0,-1.7000000476837158,2.0999999046325684,0.4000000059604645,-0.621563443447294,2.2322197396540693,1.6106562962067752,1.5042107693418736,0.44111468065480924,2.3475820595584524,2.7886967402132616,-1.790281911,1.556570818,-0.233711092,2116.0,exact
Iman Shumpert,2013-14,1962.0,-0.4000000059604645,1.0,0.699999988079071,-0.24136229851871274,1.9651976331054823,1.7238353345867696,2.326387544695521,-0.5747700186564662,0.18544245351717048,-0.3893275651392957,-1.086765614,1.699712297,0.612946683,1962.0,exact
Nick Young,2013-14,1810.0,2.4000000953674316,-1.5,0.8999999761581421,2.499104618785891,-1.7201173509838261,0.7789872678020648,-0.29383287539555963,1.832412831106112,-1.6700330573713311,0.16237977373478096,1.550462686,-1.611384819,-0.060922133,1810.0,exact
Alec Burks,2013-14,2193.0,0.8999999761581421,-0.699999988079071,0.20000000298023224,0.8241391557693203,-0.9394213037213012,-0.11528214795198088,-0.7468655434065847,1.088708184418053,-1.2431688599629453,-0.1544606755448923,0.684392937,-1.310785828,-0.626392891,2193.0,exact
Jamal Crawford,2013-14,2094.0,2.799999952316284,-2.5,0.30000001192092896,2.4278655381435206,-2.100186973469255,0.3276785646742657,-0.06651531064738077,3.4587514508325974,-1.2729104258721642,2.185841024960433,2.275998773,-1.324482002,0.951516771,2094.0,exact
Tyreke Evans,2013-14,2028.0,1.2000000476837158,-0.800000011920929,0.4000000059604645,0.10188461814796439,-1.2729569804019214,-1.171072362253957,-0.9979611467049002,0.28435382012262805,-1.6257641614505771,-1.341410341327949,1.396674637,-1.48027177,-0.083597134,2028.0,exact
Spencer Hawes,2013-14,2470.0,-0.699999988079071,0.5,-0.20000000298023224,-0.6272545800769503,-0.47891767181960976,-1.10617225189656,-1.305740237654283,-0.5436001539411607,-0.03923182690289506,-0.5828319808440557,-0.6927815204129555,-0.6437596629854252,-1.3365411833983807,2470.0,exact
Wilson Chandler,2013-14,1927.0,0.5,0.0,0.5,0.18248733348461207,-1.16410109779033,-0.981613764305718,-2.0396603556835466,1.107828941516256,-0.8939518306138456,0.21387711090241046,0.038703728,-1.260877676,-1.222173948,1927.0,exact
Gerald Green,2013-14,2330.0,1.2999999523162842,-1.2999999523162842,-0.10000000149011612,1.5330878805564871,-1.0905905368355586,0.4424973437209285,-0.038855405695726784,1.4934512579227321,-1.1058663201620085,0.38758493776072367,1.134709189,-0.828646304,0.306062885,2330.0,exact
CJ Watson,2013-14,1193.0,-1.100000023841858,3.200000047683716,2.0999999046325684,-0.9880745026548036,2.6936717646800825,1.7055972620252788,2.0292353478780853,-1.0838580653451608,2.5798247860288224,1.4959667206836615,-0.482201106,2.027063431,1.544862325,1193.0,exact
Matt Barnes,2013-14,1735.0,0.800000011920929,-0.30000001192092896,0.5,0.6101880938964966,-0.2973667193898839,0.31282137450661274,0.04995546450505533,-0.4383856652284898,-0.6471954293595094,-1.0855810945879991,-0.027174985,0.548665465,0.52149048,1735.0,exact
Jose Calderon,2013-14,2468.0,1.600000023841858,-2.0,-0.4000000059604645,1.9523623065731501,-2.2257306775391092,-0.2733683709659591,-1.044744072075871,1.9369925286654877,-1.6789529098850942,0.2580396187803935,1.607257519,-1.903028792,-0.295771273,2468.0,exact
Jrue Holiday,2013-14,1143.0,2.200000047683716,-0.10000000149011612,2.200000047683716,1.2630945513447236,-0.3270428808874622,0.9360516704572615,1.1680382769682127,0.40083111643097497,-0.8394544460095883,-0.43862332957861333,1.116582173,0.118553527,1.2351357,1143.0,exact
Brandon Jennings,2013-14,2728.0,2.200000047683716,-2.799999952316284,-0.699999988079071,1.9180215083635037,-2.3227742510208866,-0.4047527426573829,-1.285271417601179,4.307560508484911,-2.185128861691764,2.1224316467931468,0.836663129,-1.438869493,-0.602206364,2728.0,exact
Jodie Meeks,2013-14,2556.0,0.699999988079071,-1.2999999523162842,-0.6000000238418579,0.12715729105176943,-1.9891935147401938,-1.8620362236884245,-1.9873131306060594,-0.40337120321437747,-1.821526743782909,-2.2248979469972863,1.144761369,-1.231699181,-0.086937812,2556.0,exact
Kyle Singler,2013-14,2337.0,0.0,-0.30000001192092896,-0.30000001192092896,-0.3304734024947564,-0.718396207368105,-1.0488696098628614,-1.6383937271433773,-0.31828128450859217,-1.073118561557977,-1.391399846066569,0.10794412,-1.624020624,-1.516076504,2337.0,exact
Matthew Dellavedova,2013-14,1271.0,0.8999999761581421,0.6000000238418579,1.5,1.04174505402598,0.12627862116287716,1.1680236751888573,1.4379272665081662,0.7123730209304534,0.4506170645688423,1.1629900854992958,0.327896426,0.201728178,0.529624604,1271.0,exact
Pablo Prigioni,2013-14,1283.0,1.7000000476837158,0.0,1.600000023841858,2.01821394140813,0.7198301076262262,2.738044049034356,2.2450419218622693,-0.27505901019112444,-0.2846758548682629,-0.5597348650593874,1.051321072,0.376384239,1.427705311,1283.0,exact
Jonas Valanciunas,2013-14,2282.0,-0.4000000059604645,0.10000000149011612,-0.30000001192092896,-0.7267271030211199,0.7887051094497135,0.061978006428593635,0.39591025124113216,-0.6754087781812881,0.8427990086263554,0.1673902304450673,-0.273212192,-0.231376669,-0.504588861,2282.0,fuzzy
Nick Collison,2013-14,1353.0,0.5,0.699999988079071,1.2000000476837158,0.1887361654932509,1.8063026182386082,1.995038783731859,1.0656442573402616,-1.8527144742653872,2.014293009084594,0.1615785348192067,-0.38130059600000005,0.3129231,-0.068377496,1353.0,exact
Tony Parker,2013-14,1997.0,0.8999999761581421,-1.0,-0.10000000149011612,0.7557447484159323,-1.3690340052339434,-0.613289256818011,-0.4928876544794596,0.3269880867442619,0.2161637385918878,0.5431518253361497,2.16661098,-1.245956352,0.920654628,1997.0,exact
Thabo Sefolosha,2013-14,1584.0,-1.7999999523162842,2.299999952316284,0.5,-2.013436626724011,1.4328175114013257,-0.5806191153226852,-0.38357843516120066,-1.7087427989632475,1.4920249446354994,-0.21671785432774815,-0.8208223310000001,1.5087014079999999,0.687879077,1584.0,exact
Nikola Vucevic,2013-14,1812.0,-0.800000011920929,0.8999999761581421,0.10000000149011612,-1.1722187572732963,0.18148954125731462,-0.9907292160159816,-0.13654927795496605,-1.0471399852082783,0.9156499733259948,-0.1314900118822835,0.032012194,0.696924011,0.728936205,1812.0,fuzzy
DJ Augustin,2013-14,1939.0,2.0999999046325684,-2.0999999046325684,-0.10000000149011612,1.8251530095127462,-0.7519869659457573,1.0731660435669887,0.09793496277791118,1.3849160511863232,0.1244645039879415,1.5093805551742647,1.2845636918246521,-0.5039669065461578,0.780596785067045,1939.0,exact
Avery Bradley,2013-14,1855.0,-0.8999999761581421,0.8999999761581421,0.0,-0.8373841498137921,-0.3063704131142866,-1.1437545629280788,-1.2601696121900499,-0.5527191980747467,-0.4857452669150874,-1.038464464989834,-0.552127101,0.160557397,-0.391569704,1855.0,exact
Taj Gibson,2013-14,2351.0,-1.399999976158142,0.800000011920929,-0.6000000238418579,-1.619608949717171,1.746884623341919,0.127275673624748,-0.48328262537886496,-1.3649614824127532,2.730443893282055,1.365482410869302,-1.691957806,1.459987437,-0.231970369,2351.0,exact
Khris Middleton,2013-14,2460.0,0.20000000298023224,-0.8999999761581421,-0.699999988079071,0.3779412890085698,-0.9835117599037785,-0.6055704708952087,-0.8347763719060289,-0.1119532830637707,-1.5612354445087488,-1.6731887275725195,0.200739448,-1.110956638,-0.9102171900000001,2460.0,exact
Victor Oladipo,2013-14,2487.0,-3.200000047683716,2.4000000953674316,-0.699999988079071,-1.932581552000972,1.5658798714713373,-0.3667016805296346,-1.236553101418595,-0.10647867557433596,0.7928991969295884,0.6864205213552524,-2.399033276,0.853503425,-1.54552985,2487.0,exact
Nate Wolters,2013-14,1309.0,-0.20000000298023224,1.2999999523162842,1.2000000476837158,-0.7178876452004417,0.4264112271889778,-0.2914764180114639,-0.15792764089230235,-1.620552435521454,0.36500810273123474,-1.2555443327902194,-0.39314003900000005,-0.500277136,-0.8934171749999998,1309.0,exact
Ray Allen,2013-14,1936.0,1.399999976158142,-1.600000023841858,-0.20000000298023224,1.1879980479280527,-1.5944440597428233,-0.4064460118147706,-0.5217080587675532,0.7726547560836083,-0.9714394490079373,-0.198784692924329,0.213787353,-0.5776487490000001,-0.363861396,1936.0,exact
Andray Blatche,2013-14,1618.0,-0.8999999761581421,1.100000023841858,0.20000000298023224,-0.3064731144044723,0.23276850300860139,-0.0737046113958709,0.8820743681971636,-0.5228846559129443,0.7558730477415281,0.23298839182858377,0.1279707,0.689023496,0.816994195,1618.0,exact
Samuel Dalembert,2013-14,1614.0,-2.200000047683716,2.5,0.30000001192092896,-1.8143078537789616,1.2324417809293073,-0.5818660728496543,-0.4483434168301992,-1.7752311298225723,0.4515448754859295,-1.3236862543366428,-0.913997384,0.254851025,-0.659146359,1614.0,exact
Jeremy Evans,2013-14,1209.0,0.20000000298023224,1.100000023841858,1.2999999523162842,-0.5962686738772652,0.9199260528404473,0.32365737896318203,0.47522210504413226,-1.027241946483157,-0.1613155310003381,-1.188557477483495,-0.082366209,0.0818928,-0.000473409,1209.0,exact
Derrick Favors,2013-14,2201.0,-1.0,0.4000000059604645,-0.5,-1.216232325668232,0.3046502615548134,-0.9115820641134185,-0.9823827302410985,-1.3795649373599195,-0.6463123863998436,-2.025877323759763,-0.561465762,0.749829713,0.188363951,2201.0,exact
Jeremy Lamb,2013-14,1538.0,0.5,0.0,0.5,0.4815798872009787,0.6665452645383272,1.1481251517393058,0.45009141870455177,0.14573306213200302,0.5453996693496898,0.6911327314816927,0.327154043,0.69910332,1.026257363,1538.0,exact
Shelvin Mack,2013-14,1490.0,0.8999999761581421,-0.5,0.4000000059604645,-0.022182947562393474,-1.5330338625749513,-1.555216810137345,-1.7294424190421864,-0.34967205996882667,-0.1941580269577644,-0.5438300869265911,-0.652573042,-0.755773896,-1.4083469380000002,1490.0,exact
Patrick Patterson,2013-14,1533.0,-0.5,0.800000011920929,0.4000000059604645,-0.40924748115812504,1.4344450726640463,1.0251975915059213,1.1444571316583811,-1.3988095159243452,1.4120964329426182,0.013286917018273003,0.10793973758121339,1.2259952767534246,1.3339350136053487,1533.0,exact
Greivis Vasquez,2013-14,1779.0,0.30000001192092896,-0.4000000059604645,0.0,1.4301525184899984,-0.20124701298920813,1.2289055055007903,0.290463783397419,1.88770045060587,0.5792565502790014,2.4669570008848716,0.633320900618887,-1.23931581572344,-0.6059949148431703,1779.0,exact
Nick Calathes,2013-14,1173.0,-2.4000000953674316,3.5,1.100000023841858,-1.7299933959841332,2.2758294865160207,0.5458360905318875,0.40632634045186444,-1.9080118169283649,2.2632382656666925,0.35522644873832765,-1.003799854,1.653807733,0.650007878,1173.0,exact
Omri Casspi,2013-14,1283.0,-0.5,1.2999999523162842,0.800000011920929,-0.8395787804417804,1.137149344581301,0.29757056413952065,0.4435472597772578,-1.0988365209488495,1.2684248627710317,0.1695883418221822,-0.670036824,-0.017586925,-0.687623749,1283.0,exact
Raymond Felton,2013-14,2017.0,0.0,-0.6000000238418579,-0.5,0.02368463194060663,-0.021347658238170836,0.0023369737024357927,0.47971615285298924,0.30318297834277586,-0.7691015346003932,-0.46591855625761736,-0.494297338,-0.178388013,-0.672685352,2017.0,exact
Markieff Morris,2013-14,2153.0,0.0,-0.6000000238418579,-0.699999988079071,-0.023975288038278114,0.02237328030765466,-0.0016020077306234531,0.3851235020286638,0.38690221407013814,0.29744866951261306,0.6843508835827512,0.890615152,-0.157496228,0.733118924,2153.0,exact
Anthony Morrow,2013-14,1426.0,1.2999999523162842,-0.8999999761581421,0.4000000059604645,1.0095664346205353,-1.158808325311863,-0.14924189069132776,0.6334722331860908,-0.24712711863462133,-1.2271275129624193,-1.4742546315970406,0.8685080319999999,-1.562141866,-0.693633835,1426.0,exact
Timofey Mozgov,2013-14,1770.0,-1.2999999523162842,1.100000023841858,-0.20000000298023224,-1.438902554405436,1.212345916513723,-0.226556637891713,-0.14907435848619274,-1.4463176169767347,1.282887461931509,-0.16343015504522573,-0.30966381100000007,0.079815209,-0.229848602,1770.0,exact
Josh Smith,2013-14,2730.0,-1.899999976158142,0.800000011920929,-1.100000023841858,-1.208225535650665,0.466559681760445,-0.7416658538902201,-0.9334120447432089,0.41560805532103323,-0.2192236316345799,0.19638442368645334,-1.646839184,0.521852338,-1.124986847,2730.0,exact
Terrence Jones,2013-14,2078.0,0.8999999761581421,-1.600000023841858,-0.699999988079071,0.1067107345863861,-0.0434846635245939,0.06322607106179219,0.4269161326465825,-1.5818534390541767,0.30537430335826155,-1.276479135695915,1.189282697,0.530028869,1.719311565,2078.0,exact
Kosta Koufos,2013-14,1349.0,-1.600000023841858,2.0999999046325684,0.5,-2.2776739121507545,2.166365209689563,-0.11130870246119162,0.2493868062558137,-2.3865232440704873,2.0274281236618297,-0.35909512040865765,-1.433231743,0.94772349,-0.485508253,1349.0,exact
Marcus Thornton,2013-14,1741.0,0.6000000238418579,-0.8999999761581421,-0.30000001192092896,-0.0930773642412539,-1.4209006905697248,-1.5139780548109787,-2.0539191070127996,0.1344661764293289,-0.4474310993081344,-0.3129649228788055,-0.2506378074422746,-0.2316194485726594,-0.4822572563710511,1741.0,exact
Tyson Chandler,2013-14,1662.0,-1.2999999523162842,1.100000023841858,-0.30000001192092896,-0.3292380897381704,0.19342139041202566,-0.13581669932614476,0.5399421383352886,-1.4438421652769788,0.29619296375959814,-1.1476492015173807,0.090556134,0.570464733,0.661020867,1662.0,exact
Jared Dudley,2013-14,1729.0,-0.6000000238418579,0.20000000298023224,-0.4000000059604645,-0.9446277037996863,-0.05485948365865939,-0.9994871874583457,-0.9695259315764595,-0.8385594152568489,0.4838257793221562,-0.35473363593469265,-0.570826123,-1.134092223,-1.704918346,1729.0,exact
ETwaun Moore,2013-14,1506.0,-1.0,1.0,0.0,-1.7225368262406793,1.169989953254962,-0.5525468729857173,-1.6312383930969154,-1.3623637446569055,0.556194351136924,-0.8061693935199815,-0.861539074,0.124874249,-0.7366648250000001,1506.0,exact
AlFarouq Aminu,2013-14,2045.0,-1.2999999523162842,0.5,-0.8999999761581421,-1.4867774038909884,0.04757624989909862,-1.4392011539918899,-1.6221634548152766,-1.1117935567563353,-0.042986766767358506,-1.1547803235236938,-0.979865928,-0.029692028,-1.009557956,2045.0,exact
Anthony Tolliver,2013-14,1298.0,0.5,-0.30000001192092896,0.20000000298023224,0.6805389702985037,0.005411886151862573,0.6859508564503664,0.25938379996883826,-0.7285355712584398,0.9330428677865696,0.20450729652812982,-0.4566210499999999,-0.050096984,-0.506718033,1298.0,exact
Giannis Antetokounmpo,2013-14,1897.0,-1.100000023841858,0.20000000298023224,-0.8999999761581421,-0.42794423300272316,0.27049084672341167,-0.1574533862793115,-0.3146532216280426,-1.9127301599663824,-0.28906181319546953,-2.201791973161852,-1.867075155,0.356397392,-1.510677763,1897.0,exact
Alan Anderson,2013-14,1773.0,-0.800000011920929,-0.10000000149011612,-0.8999999761581421,-1.056741187260967,-0.4889146893444572,-1.5456558766054243,-1.565931655968116,-0.07479063651942486,-0.49162829799736874,-0.5664189345167936,-0.885212088,-1.17149387,-2.056705959,1773.0,exact
Kentavious CaldwellPope,2013-14,1583.0,-0.8999999761581421,0.20000000298023224,-0.699999988079071,-1.417837898884877,1.3251664131811596,-0.09267148570371742,-0.6236006327798106,-1.7140367115682231,0.32086129271261316,-1.39317541885561,-1.029033748,0.330382394,-0.698651353,1583.0,exact
Kenneth Faried,2013-14,2178.0,1.2000000476837158,-2.4000000953674316,-1.2000000476837158,0.6386541546364949,-0.3780309339303635,0.26062322070613136,0.6651644939718558,-0.28202538699285046,-0.8740256713492205,-1.156051058342071,0.854906076,-0.003391019,0.851515057,2178.0,exact
Maurice Harkless,2013-14,1950.0,-1.399999976158142,0.4000000059604645,-1.0,-0.9839197109689444,0.3512805966487487,-0.6326391143201957,-0.933924219709909,-1.6864435322069753,-0.18389586272938702,-1.8703393949363623,-1.337489307,0.677705426,-0.659783881,1950.0,exact
Brandon Knight,2013-14,2400.0,0.8999999761581421,-2.299999952316284,-1.2999999523162842,1.1089100958661435,-2.114232533292061,-1.0053224374259175,-1.161453871345875,1.5814955408904814,-2.3454048811465467,-0.7639093402560653,0.304074216,-1.9366699349999998,-1.63259572,2400.0,exact
Ian Mahinmi,2013-14,1248.0,-3.700000047683716,3.5,-0.20000000298023224,-3.216418849199776,3.301497448713461,0.08507859951368513,-0.6016681558602922,-1.922561904724771,3.8432938685658247,1.9207319638410536,-3.043321989,2.141641448,-0.9016805409999998,1248.0,exact
JR Smith,2013-14,2421.0,1.7999999523162842,-3.0999999046325684,-1.399999976158142,1.8603273098726243,-1.9833045729755423,-0.12297726310291801,-0.067525456438642,2.7440278652656587,-2.022826433256501,0.7212014320091575,1.04687119,-1.243672178,-0.196800988,2421.0,exact
Kyle OQuinn,2013-14,1188.0,-1.7000000476837158,1.600000023841858,-0.10000000149011612,-1.8589988227704062,1.7789542630939401,-0.08004455967646606,0.20324343616038665,-1.0447501394523537,-0.10949803602628101,-1.1542481754786347,-2.022208194,2.431897916,0.409689722,1188.0,exact
Gerald Wallace,2013-14,1416.0,-2.0999999046325684,1.600000023841858,-0.5,-1.816361581194519,1.7620250466910827,-0.05433653450343634,-0.3216589010884289,-1.9128586872059463,0.3633602264905236,-1.5494984607154227,-1.536091159,1.141583034,-0.394508124,1416.0,exact
Marvin Williams,2013-14,1674.0,0.800000011920929,-1.7000000476837158,-0.8999999761581421,0.7353347071504235,-0.7430549308545066,-0.007720223704083096,-0.2775376953232677,-0.06792765888301742,-0.8168543526034038,-0.8847820114864212,-0.227494,-0.129843349,-0.35733735,1674.0,exact
Brandan Wright,2013-14,1077.0,1.7000000476837158,-1.399999976158142,0.30000001192092896,1.1935001586433407,-0.7619798205260886,0.4315203381172521,1.2310444704071914,-1.5930525126334323,-0.5144363996992525,-2.107488912332685,4.192872426,-0.300952618,3.891919807,1077.0,exact
Jordan Hill,2013-14,1500.0,-0.5,-0.30000001192092896,-0.800000011920929,-1.5976977433564492,-0.3003395254716039,-1.8980372688280531,-1.8253172377173668,-1.1574704477926032,-0.6972763159984203,-1.8547467637910235,-0.4502330480000001,-1.170471245,-1.6207042930000002,1500.0,exact
Kevin Martin,2013-14,2177.0,0.699999988079071,-2.0999999046325684,-1.399999976158142,1.9136241949558972,-1.5224416208465783,0.3911825741093189,0.20630794024037355,0.6545797722387514,-1.1199264871551657,-0.46534671491641433,1.641862679,-0.697320826,0.9445418540000001,2177.0,exact
Mirza Teletovic,2013-14,1396.0,1.600000023841858,-2.200000047683716,-0.6000000238418579,1.0498821158693488,-1.9273074110635509,-0.8774252951942021,-1.9169906715931957,1.4160919682733233,-0.707547867863866,0.7085441004094573,-0.011294613,-1.5414167779999999,-1.5527113910000003,1396.0,fuzzy
Jason Thompson,2013-14,2007.0,-1.5,0.30000001192092896,-1.2999999523162842,-1.7473656213569775,0.6342343234305217,-1.1131312979264558,-0.7456446630857531,-1.6008911295360673,0.22018345912696924,-1.3807076704090981,-2.247605733,0.25703544,-1.990570293,2007.0,exact
Dion Waiters,2013-14,2072.0,-0.5,-0.800000011920929,-1.2999999523162842,-0.19043218222251723,-0.5074087864324759,-0.6978409686549931,-0.8098578706492189,0.03303342160269004,-0.33850162642541004,-0.30546820482272,-0.185814215,-0.444933552,-0.630747767,2072.0,exact
Elton Brand,2013-14,1414.0,-1.600000023841858,0.800000011920929,-0.800000011920929,-2.7060350222823657,0.4785656939376553,-2.2274693283447102,-1.4674215309444076,-2.7060717785079977,0.3911018322501636,-2.3149699462578344,-1.893956935,1.31845448,-0.575502455,1414.0,exact
Steve Blake,2013-14,1498.0,-0.699999988079071,-0.30000001192092896,-1.0,-1.4799302840206856,-0.9693124606365408,-2.4492427446572265,-2.2277869946406703,0.4778785668851714,-0.5234086445822327,-0.0455300776970613,-1.354568770477303,-0.5462811722923899,-1.900849942769693,1498.0,exact
Shawn Marion,2013-14,2409.0,-1.5,-0.20000000298023224,-1.7000000476837158,-1.3273235749004968,-0.5160637536085296,-1.8433873285090265,-1.5487098872555878,-1.325424054566044,-0.9073061418551875,-2.2327301964212314,-0.2557110409999999,-0.363106033,-0.618817073,2409.0,exact
Arron Afflalo,2013-14,2552.0,1.2000000476837158,-3.0,-1.7999999523162842,1.0386366292497824,-2.9028886972131414,-1.864252067963359,-2.683048188845392,1.389012035048821,-1.630662075238039,-0.24165004018921787,1.209397128,-2.081711931,-0.872314803,2552.0,exact
Aaron Brooks,2013-14,1557.0,0.5,-1.7999999523162842,-1.2999999523162842,0.040925574908043084,-1.6180005327116065,-1.5770749578035634,-1.7597683533900375,1.348533967613194,-1.1463925407296398,0.2021414268835542,-0.7006623501310213,-1.5544285430462428,-2.255090893637123,1557.0,exact
Jordan Crawford,2013-14,1859.0,0.4000000059604645,-1.899999976158142,-1.5,-0.387017854760552,-2.015954111316079,-2.4029719660766307,-2.4208011086673866,1.808729303563458,-0.9736050925393186,0.8351242110241394,-0.2580967838079613,-1.4980699947649272,-1.7561667785728887,1859.0,exact
Dante Cunningham,2013-14,1635.0,-1.5,0.20000000298023224,-1.2999999523162842,-1.8987785019690862,0.191284446065718,-1.7074940559033682,-1.470613638637597,-2.2438611859586177,0.6973055249117187,-1.5465556610468991,-1.798016959,0.64342481,-1.15459215,1635.0,exact
Kevin Garnett,2013-14,1109.0,-4.199999809265137,3.5,-0.699999988079071,-4.380365145311322,3.1270379380665005,-1.2533272072448218,-0.8305995072284,-2.654990365364295,2.36332483180931,-0.29166553355498515,-3.107495439,1.758557208,-1.348938231,1109.0,exact
Amare Stoudemire,2013-14,1466.0,-0.8999999761581421,-0.20000000298023224,-1.2000000476837158,-0.9599561865601091,-1.386567967949567,-2.346524154509676,-2.1446594396042555,-1.0713641088946462,-1.0445548486361373,-2.1159189575307833,0.855625282,-2.846715146,-1.991089864,1466.0,exact
Martell Webster,2013-14,2157.0,0.8999999761581421,-2.5,-1.600000023841858,0.9046749436826863,-1.5376576288077883,-0.632982685125102,-1.2319244829074758,0.3605783960718294,-1.1580960696598377,-0.7975176735880083,0.170936913,-1.159056499,-0.988119586,2157.0,exact
Steven Adams,2013-14,1197.0,-1.0,0.10000000149011612,-1.0,-1.3730835204098615,1.204710968172326,-0.16837255223753544,-0.6051472922805742,-0.3302903143032305,1.5334863442175202,1.2031960299142896,-2.274075054,0.646102609,-1.627972445,1197.0,exact
Trey Burke,2013-14,2262.0,0.4000000059604645,-2.200000047683716,-1.7999999523162842,1.4604188611938105,-2.4743306797945617,-1.0139118186007512,-1.900751213281076,2.510571576327253,-2.488810405790729,0.021761170536524155,-0.431455432,-1.984551586,-2.416007018,2262.0,exact
Gerald Henderson,2013-14,2461.0,-1.600000023841858,-0.20000000298023224,-1.7999999523162842,-1.3911944360531276,0.14433800830546026,-1.2468564277476675,-0.8497874908765738,-0.39191940369928685,0.5027759148300075,0.11085651113072065,-1.064093685,0.343029088,-0.721064597,2461.0,exact
Kelly Olynyk,2013-14,1400.0,0.0,-1.2000000476837158,-1.2000000476837158,-0.10157512246193338,-0.20680152313206868,-0.3083766455940021,-0.3151537547619168,-1.4636108448613911,-0.24253423762241344,-1.7061450824838045,-0.042813145,-0.589569227,-0.632382371,1400.0,exact
Zaza Pachulia,2013-14,1325.0,-1.5,0.30000001192092896,-1.2000000476837158,-1.1840537036596228,-0.428775279754891,-1.6128289834145138,-1.7371910405562512,-0.47713872407984603,-1.129612481814084,-1.60675120589393,-0.22976418899999998,-1.096241953,-1.326006142,1325.0,exact
Phil Pressey,2013-14,1132.0,-1.899999976158142,0.8999999761581421,-1.0,-2.610660931473995,0.8273628159859759,-1.783298115488019,-1.2801967078839918,-1.1753983837641915,0.7755290833423754,-0.3998693004218161,-2.469752569,1.553010437,-0.9167421319999999,1132.0,exact
Austin Rivers,2013-14,1339.0,-0.30000001192092896,-0.8999999761581421,-1.2000000476837158,-0.030270751712253432,-1.4739503042392608,-1.5042210559515141,-1.8210353826183974,-0.16553769990988673,-1.4129699813142924,-1.5785076812241792,-1.374566201,-1.245879826,-2.620446027,1339.0,exact
Brian Roberts,2013-14,1667.0,-0.699999988079071,-0.800000011920929,-1.5,-0.1866024584306892,-1.8564836496477273,-2.0430861080784166,-2.503059486241137,1.4007564440224671,-1.1895574871705445,0.21119895685192258,-0.263381076,-2.5490417459999994,-2.812422822,1667.0,exact
Ramon Sessions,2013-14,2214.0,0.6000000238418579,-2.4000000953674316,-1.7999999523162842,0.5309624242544145,-2.66449930113812,-2.1335368768837055,-1.9072162408514013,-0.33277294068855623,-0.46344711443763975,-0.796220055126196,0.3496442587723577,-1.4980876827682925,-1.1484434245853659,2214.0,exact
Thaddeus Young,2013-14,2718.0,-0.800000011920929,-1.2000000476837158,-2.0,-0.4037471230192551,-0.4380688021257557,-0.8418159251450108,-1.3833847606939491,-0.13156926097565796,-0.9452587287584465,-1.0768279897341044,0.033512124,0.010142502,0.043654626,2718.0,exact
Richard Jefferson,2013-14,2213.0,-0.30000001192092896,-1.600000023841858,-2.0,-0.3861866478417193,-1.9766595435165175,-2.362846191358237,-2.4658835846755918,-0.5588286297994487,-2.7147088446577925,-3.273537474457241,0.032295751,-2.048010887,-2.015715136,2213.0,exact
Ryan Kelly,2013-14,1312.0,0.5,-1.899999976158142,-1.2999999523162842,-0.5521300126003913,-0.6617221700964199,-1.2138521826968112,-0.39548877716070696,-1.379001741188056,-0.7419924183926154,-2.1209941595806714,-0.9924830669999999,-0.400471252,-1.392954319,1312.0,exact
Miles Plumlee,2013-14,1964.0,-3.4000000953674316,1.600000023841858,-1.7999999523162842,-3.7673538932283663,1.8123899377600292,-1.9549639554683371,-0.8656679432658357,-2.509272335819431,1.437204787153217,-1.0720675486662141,-1.5770952180000002,0.59012097,-0.986974248,1964.0,exact
Tayshaun Prince,2013-14,1948.0,-3.0999999046325684,1.2999999523162842,-1.7999999523162842,-2.296806543690168,0.44406147905708204,-1.852745064633086,-1.3852945749663161,-1.9010969551767054,1.1071565837496076,-0.7939403714270978,-1.997163523,-0.22282113,-2.219984653,1948.0,exact
Cody Zeller,2013-14,1416.0,-1.399999976158142,-0.20000000298023224,-1.600000023841858,-2.5899847391290454,0.5803524478670227,-2.009632291262023,-2.205654948457298,-1.4953772429531444,1.2495583548488143,-0.24581888810433017,-2.275523026,0.377519721,-1.898003305,1416.0,exact
Tobias Harris,2013-14,1850.0,0.0,-1.899999976158142,-1.899999976158142,0.08183827653566755,-1.1186114097118636,-1.036773133176196,-2.0299208553872057,-0.5481468077117106,-0.3028140624219785,-0.8509608701336892,-0.241902407,-0.660348473,-0.90225088,1850.0,exact
Ersan Ilyasova,2013-14,1478.0,-2.4000000953674316,0.699999988079071,-1.7000000476837158,-1.9300380265758772,0.7340430169816953,-1.1959950095941818,-0.9793585312368629,-1.2953569473159612,-0.4419878092204887,-1.73734475653645,-0.9245790530000001,-1.086715949,-2.011295002,1478.0,fuzzy
DeJuan Blair,2013-14,1214.0,-1.600000023841858,-0.10000000149011612,-1.600000023841858,-1.5790725439399413,0.7155425571814823,-0.863529986758459,-0.4562346020346246,-2.0279676975395473,0.32866788235464517,-1.6992998151849021,-0.204951478,0.164337433,-0.040614045,1214.0,exact
Darrell Arthur,2013-14,1161.0,-3.5999999046325684,1.899999976158142,-1.7000000476837158,-2.8814237251368398,1.7958402550545467,-1.085583470082293,-0.9691636265207543,-2.3867357341889543,1.2088024078832507,-1.1779333263057037,-2.557605062,0.882476579,-1.675128484,1161.0,exact
Francisco Garcia,2013-14,1083.0,-0.4000000059604645,-1.399999976158142,-1.7999999523162842,-1.3960563480573656,0.06734327062801643,-1.3287130774293492,-1.4673605547392785,-1.3011420447215059,-0.3186558409165703,-1.6197978856380761,-0.945355958,-0.53413478,-1.479490738,1083.0,exact
Mason Plumlee,2013-14,1275.0,-1.100000023841858,-0.8999999761581421,-2.0,-0.4345070703055945,-0.9337102832862186,-1.3682173535918132,-1.8053635218205695,-1.5159254652842309,-0.22621177780282942,-1.7421372430870603,0.99072292,0.24382492299999997,1.234547843,1275.0,exact
Norris Cole,2013-14,2014.0,-2.0,-0.30000001192092896,-2.4000000953674316,-2.0787145136667013,-1.1410321964920482,-3.2197467101587494,-2.00478661720569,-1.2321579086716696,-0.8647692024200375,-2.0969271110917074,-2.59483582,-0.324762405,-2.919598225,2014.0,exact
Evan Fournier,2013-14,1503.0,-1.399999976158142,-0.800000011920929,-2.200000047683716,-0.9759445231740406,-0.9817313593482804,-1.957675882522321,-1.399957695511332,-0.8669899674047722,-0.7067898990724454,-1.5737798664772176,-1.124457154,-0.93360666,-2.058063813,1503.0,exact
Mo Williams,2013-14,1834.0,-0.800000011920929,-1.600000023841858,-2.299999952316284,0.057315793587093794,-1.3564592280373322,-1.2991434344502384,-1.2738641413480714,1.4596688773529236,-1.4801074165072807,-0.020438539154357116,-0.767221565,-1.218489852,-1.985711417,1834.0,exact
Andrea Bargnani,2013-14,1257.0,-2.9000000953674316,0.6000000238418579,-2.299999952316284,-2.8617983878720508,-0.7927408077635096,-3.6545391956355604,-3.03386961684704,-2.3523039675761255,-0.7611265697051484,-3.113430537281274,-1.023874759,-2.093255951,-3.11713071,1257.0,exact
Jerryd Bayless,2013-14,1686.0,0.10000000149011612,-2.4000000953674316,-2.4000000953674316,0.24044093206197611,-2.243044149134461,-2.002603217072485,-1.305763008982422,0.4602505655154527,-1.996465715089709,-1.5362151495742562,-1.1931320437093713,-0.5174280962550415,-1.7105601405788848,1686.0,exact
Pau Gasol,2013-14,1884.0,-1.7000000476837158,-0.800000011920929,-2.4000000953674316,-1.1144722930793494,-0.8432667358481956,-1.957739028927545,-2.374307170238933,-0.3080530825758684,-1.2159214617195098,-1.523974544295378,-0.3988843490000001,-1.058629036,-1.457513385,1884.0,exact
Jarrett Jack,2013-14,2252.0,-1.7000000476837158,-0.800000011920929,-2.5,-1.057831832246013,-1.4155553945061659,-2.4733872267521786,-2.662415071612601,1.0024302479249432,-0.740643193550518,0.2617870543744252,-1.661466167,-0.858768673,-2.52023484,2252.0,exact
Mike Miller,2013-14,1707.0,0.6000000238418579,-3.0,-2.4000000953674316,0.46141191371277523,-2.624159506119646,-2.1627475924068706,-2.5407101536741754,-0.7932742506839344,-1.7338345260801438,-2.527108776764078,0.207644854,-1.9052782200000002,-1.697633365,1707.0,exact
Jameer Nelson,2013-14,2179.0,1.2000000476837158,-3.700000047683716,-2.4000000953674316,1.2243263819128052,-2.9464055185493554,-1.7220791366365502,-2.1184947028887358,1.6644585257769346,-2.2877868763562716,-0.623328350579337,-0.230648501,-1.41443945,-1.645087951,2179.0,exact
JJ Barea,2013-14,1471.0,-0.8999999761581421,-1.7000000476837158,-2.5,-1.5921099986935554,-1.119790747541691,-2.7119007462352465,-2.759319710508786,-0.4154313801944812,-0.8970787696645295,-1.3125101498590106,-2.163094305,-2.647964121,-4.811058425,1471.0,exact
Bismack Biyombo,2013-14,1072.0,-3.4000000953674316,1.100000023841858,-2.4000000953674316,-2.9948168374285538,1.485699915377423,-1.5091169220511307,-3.154824375840407,-2.4988674286943713,1.4126574960765852,-1.086209932617786,-3.713768432,1.843950581,-1.869817851,1072.0,exact
Trevor Booker,2013-14,1553.0,0.20000000298023224,-2.700000047683716,-2.5,0.4139964142829234,-1.0430713454978797,-0.6290749312149564,-1.3050978469244656,-1.8810394882053707,-0.7714854169761257,-2.6525249051814965,-1.021447581,0.09100097399999998,-0.930446606,1553.0,exact
John Salmons,2013-14,1726.0,-2.299999952316284,-0.20000000298023224,-2.5,-1.996126676913154,0.029826427417516316,-1.9663002494956376,-2.295283726861216,-1.0950979002197374,0.4300328425921627,-0.6650650576275747,-1.6187362306355735,-0.0287883927728853,-1.6475246234084588,1726.0,exact
Travis Outlaw,2013-14,1065.0,-1.399999976158142,-1.2999999523162842,-2.700000047683716,-1.9179976894236932,-1.2810631654903288,-3.199060854914022,-3.068194895886183,-0.6194486882884991,-0.5500367700951042,-1.1694854583836034,-1.210464051,-1.283248548,-2.493712599,1065.0,exact
Lou Williams,2013-14,1445.0,1.2000000476837158,-4.0,-2.799999952316284,1.0177495606697844,-3.215827880010138,-2.198078319340354,-2.7917298868904687,1.5882695109352585,-2.1344486053138194,-0.5461790943785609,-0.599783966,-1.680135857,-2.279919823,1445.0,exact
Glen Davis,2013-14,1662.0,-3.299999952316284,0.4000000059604645,-2.9000000953674316,-3.0678529956589777,-0.08120517922342967,-3.1490581748824074,-2.8351351545971455,-2.0825912078297515,1.8831175872347177,-0.19947362059503382,-1.788349308788207,-0.03012531194825512,-1.818474621551143,1662.0,exact
Lavoy Allen,2013-14,1072.0,-2.700000047683716,-0.4000000059604645,-3.0999999046325684,-3.918314282091613,-1.607657647010053,-5.525971929101666,-5.107787563272441,-2.1387625867542117,-0.6547875919627524,-2.793550178716964,-2.4877962859850746,-0.5745763874029852,-3.06237267338806,1072.0,exact
Kendrick Perkins,2013-14,1207.0,-4.800000190734863,1.7000000476837158,-3.0999999046325684,-3.931447937341815,2.043353439332838,-1.8880944980089773,-3.201428351712988,-1.8839011391343832,1.424775805697453,-0.45912533343693007,-4.299442744,-0.123642964,-4.423085708,1207.0,exact
JJ Hickson,2013-14,1859.0,-3.0999999046325684,-0.10000000149011612,-3.200000047683716,-2.4707045964801804,-0.49530135011398274,-2.966005946594163,-2.437819803078568,-1.8519692337807026,0.14456951512074134,-1.7073997186599612,-1.302053435,-0.369788283,-1.671841717,1859.0,exact
OJ Mayo,2013-14,1346.0,-1.2999999523162842,-2.0999999046325684,-3.4000000953674316,-2.329671123331725,-1.890322951347696,-4.219994074679422,-4.605170179533778,-1.1425388437268151,-1.7039304218682298,-2.846469265595045,-1.6256432209999998,-2.59320623,-4.218849451,1346.0,exact
Brandon Bass,2013-14,2266.0,-2.0999999046325684,-1.2000000476837158,-3.200000047683716,-1.9985260831716694,-0.7658447474204979,-2.764370830592167,-3.1317134170437098,-1.3413942063608943,-0.43040878818044426,-1.7718029945413387,-0.950845373,-0.922113358,-1.872958731,2266.0,exact
Luis Scola,2013-14,1399.0,-3.299999952316284,0.0,-3.4000000953674316,-3.048744500175632,0.9517497265553049,-2.0969947736203274,-2.3050866311516898,-2.4107208045123385,2.237406758259295,-0.17331404625304359,-3.122054939,0.327041211,-2.795013728,1399.0,exact
Tony Snell,2013-14,1231.0,-2.799999952316284,-0.800000011920929,-3.5999999046325684,-2.614250854710783,-1.1535064848642897,-3.7677573395750725,-4.6555200907464025,-1.3635568511472735,0.11974042650017225,-1.2438164246471013,-3.205402412,-0.087739146,-3.293141559,1231.0,exact
Caron Butler,2013-14,1419.0,-1.399999976158142,-2.0999999046325684,-3.5999999046325684,-0.415157814977179,-1.640669673054204,-2.055827488031383,-1.4019960426977907,0.2559721613833456,-1.1629870939179292,-0.9070149325345835,-0.7249696602008457,-0.7548934234897815,-1.4798630836906272,1419.0,exact
Eric Gordon,2013-14,2057.0,0.6000000238418579,-3.9000000953674316,-3.299999952316284,-0.33534962431249377,-3.563390165659816,-3.8987397899723097,-3.570524566490531,-0.12583439021213755,-3.222952315692221,-3.3487867059043586,0.717395395,-1.820686876,-1.103291481,2057.0,exact
John Henson,2013-14,1856.0,-2.4000000953674316,-1.0,-3.4000000953674316,-2.495290962624933,-0.9555452600642028,-3.450836222689136,-2.9835843043732506,-1.9544387885017493,-1.2131610732969176,-3.167599861798667,-1.281537501,-0.269770975,-1.551308475,1856.0,exact
Luke Ridnour,2013-14,1141.0,-1.600000023841858,-2.200000047683716,-3.799999952316284,-0.4641052196498463,-2.782436207952108,-3.2465414276019544,-2.618872174257915,-0.8862269865879562,-2.4464893866662476,-3.332716373254204,-2.6915382667361962,-1.5349438529386503,-4.226482119674847,1141.0,exact
Robert Sacre,2013-14,1089.0,-4.0,0.20000000298023224,-3.799999952316284,-4.345648745838321,-0.1669631403951631,-4.512611886233484,-2.7758075974344174,-3.119003868099926,-0.6282665638306283,-3.7472704319305543,-1.937967349,-0.894070645,-2.832037994,1089.0,exact
Hollis Thompson,2013-14,1742.0,-0.4000000059604645,-3.0,-3.4000000953674316,-0.16595827578281408,-1.7704411458751157,-1.9363994216579297,-2.217062632974038,-1.7784218386514625,-1.9758355238234298,-3.7542573624748923,-1.21841375,-1.474867542,-2.693281292,1742.0,exact
James Anderson,2013-14,2309.0,-2.0,-1.399999976158142,-3.4000000953674316,-1.3091424592233107,-1.461519173048921,-2.7706616322722315,-2.8927808992017123,-0.8224028815233659,-1.742742743000819,-2.565145624524185,-1.471513204,-0.70598685,-2.177500054,2309.0,exact
Wesley Johnson,2013-14,2240.0,-2.200000047683716,-1.2000000476837158,-3.4000000953674316,-2.2402467961234587,-0.6479181667889716,-2.8881649629124304,-2.9536282681423423,-1.2675048172418748,-1.2992794343165193,-2.566784251558394,-1.658294745,-0.070877012,-1.729171757,2240.0,exact
Rodney Stuckey,2013-14,1950.0,-1.0,-2.4000000953674316,-3.4000000953674316,-0.2622505018701676,-2.7337795616560228,-2.9960300635261903,-2.6733240764916624,-0.18671660847242028,-2.3513628845673997,-2.53807949303982,-0.187066413,-1.972379304,-2.159445718,1950.0,exact
Kendall Marshall,2013-14,1564.0,0.5,-4.300000190734863,-3.799999952316284,-0.5357104883763696,-3.507343298319474,-4.043053786695844,-3.719181164394333,0.3246269718507033,-2.7496846949238094,-2.425057723073106,-0.369868978,-1.421843486,-1.791712463,1564.0,exact
Tony Wroten,2013-14,1765.0,-2.299999952316284,-1.5,-3.799999952316284,-2.4951440552073545,-1.4601143202641769,-3.9552583754715314,-5.040634728345345,-0.6286072409516791,-1.8181441560456928,-2.4467513969973718,-3.202272701,-1.559211525,-4.761484226,1765.0,exact
Tristan Thompson,2013-14,2594.0,-0.699999988079071,-2.799999952316284,-3.5,-0.7684013455923578,-1.1736846702965833,-1.942086015888941,-1.9068576932919152,-0.5211520375404983,-1.2212942029221243,-1.7424462404626226,-0.912610309,-0.645710442,-1.558320752,2594.0,exact
Andrew Nicholson,2013-14,1174.0,-3.700000047683716,-0.800000011920929,-4.5,-3.6690184274176474,0.1637776586489145,-3.505240768768733,-3.3946032640871695,-2.0171278671811326,0.49991207965502626,-1.5172157875261063,-3.7544394429999994,-0.995836646,-4.750276089,1174.0,exact
Gary Neal,2013-14,1114.0,-0.30000001192092896,-4.699999809265137,-5.0,-0.19197288429814838,-3.4779538976651714,-3.6699267819633197,-3.7620944839137955,0.06453271512619158,-2.842480060028982,-2.7779473449027905,-0.6943953102666068,-2.455664379884201,-3.150059690150808,1114.0,exact
Derrick Williams,2013-14,1820.0,-2.0,-2.200000047683716,-4.199999809265137,-1.6250421524321286,-1.3084342670925093,-2.933476419524638,-2.6699752858922614,-1.7818591559466286,-0.8150571559047537,-2.5969163118513823,-1.0914209293021977,-0.7790221729879121,-1.87044310229011,1820.0,exact
Jeff Green,2013-14,2805.0,-1.600000023841858,-2.200000047683716,-3.799999952316284,-0.8942773953517569,-1.0680462262077646,-1.9623236215595214,-2.284669772039293,0.48424422308003834,-1.1649066937101245,-0.6806624706300861,-0.806130544,-1.108074065,-1.9142046099999999,2805.0,exact
Mike Scott,2013-14,1482.0,-1.7999999523162842,-2.9000000953674316,-4.699999809265137,-1.3136421589129221,-2.265200809118007,-3.578842968030929,-3.9292013637325502,-0.7941892432416657,-1.3718594280445449,-2.1660486712862106,-0.655472659,-2.233814236,-2.889286895,1482.0,exact
Harrison Barnes,2013-14,2204.0,-3.5999999046325684,-0.6000000238418579,-4.199999809265137,-2.5200755460616135,-0.35884116778721636,-2.87891671384883,-2.5481343691810348,-1.396962117618175,0.32532521850401586,-1.0716368991141592,-1.9139598119999999,-0.478059229,-2.392019042,2204.0,exact
Evan Turner,2013-14,2457.0,-2.0999999046325684,-1.899999976158142,-4.0,-1.806269755270068,-2.4034417419397682,-4.209711497209836,-3.47667235667411,-0.9094846913268755,-1.5609658838423832,-2.4704505751692585,-1.2044287990577942,-1.1042943907269027,-2.3087231900170937,2457.0,exact
Tim Hardaway Jr.,2013-14,1875.0,0.0,-5.5,-5.599999904632568,0.002846346281006463,-3.176846528224429,-3.1740001819434225,-2.89271715363779,0.028782401917763642,-2.3159875538138373,-2.2872051518960737,0.326733755,-2.438640137,-2.111906383,1875.0,exact
Elliot Williams,2013-14,1157.0,-3.5,-3.700000047683716,-7.199999809265137,-3.626649809122292,-2.1881799295813167,-5.814829738703608,-4.974749076141716,-2.6677594774891746,-2.480478857915139,-5.148238335404313,-2.870801019,-2.086981539,-4.957782558,1157.0,exact
Carlos Boozer,2013-14,2141.0,-4.300000190734863,-1.2999999523162842,-5.699999809265137,-2.6752643934867635,-0.256820616788181,-2.9320850102749443,-2.6114129878734347,-2.168723051964829,0.8570769699099289,-1.3116460820548999,-3.010388297,0.708762389,-2.301625908,2141.0,exact
Ben McLemore,2013-14,2187.0,-1.899999976158142,-3.700000047683716,-5.599999904632568,-1.7418981611520794,-1.8284780281306918,-3.5703761892827712,-3.2337004167054775,-0.41325116089341246,-2.0806518661105837,-2.4939030270039964,-2.465738785,-1.144964055,-3.610702839,2187.0,exact
Chris Paul,2014-15,2857.0,8.5,2.0999999046325684,10.600000381469727,7.350979193064188,0.6317778921691652,7.982757085233354,7.41502813912368,6.914056556192414,-0.29959945521946646,6.614457100972948,6.991454783,1.282256462,8.273711245,2857.0,exact
James Harden,2014-15,2981.0,7.699999809265137,0.10000000149011612,7.699999809265137,7.686357769829812,0.12721550808884416,7.813573277918656,7.222710923799571,4.391078259839573,-0.6228856011065297,3.7681926587330437,5.711330007,0.839636712,6.550966719,2981.0,exact
Anthony Davis,2014-15,2455.0,4.300000190734863,4.5,8.800000190734863,3.3628954502862545,3.3078007194787786,6.6706961697650335,6.634287146444282,0.06141886671966648,1.3437097246166325,1.405128591336299,5.106533393,2.860051804,7.966585197,2455.0,exact
Kawhi Leonard,2014-15,2033.0,3.700000047683716,5.199999809265137,8.899999618530273,2.6738849536333515,3.4230452292224327,6.096930182855784,6.307702217343426,0.72178073316352,3.382300385558198,4.104081118721718,3.438803238,4.469232873,7.908036111,2033.0,exact
Draymond Green,2014-15,2490.0,1.5,5.099999904632568,6.5,1.5568709761859687,4.853110927297028,6.409981903482996,6.16320216488424,0.008077873516822098,4.064472033618865,4.072549907135688,0.797952346,3.750312785,4.548265131,2490.0,exact
Danny Green,2014-15,2312.0,3.0999999046325684,3.0,6.099999904632568,1.9240131184563196,2.5002466719350402,4.42425979039136,3.4361064102039856,0.8820370717647322,2.1035343865263076,2.98557145829104,1.515183779,2.717615925,4.232799704,2312.0,exact
Kyrie Irving,2014-15,2730.0,5.5,-0.8999999761581421,4.599999904632568,5.233815098411047,-0.9948563835787209,4.238958714832326,4.4107799964216285,2.6935730464275753,-0.6835624513815526,2.0100105950460225,4.133279484,-0.136340844,3.99693864,2730.0,exact
DeAndre Jordan,2014-15,2820.0,3.4000000953674316,1.2000000476837158,4.599999904632568,2.3676034843294507,2.1799191992561537,4.547522683585605,4.56775022670499,1.8148384538150197,0.5370337819699798,2.3518722357849997,1.154748243,3.154767515,4.309515758,2820.0,exact
Klay Thompson,2014-15,2455.0,4.300000190734863,1.0,5.300000190734863,4.379856683434344,1.2331936943241402,5.613050377758484,4.369333822535541,2.1478248473251447,1.2974866510911334,3.4453114984162783,4.002467669,0.73681095,4.739278618,2455.0,exact
LeBron James,2014-15,2493.0,5.300000190734863,-0.10000000149011612,5.099999904632568,6.410413829628936,0.4538360564698644,6.864249886098801,6.719763886234781,2.994272235007048,-0.7538399763834196,2.2404322586236285,5.623461006,1.0405244,6.663985405,2493.0,exact
Russell Westbrook,2014-15,2302.0,6.099999904632568,-0.5,5.599999904632568,6.115104127630379,-0.6029441234295517,5.512160004200827,4.851783007137022,4.587166141719358,-1.1171392703561371,3.4700268713632205,5.021830249,0.68595289,5.707783139,2302.0,exact
Marc Gasol,2014-15,2687.0,1.399999976158142,2.5999999046325684,4.0,1.388193999977755,1.3318140825906208,2.720008082568376,1.7364084399920408,1.3464086627813634,0.7800718962618514,2.1264805590432148,1.491409859,1.307330595,2.798740454,2687.0,exact
Kyle Korver,2014-15,2418.0,4.599999904632568,0.10000000149011612,4.599999904632568,2.577026306803406,0.552003260902763,3.129029567706169,2.592603464960337,0.981718083826911,1.1054433609088863,2.087161444735797,2.000083732,0.826868267,2.826951998,2418.0,exact
Khris Middleton,2014-15,2378.0,1.7000000476837158,3.0999999046325684,4.800000190734863,1.8114777875107428,2.54616989600866,4.357647683519403,4.251487352369185,0.4100927348964347,2.3140818989571477,2.7241746338535826,1.842083733,2.071061171,3.913144904,2378.0,exact
LaMarcus Aldridge,2014-15,2512.0,2.4000000953674316,1.899999976158142,4.300000190734863,2.044929662711207,0.47213347504467923,2.517063137755886,2.7413025778352993,1.2072529556232232,0.6410221208082665,1.8482750764314897,2.333556738,0.639336579,2.972893317,2512.0,exact
DeMarcus Cousins,2014-15,2013.0,0.8999999761581421,4.400000095367432,5.400000095367432,-0.185576060533199,3.7390996372047094,3.5535235766715103,4.878702191053889,0.7892931370002816,2.1740679145898785,2.96336105159016,1.202993655,1.951034212,3.154027867,2013.0,exact
Gordon Hayward,2014-15,2618.0,3.200000047683716,0.20000000298023224,3.4000000953674316,3.2148243176078495,-0.04764832273209713,3.1671759948757523,2.8637120790007917,2.340699136719196,-0.4204894637052753,1.9202096730139204,3.009378213,0.279085933,3.288464146,2618.0,exact
Kyle Lowry,2014-15,2414.0,3.299999952316284,0.6000000238418579,3.9000000953674316,2.8234359953379644,0.7668957840098422,3.5903317793478067,3.5869489969289994,3.295184323398998,-0.1763106364389488,3.1188736869600495,2.479534296,-0.004920027,2.474614269,2414.0,exact
Eric Bledsoe,2014-15,2800.0,1.7000000476837158,1.2000000476837158,2.9000000953674316,1.4323707848789617,1.4084806972085033,2.840851482087465,2.1634491586728775,1.1726400168040891,0.1664734262945025,1.3391134430985916,0.8294439489999998,0.58841201,1.417855959,2800.0,exact
Damian Lillard,2014-15,2925.0,4.0,-1.2999999523162842,2.700000047683716,4.403613863263942,-0.9042596182190744,3.499354245044868,3.5062759127070855,2.9113547821101564,-0.538406389401209,2.372948392708947,2.922524294,0.140815764,3.063340059,2925.0,exact
Kevin Love,2014-15,2532.0,1.7000000476837158,1.600000023841858,3.200000047683716,1.6162763036225847,1.2469167616996188,2.8631930653222035,3.116140833373325,1.4076277453885349,0.7371881808469658,2.1448159262355007,1.916043902,0.42371999200000005,2.339763894,2532.0,exact
Rudy Gobert,2014-15,2158.0,-0.699999988079071,4.800000190734863,4.099999904632568,-0.6710438247099327,4.411509857895102,3.7404660331851693,2.6682424960370974,-0.06323303059481195,3.417147126179708,3.353914095584896,0.302499974,2.77901137,3.081511344,2158.0,exact
Paul Millsap,2014-15,2390.0,1.0,2.4000000953674316,3.299999952316284,1.2946906586340086,1.7359559931439266,3.030646651777935,3.2514891056552244,0.24460189260654006,1.1264579416452933,1.3710598342518334,1.658251885,2.351143666,4.009395551,2390.0,exact
Jimmy Butler,2014-15,2513.0,3.200000047683716,-0.20000000298023224,3.0,2.8941094765700637,1.2950321200746502,4.189141596644713,4.593942163845543,1.2142553090677066,0.6344312596703002,1.8486865687380067,4.377869743,1.204255237,5.58212498,2513.0,exact
Marcin Gortat,2014-15,2453.0,-0.4000000059604645,3.5999999046325684,3.200000047683716,-1.0829689226170445,3.0629208120997355,1.979951889482691,1.9514650725462026,-1.6140983977127723,3.188856884078561,1.5747584863657886,0.511945449,1.932503913,2.444449363,2453.0,exact
JJ Redick,2014-15,2409.0,2.5,0.699999988079071,3.200000047683716,2.7297816366090615,0.05011951836702505,2.7799011549760864,2.109093798336126,0.4000200349363735,0.26299679215362337,0.6630168270899969,3.356079865,-1.366216267,1.989863598,2409.0,exact
John Wall,2014-15,2837.0,2.0999999046325684,0.0,2.0,2.02644528213906,1.3009227985233538,3.3273680806624135,3.3722870040423785,3.5127701214729723,1.1813036518632027,4.694073773336175,1.847573901,1.968174584,3.815748485,2837.0,exact
Tim Duncan,2014-15,2227.0,-0.20000000298023224,3.5,3.299999952316284,-0.24321971527655392,2.884213520944828,2.6409938056682742,2.2118283099545937,-0.2180566566381318,3.081002745220631,2.862946088582499,1.227518035,2.494200413,3.7217184469999998,2227.0,exact
Ty Lawson,2014-15,2665.0,3.799999952316284,-1.7999999523162842,2.0999999046325684,2.9096198630380097,-2.3773778694747865,0.5322419935632232,0.3505142738058695,2.75250270337844,-2.180154221807806,0.5723484815706343,3.177750656,-0.773323406,2.40442725,2665.0,exact
Wesley Matthews,2014-15,2024.0,2.299999952316284,1.2999999523162842,3.5999999046325684,1.840126347276066,1.5141114109429736,3.35423775821904,2.6848347379862525,1.121209233329959,1.5801766213647603,2.7013858546947196,2.781330652,0.857378733,3.638709385,2024.0,exact
Zach Randolph,2014-15,2304.0,1.600000023841858,1.2999999523162842,2.9000000953674316,1.150216076789949,0.9334653567136199,2.083681433503569,2.4735368377048714,0.6939129301347979,1.221725048918507,1.915637979053305,1.005634815,0.9795043649999999,1.98513918,2304.0,exact
Mike Conley,2014-15,2225.0,2.4000000953674316,0.5,2.9000000953674316,3.0197757919142507,0.10601462879074273,3.1257904207049934,2.7176571203292537,2.321616548844571,-0.022416437646816362,2.2992001111977545,1.910067483,0.335661685,2.245729168,2225.0,exact
Rudy Gay,2014-15,2408.0,3.5,-1.100000023841858,2.4000000953674316,2.4003463583315474,-1.1519661022393548,1.2483802560921926,0.8724981344560551,2.5678664971767344,-1.7835848432353563,0.7842816539413782,2.653861347,-0.754136206,1.899725142,2408.0,exact
DeMarre Carroll,2014-15,2189.0,1.899999976158142,1.0,2.9000000953674316,1.2425485585989111,0.49335580068110535,1.7359043592800165,1.8631640305735724,-0.29132364714265885,0.1629616737308595,-0.12836197341179933,1.747349256,0.767383245,2.514732501,2189.0,exact
Tyson Chandler,2014-15,2286.0,0.0,2.5999999046325684,2.5999999046325684,0.5755427978798883,2.037781958747377,2.6133247566272653,3.2345489827682052,0.11129936222649871,1.9630294206571492,2.074328782883648,1.596705169,0.684496839,2.281202008,2286.0,exact
Jeff Teague,2014-15,2228.0,2.200000047683716,0.5,2.700000047683716,2.467837720237954,0.6751632331129968,3.143000953350951,3.015760141965643,1.34161563201922,0.9461618561962789,2.287777488215499,2.719357085,1.039868674,3.759225759,2228.0,exact
Tony Allen,2014-15,1648.0,-0.5,4.800000190734863,4.300000190734863,-0.6218704608408556,4.165944570738653,3.5440741098977977,3.4882951964879285,-2.1361312634013,4.2208429139130015,2.0847116505117014,0.249681785,4.324381442,4.574063226,1648.0,exact
Lou Williams,2014-15,2016.0,5.199999809265137,-2.200000047683716,3.0,5.2624891033375985,-0.9146684185490949,4.347820684788504,4.6629765273570225,3.3351862775370873,-1.046150467006191,2.2890358105308963,4.079396204,-0.554042887,3.525353317,2016.0,exact
Nikola Mirotic,2014-15,1654.0,1.899999976158142,2.200000047683716,4.199999809265137,0.986957454775003,1.7587399738338183,2.745697428608821,2.3443764552452793,1.1819574955203271,1.8242411432984267,3.006198638818754,0.632109666,1.343520624,1.97563029,1654.0,fuzzy
Monta Ellis,2014-15,2699.0,0.699999988079071,0.800000011920929,1.399999976158142,0.7366867360194206,1.1070696287290038,1.8437563647484243,2.4429560205653273,1.5396806093502968,0.7063938040066008,2.2460744133568977,1.5181450990000003,0.298380915,1.8165260139999997,2699.0,exact
Derrick Favors,2014-15,2280.0,0.10000000149011612,2.0999999046325684,2.299999952316284,-0.5165352875983156,2.326355573047899,1.8098202854495833,1.2979478732444278,-1.4691153226046723,1.5007623543120805,0.031647031707408235,1.518614715,0.982878618,2.501493333,2280.0,exact
Blake Griffin,2014-15,2356.0,3.200000047683716,-1.2000000476837158,2.0,3.686671785843053,-0.11305119755305053,3.5736205882900025,4.311633110530954,1.321654129485196,-0.37854273184125714,0.9431113976439389,4.1929551,-0.173897767,4.019057333,2356.0,exact
Serge Ibaka,2014-15,2116.0,-0.4000000059604645,3.0,2.5999999046325684,-1.088131684526733,2.2466247889884783,1.1584931044617452,0.2658710975824669,-1.561298046042303,1.5565381563449656,-0.004759889697337316,-0.125064158,1.333044502,1.207980344,2116.0,exact
Al Horford,2014-15,2318.0,0.4000000059604645,1.600000023841858,2.0,-0.32866297802982797,1.6545499341211787,1.3258869560913507,1.5439421390305732,-0.6234719645850854,1.7030021732363796,1.0795302086512941,2.33499746,0.89540685,3.23040431,2318.0,exact
Luol Deng,2014-15,2421.0,1.7999999523162842,-0.10000000149011612,1.7000000476837158,1.3633801370765564,-0.7811891872989389,0.5821909497776174,0.08741291495711652,0.5151838787557635,-0.5239139348485716,-0.00873005609280808,1.367121635,-0.430817617,0.9363040179999998,2421.0,exact
Darren Collison,2014-15,1565.0,1.7000000476837158,2.299999952316284,4.0,1.4852170825770632,0.5043708955773007,1.989587978154364,1.7973720874904124,1.282624668683742,0.22324372359347816,1.50586839227722,2.307840743,0.211128641,2.518969384,1565.0,exact
Tyreke Evans,2014-15,2690.0,2.5999999046325684,-1.2999999523162842,1.2000000476837158,1.980219742178017,-0.6919683222493785,1.2882514199286383,1.783094215190859,0.5156928706841157,-1.1442861321629416,-0.6285932614788259,1.544169508,-0.000988306,1.543181202,2690.0,exact
George Hill,2014-15,1267.0,3.9000000953674316,1.7000000476837158,5.599999904632568,3.6610192756717286,1.465545968477324,5.126565244149052,3.494281695424382,2.162103228265861,1.5942006452524058,3.7563038735182666,3.808174056,1.274114472,5.082288527,1267.0,exact
Kemba Walker,2014-15,2119.0,1.2000000476837158,1.2000000476837158,2.4000000953674316,0.7154990328993192,0.7096124252125676,1.4251114581118869,0.216669702106008,2.5915251200769682,1.278135259543999,3.869660379620967,0.475790091,0.624152942,1.099943033,2119.0,exact
Andrew Bogut,2014-15,1583.0,-1.0,4.699999809265137,3.700000047683716,-0.39734248257308913,4.750224278554424,4.352881795981335,3.535366181295752,-0.6321739391862188,4.273484337078807,3.6413103978925885,-1.246976725,3.206753705,1.95977698,1583.0,exact
Joakim Noah,2014-15,2049.0,-0.4000000059604645,2.5999999046325684,2.200000047683716,-1.146827562040361,2.1363581381701153,0.9895305761297544,0.38203351296016397,0.3947061793295448,1.881745537664667,2.276451716994212,-0.223225625,1.010597748,0.787372123,2049.0,exact
Matt Barnes,2014-15,2271.0,1.0,0.699999988079071,1.600000023841858,1.085671831370906,0.9331829797318973,2.0188548111028033,1.9194798833717066,-0.9919065226764238,-0.3254779523282718,-1.3173844750046957,0.158245557,0.928146435,1.086391991,2271.0,exact
Anthony Morrow,2014-15,1806.0,2.700000047683716,0.10000000149011612,2.700000047683716,1.8535420951170005,0.2468124385004029,2.1003545336174034,1.9227748083339782,0.5701130015895431,-0.010831985904991681,0.5592810156845515,2.7296687019999997,-0.296995943,2.432672759,1806.0,exact
Chandler Parsons,2014-15,2186.0,2.5999999046325684,-0.800000011920929,1.7999999523162842,1.7829311771929934,-0.3642935737463451,1.4186376034466484,1.7921568308673246,0.31106982495770463,-0.7620711100592192,-0.4510012851015146,2.182455851,-0.254948072,1.9275077779999998,2186.0,exact
Pau Gasol,2014-15,2681.0,0.30000001192092896,0.5,0.800000011920929,0.6872974618023867,1.762093174758234,2.449390636560621,2.3654507753146707,1.4695486910067292,1.6451718150035186,3.114720506010248,1.227725013,1.003375815,2.231100829,2681.0,exact
Manu Ginobili,2014-15,1587.0,1.7000000476837158,1.399999976158142,3.200000047683716,1.319412976942641,1.821729772598969,3.14114274954161,2.7399379139721556,1.4868506808795943,1.355914780641334,2.842765461520928,1.022265752,1.062327492,2.084593244,1587.0,exact
Zaza Pachulia,2014-15,1730.0,-0.5,3.200000047683716,2.700000047683716,-0.3016321658418737,2.9290108763874376,2.627378710545564,2.132689825058789,-0.5910439536282945,3.394857107904131,2.8038131542758364,-0.14432446,1.5347203950000001,1.3903959350000001,1730.0,exact
Patrick Patterson,2014-15,2156.0,2.4000000953674316,-0.800000011920929,1.600000023841858,2.087245918317759,-0.1922210479722453,1.8950248703455137,2.3688803896855593,0.5211111335696745,-0.478007600464697,0.043103533104977554,1.591598736,0.154555968,1.746154704,2156.0,exact
Devin Harris,2014-15,1685.0,2.0999999046325684,0.4000000059604645,2.5,1.6103118643930665,0.8537629572559414,2.464074821649008,2.326341676788711,0.6976655891190084,0.8555840171222144,1.5532496062412229,0.867644107,-0.046103371,0.821540736,1685.0,exact
Reggie Jackson,2014-15,2268.0,2.0,-0.800000011920929,1.2999999523162842,2.3322388072101874,-0.43511638804700553,1.897122419163182,1.8520258238828313,2.032683691262014,-0.56361723661568,1.469066454646334,1.1066050912910053,-0.812684754962963,0.2939203363280423,2268.0,exact
Thaddeus Young,2014-15,2434.0,0.5,0.4000000059604645,0.8999999761581421,0.23869824496611805,0.16520173146997705,0.4038999764360951,0.918340439141431,-0.8959658241033508,-0.4152175491904724,-1.3111833732938232,0.8596803569322103,0.13469345212900574,0.9943738090612162,2434.0,exact
Trevor Ariza,2014-15,2930.0,-0.10000000149011612,0.30000001192092896,0.30000001192092896,0.10397454969143505,0.7501965931765721,0.8541711428680071,1.208255006925023,0.5261069277677555,-0.11229173454181357,0.4138151932259419,0.491205019,1.5069167609999998,1.99812178,2930.0,exact
Elfrid Payton,2014-15,2489.0,0.5,0.20000000298023224,0.800000011920929,-0.015796825530391603,-0.1730372823646016,-0.18883410789499322,-0.4501665870344791,0.5464131334052198,-0.8555980732151777,-0.30918493980995787,-0.8249760960000001,1.157674046,0.332697949,2489.0,exact
Marcus Smart,2014-15,1808.0,0.30000001192092896,1.7999999523162842,2.0999999046325684,-0.13073583041088635,2.020656095134948,1.8899202647240618,2.4023230471684456,0.8786223549646869,0.9088796334712705,1.7875019884359573,-1.337606324,1.982254638,0.644648314,1808.0,exact
Bradley Beal,2014-15,2107.0,0.800000011920929,0.5,1.2999999523162842,0.8369504310684226,0.3741231849242898,1.2110736159927125,1.9146222682146756,-0.07238087309639077,0.2046857014972392,0.13230482840084842,0.502305775,0.939213429,1.441519204,2107.0,exact
Andre Iguodala,2014-15,2069.0,-0.30000001192092896,1.600000023841858,1.2999999523162842,0.35475603933157956,1.8117394937886309,2.1664955331202105,2.029293068786634,-0.07364247253972947,1.7375809001749558,1.6639384276352263,0.564836992,1.215965712,1.780802704,2069.0,exact
Timofey Mozgov,2014-15,2045.0,-1.0,2.4000000953674316,1.399999976158142,-0.8287254213956432,1.8047688856112332,0.97604346421559,1.1402288263781222,-2.0553127717473534,1.4272779947959808,-0.6280347769513726,-0.08010174444254277,0.3659089330220049,0.2858071885794622,2045.0,exact
Dirk Nowitzki,2014-15,2282.0,2.200000047683716,-1.2999999523162842,0.8999999761581421,2.5682562113491554,-0.5622082242831207,2.006047987066035,1.9922568232793025,1.8036216776805651,-0.602967639687168,1.200654037993397,2.244436689,-1.000132462,1.244304228,2282.0,exact
PJ Tucker,2014-15,2383.0,-0.5,1.2999999523162842,0.800000011920929,-0.7205575880447369,1.6180620475987302,0.8975044595539933,0.6457703299968275,-0.45207979463359294,0.8694388891422912,0.41735909450869824,-0.317462604,1.027169595,0.709706991,2383.0,exact
Deron Williams,2014-15,2114.0,1.2000000476837158,0.0,1.2000000476837158,0.9807862544376555,-0.5099891649245504,0.47079708951310517,0.18154939709550386,1.708376502731416,-1.2253701264661196,0.4830063762652963,0.765074295,-0.264967943,0.500106352,2114.0,exact
Mario Chalmers,2014-15,2368.0,-0.800000011920929,1.5,0.800000011920929,-1.4300554418000668,1.6066693655140305,0.17661392371396367,-0.20269472730466656,0.9015418600481704,-0.01208880215597008,0.8894530578922003,-1.406445018,0.35786245,-1.048582568,2368.0,exact
Goran Dragic,2014-15,2640.0,1.899999976158142,-1.600000023841858,0.30000001192092896,1.7650360093746122,-0.7912162374330091,0.9738197719416032,0.9157905334609162,0.2898551374397268,-0.7547877031250171,-0.4649325656852903,2.326774617893939,-1.0809733611685606,1.245801256725379,2640.0,fuzzy
Danilo Gallinari,2014-15,1426.0,2.799999952316284,0.20000000298023224,3.0,2.183916548225474,0.37405158073060335,2.557968128956077,2.4814517284911086,1.7583874836511169,0.06645525798005583,1.8248427416311728,1.992474066,-0.169098625,1.823375441,1426.0,exact
Kentavious CaldwellPope,2014-15,2587.0,0.800000011920929,-0.4000000059604645,0.30000001192092896,0.1414672778523959,-0.0959867330225382,0.04548054482985771,0.3037434379700998,-0.9920527691736873,-0.18149032838894533,-1.1735430975626326,-0.218759965,0.21366295800000001,-0.005097007,2587.0,exact
Jae Crowder,2014-15,1647.0,1.7999999523162842,0.30000001192092896,2.0999999046325684,0.561050419485094,0.557152623190197,1.1182030426752911,1.9246401733727356,-0.5931258646741978,0.5722330963766284,-0.020892768297569364,0.26316330934001214,1.3600225598196722,1.6231858699987858,1647.0,exact
Jared Dudley,2014-15,1717.0,0.10000000149011612,1.7999999523162842,1.899999976158142,-0.1812249685951223,2.0003792870396526,1.8191543184445302,1.7835609202874438,-0.711647457498969,2.185641480622741,1.473994023123772,0.232892873,1.068132644,1.301025516,1717.0,exact
CJ Miles,2014-15,1841.0,1.399999976158142,0.20000000298023224,1.600000023841858,0.9584253012040332,0.9642992532424067,1.92272455444644,1.6107670908562002,1.5404887271378194,1.1067102902202124,2.647199017358032,0.6296693729999999,1.160400839,1.790070212,1841.0,exact
Kelly Olynyk,2014-15,1423.0,0.800000011920929,2.0999999046325684,2.799999952316284,0.1994189808690198,2.0321166105401693,2.2315355914091892,2.5366084754419935,-1.1485236023203416,2.1076439151721216,0.95912031285178,0.332799287,1.398344865,1.731144152,1423.0,exact
JR Smith,2014-15,2080.0,2.0999999046325684,-1.0,1.100000023841858,1.6064997909508156,-0.5775626887616309,1.0289371021891847,1.0881544918578234,1.9170969899101669,-0.6916525012489252,1.2254444886612417,1.1407357012129808,0.3544235483875,1.4951592498980766,2080.0,exact
Jonas Valanciunas,2014-15,2096.0,-0.10000000149011612,1.2000000476837158,1.100000023841858,-0.571031547891011,0.6373927885823479,0.06636124069133698,-0.9506670881004481,0.01352808617816692,-0.10286250149636261,-0.08933441531819569,0.925987396,-0.680314398,0.245672998,2096.0,fuzzy
Ed Davis,2014-15,1840.0,1.2000000476837158,0.4000000059604645,1.600000023841858,0.44282356318801225,-0.3668897936127813,0.07593376957523096,0.17636291521888695,-1.1266958378343437,-1.5925064409222671,-2.719202278756611,1.053039001,0.12683076,1.179869761,1840.0,exact
Jonas Jerebko,2014-15,1230.0,0.800000011920929,2.799999952316284,3.5999999046325684,-0.09178288430271221,2.4831797075561677,2.3913968232534555,2.534101983417679,-1.3419968268921987,2.685613027016968,1.3436162001247691,0.7050421042203251,0.9248133171577235,1.6298554213780487,1230.0,exact
Jeremy Lin,2014-15,1907.0,0.8999999761581421,0.4000000059604645,1.399999976158142,0.2408915723183476,-0.054040648482396,0.1868509238359516,-0.11981170206213121,0.8648770745963958,-1.3111395091242302,-0.4462624345278343,-0.171390516,-0.668702656,-0.840093172,1907.0,exact
Brook Lopez,2014-15,2100.0,0.20000000298023224,0.6000000238418579,0.8999999761581421,-0.08323948425442641,0.7076843774638201,0.6244448932093937,0.7190365497124057,-0.3270443929235426,0.26901505128371306,-0.058029341639829535,1.585419871,-0.296615245,1.288804626,2100.0,exact
Nicolas Batum,2014-15,2380.0,0.6000000238418579,-0.20000000298023224,0.30000001192092896,0.3930499338938736,0.23651492224868345,0.6295648561425571,0.7575256390433,0.38508302362011904,-0.24489243839538438,0.14019058522473465,0.42584491,1.547148278,1.9729931869999997,2380.0,exact
Robert Covington,2014-15,1956.0,1.2000000476837158,-0.20000000298023224,1.0,0.6948412550530586,1.3732255122040755,2.0680667672571342,-0.5026164150085611,0.7439799762549705,0.796606202162961,1.5405861784179313,0.113337743,1.123303421,1.236641164,1956.0,exact
Michael KiddGilchrist,2014-15,1587.0,-1.0,3.0,2.0,-1.2288468333728881,2.002704086382878,0.7738572530099896,1.5617747337204113,-1.156164373146179,1.2902337211175194,0.1340693479713404,-0.396255767,1.736058939,1.339803171,1587.0,exact
Paul Pierce,2014-15,1914.0,1.0,0.20000000298023224,1.2000000476837158,0.9436886359105383,0.7703625472358624,1.7140511831464007,1.1338937986006348,0.37386265716428946,0.6861852292704798,1.060047886434769,1.046025133,0.368324722,1.414349855,1914.0,exact
Isaiah Thomas,2014-15,1726.0,4.5,-2.9000000953674316,1.600000023841858,5.5632668912832886,-0.9221398620014871,4.641127029281801,3.6406904062815015,3.0095975390415948,-1.6144671204668437,1.395130418574751,2.98219699700927,-1.2095465868227115,1.7726504101865586,1726.0,exact
Jrue Holiday,2014-15,1303.0,3.299999952316284,-0.6000000238418579,2.700000047683716,2.109048582990224,-0.4355598978365334,1.6734886851536908,2.1588032620137745,1.083306044505352,-0.5396172299694104,0.5436888145359415,2.213066879,0.514242707,2.727309586,1303.0,exact
Ersan Ilyasova,2014-15,1319.0,2.0999999046325684,0.4000000059604645,2.5,0.45294167828464355,1.0582555211465239,1.5111971994311675,1.198540588471262,-0.8546744053189765,1.1420347541180196,0.28736034879904304,1.045077389,-0.4045912119999999,0.640486176,1319.0,fuzzy
Amir Johnson,2014-15,1979.0,-0.10000000149011612,0.800000011920929,0.800000011920929,-0.6862655694967549,0.7012576433062452,0.014992073809490303,0.5438854802275515,-0.9579659626971104,0.6849938274335531,-0.27297213526355735,0.433803244,-0.588331286,-0.154528042,1979.0,exact
Iman Shumpert,2014-15,1545.0,-0.4000000059604645,2.299999952316284,1.899999976158142,-0.7762679462245972,1.5186576206831566,0.7423896744585594,0.612652075414501,-0.5603680391465293,1.01334642756891,0.4529783884223806,-0.7098515840970874,1.4046460019061486,0.6947944174045307,1545.0,exact
Cody Zeller,2014-15,1487.0,-0.10000000149011612,2.0999999046325684,2.0,-1.5820117296180118,1.676797508107322,0.09478577848931025,-0.5358616358993508,-1.7160089188699859,2.2038173431341135,0.4878084242641276,-0.854460625,1.399513441,0.545052816,1487.0,exact
Patrick Beverley,2014-15,1727.0,0.20000000298023224,1.0,1.2000000476837158,0.24933518260561485,0.3486643319816712,0.5979995145872861,0.35130276199321026,0.21496599269585026,-0.557569491657238,-0.34260349896138775,-1.188222696,0.09459636499999999,-1.093626332,1727.0,exact
Kenneth Faried,2014-15,2086.0,0.6000000238418579,-0.10000000149011612,0.5,0.5601014575891206,-0.3365037885377558,0.22359766905136474,0.3420631763380039,-0.25198391597662195,-0.5726772246620455,-0.8246611406386675,0.664501613,0.135043764,0.799545376,2086.0,exact
Brandon Jennings,2014-15,1173.0,3.0999999046325684,0.10000000149011612,3.200000047683716,2.443767583789283,-0.8279334605982663,1.6158341231910165,1.6151654718536728,2.8113418475456773,-0.09058932568261635,2.720752521863061,2.737832428,-0.925275335,1.812557092,1173.0,exact
Josh Smith,2014-15,2300.0,-2.4000000953674316,2.5999999046325684,0.20000000298023224,-1.1076820269892231,2.518961908143914,1.4112798811546907,0.3257398839042553,-0.047669064298900804,2.279273558166239,2.231604493867338,-2.0283273973930434,1.1160226395113042,-0.912304757881739,2300.0,exact
AlFarouq Aminu,2014-15,1366.0,-0.5,2.5999999046325684,2.0999999046325684,-1.3028613512891667,2.6122348391466663,1.3093734878574996,1.8270515361890107,-1.5974451724962977,1.4297165885789527,-0.16772858391734502,-0.8574491389999999,2.588153533,1.730704394,1366.0,exact
Corey Brewer,2014-15,2087.0,-0.5,0.8999999761581421,0.4000000059604645,-0.8058290473294795,1.1898819332909392,0.3840528859614597,0.47748741577320203,-0.46907103789779603,0.2152975140351633,-0.25377352386263274,0.024080595064686128,0.37007770860421657,0.39415830332055585,2087.0,exact
Gerald Henderson,2014-15,2315.0,-1.0,1.100000023841858,0.10000000149011612,-1.4966754465421381,0.698752686904725,-0.7979227596374131,-0.4097187040079349,-0.4496752827834703,1.1226719964560807,0.6729967136726105,-0.195297587,0.178381041,-0.016916546,2315.0,exact
Ben McLemore,2014-15,2670.0,0.20000000298023224,-0.4000000059604645,-0.20000000298023224,-0.13010688213714017,-0.25244482914889116,-0.3825517112860313,-0.728136240755607,0.12748154775168657,-1.1293530283437556,-1.001871480592069,0.015458317000000001,-0.417531293,-0.4020729760000001,2670.0,exact
Markieff Morris,2014-15,2581.0,-1.100000023841858,0.8999999761581421,-0.20000000298023224,-0.8304707367654723,1.6662706852266076,0.8357999484611353,1.0545006572458495,0.2779139219545179,0.8605854032674147,1.1384993252219326,0.345585159,0.430071677,0.775656836,2581.0,exact
James Johnson,2014-15,1370.0,0.699999988079071,1.2999999523162842,2.0,0.21059969994997627,1.4579437384443772,1.6685434383943534,1.7206622472948754,-2.5730970972204457,0.48714278947014444,-2.0859543077503013,1.152845374,1.345873144,2.498718518,1370.0,exact
Andre Roberson,2014-15,1286.0,-1.100000023841858,3.4000000953674316,2.200000047683716,-1.2635469306605016,2.631916295590347,1.3683693649298452,1.1181119193193618,-2.235348781100305,1.4098441388155996,-0.8255046422847054,-1.382038222,2.048996607,0.666958385,1286.0,exact
Brandon Knight,2014-15,2035.0,0.5,-0.20000000298023224,0.30000001192092896,0.19600782449349338,0.20375136862769386,0.39975919312118724,0.07688111103099314,1.0954108520159853,0.02070199447431248,1.1161128464902978,0.38194833530024574,-0.05188419703488944,0.33006413826535624,2035.0,exact
Brandan Wright,2014-15,1449.0,0.30000001192092896,1.2999999523162842,1.7000000476837158,-0.7215721625458092,1.7337763664146832,1.0122042038688739,0.07390297280851446,-1.947902738711063,1.8562651183349463,-0.09163762037611667,1.8914696223643892,0.9593855704202899,2.85085519184403,1449.0,exact
Omer Asik,2014-15,1982.0,-2.0,2.4000000953674316,0.4000000059604645,-2.0297072767299347,1.1415651617320286,-0.8881421149979061,0.4241098804799404,-1.5911828607655694,0.7912647824252694,-0.7999180783402999,,,,,none
Andre Drummond,2014-15,2502.0,-0.800000011920929,0.4000000059604645,-0.30000001192092896,-0.6755592437501049,1.0838621564772268,0.40830291272712194,0.5476058196973886,0.9224564628568643,0.18167014331381087,1.1041266061706752,-0.278815605,1.497435389,1.218619784,2502.0,exact
Greg Monroe,2014-15,2137.0,-0.10000000149011612,0.20000000298023224,0.10000000149011612,-0.08536721390742304,1.6666811070072312,1.581313893099808,1.2299172163441663,-0.6268828719521375,0.5828718773904841,-0.04401099456165347,1.415749915,0.410688569,1.826438484,2137.0,exact
Jared Sullinger,2014-15,1566.0,0.5,0.5,1.100000023841858,-0.5155699409477359,0.8135257353799844,0.2979557944322485,0.11606765559567063,0.7791948086481614,1.0698930783468863,1.8490878869950476,0.17645495,0.06631895,0.2427739,1566.0,exact
JJ Barea,2014-15,1362.0,1.899999976158142,-0.30000001192092896,1.600000023841858,0.8120709878342399,-0.8143171241625007,-0.0022461363282607616,-0.13572577496809674,0.602383482796707,-0.5327653706264677,0.06961811217023928,0.9447952879999999,-1.5751763280000002,-0.63038104,1362.0,exact
Marvin Williams,2014-15,2035.0,-0.800000011920929,0.8999999761581421,0.10000000149011612,-0.7338439372554828,0.8483847291258622,0.11454079187037935,-0.22741722113509352,-0.5758011582509026,1.1534998491169175,0.5776986908660149,-1.218836506,1.253387837,0.034551331,2035.0,exact
Alan Anderson,2014-15,1744.0,-0.800000011920929,1.399999976158142,0.5,-0.7951084593043299,0.8882555407392966,0.09314708143496664,-0.4460193989777273,0.17756123279076377,1.0820981647923484,1.2596593975831123,-0.366055327,-0.19867007899999997,-0.564725405,1744.0,exact
Carmelo Anthony,2014-15,1428.0,3.799999952316284,-2.5,1.2999999523162842,3.3778235792765643,-2.630847682845386,0.7469758964311781,0.5541447472961678,2.258923077358439,-2.084002632174683,0.17492044518375582,2.9560364150000003,-0.899442979,2.056593436,1428.0,exact
Cory Joseph,2014-15,1444.0,0.699999988079071,0.5,1.2000000476837158,0.4724395896667924,1.3861334993191068,1.8585730889858991,1.1759610799600357,-0.3663722534366216,1.9441422097612546,1.577769956324633,0.398609326,0.176506653,0.575115979,1444.0,exact
Donatas Motiejunas,2014-15,2037.0,-0.699999988079071,0.800000011920929,0.10000000149011612,-0.5633138822984415,1.277951737797791,0.7146378554993494,0.6170101627228908,-0.484194401574146,1.5067642007711268,1.0225697991969809,-0.005706488,-0.526617243,-0.532323731,2037.0,fuzzy
Nene,2014-15,1693.0,-2.0999999046325684,2.799999952316284,0.6000000238418579,-1.4705595912409184,2.1892455935296415,0.7186860022887231,1.6534737315514743,-2.515959595199165,2.0625366574546122,-0.4534229377445529,-0.743398729,1.282699353,0.539300624,1693.0,exact
Derrick Rose,2014-15,1530.0,0.10000000149011612,0.800000011920929,1.0,0.6059913981200751,-0.5241636142166445,0.0818277839034306,-0.785527244975374,1.9334523514949398,0.32113633861428453,2.2545886901092245,-0.582070635,-1.139386074,-1.721456709,1530.0,exact
Luis Scola,2014-15,1659.0,0.10000000149011612,0.6000000238418579,0.699999988079071,-1.1515498531269184,1.2248486508363072,0.07329879770938885,0.6063659840540747,-0.6822911210638627,1.8940556354024403,1.2117645143385776,-0.262492458,0.93917081,0.676678351,1659.0,exact
Rodney Stuckey,2014-15,1874.0,0.5,-0.20000000298023224,0.30000001192092896,-0.16904545214852454,0.09374518765642731,-0.07530026449209723,-0.24270439550088732,0.20836463846454614,0.3093283953527167,0.5176930338172628,-0.118554521,0.069466687,-0.049087834,1874.0,exact
CJ Watson,2014-15,1422.0,0.10000000149011612,1.100000023841858,1.2999999523162842,0.7132650606557299,0.6701240605588558,1.3833891212145857,0.598682021216824,0.21885269192421697,0.5239817122472479,0.7428344041714648,0.525971923,0.710784284,1.236756206,1422.0,exact
Harrison Barnes,2014-15,2318.0,-0.30000001192092896,-0.10000000149011612,-0.4000000059604645,0.11011726619208623,0.6794117089073616,0.7895289750994479,1.2840050663569411,-1.0692018103443848,1.0974782779524663,0.028276467608081557,0.688333044,0.438894443,1.127227488,2318.0,exact
Mike Dunleavy,2014-15,1838.0,0.699999988079071,-0.5,0.30000001192092896,0.6038959106203631,0.9143827143147866,1.5182786249351496,1.1791189170189547,-0.6028642438774212,0.8221858461245576,0.21932160224713637,0.6004966619999998,0.352480913,0.952977575,1838.0,exact
Robin Lopez,2014-15,1638.0,-0.699999988079071,1.399999976158142,0.699999988079071,-0.372317899263062,1.1696907743623521,0.7973728750992901,0.06894115019583714,-1.4091973421493742,0.987502786128259,-0.42169455602111516,0.380760242,0.086709041,0.46746928399999993,1638.0,exact
Trevor Booker,2014-15,1564.0,-0.20000000298023224,0.8999999761581421,0.699999988079071,-0.25487432322445985,1.2856600866263934,1.0307857634019335,0.4574323255297774,-1.0379608195302885,1.402030295579142,0.3640694760488534,-0.47411156699999996,-0.008278608,-0.482390175,1564.0,exact
Joe Johnson,2014-15,2791.0,1.7999999523162842,-2.5999999046325684,-0.800000011920929,1.094085447654112,-1.9753591127492118,-0.8812736650950999,-0.7621096749449662,2.551773074591011,-2.134790055314052,0.4169830192769588,0.715637307,-0.726060952,-0.010423645,2791.0,exact
Victor Oladipo,2014-15,2573.0,0.5,-1.100000023841858,-0.699999988079071,0.11848948686198961,-1.01115815974174,-0.8926686728797505,-0.12755340471745544,0.20430023815686954,-1.6623985807269621,-1.4580983425700926,0.33796305,-0.103911536,0.23405151300000002,2573.0,exact
Pablo Prigioni,2014-15,1197.0,-0.20000000298023224,1.7999999523162842,1.600000023841858,-0.4270015978822567,0.24733222898403998,-0.17966936889821675,0.35984066849336954,-0.01609517007609551,1.2482412469519761,1.2321460768758805,-0.24085957869172933,1.1080684903659148,0.8672089106741854,1197.0,exact
Jason Terry,2014-15,1641.0,0.10000000149011612,0.30000001192092896,0.4000000059604645,0.6018276934088541,0.6939549549194761,1.2957826483283301,0.5685851569566341,0.5870643782124693,0.7687552264042266,1.3558196046166957,0.33332355299999994,0.027879703,0.361203256,1641.0,exact
Tristan Thompson,2014-15,2194.0,-0.30000001192092896,0.0,-0.30000001192092896,-0.31997720413381897,-0.25052127158051635,-0.5704984757143353,0.2393479239423557,-0.554364370652425,0.08214913076091386,-0.4722152398915112,0.300595897,-0.279916997,0.0206789,2194.0,exact
Steven Adams,2014-15,1771.0,-1.899999976158142,2.0,0.10000000149011612,-1.3243862207748072,1.4127502016340465,0.08836398085923935,-0.3585475828462739,-0.5321590984782494,1.086768226898416,0.5546091284201666,-1.008520473,0.359455131,-0.649065342,1771.0,exact
Amare Stoudemire,2014-15,1245.0,1.100000023841858,0.20000000298023224,1.2999999523162842,-0.26677104379064903,-1.2559873468395815,-1.5227583906302304,-2.389281622519976,-0.11889896882788009,-1.0772032153306448,-1.1961021841585249,1.2194588580763053,-0.8575227476907631,0.3619361110803213,1245.0,exact
Mo Williams,2014-15,1980.0,1.2000000476837158,-1.399999976158142,-0.20000000298023224,1.3272344770579105,-1.2913470627640802,0.035887414293830355,-0.7340601571639075,3.749724060517652,-1.3944719016697256,2.355252158847926,0.2958067097621212,-1.5855570049060608,-1.2897502957242424,1980.0,exact
Wilson Chandler,2014-15,2471.0,0.800000011920929,-1.600000023841858,-0.699999988079071,0.16627634371143354,-1.4947325073622857,-1.328456163650852,-1.7625182388561509,0.6512263149374558,-1.7291944318984969,-1.0779681169610411,-0.207078739,-0.845525477,-1.052604216,2471.0,exact
Langston Galloway,2014-15,1457.0,-0.699999988079071,1.2999999523162842,0.699999988079071,-1.5151067339697768,0.1777808441160491,-1.3373258898537277,-1.0976649144253088,0.3420610579626774,0.06303566990750198,0.40509672787017936,-1.245936283,-0.466470504,-1.712406787,1457.0,exact
Tony Snell,2014-15,1412.0,0.10000000149011612,0.4000000059604645,0.6000000238418579,-0.4157267408672487,-0.3915956071257843,-0.8073223479930329,-0.8390905016154742,-1.3591333965902892,0.3078420130018992,-1.05129138358839,-0.480462583,-0.4346129080000001,-0.91507549,1412.0,exact
Tyler Zeller,2014-15,1731.0,-0.4000000059604645,0.30000001192092896,0.0,-1.505783881628598,0.6211056100379957,-0.8846782715906023,-1.4129404006388835,-1.1144324315300402,0.8757342466160085,-0.23869818491403172,1.066343997,-1.3048101510000003,-0.238466154,1731.0,exact
Roy Hibbert,2014-15,1926.0,-2.299999952316284,2.0,-0.4000000059604645,-2.413636184679447,1.7473543041257205,-0.6662818805537267,-1.8120567656109732,-0.3398291120502822,1.6066898101115408,1.2668606980612585,-2.175022216,0.996076008,-1.178946209,1926.0,exact
Dwight Howard,2014-15,1223.0,-1.0,1.899999976158142,0.8999999761581421,-1.4613070223489155,2.209463496534012,0.7481564741850966,0.4269860979088384,-1.1587187054691677,1.8095192450047484,0.6508005395355807,-0.133833409,1.306849112,1.173015703,1223.0,exact
Dwyane Wade,2014-15,1971.0,2.0,-2.5,-0.5,2.0517468832394212,-1.2774747660539407,0.7742721171854805,0.699287801852575,2.303661575407502,-1.7279540673433778,0.5757075080641243,2.216908118,-1.273369334,0.943538784,1971.0,exact
Giannis Antetokounmpo,2014-15,2541.0,-0.6000000238418579,-0.4000000059604645,-1.100000023841858,-0.7156009459872262,0.6608018201119008,-0.05479912587532543,0.4577407080415354,-0.7763681291220983,0.791701113581941,0.015332984459842658,-1.257720253,1.260580697,0.002860444,2541.0,exact
Wayne Ellington,2014-15,1675.0,0.30000001192092896,-0.5,-0.20000000298023224,-0.4850241406361769,-0.9486812528090222,-1.433705393445199,-1.5243124002469426,-0.2777455788022944,-0.6404362785449315,-0.9181818573472258,-0.038843445,-1.508031165,-1.54687461,1675.0,exact
Gerald Green,2014-15,1446.0,2.200000047683716,-2.0,0.10000000149011612,2.200855932616945,-2.2314988921952925,-0.030642959578347728,-0.41557750287559414,2.4653162587676443,-1.8810412792731734,0.5842749794944708,0.15138242,-1.4933704989999999,-1.341988079,1446.0,exact
Ryan Anderson,2014-15,1675.0,1.5,-1.7999999523162842,-0.30000001192092896,0.9416465853933206,-2.3516082772780424,-1.409961691884722,-1.4223229728925084,0.9462606659194354,-1.6966421924438129,-0.7503815265243775,0.8152252540000001,-2.20030332,-1.385078067,1675.0,exact
Chris Bosh,2014-15,1556.0,-0.5,0.4000000059604645,-0.10000000149011612,-0.005454457585010342,-0.16450454104476508,-0.16995899862977543,-0.3467024654750417,-0.2307588252409953,0.5347022551832263,0.303943429942231,1.546852104,-0.895768636,0.651083467,1556.0,exact
Michael CarterWilliams,2014-15,2149.0,-3.200000047683716,2.299999952316284,-0.8999999761581421,-0.9454620730138902,2.0652368168987683,1.1197747438848782,0.47178100745683565,0.8928779327335679,0.8441128523988101,1.7369907851323778,-2.5564701832470913,1.1155256930604933,-1.4409444908338764,2149.0,exact
Tobias Harris,2014-15,2369.0,0.0,-1.0,-1.0,0.16253985992659167,-0.8955880100007363,-0.7330481500741446,-0.790662857874222,-0.15480795810117043,-0.9490064300947342,-1.1038143881959046,0.504394967,-0.45635006600000005,0.048044901,2369.0,exact
Alex Len,2014-15,1518.0,-2.5999999046325684,2.5,-0.10000000149011612,-2.1341196825667863,1.6263973957995663,-0.50772228676722,-1.0327016831175173,-2.336061677089106,0.7749906674906957,-1.5610710095984104,-2.585993271,1.217911432,-1.368081839,1518.0,exact
Jeff Green,2014-15,2454.0,-0.4000000059604645,-0.800000011920929,-1.2000000476837158,-0.5297295084190026,-0.9469089112215986,-1.4766384196406013,-1.9061374598640712,-0.25414482191692994,-0.11543628479745284,-0.36958110671438277,0.048637785533822336,-0.9305225614995926,-0.8818847764111655,2454.0,exact
Taj Gibson,2014-15,1692.0,-1.2999999523162842,0.800000011920929,-0.5,-1.4369038260401583,1.1050310893623818,-0.3318727366777765,-0.8725861340257898,-1.2579431007374153,0.6170321707692075,-0.6409109299682079,-0.05812953199999999,0.244999067,0.186869534,1692.0,exact
Kris Humphries,2014-15,1345.0,-1.399999976158142,1.5,0.10000000149011612,-1.8072017661691289,0.9554219542865718,-0.851779811882557,-0.9676796913720089,-1.414588910615809,1.296022208209243,-0.11856670240656597,-1.164211634,0.450442717,-0.713768917,1345.0,exact
Kosta Koufos,2014-15,1348.0,-3.200000047683716,3.299999952316284,0.0,-2.971506409966024,2.9064657219264185,-0.0650406880396055,0.12665505980288647,-2.3118353695174405,3.7076421596384606,1.39580679012102,-2.490785813,1.482275032,-1.008510781,1348.0,exact
Luc Mbah a Moute,2014-15,1916.0,-3.200000047683716,2.299999952316284,-1.0,-3.2615816632029784,1.6847989369272485,-1.57678272627573,-3.5562087902061505,-1.9078953038637207,1.9601898162975055,0.0522945124337848,-2.285749965,0.099809196,-2.185940769,1916.0,exact
David West,2014-15,1895.0,-1.399999976158142,0.30000001192092896,-1.100000023841858,-1.3837433504917078,0.3246488147979317,-1.0590945356937762,-0.37248710523148615,0.34547901404268655,0.12859781112912969,0.47407682517181626,-0.120065557,0.8942629210000002,0.774197364,1895.0,exact
DeMar DeRozan,2014-15,2100.0,-0.20000000298023224,-1.2000000476837158,-1.399999976158142,-0.017213927588556024,-0.7642928703188528,-0.7815067979074088,0.37938130105295037,0.5976348083933244,-1.0801557155839174,-0.48252090719059304,1.481897199,-0.708847739,0.77304946,2100.0,exact
Jodie Meeks,2014-15,1462.0,-0.10000000149011612,-0.6000000238418579,-0.800000011920929,-0.2909281021653463,-0.5987087093154577,-0.889636811480804,-1.3219830385845293,-0.7253674861381191,-0.09653609198701318,-0.8219035781251323,0.863998014,-0.851571393,0.012426621,1462.0,exact
Aaron Brooks,2014-15,1885.0,1.600000023841858,-2.9000000953674316,-1.2000000476837158,1.503190603142597,-0.4669707122890676,1.0362198908535294,1.191690683856067,1.2994429560176366,0.3831180142449569,1.6825609702625934,-0.056040914,-0.828078304,-0.884119219,1885.0,exact
Rasual Butler,2014-15,1505.0,-0.10000000149011612,-0.800000011920929,-0.8999999761581421,-0.6871705063618512,-1.435886494539915,-2.123057000901766,-2.9905613438928875,-0.22509962852906076,0.3968557416000366,0.17175611307097585,-1.160862039,-0.61185182,-1.772713859,1505.0,exact
Boris Diaw,2014-15,1984.0,-0.699999988079071,-0.6000000238418579,-1.2999999523162842,-0.8105974601061209,0.1824546944511826,-0.6281427656549383,-0.06844586872111687,-0.6645308000062533,1.5096031161682846,0.8450723161620313,-0.360164895,-0.249081893,-0.609246788,1984.0,exact
Eric Gordon,2014-15,2018.0,0.5,-1.899999976158142,-1.399999976158142,0.7570793117335116,-1.487601510618265,-0.7305221988847533,-0.5084670120580593,0.4415035250177006,-1.473116400867729,-1.0316128758500285,0.855857177,-1.320257839,-0.464400663,2018.0,exact
Joe Ingles,2014-15,1673.0,-1.2000000476837158,0.10000000149011612,-1.100000023841858,-1.1338953652229389,0.8023043503979369,-0.331591014825002,-0.5127197682188102,-0.2283999297476078,0.10268346423123871,-0.1257164655163691,-0.8782538999999999,0.115229976,-0.763023924,1673.0,exact
Brian Roberts,2014-15,1330.0,-0.4000000059604645,-0.30000001192092896,-0.699999988079071,-0.9180839254654997,-0.3381589435933439,-1.2562428690588436,-2.0880582048264595,0.5596783663402094,0.8870486084468094,1.4467269747870188,-1.41477291,-0.702408779,-2.11718169,1330.0,exact
Rajon Rondo,2014-15,2018.0,-1.7000000476837158,0.4000000059604645,-1.399999976158142,-1.678471469474779,0.803567087974835,-0.8749043814999441,-0.8105735807702935,0.19222356185751444,-0.15364570921297716,0.03857785264453728,-1.5223136421243806,0.3355259940589693,-1.1867876487190288,2018.0,exact
Anthony Tolliver,2014-15,1432.0,0.699999988079071,-1.600000023841858,-0.8999999761581421,0.7861571443511486,0.38134884210745373,1.1675059864586024,1.0461889752752032,-0.4905191496040803,0.3512404887478169,-0.1392786608562634,-0.33574103515642456,-0.8046985913072625,-1.1404396270837989,1432.0,exact
Beno Udrih,2014-15,1494.0,-0.20000000298023224,-0.699999988079071,-0.800000011920929,-0.2629385686779361,-0.8153542926745132,-1.0782928613524492,-1.181328034120157,0.0384263055885776,0.4304398512876039,0.4688661568761815,-0.014649673,-0.868309136,-0.882958809,1494.0,exact
Nikola Vucevic,2014-15,2529.0,-0.699999988079071,-1.0,-1.7000000476837158,-0.09111111035879453,-0.7127049784429301,-0.8038160888017246,-0.6925599220415344,0.11055898158278074,-0.6895185064942113,-0.5789595249114305,1.183363957,-0.8791615620000001,0.304202395,2529.0,fuzzy
Jamal Crawford,2014-15,1703.0,1.100000023841858,-2.299999952316284,-1.2000000476837158,1.6377739582936124,-2.523028240364025,-0.8852542820704128,-0.9055974321006772,3.875492980712248,-1.9305069822066065,1.9449859985056412,1.445607856,-1.840635023,-0.39502716699999996,1703.0,exact
Richard Jefferson,2014-15,1244.0,-0.800000011920929,0.10000000149011612,-0.6000000238418579,-0.8464485922352014,-0.22828088304377983,-1.0747294752789813,-0.7799872218377552,-1.760279684075092,0.14873756787711362,-1.6115421161979784,-0.440393848,-0.749525766,-1.189919614,1244.0,exact
Kevin Martin,2014-15,1302.0,1.7000000476837158,-2.5,-0.800000011920929,1.2398827938019543,-2.7976448269887193,-1.557762033186765,-1.4502880623106895,1.2607957121555151,-3.1308463921519163,-1.8700506799964012,1.356061088,-2.834269225,-1.478208137,1302.0,exact
Nerlens Noel,2014-15,2311.0,-4.300000190734863,2.700000047683716,-1.600000023841858,-3.3797057930028735,2.9616685572134043,-0.4180372357894693,-2.3213256251664363,-1.5608311497088345,1.9795011169872445,0.41866996727841,-2.347294446,2.887385934,0.540091487,2311.0,exact
Terrence Ross,2014-15,2092.0,0.30000001192092896,-1.7999999523162842,-1.5,0.24661085884945147,-1.9453595527816034,-1.6987486939321519,-1.4364442256576144,0.5093729016007067,-1.8538522780078255,-1.3444793764071188,-0.177107261,-1.170442159,-1.34754942,2092.0,exact
Evan Fournier,2014-15,1661.0,0.20000000298023224,-1.5,-1.399999976158142,-0.202311323769886,-2.069895614889994,-2.2722069386598798,-1.6407160282978597,-1.0115185225770507,-1.314764735288192,-2.3262832578652426,0.023810897000000004,-1.476509324,-1.452698427,1661.0,exact
Solomon Hill,2014-15,2381.0,-1.5,-0.20000000298023224,-1.7000000476837158,-1.7774885014863475,-0.5439400646224547,-2.321428566108802,-2.271814849451595,-0.1986000935486645,-0.42138825779349687,-0.6199883513421613,-1.116037294,0.080309084,-1.03572821,2381.0,exact
Evan Turner,2014-15,2260.0,-1.899999976158142,0.20000000298023224,-1.7000000476837158,-1.6055597174713505,-0.5984484419673376,-2.204008159438688,-2.29895976409661,0.4881451493005823,-0.24376119202219962,0.24438395727838266,-1.387203603,0.576290642,-0.810912961,2260.0,exact
Courtney Lee,2014-15,2354.0,0.0,-1.899999976158142,-1.7999999523162842,0.07448182727932605,-1.4652360247964644,-1.3907541975171385,-1.4553330469809858,-0.653584767728683,-0.37413702169241964,-1.0277217894211026,0.08829811,0.097848051,0.186146161,2354.0,exact
Jameer Nelson,2014-15,1407.0,0.10000000149011612,-1.2999999523162842,-1.2000000476837158,-0.4530915928298735,-0.3304745659392039,-0.7835661587690774,-1.4880868877477615,0.11394381745017268,-0.8502474942608482,-0.7363036768106755,-0.8686067927540867,-1.0791393554655297,-1.9477461483056149,1407.0,exact
DJ Augustin,2014-15,1964.0,-0.20000000298023224,-1.5,-1.7000000476837158,0.8107695579842975,-1.304175150055389,-0.4934055920710916,-1.1515621277378767,0.9417832268589115,-0.4407758889189483,0.5010073379399631,0.04852121238441958,-1.808481451159878,-1.759960239086049,1964.0,exact
Jordan Clarkson,2014-15,1476.0,0.20000000298023224,-1.600000023841858,-1.399999976158142,-0.3455813735486954,-1.8754297064456307,-2.221011079994326,-1.8803088336105025,0.5749014985915729,-1.5716119040042384,-0.9967104054126655,0.369844876,-1.868381665,-1.498536789,1476.0,exact
Bojan Bogdanovic,2014-15,1854.0,0.20000000298023224,-2.0,-1.7999999523162842,-0.3070706601919394,-2.5884137373024196,-2.895484397494359,-3.1017220710301205,-0.8701007255955925,-2.0093703394802387,-2.879471065075831,-0.277906803,-1.820440066,-2.098346869,1854.0,fuzzy
Trey Burke,2014-15,2288.0,0.0,-2.0,-2.0,0.7094543482646407,-2.040207672714694,-1.3307533244500531,-1.6339292815093371,2.9287097718176667,-0.9685573501496401,1.9601524216680266,-1.081451811,-1.130150323,-2.211602135,2288.0,exact
Caron Butler,2014-15,1623.0,-0.20000000298023224,-1.5,-1.7000000476837158,-0.3165799094336846,-0.5215122553715373,-0.838092164805222,-1.2423956198066548,-0.23873197023637732,-0.4852678184680233,-0.7239997887044006,-0.842707001,-0.658358374,-1.501065375,1623.0,exact
Gorgui Dieng,2014-15,2193.0,-1.2000000476837158,-0.699999988079071,-1.899999976158142,-1.3801789355788465,0.4672849690763341,-0.9128939665025124,-0.5812986566821639,-1.0878437957235552,-1.4241069997074867,-2.5119507954310416,-0.361953799,0.138131383,-0.223822416,2193.0,exact
Steve Blake,2014-15,1529.0,-0.699999988079071,-1.0,-1.7000000476837158,-0.33391023385085855,0.07933693480415893,-0.2545732990466996,-0.8040785218304997,1.868074194972239,0.7875774588643066,2.6556516538365456,-1.39863943,-0.322650878,-1.721290308,1529.0,exact
Wesley Johnson,2014-15,2245.0,-0.6000000238418579,-1.5,-2.0,-1.0489310096803692,-1.5407132569696653,-2.5896442666500343,-2.6433902381580965,-0.5329729732993478,-2.1379257033291887,-2.6708986766285365,-0.9567216340000001,-0.798252807,-1.754974441,2245.0,exact
OJ Mayo,2014-15,1697.0,-0.30000001192092896,-1.5,-1.7999999523162842,-1.1362678448630088,-0.5675735696769519,-1.7038414145399607,-2.04059504407403,-0.7076410998606016,0.13106852737164407,-0.5765725724889575,-0.56797879,-0.610303465,-1.178282254,1697.0,exact
Miles Plumlee,2014-15,1194.0,-1.899999976158142,0.5,-1.399999976158142,-2.848757746910201,-0.528292628474783,-3.3770503753849836,-1.115982861883927,-2.9677226381262685,1.2402173091892161,-1.7275053289370523,-1.93816046709799,1.2506817304949749,-0.6874787356030151,1194.0,exact
Jason Thompson,2014-15,1991.0,-2.0999999046325684,0.20000000298023224,-2.0,-2.4595136374702,-0.5812795203588466,-3.0407931578290466,-2.8924424440272083,-1.1497956178847146,-0.9734446342209939,-2.1232402521057088,-2.386115422,-0.262505036,-2.6486204580000003,1991.0,exact
Al Jefferson,2014-15,1992.0,-2.299999952316284,0.30000001192092896,-2.0999999046325684,-1.5268642249402269,0.6691989319773116,-0.8576652929629153,-0.8614206981015172,-1.2672324247813422,0.8399165129608983,-0.4273159118204439,-0.076851468,1.217723589,1.140872121,1992.0,exact
Tayshaun Prince,2014-15,1397.0,-0.699999988079071,-1.0,-1.7999999523162842,-1.6207005526320017,-0.8100426864731473,-2.430743239105149,-4.259466485252883,-1.0204284088601447,0.12107231403701728,-0.8993560948231275,-0.583536202230494,-1.0101330851524697,-1.593669286524696,1397.0,exact
Dion Waiters,2014-15,2208.0,-1.0,-1.2000000476837158,-2.0999999046325684,-0.5250960096287328,-0.4229401524027148,-0.9480361620314477,-0.41970293820585564,-0.7480577571324438,-0.16197608885142473,-0.9100338459838686,-0.8738415713614132,-0.20339320917391301,-1.077234780535326,2208.0,exact
Kyle Singler,2014-15,1743.0,-1.2000000476837158,-0.8999999761581421,-2.0999999046325684,-0.733161136466587,-1.6095311249786404,-2.3426922614452272,-2.160763009750499,-1.6735690214594703,-0.7357695925403054,-2.4093386139997754,-1.3330217549432013,-0.6205993506712565,-1.9536211056144577,1743.0,exact
Hollis Thompson,2014-15,1776.0,-1.100000023841858,-1.100000023841858,-2.0999999046325684,-1.2947567654457328,-0.47721362381137805,-1.7719703892571108,-3.521062597880027,-1.43135243477034,0.24048728615645934,-1.1908651486138806,-1.11829853,-0.633954513,-1.752253042,1776.0,exact
Arron Afflalo,2014-15,2502.0,-0.800000011920929,-1.600000023841858,-2.299999952316284,0.12389203106177511,-2.2694916349249614,-2.1455996038631864,-2.5262229740663926,0.07081665560666905,-1.1527816500707648,-1.0819649944640957,-0.4032379927673861,-1.318885058481215,-1.722123051248601,2502.0,exact
Channing Frye,2014-15,1870.0,-1.0,-1.2000000476837158,-2.299999952316284,-0.8687965600169414,-1.2038621585770628,-2.0726587185940044,-2.373261458783332,-0.7696445030405948,-0.7224613448168198,-1.4921058478574145,-2.27575384,-0.608345918,-2.884099758,1870.0,exact
Jordan Hill,2014-15,1874.0,-2.5,0.30000001192092896,-2.200000047683716,-2.6503166509913947,-1.6561293148585987,-4.306445965849994,-3.9888578090446747,-1.0644529318611136,-1.931559644772796,-2.99601257663391,-1.311823779,-1.805100313,-3.116924092,1874.0,exact
Quincy Pondexter,2014-15,1793.0,0.10000000149011612,-2.4000000953674316,-2.299999952316284,-0.49224216766658485,-0.9999658312006524,-1.4922079988672372,-1.296646771765579,-0.8079825306508631,-2.373404637021296,-3.1813871676721592,-0.5152640476709426,-1.648886904413274,-2.1641509523853877,1793.0,exact
Otto Porter Jr.,2014-15,1432.0,-0.699999988079071,-1.399999976158142,-2.0999999046325684,-1.1957237717550733,-0.24783398453406721,-1.4435577562891404,-1.6328210414734816,-1.7359525209008566,0.3180612543546181,-1.4178912665462384,-1.294445412,0.45426644,-0.840178972,1432.0,exact
Andrew Wiggins,2014-15,2969.0,-0.4000000059604645,-2.0999999046325684,-2.4000000953674316,-0.8332671660468298,-1.5950069982408943,-2.428274164287724,-2.095971958035268,-0.3248953007819867,-2.4603000130038484,-2.785195313785835,-0.247483989,-1.9210066749999999,-2.168490664,2969.0,exact
Jerryd Bayless,2014-15,1717.0,-2.0999999046325684,-0.20000000298023224,-2.299999952316284,-1.6974272332247864,-0.18374034690160548,-1.8811675801263918,-1.6122225633692402,-1.1199255167337545,0.505132340150172,-0.6147931765835825,-2.4765119500000004,0.020779945000000005,-2.455732005,1717.0,exact
Bismack Biyombo,2014-15,1243.0,-2.5,0.30000001192092896,-2.200000047683716,-1.9976280215133857,1.3907756031414962,-0.6068524183718895,-1.794041736153989,-1.71227959102379,1.246867738832957,-0.46541185219083303,-2.427843106,2.046691786,-0.38115132,1243.0,exact
Tony Parker,2014-15,1953.0,0.5,-2.799999952316284,-2.299999952316284,0.7238038289601173,-1.8254696496780525,-1.101665820717935,-1.1504909072615763,0.24488832779031583,-0.6978226802206917,-0.4529343524303759,0.896881341,-1.278684977,-0.381803636,1953.0,exact
Kobe Bryant,2014-15,1207.0,1.2000000476837158,-3.5,-2.299999952316284,0.760830013077634,-2.765639449775079,-2.004809436697445,-2.080730330824452,2.5126383884368066,-3.7833973609038916,-1.270758972467085,-0.414026784,-1.713197747,-2.127224531,1207.0,exact
Matthew Dellavedova,2014-15,1380.0,-0.5,-1.7999999523162842,-2.299999952316284,-0.8335631365102586,-1.3960856108560182,-2.229648747366277,-1.7745202944259404,0.34193147697870296,-1.3006689883846867,-0.9587375114059837,-0.470096428,-1.9184373429999997,-2.388533772,1380.0,exact
Jerami Grant,2014-15,1377.0,-2.5999999046325684,0.30000001192092896,-2.299999952316284,-2.5760877673156553,0.5304081183180946,-2.0456796489975604,-4.404599855422865,-1.6554645966818873,0.7209543088575048,-0.9345102878243825,-3.810908267,0.848392829,-2.962515439,1377.0,exact
John Henson,2014-15,1228.0,-2.799999952316284,0.5,-2.299999952316284,-2.8136792317366663,1.655743664358105,-1.1579355673785614,-1.198542393621273,-2.336167434559585,1.9895273383612007,-0.3466400961983842,-2.273265655,1.643362061,-0.629903595,1228.0,exact
Avery Bradley,2014-15,2428.0,-1.600000023841858,-0.8999999761581421,-2.5999999046325684,-1.551579109241428,-0.2463236295348233,-1.7979027387762512,-1.6064262262997422,0.01624094821266564,-0.7408864170798486,-0.724645468867183,-0.846133497,-0.319017268,-1.165150764,2428.0,exact
Jarrett Jack,2014-15,2241.0,-2.0999999046325684,-0.5,-2.5999999046325684,-1.3463626471821966,-1.7225306704165437,-3.0688933175987403,-3.2128260599514427,1.8599100880021817,-1.069072154111605,0.7908379338905767,-1.091382814,-1.313664329,-2.405047143,2241.0,exact
Shane Larkin,2014-15,1865.0,-2.299999952316284,-0.20000000298023224,-2.5,-2.248250453539367,-0.13221632122994706,-2.3804667747693142,-3.0868699310311727,-1.1359178889742252,-0.6669224762285079,-1.8028403652027332,-1.509683098,-0.101401906,-1.611085003,1865.0,exact
Andre Miller,2014-15,1253.0,0.5,-2.9000000953674316,-2.5,0.7705276927780029,-1.0687816006226754,-0.29825390784467243,-0.626342105564135,0.20419992456937786,-1.7610026598490125,-1.5568027352796348,-0.5875420701460494,-1.4728911143990426,-2.060433184545092,1253.0,exact
Kent Bazemore,2014-15,1324.0,-2.5999999046325684,0.0,-2.5999999046325684,-2.9685548340107357,0.6359239806392797,-2.332630853371456,-2.3634715044634347,-2.42612117168114,-0.06018259734664674,-2.4863037690277867,-3.414649306,0.657084559,-2.757564747,1324.0,exact
Tarik Black,2014-15,1196.0,-1.399999976158142,-1.2000000476837158,-2.700000047683716,-0.932686056411109,-0.644413437073111,-1.5770994934842202,-1.4092826222404302,-1.4479634331048052,-1.2009147166661636,-2.648878149770969,-0.21509799397408025,-1.373268547666388,-1.5883665409690635,1196.0,exact
Chris Kaman,2014-15,1398.0,-2.799999952316284,0.20000000298023224,-2.5999999046325684,-2.3106654108302,0.21683895544140963,-2.09382645538879,-1.3806233840905042,-1.8990276831690298,-0.3711854939453344,-2.270213177114364,-1.528076805,-0.336956617,-1.8650334219999998,1398.0,exact
Mason Plumlee,2014-15,1743.0,-0.800000011920929,-1.899999976158142,-2.5999999046325684,-1.0090076556034575,-0.4630679731446706,-1.472075628748128,-1.0516865323268387,-0.9274105818375136,-0.5789994190808103,-1.5064100009183239,-0.190204408,0.282995462,0.092791054,1743.0,exact
Brandon Bass,2014-15,1929.0,-1.7000000476837158,-1.100000023841858,-2.799999952316284,-1.6460445329236466,-0.8177731745103597,-2.463817707434006,-2.5357712345158028,-1.4323972440783481,-0.06237801325001695,-1.494775257328365,0.470894961,-1.0916202049999997,-0.620725244,1929.0,exact
Chase Budinger,2014-15,1286.0,-1.100000023841858,-1.7000000476837158,-2.799999952316284,-1.4483942426345582,-1.2426915422928824,-2.6910857849274405,-2.0498469193754527,-1.6969021467921779,-1.3687837092153246,-3.0656858560075024,-0.709930756,-1.57080726,-2.280738016,1286.0,exact
Omri Casspi,2014-15,1416.0,0.6000000238418579,-3.4000000953674316,-2.799999952316284,-0.7905492246522873,-2.4686524189357115,-3.259201643587999,-2.542669939113864,-1.6702635870005922,-2.381456425532308,-4.0517200125329005,0.363906723,-1.685853156,-1.321946433,1416.0,exact
Dante Cunningham,2014-15,1652.0,-2.799999952316284,0.0,-2.799999952316284,-3.632938481628249,-0.19354200982129455,-3.8264804914495434,-3.2481223276602726,-2.7685913969785325,0.10240588657295055,-2.666185510405582,-1.823552595,-0.062757569,-1.886310164,1652.0,exact
Shaun Livingston,2014-15,1468.0,-2.0999999046325684,-0.699999988079071,-2.799999952316284,-1.8872860781614793,0.12538091286561423,-1.761905165295865,-2.1412899680619844,-0.9980642635917106,0.9409159101195741,-0.05714835347213654,-1.525461284,-0.856843644,-2.382304928,1468.0,exact
Ray McCallum,2014-15,1436.0,-0.800000011920929,-2.0,-2.799999952316284,-1.0891697747638414,-2.479721841692123,-3.5688916164559643,-2.9682307550185683,-0.21235242936966855,-2.2944684177935417,-2.50682084716321,-1.173505436,-1.638575824,-2.81208126,1436.0,exact
Dennis Schroder,2014-15,1516.0,-0.699999988079071,-2.0,-2.799999952316284,-0.7349528191593372,-1.1229150944161073,-1.8578679135754443,-1.3754897668585027,0.09221127052008635,-0.8283132191490173,-0.736101948628931,-0.699563275,-1.75724991,-2.456813185,1516.0,exact
Quincy Acy,2014-15,1287.0,-2.5,-0.4000000059604645,-2.9000000953674316,-2.3880612513148503,0.8058158680006442,-1.582245383314206,-2.421536409521791,-1.652437310240022,-0.01973411062138475,-1.6721714208614067,-1.7150453950000002,-0.903287696,-2.61833309,1287.0,exact
Marco Belinelli,2014-15,1388.0,0.30000001192092896,-3.0999999046325684,-2.9000000953674316,-0.12388600913565195,-2.7025692911064625,-2.8264553002421144,-1.662942532874886,-0.1348497010812459,-1.4778684826593806,-1.6127181837406266,-0.19461706299999998,-1.361219908,-1.555836972,1388.0,exact
Greivis Vasquez,2014-15,1991.0,-0.4000000059604645,-2.4000000953674316,-2.799999952316284,0.08840159607959114,-1.2327289981676497,-1.1443274020880585,-1.4338505187534987,0.6624296294882039,-1.3299531694320645,-0.6675235399438606,-0.332665493,-1.5248578,-1.857523293,1991.0,exact
Kirk Hinrich,2014-15,1610.0,-2.299999952316284,-0.6000000238418579,-3.0,-2.560288868143193,0.35388109108386745,-2.2064077770593253,-2.9725566883954606,-1.4948236322641335,0.9608820365213985,-0.533941595742735,-1.870995868,-0.121962844,-1.992958712,1610.0,exact
Marreese Speights,2014-15,1207.0,-1.399999976158142,-1.600000023841858,-3.0999999046325684,-1.1588834296855104,0.5798339659460797,-0.5790494637394307,0.2134170942398953,-1.2686039066131494,1.2689339947089746,0.0003300880958252428,0.586803198,-1.665879968,-1.079076769,1207.0,exact
Carl Landry,2014-15,1192.0,-1.899999976158142,-1.399999976158142,-3.299999952316284,-2.408865635593487,-1.0036301759648232,-3.41249581155831,-2.9951261864869188,-2.2707618478529974,-1.295178746691155,-3.5659405945441525,-0.066428208,-2.805207467,-2.871635675,1192.0,exact
KJ McDaniels,2014-15,1352.0,-3.9000000953674316,0.699999988079071,-3.200000047683716,-6.2450346611774314,1.078031845556518,-5.167002815620913,-5.1617127953930675,-2.8307649901304432,0.2543902821733538,-2.5763747079570893,-3.7827013483099114,0.5155346047152367,-3.2671667435458582,1352.0,exact
Carlos Boozer,2014-15,1692.0,-1.600000023841858,-1.7999999523162842,-3.4000000953674316,-1.6436288982763898,-1.6935896161704311,-3.337218514446821,-2.344849408998251,-1.900651919503197,-2.002005121915655,-3.902657041418852,-0.529258383,-1.58864476,-2.117903143,1692.0,exact
Ramon Sessions,2014-15,1188.0,-2.0999999046325684,-1.7000000476837158,-3.799999952316284,-2.9592658039845787,-0.9571478491498714,-3.91641365313445,-3.2682178382942944,-1.0969034262138802,-1.9861257243733637,-3.083029150587244,-2.184988973459596,-1.7122597412727274,-3.8972487147323234,1188.0,exact
Kevin Seraphin,2014-15,1235.0,-3.0,-0.800000011920929,-3.799999952316284,-3.592279959193864,-0.7937281620734827,-4.386008121267347,-3.8431143268936823,-2.5805584389265244,-2.0297882061307333,-4.610346645057257,-3.672569067,-1.267105586,-4.939674653,1235.0,exact
Dante Exum,2014-15,1817.0,-2.799999952316284,-0.800000011920929,-3.5999999046325684,-1.840878284513351,0.3411086902057628,-1.4997695943075882,-0.36061443562601164,-0.46904756332332714,-0.008939242159660465,-0.4779868054829876,-3.353499776,-0.535979098,-3.889478874,1817.0,exact
Tim Hardaway Jr.,2014-15,1681.0,0.4000000059604645,-4.099999904632568,-3.700000047683716,-0.5504291340517691,-2.8738677783082998,-3.424296912360069,-3.3506179579904107,0.7223832844137421,-2.756262907128066,-2.033879622714324,-0.7802678020000001,-2.793952769,-3.5742205710000006,1681.0,exact
Norris Cole,2014-15,1831.0,-1.899999976158142,-1.7999999523162842,-3.700000047683716,-2.1914961094393566,-0.9078254913664615,-3.099321600805818,-2.158087639832894,-1.0314436482637963,-1.2375301409213768,-2.268973789185173,-1.7425256774391042,-1.0588201253730203,-2.8013458028121243,1831.0,exact
Ryan Kelly,2014-15,1233.0,-1.899999976158142,-2.299999952316284,-4.199999809265137,-2.2978513862792096,-1.4598094087927824,-3.757660795071992,-4.070200117376924,-1.439732248445135,-1.8492857581299387,-3.2890180065750734,-1.8055876889999998,-1.026325125,-2.831912814,1233.0,exact
Kendrick Perkins,2014-15,1148.0,-5.099999904632568,0.800000011920929,-4.300000190734863,-7.940075107798741,0.31083529485754585,-7.629239812941195,-6.323981289203414,-3.586506918126164,0.8822596923207962,-2.704247225805368,-4.721944238447735,-0.1452825754442509,-4.867226814037457,1148.0,exact
Austin Rivers,2014-15,1563.0,-2.9000000953674316,-1.100000023841858,-4.0,-2.8430489183313825,-1.40007182655036,-4.243120744881742,-3.3426312015550366,-1.2748544641065078,-1.1293695000538662,-2.4042239641603738,-1.2705709615047984,-1.5388824332476008,-2.8094533942463213,1563.0,exact
Gary Neal,2014-15,1193.0,-0.699999988079071,-3.799999952316284,-4.5,-1.6852780595209067,-1.4621201243143587,-3.147398183835265,-3.486411127181246,0.2880043291858959,-1.8279755097672403,-1.5399711805813445,-1.6362907561886002,-1.485941274852473,-3.1222320310410727,1193.0,exact
Derrick Williams,2014-15,1462.0,-1.0,-3.4000000953674316,-4.5,-1.045102012083006,-3.2839261547564633,-4.3290281668394694,-3.6751564903030762,-1.8293284370105982,-2.4142340976450356,-4.243562534655634,-0.038259213,-2.38740524,-2.425664453,1462.0,exact
Spencer Hawes,2014-15,1274.0,-4.699999809265137,-0.4000000059604645,-5.099999904632568,-3.537602950522032,-0.46329747738798543,-4.000900427910017,-4.179921948225324,-2.164370406275625,-1.1011581101961414,-3.2655285164717665,-3.8091785599999994,-0.899115936,-4.708294497,1274.0,exact
JJ Hickson,2014-15,1411.0,-3.700000047683716,-1.100000023841858,-4.800000190734863,-3.221244421685592,-0.7632035730457165,-3.9844479947313087,-3.7210081895360356,-2.034199203336085,-0.45412596009056483,-2.4883251634266497,-2.0822629,-1.077914854,-3.160177753,1411.0,exact
Henry Sims,2014-15,1399.0,-3.0999999046325684,-1.899999976158142,-5.0,-3.1738966408238114,-0.29885732978217217,-3.4727539706059836,-4.237225164394514,-1.7193572847626934,0.047517930661599816,-1.6718393541010936,-1.960760763,-1.32593755,-3.286698313,1399.0,exact
Lance Thomas,2014-15,1490.0,-4.0,-1.7000000476837158,-5.699999809265137,-3.3658508522450212,-1.1203966393439015,-4.486247491588923,-3.913061166685745,-2.6614571027415583,-1.290379247697298,-3.9518363504388563,-2.7162689079127516,-2.0098165804832213,-4.726085489395974,1490.0,exact
Jason Smith,2014-15,1785.0,-2.700000047683716,-2.700000047683716,-5.400000095367432,-2.2874244577213356,-1.7645026350467898,-4.051927092768126,-3.823787754346006,-1.2643508093990348,-2.5053323322878107,-3.7696831416868455,-2.028977602,-2.18155665,-4.210534252,1785.0,exact
Lance Stephenson,2014-15,1573.0,-3.4000000953674316,-2.299999952316284,-5.800000190734863,-4.829381397345976,-1.0503894029928265,-5.879770800338803,-5.157849101378888,-0.4991990901209826,-0.933095227403798,-1.4322943175247806,-3.781271725,-0.12699222,-3.9082639449999994,1573.0,exact
Jose Calderon,2014-15,1270.0,-1.399999976158142,-5.300000190734863,-6.800000190734863,-1.7542428154786738,-3.2309942679656154,-4.985237083444289,-3.7872005345436386,-0.13542064831824246,-3.971293335141637,-4.106713983459879,-1.197357959,-2.114193443,-3.311551402,1270.0,exact
Zach LaVine,2014-15,1902.0,-3.5,-4.800000190734863,-8.300000190734863,-2.1369866053389974,-3.281072466646924,-5.418059071985922,-4.9060809420578515,-0.45802539482150006,-3.9534299977475467,-4.411455392569047,-3.083839593,-2.94992159,-6.033761183,1902.0,exact
Draymond Green,2015-16,2808.0,4.199999809265137,5.199999809265137,9.399999618530273,3.6703508431741376,4.319288517336066,7.989639360510203,7.056709043027825,1.5347081001847775,3.1847369769354708,4.719445077120248,2.710659696,3.464000528,6.174660225,2808.0,exact
Kawhi Leonard,2015-16,2380.0,5.0,5.099999904632568,10.100000381469727,3.4221755760345904,3.7182102842936335,7.140385860328224,6.602261190096033,1.6726807405616693,3.7239946370459993,5.396675377607669,5.268682769,3.287638774,8.556321544,2380.0,exact
Chris Paul,2015-16,2420.0,7.5,1.600000023841858,9.0,6.742525243607386,1.0863707271074319,7.828895970714818,7.6113391576442355,5.757755684430886,0.8467008172364017,6.604456501667287,6.239999722,1.701560324,7.941560046,2420.0,exact
LeBron James,2015-16,2709.0,6.099999904632568,1.399999976158142,7.5,6.578777080276049,1.5471856943364732,8.125962774612521,7.1488015962406335,2.1901093923555566,0.2961253254065732,2.48623471776213,6.301635787,1.351532539,7.653168326,2709.0,exact
Russell Westbrook,2015-16,2750.0,6.400000095367432,0.0,6.400000095367432,5.4991892461578535,1.0900562073363047,6.589245453494158,6.094154740802392,4.608134512890272,-0.33222300681349587,4.275911506076777,5.717833252,1.33637247,7.054205722,2750.0,exact
James Harden,2015-16,3125.0,5.699999809265137,-0.6000000238418579,5.0,6.648100693365524,-1.1366365610757418,5.511464132289782,5.07694185891422,5.288397287036879,-1.5495008539743553,3.738896433062524,4.973605386,-0.46153633,4.512069056,3125.0,exact
Kyle Lowry,2015-16,2851.0,5.5,0.30000001192092896,5.800000190734863,5.448666593330174,0.478032330733498,5.926698924063672,6.063988106736484,3.597558339096005,-0.1552892002818744,3.4422691388141304,3.707469701,1.104079291,4.811548992,2851.0,exact
Kevin Durant,2015-16,2578.0,6.199999809265137,0.0,6.199999809265137,6.743270048464254,0.7580776644743206,7.501347712938575,7.22156164138561,3.9425652741336106,0.33009898802263193,4.272664262156242,6.384367029,0.73592592,7.1202929489999995,2578.0,exact
Paul George,2015-16,2819.0,2.700000047683716,2.299999952316284,5.0,2.8731991937178987,1.3225176050062275,4.195716798724126,3.8890202966953127,3.4559848311727377,1.13821744551519,4.594202276687928,2.205843613,1.510256662,3.716100274,2819.0,exact
Kemba Walker,2015-16,2885.0,3.4000000953674316,1.100000023841858,4.5,3.6454981784616898,0.671453603182321,4.31695178164401,4.639796244032166,2.8808137789242183,0.7179726607486117,3.59878643967283,2.579241508,0.61402745,3.193268958,2885.0,exact
Nikola Jokic,2015-16,1733.0,3.5999999046325684,4.5,8.199999809265137,2.362295806031366,2.7926111881696314,5.1549069942009975,4.423094814788012,0.8911894239194473,2.4821865686600626,3.37337599257951,2.4663218229999995,1.088031578,3.554353401,1733.0,fuzzy
Steven Adams,2015-16,2014.0,0.699999988079071,5.300000190734863,6.0,-0.05789682825448864,3.4101278639396106,3.352231035685122,2.788760933535697,-0.9837677185137971,3.3711183966404406,2.3873506781266434,0.980346983,0.647577233,1.627924216,2014.0,exact
Isaiah Thomas,2015-16,2644.0,4.5,-0.8999999761581421,3.5,4.823370533531217,-1.139142128135494,3.6842284053957233,3.987761495184454,3.0527798222277203,-0.6186214262718718,2.4341583959558486,3.32531181,-1.092941728,2.232370082,2644.0,exact
DeMarcus Cousins,2015-16,2246.0,0.30000001192092896,4.099999904632568,4.400000095367432,0.6706421111376337,2.5358365492112487,3.2064786603488824,4.420300134630975,1.6656638538722517,1.9337054888602012,3.599369342732453,1.026734179,0.933515663,1.960249842,2246.0,exact
CJ McCollum,2015-16,2780.0,2.200000047683716,0.8999999761581421,3.0999999046325684,2.520282753233297,-0.34788012194798124,2.1724026312853155,1.9433570160055442,2.6590206383777364,-0.4356215345943371,2.2233991037833993,2.931524429,-0.509543986,2.421980443,2780.0,exact
Jimmy Butler,2015-16,2474.0,2.5,1.2000000476837158,3.700000047683716,2.021208792022469,0.8673651260693388,2.888573918091808,2.548017958405843,1.8003239770918713,0.5702648132136456,2.3705887903055167,3.790520757,1.016294128,4.806814885,2474.0,exact
Ricky Rubio,2015-16,2323.0,1.2999999523162842,2.700000047683716,4.0,2.002769981551776,1.4169595141312457,3.419729495683022,3.780980357776906,2.5864996116416914,-0.36383458275661124,2.22266502888508,1.918938574,1.641150007,3.560088581,2323.0,exact
Damian Lillard,2015-16,2676.0,5.0,-2.0999999046325684,2.9000000953674316,5.848044337240857,-1.9138622086465225,3.934182128594335,3.844917890616257,4.140001239125103,-1.0212126793088616,3.118788559816241,3.4964605380000005,-1.777058886,1.719401652,2676.0,exact
JJ Redick,2015-16,2097.0,3.0999999046325684,1.5,4.599999904632568,2.9653074032007143,-0.11580219253246742,2.849505210668247,2.052384051210877,0.888839775241489,1.038720705825414,1.927560481066903,3.825291907,-0.754056623,3.071235283,2097.0,exact
Kevin Love,2015-16,2424.0,2.4000000953674316,1.2000000476837158,3.5,2.0691020296495704,0.5674362119570969,2.6365382416066674,3.277111241271445,1.481707523786182,0.3746201301316469,1.856327653917829,1.512740049,1.367575993,2.880316042,2424.0,exact
DeAndre Jordan,2015-16,2598.0,1.0,1.899999976158142,3.0,2.4286310713926067,1.9668320446260654,4.395463116018672,3.9292915571347926,2.3992694169231417,1.6334100625964805,4.032679479519622,0.350456113,3.058657198,3.409113311,2598.0,exact
Kentavious CaldwellPope,2015-16,2789.0,0.699999988079071,1.7999999523162842,2.5,0.35899977147353707,1.4531388637311629,1.8121386352047,1.6375460155569872,-0.05607526957387121,0.2544157893832725,0.19834051980940126,0.672713941,1.171792109,1.84450605,2789.0,exact
Khris Middleton,2015-16,2852.0,2.5999999046325684,-0.4000000059604645,2.299999952316284,2.446028658737647,-0.32403426128682916,2.121994397450818,1.5862704467941002,2.481254128895777,-0.7759594329088004,1.7052946959869766,2.403932115,0.21845599299999996,2.622388108,2852.0,exact
Marvin Williams,2015-16,2338.0,2.700000047683716,0.800000011920929,3.5,2.2416968220108577,0.6550901437942672,2.896786965805125,2.529841736939531,0.9535160411077307,0.6929965252562557,1.6465125663639864,1.246511326,1.035435826,2.281947152,2338.0,exact
Paul Millsap,2015-16,2647.0,0.699999988079071,1.7999999523162842,2.5,1.0489583489851748,1.5519737567470742,2.600932105732249,2.1402901139503787,0.49222350120101754,1.4077595946693149,1.8999830958703323,0.9473592750000001,3.204426314,4.15178559,2647.0,exact
Klay Thompson,2015-16,2666.0,3.200000047683716,-0.8999999761581421,2.4000000953674316,3.3317246656027772,-0.07007394289188836,3.261650722710889,3.464587865344919,2.030421615780427,0.6922688279072291,2.7226904436876564,3.668756457,0.027961023999999998,3.6967174809999994,2666.0,exact
Pau Gasol,2015-16,2291.0,0.699999988079071,2.4000000953674316,3.0999999046325684,-0.12161780303318198,1.9816555746150772,1.8600377715818952,0.7858200835288948,0.9037059046681308,1.5879672441643706,2.4916731488325015,0.236247767,1.536108185,1.772355951,2291.0,exact
Tristan Thompson,2015-16,2269.0,0.699999988079071,2.299999952316284,3.0,0.06876151449630662,1.069208336458824,1.1379698509551306,1.4074716293239344,-0.4920329255039545,1.338488015875874,0.8464550903719196,0.845148931,1.040241755,1.8853906869999997,2269.0,exact
John Wall,2015-16,2784.0,1.899999976158142,0.0,1.899999976158142,1.436206577416512,0.46324329950670257,1.8994498769232147,1.5526212526128091,2.7980317690814522,-0.029035700583436838,2.7689960684980153,1.053066878,1.060594588,2.113661466,2784.0,exact
Derrick Favors,2015-16,1983.0,0.6000000238418579,3.0999999046325684,3.700000047683716,-0.584151387730784,1.5420330471550001,0.9578816594242161,0.8194545167175983,-1.272626670783645,1.8633985411298588,0.5907718703462137,1.633017582,1.633905706,3.266923288,1983.0,exact
Patrick Beverley,2015-16,2041.0,1.5,1.7999999523162842,3.4000000953674316,1.5378805704755834,1.2468289656945615,2.784709536170145,2.452534511351765,0.411775421741389,-0.02995637082490881,0.38181905091648016,0.333819866,0.106319223,0.440139089,2041.0,exact
Brook Lopez,2015-16,2457.0,-0.10000000149011612,2.5,2.4000000953674316,0.20424860980157225,1.6255597006734568,1.8298083104750291,1.3026425815751528,0.42516760353928007,0.7862104133340161,1.2113780168732962,1.409778493,-0.593904551,0.815873942,2457.0,exact
Kristaps Porzingis,2015-16,2047.0,0.10000000149011612,3.299999952316284,3.299999952316284,-0.14927269849751704,1.9965197293642618,1.8472470308667448,1.0809618264607455,0.4598812799119198,1.0395273358099775,1.4994086157218973,-0.661989945,1.740769967,1.078780023,2047.0,fuzzy
Victor Oladipo,2015-16,2379.0,1.2000000476837158,1.100000023841858,2.299999952316284,0.41061962912794064,0.4761231935193007,0.8867428226472414,0.5113084361283754,0.7059980869535488,0.22272109833857384,0.9287191852921226,0.9610529760000001,1.444376762,2.405429738,2379.0,exact
Tim Duncan,2015-16,1536.0,-0.30000001192092896,5.300000190734863,5.0,-0.7472557662734735,4.223367187041469,3.4761114207679955,2.7692941558884314,-0.6526178326167626,4.789321041329433,4.136703208712671,-0.7040918399999999,3.0338372260000006,2.329745386,1536.0,exact
Wesley Matthews,2015-16,2644.0,1.600000023841858,0.10000000149011612,1.7000000476837158,1.0395534318686626,-0.4772747122608228,0.5622787196078398,0.7450356833296373,0.9731413381077068,-1.0754628023434245,-0.10232146423571775,0.48441514,0.196235662,0.680650802,2644.0,exact
Anthony Davis,2015-16,2164.0,0.30000001192092896,2.299999952316284,2.5999999046325684,-0.2593167314186904,1.2934200818635542,1.0341033504448638,1.2244793274890011,-0.07452249472437783,0.36451921790285513,0.2899967231784773,1.9760721440000002,0.681529002,2.657601146,2164.0,exact
Jrue Holiday,2015-16,1831.0,3.299999952316284,0.20000000298023224,3.5,2.9811041446960833,-0.26207583622283354,2.71902830847325,2.9095406621448983,2.0974523171106836,-0.8632474819971032,1.2342048351135804,1.885344079,-0.29592694,1.589417139,1831.0,exact
LaMarcus Aldridge,2015-16,2261.0,0.800000011920929,1.5,2.299999952316284,0.2688112957025506,1.9016280687566234,2.170439364459174,2.0043378927905153,-0.6025570036226676,2.0244159656255594,1.4218589620028919,2.151311076,1.097242824,3.2485539,2261.0,exact
Marcin Gortat,2015-16,2256.0,-0.8999999761581421,3.299999952316284,2.299999952316284,-0.7388327627210599,2.0628357342364687,1.3240029715154087,0.7920898116097632,-1.4548615335512012,1.9611946107748237,0.5063330772236225,0.092375829,0.574366045,0.666741874,2256.0,exact
Al Horford,2015-16,2631.0,-0.20000000298023224,1.7999999523162842,1.5,-0.1507383156772548,1.4796965397395452,1.3289582240622904,1.1345886347921457,0.03705561226532611,2.0277078455061033,2.0647634577714293,1.390416959,1.076079997,2.466496957,2631.0,exact
KarlAnthony Towns,2015-16,2627.0,1.2000000476837158,0.20000000298023224,1.399999976158142,1.1736697353860848,-0.16612604820300872,1.007543687183076,-0.15366859401232028,0.6275844476737424,-0.513995083470666,0.11358936420307642,1.100838759,-0.09983795099999998,1.001000808,2627.0,exact
Goran Dragic,2015-16,2363.0,0.8999999761581421,0.8999999761581421,1.7999999523162842,0.8971625712598237,0.7090679673250757,1.6062305385848994,1.387597655623792,1.017670334485542,0.8481338470997564,1.8658041815852984,0.443284035,-0.194937673,0.24834636200000001,2363.0,fuzzy
Danny Green,2015-16,2062.0,0.20000000298023224,2.200000047683716,2.4000000953674316,-0.3021828359759869,2.946394608034008,2.6442117720580214,2.6102078239380395,0.08466730251317293,2.9510758858593062,3.035743188372479,-1.516104574,3.136386791,1.620282217,2062.0,exact
Dirk Nowitzki,2015-16,2364.0,1.600000023841858,0.10000000149011612,1.7999999523162842,1.8786037673507405,1.107127013336146,2.9857307806868865,3.628257927664904,1.5255255200813718,0.3233039228467195,1.8488294429280914,2.132694686,0.374080776,2.506775462,2364.0,exact
Reggie Jackson,2015-16,2424.0,3.200000047683716,-1.7000000476837158,1.5,3.695250563860455,-1.2083692113668707,2.486881352493584,1.9831699487161654,3.3818403402334907,-0.8211638322700248,2.560676507963466,2.052843624,-1.306904092,0.745939532,2424.0,exact
Hassan Whiteside,2015-16,2125.0,0.30000001192092896,2.0,2.200000047683716,-0.5002117001647916,2.1232813989841257,1.623069698819334,2.414784645006175,-0.9185314189226127,1.3655413226488005,0.44700990372618776,-0.58138557,3.761501868,3.180116299,2125.0,exact
Ryan Anderson,2015-16,2008.0,2.0,0.30000001192092896,2.299999952316284,1.5596455890501353,-0.6730587749540234,0.8865868140961118,0.9779954462247572,1.029727682080228,0.48233037597761114,1.512058058057839,1.641667276,-1.548695676,0.0929716,2008.0,exact
Jared Dudley,2015-16,2098.0,1.2999999523162842,0.8999999761581421,2.0999999046325684,0.44256412536851425,0.902398267401197,1.3449623927697112,1.0098945214787818,-0.3996298122626428,0.6132175480830611,0.21358773582041823,0.148572622,0.259439546,0.408012169,2098.0,exact
Gordon Hayward,2015-16,2893.0,1.600000023841858,-0.8999999761581421,0.699999988079071,1.6957607777022023,-0.24415460756559437,1.4516061701366079,1.5298456882079066,2.4849322340599995,-0.6005215740197454,1.8844106600402541,2.179856623,-0.037382791,2.142473832,2893.0,exact
Rudy Gobert,2015-16,1932.0,-1.100000023841858,3.5,2.4000000953674316,-0.7328085255503836,3.379401639321405,2.6465931137710212,2.3064124473518177,-0.2202876658062969,2.466403643908931,2.246115978102634,-1.138201782,2.847575608,1.709373827,1932.0,exact
Mario Chalmers,2015-16,1373.0,1.7000000476837158,2.5,4.199999809265137,1.718095503735532,1.9240129741304124,3.6421084778659445,3.3010671325129457,1.6540187423733732,0.7962472025681885,2.450265944941562,0.9367341900189364,1.0759804759876184,2.0127146660065547,1373.0,exact
Rodney Hood,2015-16,2541.0,2.0999999046325684,-1.0,1.100000023841858,1.9228838014782834,-1.0423949639481755,0.8804888375301079,0.6605527009215862,2.2502132633929297,-0.611182158434917,1.6390311049580126,1.196204356,0.07484354,1.271047895,2541.0,exact
Greg Monroe,2015-16,2314.0,1.5,-0.10000000149011612,1.399999976158142,1.4812726931123006,-0.21408989957828325,1.2671827935340174,1.07922803520054,-0.08370212932823909,-0.899773259491683,-0.983475388819922,1.800045274,-0.521611188,1.278434086,2314.0,exact
Jae Crowder,2015-16,2308.0,1.2000000476837158,0.10000000149011612,1.2999999523162842,1.384694096719685,1.006510692715357,2.391204789435042,2.505120221005511,0.02702502797300438,0.8298734388127968,0.8568984667858013,1.533714075,1.967738949,3.501453024,2308.0,exact
Tobias Harris,2015-16,2513.0,0.30000001192092896,0.699999988079071,1.0,0.47690397427383974,-0.04853909813423829,0.42836487613960145,0.8400540559164161,-1.027131478591575,0.2827591957625415,-0.7443722828290336,0.9947151468384401,0.1332057491810585,1.1279208960194986,2513.0,exact
Kyle Korver,2015-16,2401.0,0.20000000298023224,1.0,1.2000000476837158,1.0034220207755504,0.22901237959119972,1.2324344003667502,1.2391408430999746,0.2589188414320169,1.4427984490177561,1.701717290449773,-0.9410654920000001,1.068023582,0.12695809,2401.0,exact
Giannis Antetokounmpo,2015-16,2823.0,0.800000011920929,-0.20000000298023224,0.5,1.0779104191606184,-0.2182973137910802,0.8596131053695382,0.6630462906929148,-0.020938473219907827,-0.6496078460151684,-0.6705463192350762,-0.247761622,0.530973234,0.283211612,2823.0,exact
Ed Davis,2015-16,1684.0,0.699999988079071,2.0,2.700000047683716,0.30220177827972455,2.2144126584492203,2.5166144367289447,1.821622223825667,-0.07515474645393819,0.9143079836964287,0.8391532372424906,1.101267985,1.212715375,2.31398336,1684.0,exact
Andre Drummond,2015-16,2666.0,-0.8999999761581421,1.600000023841858,0.6000000238418579,0.30119717784541306,2.5749765305191548,2.876173708364568,3.1535462998321555,2.334711135305382,1.4026835715999602,3.7373947069053424,-0.201903594,2.999181988,2.797278393,2666.0,exact
JR Smith,2015-16,2362.0,2.4000000953674316,-1.2999999523162842,1.100000023841858,1.9320610720461813,-0.7340151133563011,1.1980459586898802,1.376589508452079,1.6779494288446992,-1.0723182301936967,0.6056311986510026,1.217222349,0.738420833,1.955643183,2362.0,exact
Carmelo Anthony,2015-16,2530.0,3.5,-2.700000047683716,0.699999988079071,2.772493048734186,-1.5258619419541262,1.2466311067800597,0.7044913002192229,2.9237158766031226,-2.223902512974192,0.6998133636289308,2.243594367,-0.122369312,2.121225055,2530.0,exact
Danilo Gallinari,2015-16,1839.0,3.0,-0.8999999761581421,2.0999999046325684,1.699830437557572,-1.349482648431471,0.3503477891261009,0.46882253054478396,1.4010133514376362,-0.9208446595663845,0.48016869187125166,3.001745401,-1.400644003,1.601101398,1839.0,exact
George Hill,2015-16,2524.0,0.20000000298023224,0.6000000238418579,0.800000011920929,0.5624930824245128,0.4884964724438691,1.0509895548683819,0.8244312918035385,0.21398337914129167,0.8996072390070475,1.1135906181483393,-0.110343284,0.344762512,0.234419228,2524.0,exact
Avery Bradley,2015-16,2536.0,1.2000000476837158,-0.6000000238418579,0.699999988079071,1.2118833525743369,-0.4645649340759081,0.7473184184984287,1.284205830846904,0.16391596421416965,-0.5641021670606075,-0.4001862028464378,0.9169951070000001,0.988411372,1.905406479,2536.0,exact
Patrick Patterson,2015-16,2020.0,0.5,0.8999999761581421,1.5,0.5054655721707265,0.9377158660534058,1.4431814382241324,1.9109099580187934,-0.4739006442660884,1.3130667889914065,0.839166144725318,-0.128239288,0.805166319,0.676927031,2020.0,exact
Serge Ibaka,2015-16,2500.0,-0.800000011920929,1.399999976158142,0.6000000238418579,-0.2635425786932117,1.388889302944125,1.1253467242509132,1.642142291640426,-1.102964413401324,0.7981261925905117,-0.30483822081081224,-0.22081747600000004,1.261808498,1.040991022,2500.0,exact
David West,2015-16,1404.0,0.20000000298023224,2.700000047683716,2.9000000953674316,-0.2623624421538305,2.0382544398841573,1.775891997730327,1.2262961732214699,-1.342573209836899,3.3846594460011312,2.0420862361642325,0.699416866,1.990699947,2.690116813,1404.0,exact
Matthew Dellavedova,2015-16,1867.0,0.4000000059604645,1.0,1.5,0.9483795419608181,-0.038410738420848696,0.9099688035399693,0.7092031216629362,1.0060870866883658,1.2992872495905066,2.3053743362788723,0.010342285,-0.020416687,-0.010074402,1867.0,exact
Jared Sullinger,2015-16,1915.0,-0.6000000238418579,1.899999976158142,1.399999976158142,0.0003078961819230804,1.870771621752927,1.8710795179348503,1.8860163863899873,-0.03595593716293387,2.2622985963459574,2.2263426591830235,-0.482870538,1.774876895,1.292006358,1915.0,exact
Thaddeus Young,2015-16,2407.0,0.10000000149011612,0.5,0.5,-0.37887786486697145,0.7008040793876039,0.32192621452063247,0.8056457214062177,-0.6520225414336485,-0.10711130721665837,-0.7591338486503069,0.429375492,0.824365325,1.253740817,2407.0,exact
Kent Bazemore,2015-16,2083.0,-0.4000000059604645,1.2999999523162842,0.8999999761581421,-1.1315424538855128,1.7377256195626423,0.6061831656771295,0.8620222407144705,-1.0506491833166751,1.2737493713362276,0.22310018801955245,-1.158370561,1.831798804,0.673428243,2083.0,exact
Robert Covington,2015-16,1903.0,-0.699999988079071,1.899999976158142,1.2000000476837158,-0.46338025525083815,1.3638892761438424,0.9005090208930042,0.5273306632693161,0.7166417036873558,0.4329275155381731,1.149569219225529,-1.56451856,1.284374249,-0.280144311,1903.0,exact
Amir Johnson,2015-16,1800.0,0.20000000298023224,1.2999999523162842,1.5,0.8472841184013847,1.6360034220136537,2.4832875404150383,1.837935041900754,-0.39278339872257245,1.736025213343843,1.3432418146212706,-0.033334719,1.467840299,1.43450558,1800.0,exact
Jeremy Lin,2015-16,2048.0,-1.2000000476837158,2.200000047683716,1.0,-1.484607263029752,1.659360974081525,0.17475371105177295,0.12848391765324155,-0.3203481532406315,1.4121144323523405,1.091766279111709,-0.48927854,0.135113718,-0.354164822,2048.0,exact
Luol Deng,2015-16,2394.0,0.10000000149011612,0.20000000298023224,0.30000001192092896,0.09893708681234216,0.23748902465896407,0.33642611147130624,0.42415438103591585,0.18127547380108971,0.8107917399984724,0.9920672137995621,0.7526545,0.14886987,0.9015243700000001,2394.0,exact
Monta Ellis,2015-16,2734.0,-0.30000001192092896,0.20000000298023224,-0.10000000149011612,-0.47321385704850377,0.9251373342711778,0.45192347722267406,0.6191280756990265,1.033157525401668,0.8996321278631292,1.9327896532647972,0.123743191,1.833396688,1.9571398799999997,2734.0,exact
Jeremy Lamb,2015-16,1227.0,1.0,2.4000000953674316,3.4000000953674316,-0.46530467484719473,2.548444917334097,2.0831402424869023,1.4665503220603675,-0.08174975710619425,2.2573456041192888,2.1755958470130947,-0.017176749,1.380847843,1.363671094,1227.0,exact
Patty Mills,2015-16,1662.0,1.7999999523162842,-0.10000000149011612,1.7999999523162842,1.0204796832389271,0.07803682077077269,1.0985165040096998,1.36932160272519,1.6140833202959661,1.4853620988014398,3.099445419097406,0.6495451050000001,0.523655693,1.173200797,1662.0,exact
PJ Tucker,2015-16,2540.0,-0.800000011920929,0.8999999761581421,0.20000000298023224,-1.391668425795749,0.5206452647698693,-0.8710231610258797,-1.178447381979698,-0.15776650559987832,-0.11714093289224731,-0.2749074384921256,-0.793570635,0.416321426,-0.377249209,2540.0,exact
Otto Porter Jr.,2015-16,2276.0,0.4000000059604645,0.0,0.4000000059604645,0.6875387558246834,0.9221647326562076,1.609703488480891,1.7184481968455225,-0.3265273719225688,0.03143889478916837,-0.2950884771334004,0.626186676,1.154965122,1.781151798,2276.0,exact
Terrence Ross,2015-16,1747.0,1.100000023841858,0.4000000059604645,1.5,0.7696026455724465,0.6031099304660973,1.372712576038544,0.8882223804907386,1.0514132236784295,1.472937554895541,2.5243507785739707,0.795015717,-0.096730598,0.698285119,1747.0,exact
Jeff Teague,2015-16,2255.0,0.800000011920929,-0.4000000059604645,0.4000000059604645,0.6939729016151587,-0.5712061264512255,0.1227667751639332,-0.35103655862657873,0.44164581078157794,-0.06474222613377575,0.37690358464780216,0.647472606,-0.283011852,0.364460754,2255.0,exact
Andrew Wiggins,2015-16,2845.0,0.5,-0.800000011920929,-0.20000000298023224,0.7253473971001094,-0.5878001997076768,0.1375471973924326,0.05919491185186501,0.3338066910451318,-1.3179207705209073,-0.9841140794757754,1.325095888,-1.6265159209999998,-0.301420034,2845.0,exact
Lou Williams,2015-16,1907.0,3.200000047683716,-2.200000047683716,1.0,2.1233963329730057,-2.1428495561832626,-0.019453223210256887,-0.5527634332695954,1.6447437329029724,-2.4569999088808196,-0.8122561759778473,2.304549136,-1.743898831,0.560650305,1907.0,exact
Mike Conley,2015-16,1761.0,2.200000047683716,-0.8999999761581421,1.399999976158142,1.972763691584672,0.6369826101994688,2.6097463017841407,3.560209364748513,1.6236487758031846,0.01966054446146498,1.6433093202646496,2.977426867,-0.483358291,2.494068576,1761.0,exact
Langston Galloway,2015-16,2033.0,-0.800000011920929,1.5,0.699999988079071,-1.2143155148279459,0.3767782866526164,-0.8375372281753295,-1.2386668664230123,0.37213216433716967,0.8647355490478829,1.2368677133850525,-1.120336445,0.484832642,-0.635503804,2033.0,exact
Marcus Smart,2015-16,1667.0,-0.4000000059604645,1.899999976158142,1.5,-1.0281658025436056,2.1867314508118567,1.1585656482682511,2.006373185582809,0.9507109168396872,1.1331237532959788,2.083834670135666,-1.834330221,1.445057096,-0.38927312499999994,1667.0,exact
Jonas Valanciunas,2015-16,1557.0,1.7999999523162842,0.10000000149011612,1.7999999523162842,0.9647985854184787,-0.04099764721641726,0.9238009382020614,0.797912300553683,-0.18219022124784434,0.6866790797810921,0.5044888585332478,1.293674281,0.025323786999999997,1.318998068,1557.0,fuzzy
Nikola Vucevic,2015-16,2037.0,0.30000001192092896,0.5,0.800000011920929,-0.30272632385364084,0.6384997211358402,0.33577339728219935,-0.4546715754351724,0.13696363657506813,0.6023712304347861,0.7393348670098543,1.122339718,-0.281630991,0.840708727,2037.0,fuzzy
Aaron Gordon,2015-16,1863.0,0.8999999761581421,0.0,0.8999999761581421,-0.05428015947266501,0.25112269659850367,0.19684253712583866,0.0058119103252100195,0.39045975790962617,0.3780475838613262,0.7685073417709524,0.404261606,0.478652862,0.882914468,1863.0,exact
Marc Gasol,2015-16,1791.0,-1.5,2.5999999046325684,1.0,-1.367487481334648,2.0862922865440954,0.7188048052094473,0.4048284333766598,-0.11375582099109995,1.2530902098716687,1.1393343888805687,0.195457461,0.23322705399999996,0.428684515,1791.0,exact
Dennis Schroder,2015-16,1621.0,0.10000000149011612,1.2000000476837158,1.2999999523162842,-0.39824679005220753,1.4691141452270202,1.0708673551748127,1.3366579644621692,0.5799302059708298,2.2528250795762785,2.8327552855471083,-0.807065014,0.41479204199999997,-0.39227297200000005,1621.0,exact
Garrett Temple,2015-16,1951.0,-1.2999999523162842,2.0,0.6000000238418579,-1.4837981853180622,1.434588407945995,-0.04920977737206722,-0.08558804143364322,-0.49174320179116093,0.974782683166769,0.48303948137560804,-1.186255462,0.151046369,-1.035209093,1951.0,exact
Trevor Ariza,2015-16,2859.0,0.699999988079071,-1.100000023841858,-0.5,0.9157392089517934,-0.6436473314422821,0.27209187750951125,0.831453318266978,0.522595816724403,-1.1299409996566794,-0.6073451829322764,0.922519428,0.639145643,1.561665071,2859.0,exact
Chris Bosh,2015-16,1778.0,0.699999988079071,0.20000000298023224,0.8999999761581421,0.0892757328105473,0.8693110793492119,0.9585868121597593,0.9808216410632316,0.12001495002821638,1.4515685891029348,1.5715835391311512,2.195824094,-0.171888527,2.023935567,1778.0,exact
DeMar DeRozan,2015-16,2804.0,2.700000047683716,-3.0999999046325684,-0.4000000059604645,1.7361652758654076,-2.0723342105326172,-0.33616893466720965,0.7576812352952226,2.40055081293185,-1.116442711067807,1.2841081018640428,3.435239898,-1.096709282,2.338530616,2804.0,exact
Evan Fournier,2015-16,2566.0,1.7000000476837158,-1.899999976158142,-0.20000000298023224,1.2159197794678833,-1.643298453026483,-0.4273786735585996,-0.8062258551457249,0.48764164396835524,-1.747021086566463,-1.2593794425981077,1.466157625,-1.014409847,0.451747778,2566.0,exact
Courtney Lee,2015-16,2334.0,-0.6000000238418579,0.6000000238418579,0.0,-0.07025932529806883,-0.13704389876772802,-0.20730322406579685,-0.3756219766574982,-1.756624016592665,0.6375068041371623,-1.1191172124555027,0.17730938091902315,0.6329846366075407,0.8102940175265638,2334.0,exact
Kelly Olynyk,2015-16,1395.0,-0.10000000149011612,2.0,1.899999976158142,-0.29839726511073483,2.005817153908136,1.7074198887974013,1.5658920789368949,-1.3436349168316275,3.4286249974774368,2.0849900806458095,0.792665321,0.415769448,1.208434769,1395.0,exact
Chandler Parsons,2015-16,1799.0,0.8999999761581421,-0.10000000149011612,0.800000011920929,0.9347670551939102,-0.7638958327323895,0.17087122246152076,-0.3098456884130767,0.042548639370850155,-0.9806364020401728,-0.9380877626693226,1.592563382,-0.136988206,1.455575175,1799.0,exact
Thabo Sefolosha,2015-16,1758.0,-1.100000023841858,2.0,0.8999999761581421,-1.4150450225805615,1.1764206309500473,-0.2386243916305142,-0.9857772034904043,-1.7322014330730031,1.9430544906419274,0.21085305756892425,-1.182912298,2.233628498,1.0507162,1758.0,exact
Dwyane Wade,2015-16,2258.0,1.7999999523162842,-1.600000023841858,0.20000000298023224,1.0453726377564099,-0.916214474169046,0.12915816358736387,-0.08909139875881973,1.9068978519150843,-1.1583907895668661,0.7485070623482182,1.515462067,-0.460464128,1.05499794,2258.0,exact
Clint Capela,2015-16,1471.0,-0.20000000298023224,1.7000000476837158,1.5,0.41898510604573486,2.4458984300175386,2.8648835360632736,2.2948025694268153,0.5266671429058176,3.4752039890458635,4.001871131951681,-0.080212249,1.225177723,1.144965474,1471.0,exact
Michael CarterWilliams,2015-16,1649.0,-1.399999976158142,2.299999952316284,1.0,-1.2231859071190587,1.0576201310396516,-0.16556577607940715,-0.23346279991000632,0.671200089081664,-0.1386200031871213,0.5325800858945426,-2.087369163,0.61165921,-1.475709953,1649.0,exact
Darren Collison,2015-16,2219.0,1.7999999523162842,-1.7000000476837158,0.10000000149011612,1.677628445445184,-1.854283395767559,-0.1766549503223751,-0.7515135610397898,0.5400618052607892,-1.4503394438135737,-0.9102776385527845,1.46324887,-1.566195306,-0.102946435,2219.0,exact
Cory Joseph,2015-16,2046.0,-1.2000000476837158,1.5,0.4000000059604645,-0.797380791414814,1.1637482760867957,0.36636748467198166,1.0282149245098549,-0.18287625253897732,1.5545821945004077,1.3717059419614304,0.592391193,0.212382788,0.804773981,2046.0,exact
Ian Mahinmi,2015-16,1816.0,-2.200000047683716,2.9000000953674316,0.699999988079071,-1.2214077097798548,2.1500756674284425,0.9286679576485877,1.225113900036786,-2.088356536784321,2.1790453015105324,0.09068876472621135,-0.33448802,1.840463805,1.505975786,1816.0,exact
AlFarouq Aminu,2015-16,2341.0,-0.699999988079071,0.6000000238418579,-0.10000000149011612,-0.9861177497445608,0.42267981289150386,-0.5634379368530569,-0.2304904104444172,-1.44575670255298,-0.20342207481065744,-1.6491787773636375,-0.562338329,0.681446667,0.11910833799999998,2341.0,exact
Andrew Bogut,2015-16,1451.0,-1.5,2.9000000953674316,1.2999999523162842,-0.05745529508463767,3.4482386940154384,3.3907833989308007,2.744191399920481,-0.4690852014854576,3.071084078566748,2.6019988770812903,-1.185681293,2.621996426,1.436315132,1451.0,exact
Omri Casspi,2015-16,1880.0,1.600000023841858,-1.2000000476837158,0.4000000059604645,0.7763443668479036,-0.6771845926216681,0.09915977422623556,0.537077900013744,-1.187569739728951,-0.4711813022871255,-1.6587510420160765,0.336994918,-0.175143295,0.161851623,1880.0,exact
Cody Zeller,2015-16,1774.0,-1.100000023841858,1.600000023841858,0.6000000238418579,-0.44535790112348267,1.2812621835187912,0.8359042823953085,0.6893834212516706,-1.502602111645642,0.8269731278550232,-0.6756289837906189,-0.035542504,1.185795747,1.150253243,1774.0,exact
Will Barton,2015-16,2353.0,0.20000000298023224,-0.6000000238418579,-0.4000000059604645,0.06233301306033503,-0.9636280096991809,-0.9012949966388459,-0.9182183825369347,0.9608235224704288,-0.4827506129922,0.4780729094782288,0.355196921,0.030386977,0.385583898,2353.0,exact
Trevor Booker,2015-16,1632.0,-0.8999999761581421,1.600000023841858,0.699999988079071,-1.592521291904597,1.5352988823873648,-0.05722240951723223,0.2956214092520206,-1.3911448325389568,2.133299591592815,0.742154759053858,-0.636360394,1.357573325,0.721212931,1632.0,exact
Jose Calderon,2015-16,2024.0,0.6000000238418579,-0.5,0.10000000149011612,1.377816695636093,-1.3540331048012426,0.023783590834850488,0.36005755402615014,0.002990953718938821,-1.1198294279974008,-1.116838474278462,0.156090507,-0.147190139,0.008900368,2024.0,exact
Rajon Rondo,2015-16,2537.0,1.0,-1.5,-0.5,0.3492917718487778,-1.2203427499011583,-0.8710509780523805,-0.8643696796852015,2.1900718922010625,-1.3779044296486798,0.8121674625523827,0.896050434,0.35728293,1.253333364,2537.0,exact
Rudy Gay,2015-16,2379.0,-0.30000001192092896,-0.20000000298023224,-0.5,-0.10806489771954197,-0.18726320796853582,-0.29532810568807777,-0.17159399214346374,0.35921970475405074,-0.5484561243398748,-0.18923641958582404,0.11969989600000001,0.271543611,0.391243507,2379.0,exact
Andre Iguodala,2015-16,1732.0,0.0,0.4000000059604645,0.5,0.9217678085677331,1.0101022191848321,1.931870027752565,2.0296843268474705,-0.031111264415920867,0.8766676808200978,0.845556416404177,0.723913992,1.267500047,1.991414039,1732.0,exact
Robin Lopez,2015-16,2219.0,-0.10000000149011612,-0.20000000298023224,-0.20000000298023224,-0.46513126352216605,0.29659181107554927,-0.16853945244661678,0.04432466081144939,0.09258719047303599,-0.21302539627061995,-0.12043820579758396,-0.181333534,-0.621108979,-0.802442512,2219.0,exact
Nikola Mirotic,2015-16,1646.0,0.699999988079071,-0.10000000149011612,0.6000000238418579,0.7716352505602929,0.5721529269510314,1.3437881775113243,1.5164271540986165,0.669523925799298,0.2238212722578427,0.8933451980571407,0.07474413,1.055549755,1.130293885,1646.0,fuzzy
Mirza Teletovic,2015-16,1686.0,2.200000047683716,-1.7000000476837158,0.5,2.5313958876582547,-1.885180622171805,0.6462152654864497,0.302418926384602,1.8884107163562935,-1.3713459518154059,0.5170647645408877,1.413186867,-1.66931079,-0.256123923,1686.0,fuzzy
Tony Allen,2015-16,1620.0,-1.0,1.5,0.5,-1.4001225893336475,0.8578300564249369,-0.5422925329087106,0.361144416002382,-2.2521019260835264,0.5636729801098899,-1.6884289459736366,-0.762310736,2.002899396,1.24058866,1620.0,exact
Nicolas Batum,2015-16,2448.0,1.2000000476837158,-1.7999999523162842,-0.6000000238418579,0.9783781393304034,-0.4753602345713726,0.5030179047590309,0.9405321962434773,1.8902902447054901,-0.4058981971344647,1.4843920475710255,0.684607805,0.632342289,1.316950094,2448.0,exact
Gorgui Dieng,2015-16,2220.0,-0.699999988079071,0.4000000059604645,-0.30000001192092896,-0.49624240698652217,1.0639678782297102,0.5677254712431881,0.6258646069383438,-1.7062921012886603,-0.21387782624775176,-1.9201699275364121,-0.108712975,1.212122434,1.103409459,2220.0,exact
Kyrie Irving,2015-16,1667.0,2.5999999046325684,-2.200000047683716,0.5,2.775826354331347,-1.2632225983244625,1.5126037560068843,1.998548110812724,1.4500780756153824,-0.518870316256309,0.9312077593590734,2.294057315,-0.603063291,1.690994024,1667.0,exact
Zaza Pachulia,2015-16,2004.0,-1.7999999523162842,1.7000000476837158,-0.10000000149011612,-1.744430302960236,1.3928445772118934,-0.35158572574834257,0.26176123740917423,0.004961700823580278,1.4195343707085444,1.4244960715321247,-0.381137682,0.463175289,0.082037606,2004.0,exact
Andre Roberson,2015-16,1553.0,-0.6000000238418579,1.2999999523162842,0.699999988079071,-0.4495052436204971,2.598065920769465,2.1485606771489683,1.9673481924514895,-1.9703666732575014,1.2879954500059403,-0.6823712232515611,-0.18578601,1.464014976,1.278228966,1553.0,exact
Ersan Ilyasova,2015-16,1881.0,0.0,-0.20000000298023224,-0.20000000298023224,-1.1753060509908364,-0.8846851616349113,-2.059991212625748,-2.249504525922081,-1.1654198125647466,0.6017152725743313,-0.5637045399904153,-0.20069015741626794,-0.582590939216906,-0.7832810968708135,1881.0,fuzzy
Joe Johnson,2015-16,2703.0,0.8999999761581421,-1.7999999523162842,-0.8999999761581421,2.047362641150041,-2.3498353499911158,-0.3024727088410746,-0.39043331428192324,1.309508718330866,-1.2428120402834093,0.06669667804745671,0.3577758346252313,-1.115606666299667,-0.7578308316744359,2703.0,exact
Mason Plumlee,2015-16,2084.0,-0.10000000149011612,-0.4000000059604645,-0.5,-0.13782341846428034,-0.03081518588722411,-0.16863860435150446,0.17324943916413002,0.12685674481527015,-0.565777973039843,-0.43892122822457286,0.120405033,0.761543232,0.881948265,2084.0,exact
Deron Williams,2015-16,2106.0,0.0,-0.6000000238418579,-0.5,-0.0923656778166944,-1.0184899217355432,-1.1108555995522376,-0.9135520965022631,0.9689976776636791,-0.7615839411405769,0.20741373652310213,0.337268986,-0.713481996,-0.37621301,2106.0,exact
Allen Crabbe,2015-16,2105.0,0.5,-1.100000023841858,-0.6000000238418579,0.2331197174511416,-1.1763975045358783,-0.9432777870847368,-0.5593226565569068,-0.8222225319618875,-0.7474820051462328,-1.5697045371081204,0.770613243,-0.541702511,0.228910732,2105.0,exact
Channing Frye,2015-16,1200.0,0.800000011920929,0.20000000298023224,1.0,0.32294218673951486,0.48538051580849784,0.8083227025480126,0.5034481060595498,-0.9025439174561407,0.42347159659068484,-0.47907232086545587,-0.20849729957333338,0.30218426680500005,0.09368696686,1200.0,exact
Blake Griffin,2015-16,1170.0,0.8999999761581421,0.20000000298023224,1.0,0.5831407842718482,0.11557656942171757,0.6987173536935658,1.090901720323477,-0.4064616761892972,0.6540955632396588,0.2476338870503616,2.696042446,-0.026067067,2.669975379,1170.0,exact
CJ Miles,2015-16,1464.0,0.8999999761581421,-0.699999988079071,0.20000000298023224,0.2616290476666921,-0.3317291779473967,-0.07010013028070461,-0.39841096230970013,0.8625708691438323,0.6753191684628561,1.5378900376066884,-0.117491334,-0.05567819,-0.173169525,1464.0,exact
Raul Neto,2015-16,1499.0,-1.2000000476837158,1.5,0.30000001192092896,-0.7355911197678534,1.1161384487267134,0.38054732895886,0.5679634966714142,-0.10562260813175137,1.340251509650995,1.2346289015192438,-1.664944908,0.124837293,-1.5401076149999997,1499.0,exact
Justise Winslow,2015-16,2232.0,-2.4000000953674316,1.600000023841858,-0.699999988079071,-2.809618392198379,1.6389120012705378,-1.1707063909278412,-0.586074170652978,-1.5935555971265336,1.412044784017934,-0.18151081310859962,-2.257211835,1.106451554,-1.15076028,2232.0,exact
Bismack Biyombo,2015-16,1808.0,-2.5999999046325684,2.200000047683716,-0.4000000059604645,-2.509229906249944,1.901705131094842,-0.6075247751551018,-0.5091160042702184,-1.3844378303726304,1.7211462981672707,0.33670846779464036,-2.458266527,1.520585836,-0.937680691,1808.0,exact
Boris Diaw,2015-16,1386.0,0.10000000149011612,0.4000000059604645,0.4000000059604645,-0.3406059023652976,0.9511185702048888,0.6105126678395911,0.3211672996663604,-1.194187895479371,1.9917453607908495,0.7975574653114785,0.00277296,-0.05374808100000001,-0.050975121,1386.0,exact
Taj Gibson,2015-16,1936.0,-0.699999988079071,0.20000000298023224,-0.5,-1.1841132143912534,0.5167172539898911,-0.6673959604013623,-0.7874931098429268,-0.8202425435104193,0.3959180742018997,-0.4243244693085196,0.011280059000000002,0.455927365,0.4672074239999999,1936.0,exact
TJ McConnell,2015-16,1606.0,-0.20000000298023224,0.10000000149011612,-0.10000000149011612,-0.26487307423092404,-0.2590168705371009,-0.523889944768025,-0.38458901375932025,1.0136145383707191,-0.025783028372414717,0.9878315099983044,-0.8112022439999999,0.424378147,-0.386824097,1606.0,exact
Tony Parker,2015-16,1980.0,-0.5,0.0,-0.5,0.034136217872026586,-0.23982323690224616,-0.20568701903021958,0.08662193478605572,0.012184803128974,1.2407875652215687,1.2529723683505427,0.995246697,0.071104784,1.066351482,1980.0,exact
Ish Smith,2015-16,2239.0,0.30000001192092896,-1.100000023841858,-0.800000011920929,-0.31856053580018445,-1.4260053697658723,-1.7445659055660567,-1.9267199268789073,0.7021972780832841,-1.4404301539091864,-0.7382328758259022,-0.7791508197092453,-0.7007211069030818,-1.4798719263367572,2239.0,exact
Evan Turner,2015-16,2271.0,-1.5,0.699999988079071,-0.8999999761581421,-1.179824671999248,0.5154919364970756,-0.6643327355021724,-0.5222581658706783,0.1436306532187809,0.9993623271485149,1.1429929803672958,-0.508813278,0.837171937,0.328358659,2271.0,exact
Wesley Johnson,2015-16,1666.0,-2.0999999046325684,1.7999999523162842,-0.30000001192092896,-2.1538668262789256,2.356409668415891,0.20254284213696527,0.5253515246802614,-1.1558786927601297,1.8061956038962754,0.6503169111361458,-1.958932176,1.900184824,-0.058747352,1666.0,exact
Iman Shumpert,2015-16,1316.0,-1.0,1.399999976158142,0.4000000059604645,-1.629488851292563,1.1409958454897193,-0.4884930058028436,-0.41807847426231026,-1.003258678042885,0.7604515576945863,-0.24280712034829866,-1.8561498769999998,2.337065545,0.480915669,1316.0,exact
Darrell Arthur,2015-16,1516.0,-1.899999976158142,1.7999999523162842,-0.10000000149011612,-1.8307620713420654,0.9459005009722521,-0.8848615703698133,-1.7637002919079858,-1.5376998162695306,0.9738774993699566,-0.563822316899574,-0.841697743,0.251713284,-0.58998446,1516.0,exact
Devin Harris,2015-16,1280.0,-0.10000000149011612,0.30000001192092896,0.20000000298023224,-0.6844336403467959,0.997266153424596,0.31283251307780013,-0.6171181100293442,0.757347163698628,0.45899081433346145,1.2163379780320893,-0.9251846340000001,0.176879193,-0.748305441,1280.0,exact
Luc Mbah a Moute,2015-16,1274.0,-3.200000047683716,3.5,0.30000001192092896,-2.936051428633137,2.512078626448559,-0.4239728021845779,-0.9595591965687073,-3.3031673075568,3.603258010580941,0.30009070302414065,-2.06651626,0.9474544069999999,-1.119061853,1274.0,exact
Elfrid Payton,2015-16,2145.0,-0.6000000238418579,-0.4000000059604645,-1.0,-0.9802276835487275,-0.7208703049289453,-1.701097988477673,-1.5618616973054806,0.3206929337409059,-0.7354825195433867,-0.4147895858024808,-0.713554285,-0.245756501,-0.959310787,2145.0,exact
Gerald Green,2015-16,1557.0,-0.5,0.20000000298023224,-0.30000001192092896,-1.0726904894742515,-0.2856260670688115,-1.358316556543063,-1.56660106369029,-0.12088313096687459,0.4140048826605284,0.2931217516936538,-1.391373723,-0.287157117,-1.6785308399999999,1557.0,exact
Zach Randolph,2015-16,2016.0,1.0,-1.7999999523162842,-0.800000011920929,0.6117719216716512,-1.3262797852443646,-0.7145078635727135,-0.4930117790878388,0.5774720402879776,-0.5387375491692382,0.03873449111873939,1.122746692,-1.466310561,-0.343563868,2016.0,exact
Anthony Tolliver,2015-16,1341.0,0.10000000149011612,0.0,0.10000000149011612,-0.9639818652737889,1.0743549726602672,0.11037310738647832,-0.45442292730943334,-0.722520547774384,1.3916121194451025,0.6690915716707185,-0.7715005639999999,-0.24927652800000002,-1.020777092,1341.0,exact
Raymond Felton,2015-16,2192.0,-0.30000001192092896,-0.800000011920929,-1.100000023841858,-0.5516015170286389,-1.224500039162664,-1.776101556191303,-1.5230845761258955,0.5984417960397094,-0.8427602638539603,-0.24431846781425093,-1.324618893,-0.240666789,-1.565285682,2192.0,exact
JJ Barea,2015-16,1667.0,1.100000023841858,-1.899999976158142,-0.699999988079071,0.9618200178396337,-2.0209398007097943,-1.0591197828701606,-1.451520974502851,0.5639645564145636,-1.4984656584105893,-0.9345011019960258,0.65323904,-2.473497601,-1.82025856,1667.0,exact
Bradley Beal,2015-16,1708.0,0.699999988079071,-1.399999976158142,-0.800000011920929,1.1070035049016296,-1.6427465193960302,-0.5357430144944006,-0.9621075895154361,0.19736450616785758,-0.6562569582921871,-0.4588924521243295,0.8753877500000001,-0.7659858630000002,0.109401888,1708.0,exact
Dwight Howard,2015-16,2280.0,-1.7999999523162842,0.5,-1.2999999523162842,-0.5301382907340574,1.0081830473615565,0.4780447566274991,0.6672660507481991,0.5446727090475028,0.0435095342658362,0.588182243313339,-0.302952915,0.609862878,0.306909963,2280.0,exact
Shaun Livingston,2015-16,1520.0,-0.10000000149011612,-0.4000000059604645,-0.5,0.10844688393994815,-0.09671911455037226,0.011727769389575898,-0.11369486092820084,-0.941960889852816,0.6648305224024964,-0.2771303674503196,-0.117380261,-0.386281482,-0.503661743,1520.0,exact
ETwaun Moore,2015-16,1263.0,-0.30000001192092896,0.30000001192092896,-0.10000000149011612,0.12144526267031557,-0.9849149433235617,-0.8634696806532461,-1.0444593197171728,-1.0759951613161083,-0.23132746231224255,-1.3073226236283508,-0.272257527,0.121830525,-0.150427002,1263.0,exact
Markieff Morris,2015-16,1629.0,-2.799999952316284,2.0999999046325684,-0.699999988079071,-1.928807886714398,0.8058477990703191,-1.122960087644079,-1.490144003000011,-1.1115692781573547,0.4817963991943337,-0.629772878963021,-2.317855532693677,0.19710091482504602,-2.120754617868631,1629.0,exact
Larry Nance Jr.,2015-16,1266.0,-1.0,1.0,0.0,-1.0625474065133422,0.7983600555700473,-0.26418735094329493,-0.16351950729073436,-1.842196075656149,0.1160699511686975,-1.7261261244874515,-0.330766235,0.686926286,0.356160051,1266.0,exact
Brandon Bass,2015-16,1342.0,0.0,-0.4000000059604645,-0.4000000059604645,0.3526932973262163,-0.683521041179664,-0.33082774385344765,-0.6190388753876089,-2.201084378299227,-0.7875778562085769,-2.988662234507804,1.623996079,0.169875928,1.7938720069999998,1342.0,exact
Gary Harris,2015-16,2439.0,0.4000000059604645,-1.899999976158142,-1.5,0.03969538788217223,-1.4671282345184384,-1.4274328466362662,-2.016956337828461,-0.6571204740720358,-1.7358317376038483,-2.392952211675884,0.781208459,-0.406032717,0.375175742,2439.0,exact
Lavoy Allen,2015-16,1599.0,-0.5,-0.5,-1.0,-0.39505887986933913,0.9534877681482556,0.5584288882789166,1.2187526651521854,-1.717943587995541,1.2262509200973501,-0.49169266789819077,-1.244440816,0.542173265,-0.702267551,1599.0,exact
Jerryd Bayless,2015-16,1505.0,0.20000000298023224,-0.8999999761581421,-0.699999988079071,0.590049879890984,-1.993270018138942,-1.403220138247958,-1.0917996820549567,0.14010317182472257,-2.0748390262681826,-1.93473585444346,0.46198813699999997,-1.255670836,-0.7936827,1505.0,exact
Gerald Henderson,2015-16,1431.0,-1.100000023841858,0.4000000059604645,-0.699999988079071,-1.2086286637790333,-0.010899648182454138,-1.2195283119614875,-0.8034587581957977,-1.069054282733437,-0.15349930097495373,-1.2225535837083907,-0.362423758,-0.419760483,-0.782184241,1431.0,exact
Ronnie Price,2015-16,1211.0,-1.7000000476837158,1.5,-0.30000001192092896,-1.2131284527172228,2.1535650580226067,0.9404366053053839,-0.18988907742012806,-0.5568706866553406,2.285949192277869,1.7290785056225286,-1.436133992,1.111981463,-0.324152529,1211.0,exact
Harrison Barnes,2015-16,2042.0,-0.6000000238418579,-0.800000011920929,-1.399999976158142,-0.04967976264629655,-0.43368275955891594,-0.4833625222052125,-0.23423280876559407,-0.8234718701608648,0.5834066170629987,-0.24006525309786608,0.679814889,-0.624068805,0.055746084,2042.0,exact
Corey Brewer,2015-16,1669.0,-1.899999976158142,0.800000011920929,-1.100000023841858,-1.9672722376119716,0.8078769202304215,-1.15939531738155,-0.6564688982520726,0.21206862392666861,0.7256247465809099,0.9376933705075785,-1.5640895149999998,-0.540704095,-2.10479361,1669.0,exact
Jon Leuer,2015-16,1255.0,-0.8999999761581421,0.30000001192092896,-0.5,-0.6168509953236536,0.7445196357631865,0.12766864043953285,0.23768836113616254,-1.839955188875268,0.2139084224370792,-1.626046766438189,-0.24769626599999997,0.548068126,0.300371861,1255.0,exact
JaMychal Green,2015-16,1446.0,-1.2000000476837158,0.10000000149011612,-1.100000023841858,-0.7847763304409169,0.1734848588824142,-0.6112914715585027,-0.6946764939971638,-1.1272774050183623,0.055069360965765556,-1.0722080440525967,-1.048128772,-0.482075704,-1.530204475,1446.0,exact
Jeff Green,2015-16,2253.0,-0.800000011920929,-0.800000011920929,-1.600000023841858,-0.8748809678843147,-0.8777079165377418,-1.7525888844220565,-2.198811270453325,-0.34774548051195747,0.25343482264367406,-0.09431065786828341,-0.5559684850372837,-0.6490900727691967,-1.20505855780648,2253.0,exact
Rodney Stuckey,2015-16,1275.0,-0.30000001192092896,-0.4000000059604645,-0.699999988079071,-1.139577898927503,0.27624974253373,-0.8633281563937729,-0.6777517926684663,-0.7721884902739082,0.6154613354624107,-0.15672715481149757,-1.839605469,-0.273681864,-2.113287333,1275.0,exact
Jerami Grant,2015-16,2066.0,-2.5,0.8999999761581421,-1.600000023841858,-3.074610169968187,0.39535048611083295,-2.679259683857354,-2.7647343776929083,-1.9645492722653475,0.4895578228354587,-1.4749914494298888,-2.315128445,0.135268031,-2.179860413,2066.0,exact
Frank Kaminsky,2015-16,1708.0,-1.399999976158142,0.0,-1.399999976158142,-2.045042106423198,0.34276906677722246,-1.7022730396459753,-1.99119736846835,-0.8737852431108569,1.067936389131799,0.19415114602094208,-1.473504483,-0.404035351,-1.877539835,1708.0,exact
Timofey Mozgov,2015-16,1326.0,-3.299999952316284,2.299999952316284,-1.0,-4.1740710214382775,1.0141510439568133,-3.159919977481464,-2.5315697981303593,-2.8173708367953845,0.8181228026878143,-1.9992480341075702,-1.533102633,-0.380073844,-1.913176477,1326.0,exact
Lance Thomas,2015-16,1313.0,-0.8999999761581421,0.0,-0.8999999761581421,-1.0565899089109638,-0.4607963013936481,-1.5173862103046118,-1.9714548835898318,-1.596149225505154,-0.7293699670562194,-2.3255191925613734,-0.19997773199999996,-1.465468805,-1.665446537,1313.0,exact
Randy Foye,2015-16,1642.0,-1.399999976158142,-0.10000000149011612,-1.5,-1.0609962392965075,-0.9546509397308748,-2.015647179027382,-2.40020123855915,-1.1860891927494455,-0.022228871438187303,-1.2083180641876328,-2.0133332497624847,-0.48838486624847754,-2.5017181160109625,1642.0,exact
Eric Gordon,2015-16,1481.0,0.5,-1.7999999523162842,-1.2999999523162842,-0.04560376280015708,-1.3368910327105745,-1.3824947955107316,-1.0457893956071176,-0.40134402926159535,-0.9591084751215441,-1.3604525043831395,1.183557875,-1.006471386,0.17708648899999999,1481.0,exact
Jonas Jerebko,2015-16,1176.0,-2.0999999046325684,1.100000023841858,-1.0,-2.269216624734106,0.5580022592508306,-1.7112143654832752,-1.789362322618173,-1.9779785695185366,0.8139029131603635,-1.1640756563581731,-2.158803459,-0.204753411,-2.363556871,1176.0,exact
Kyle Anderson,2015-16,1245.0,-1.5,0.30000001192092896,-1.2000000476837158,-1.5237259245812904,1.1439001998454936,-0.3798257247357968,0.832140242793406,-1.3994703432846374,2.4301371573902415,1.0306668141056041,-1.275965294,2.846605221,1.570639927,1245.0,exact
Toney Douglas,2015-16,1262.0,0.8999999761581421,-2.0999999046325684,-1.100000023841858,0.3286956325060253,-1.624873356439446,-1.2961777239334207,-0.8510578961064872,-0.6229730808429552,-1.3468737333294158,-1.969846814172371,0.130260892,-0.371814179,-0.24155328700000003,1262.0,exact
Maurice Harkless,2015-16,1457.0,-0.30000001192092896,-1.0,-1.399999976158142,-0.6823858050136714,-0.2526643754496432,-0.9350501804633147,-1.0435684672092385,-0.9916442833683512,-0.8817900000148006,-1.8734342833831517,-0.168696664,-0.018786639,-0.187483303,1457.0,exact
Kosta Koufos,2015-16,1482.0,-1.600000023841858,0.20000000298023224,-1.399999976158142,-1.5018490379037743,-0.22145554851960877,-1.7233045864233831,-1.6881669632279983,-1.4391687538375404,-0.22135330965220845,-1.6605220634897488,-1.284466247,-0.8830534,-2.167519648,1482.0,exact
Trey Burke,2015-16,1366.0,0.6000000238418579,-2.0999999046325684,-1.5,0.5151938380975528,-1.9546892920282346,-1.439495453930682,-1.4301231548717859,2.1967146734069947,-0.9543144586921084,1.2424002147148863,-0.603315259,-1.708115786,-2.311431046,1366.0,exact
Kenneth Faried,2015-16,1694.0,0.8999999761581421,-2.5999999046325684,-1.7000000476837158,1.219476123730349,-1.0377111570409507,0.18176496668939834,0.08730592262749681,-0.1655589972971642,-1.5285562996910045,-1.6941152969881688,1.521350138,-0.920211636,0.601138502,1694.0,exact
Jordan Hill,2015-16,1513.0,-1.2000000476837158,-0.4000000059604645,-1.600000023841858,-1.4135495652084094,0.18242423055428858,-1.2311253346541209,-0.7343346745659436,-1.5587444567966982,0.8536887279017131,-0.705055728894985,-0.8299265649999998,-0.16047792,-0.990404485,1513.0,exact
Tony Snell,2015-16,1301.0,-2.4000000953674316,1.0,-1.2999999523162842,-1.841254925070615,1.039808587417535,-0.80144633765308,-0.17425740698815848,-1.826252997255238,1.382082538526074,-0.44417045872916394,-2.763362933,0.180103266,-2.583259667,1301.0,exact
Aron Baynes,2015-16,1233.0,-1.7999999523162842,0.30000001192092896,-1.5,-2.2958422688677547,0.05955943636473229,-2.236282832503022,-1.9947784370030852,-1.4336293556046975,-0.058739055785178074,-1.4923684113898756,-0.791155405,-0.679615223,-1.470770628,1233.0,exact
Meyers Leonard,2015-16,1333.0,-1.0,-0.6000000238418579,-1.600000023841858,-0.3602182090152881,-0.9738733388516007,-1.3340915478668887,-1.6360951068161167,-0.6514795958183475,-1.8064875711849229,-2.4579671670032703,-0.9482726689999998,-1.20606596,-2.154338629,1333.0,exact
Dion Waiters,2015-16,2152.0,-1.0,-1.100000023841858,-2.0,-1.0975979555735629,-0.8663875732263852,-1.963985528799948,-0.7986127293505643,-0.9410749041913413,-0.82946274659853,-1.7705376507898714,-0.84208341,-0.120200695,-0.9622841049999998,2152.0,exact
Willie CauleyStein,2015-16,1412.0,-1.100000023841858,-0.699999988079071,-1.7999999523162842,0.5563213142687367,-0.3332845689745419,0.22303674529419476,-0.1312278193842986,-0.08764210365823069,-0.540620829800034,-0.6282629334582647,-0.422243464,0.12232515300000002,-0.299918311,1412.0,exact
Jamal Crawford,2015-16,2126.0,0.4000000059604645,-2.5999999046325684,-2.0999999046325684,0.7512713265462948,-1.6165969657184496,-0.8653256391721548,-1.1129267674577392,2.4161484611528485,-1.0986011209598092,1.3175473401930393,0.354650258,-1.612178372,-1.257528113,2126.0,exact
Alonzo Gee,2015-16,1632.0,-3.0999999046325684,1.100000023841858,-1.899999976158142,-2.2807802993406576,0.4756460337664323,-1.8051342655742253,-1.3087138131605178,-2.5335340467740726,-0.16251817266587837,-2.696052219439951,-1.660976108,-0.144251976,-1.805228084,1632.0,exact
Joe Ingles,2015-16,1241.0,-1.7000000476837158,-0.10000000149011612,-1.7999999523162842,-0.9280148664809623,0.20806679900963224,-0.7199480674713301,0.10330429339539589,-0.8461426065678088,0.9531415607220604,0.10699895415425154,-0.812935704,0.23195007500000003,-0.58098563,1241.0,exact
Donald Sloan,2015-16,1318.0,0.4000000059604645,-2.299999952316284,-1.899999976158142,0.06606042622784458,-2.1331980043168755,-2.0671375780890306,-1.2160842996098375,0.24735311493914663,-1.4904319108313162,-1.2430787958921696,-0.168524871,-1.539403334,-1.707928205,1318.0,exact
DJ Augustin,2015-16,1178.0,1.100000023841858,-2.9000000953674316,-1.899999976158142,1.7698877318350519,-1.539174155903947,0.23071357593110497,-0.09144667727929068,0.14847185976912752,-0.7228221875208296,-0.5743503277517021,0.522543216410866,-1.6781759165475383,-1.1556327001366722,1178.0,exact
Matt Barnes,2015-16,2190.0,-0.6000000238418579,-1.7000000476837158,-2.4000000953674316,-1.1189795273651508,-1.0351927077798058,-2.154172235144957,-1.616960694733752,0.7009989450871743,-1.4280251697287354,-0.7270262246415611,-1.9238464920000002,0.188773842,-1.735072651,2190.0,exact
Brandon Knight,2015-16,1870.0,0.30000001192092896,-2.5,-2.299999952316284,0.40801261233403757,-1.4146411792988587,-1.0066285669648212,-0.6532681676985592,1.445125463394969,-1.5662680697328863,-0.12114260633791729,0.526158773,-0.709090127,-0.182931355,1870.0,exact
Luis Scola,2015-16,1636.0,-1.100000023841858,-1.2000000476837158,-2.299999952316284,-1.0937659670941702,-0.6423243264226016,-1.7360902935167717,-1.5272890610857548,-1.2086105826983355,0.22066430279972915,-0.9879462798986064,-0.855635859,-0.815958857,-1.6715947160000002,1636.0,exact
Mike Scott,2015-16,1146.0,-1.100000023841858,-0.8999999761581421,-2.0999999046325684,-1.5641840481397473,0.7593006149086633,-0.804883433231084,-1.4040802341557204,-1.6861905820837617,2.0626296014963135,0.37643901941255176,0.22780012999999996,-0.271432416,-0.043632287,1146.0,exact
Jason Terry,2015-16,1258.0,0.30000001192092896,-2.4000000953674316,-2.0999999046325684,0.35665557059907843,-2.1143382067042262,-1.7576826361051479,-0.9567261004207657,0.434074511776371,-1.5740813798589643,-1.1400068680825934,-0.175393423,-1.423995554,-1.599388977,1258.0,exact
Tyson Chandler,2015-16,1618.0,-2.700000047683716,0.30000001192092896,-2.4000000953674316,-2.6201892264266147,-0.7662901521895907,-3.3864793786162055,-3.490066385612375,-1.0401882874539716,-0.9250819499401639,-1.9652702373941355,-1.5830576800000002,-0.61767541,-2.200733089,1618.0,exact
Myles Turner,2015-16,1367.0,-3.799999952316284,1.399999976158142,-2.4000000953674316,-4.2156104034270925,0.9312246737242891,-3.2843857297028034,-2.9475662567840892,-2.7910818014073597,1.3791441962377082,-1.4119376051696515,-2.362128207,0.517500445,-1.844627762,1367.0,exact
Shane Larkin,2015-16,1751.0,-1.899999976158142,-0.6000000238418579,-2.5,-1.3910206783322296,-1.0494627424710985,-2.440483420803328,-1.7470212929578637,-1.2639098381765133,-1.5307668806568768,-2.79467671883339,-1.255771292,-0.5622449,-1.818016192,1751.0,exact
Alex Len,2015-16,1821.0,-4.400000095367432,1.7999999523162842,-2.5999999046325684,-3.9641890569107154,0.2927694322073089,-3.6714196247034065,-3.514080532661571,-2.013570935362217,-0.19796842417823898,-2.211539359540456,-3.3691347939999994,-0.429950942,-3.799085736,1821.0,exact
Ben McLemore,2015-16,1443.0,-1.7000000476837158,-0.800000011920929,-2.5,-1.5471657402268615,-0.2299382885286705,-1.777104028755532,-0.803293566835355,-2.0494128086799313,-0.9611824782171605,-3.0105952868970918,-1.858933808,-0.4717926459999999,-2.330726454,1443.0,exact
Tayshaun Prince,2015-16,1462.0,-2.799999952316284,0.30000001192092896,-2.5,-3.0704010800808645,-0.06798014390578651,-3.138381223986651,-3.441640423994521,-2.567148972649103,0.07692385057515841,-2.4902251220739444,-2.333035819,-1.147081411,-3.48011723,1462.0,exact
Isaiah Canaan,2015-16,1966.0,-0.6000000238418579,-2.0999999046325684,-2.700000047683716,-0.6624030604594283,-2.0964097180999928,-2.758812778559421,-3.1071025184843104,0.44999897595916316,-1.7129178800368954,-1.2629189040777322,-0.908496692,-1.88371575,-2.792212442,1966.0,exact
Jordan Clarkson,2015-16,2552.0,-0.4000000059604645,-2.200000047683716,-2.5999999046325684,-0.2838022065365051,-2.479486662731332,-2.7632888692678375,-2.709052404189432,0.8899083437966775,-2.422131832521721,-1.5322234887250437,0.310150925,-1.706701301,-1.396550375,2552.0,exact
Zach LaVine,2015-16,2294.0,0.6000000238418579,-3.299999952316284,-2.700000047683716,0.6051249987070919,-3.2465404007566163,-2.6414154020495246,-2.207166116254823,0.14295700958074592,-2.715091940636678,-2.572134931055932,0.348728691,-1.8569297929999997,-1.508201102,2294.0,exact
Nerlens Noel,2015-16,1965.0,-4.099999904632568,1.5,-2.5999999046325684,-3.1427203007251294,1.4264951570511382,-1.7162251436739913,-2.0688391959958365,-1.9766971948261511,0.8020054713353211,-1.17469172349083,-1.957157665,1.718948865,-0.2382088,1965.0,exact
Julius Randle,2015-16,2286.0,-2.299999952316284,-0.4000000059604645,-2.5999999046325684,-2.9556412814865975,-2.2767548019034654,-5.2323960833900625,-4.2099126881707924,-1.5872942059918718,-2.7382504554003564,-4.325544661392228,-2.850001904,-0.9858924920000001,-3.835894396,2286.0,exact
Austin Rivers,2015-16,1464.0,-2.0999999046325684,-0.5,-2.700000047683716,-2.224360910468342,-0.5964016593886902,-2.820762569857032,-3.7060523646305845,-0.8417203160370025,0.3348743831503203,-0.5068459328866821,-1.097636834,-1.235356468,-2.332993302,1464.0,exact
Wayne Ellington,2015-16,1615.0,-1.899999976158142,-0.8999999761581421,-2.700000047683716,-1.9582650769220518,-1.2525937944777346,-3.210858871399786,-2.271902688870833,-0.14720504802006248,-1.0094678164098614,-1.1566728644299238,-1.394060783,-1.615604936,-3.0096657189999996,1615.0,exact
Jerian Grant,2015-16,1265.0,-2.299999952316284,-0.4000000059604645,-2.700000047683716,-2.4488313255032192,-0.08929374555309132,-2.5381250710563106,-2.945782820779968,-1.2635119568779247,-0.11283445921039433,-1.376346416088319,-2.340032757,-0.725447208,-3.065479965,1265.0,exact
Trey Lyles,2015-16,1382.0,-2.700000047683716,-0.10000000149011612,-2.799999952316284,-2.147175421387154,-0.9055805312676487,-3.0527559526548025,-2.732305569713327,-1.6885984225224342,-0.4759999176929155,-2.16459834021535,-1.7509590529999999,-0.590621252,-2.341580304,1382.0,exact
Derrick Rose,2015-16,2097.0,-1.2999999523162842,-1.399999976158142,-2.700000047683716,-1.1797081246854721,-2.0184358198233774,-3.1981439445088498,-2.9180575906232655,0.1618598660844275,-1.2429953957320206,-1.081135529647593,-1.55159138,-1.677067422,-3.228658801,2097.0,exact
Lance Stephenson,2015-16,1372.0,-0.10000000149011612,-2.5999999046325684,-2.799999952316284,0.4537374618790042,-2.533861792872449,-2.0801243309934447,-1.5492123779903608,-1.6784415871529068,-2.2188066511731317,-3.8972482383260383,-0.6810809054285714,-1.0832400543848397,-1.764320959813411,1372.0,exact
Mario Hezonja,2015-16,1413.0,-2.200000047683716,-0.8999999761581421,-3.0,-1.1952929808472563,-0.684387688420966,-1.8796806692682222,-1.7659226720987429,-0.8059349215044695,-0.8254078784963882,-1.6313428000008576,-2.098467932,-0.7801889759999999,-2.878656908,1413.0,exact
Jason Smith,2015-16,1181.0,-2.299999952316284,-0.800000011920929,-3.0,-2.3044921462869663,0.5216428262497882,-1.7828493200371782,-1.7060825955417211,-2.18289474538385,0.22878388646697295,-1.954110858916877,-1.8418784820000003,-0.012047638,-1.8539261209999998,1181.0,exact
Noah Vonleh,2015-16,1174.0,-3.0999999046325684,-0.10000000149011612,-3.200000047683716,-4.564803922424917,-0.42488114302348556,-4.989685065448403,-4.659968930382005,-2.9884946576757665,-0.5794901060094154,-3.567984763685182,-3.175433025,-0.424517537,-3.599950562,1174.0,exact
Arron Afflalo,2015-16,2371.0,-0.6000000238418579,-2.5,-3.0999999046325684,-0.42423327872692534,-2.6079473077890034,-3.0321805865159286,-3.062466957091065,-0.2660684487910071,-1.3837230158618592,-1.6497914646528664,-0.18555984,-1.216563353,-1.402123193,2371.0,exact
Richard Jefferson,2015-16,1326.0,-2.0999999046325684,-1.2000000476837158,-3.4000000953674316,-1.4738600437125282,-0.3190634413776186,-1.7929234850901468,-2.6465995581231976,-1.1723418496393072,-0.3772200180179812,-1.5495618676572884,-0.995227022,-1.153596866,-2.148823888,1326.0,exact
Ramon Sessions,2015-16,1667.0,-0.30000001192092896,-2.9000000953674316,-3.200000047683716,-0.6508965131106773,-2.25813627260796,-2.9090327857186375,-2.252815916171689,-1.5122229725624112,-0.6229144413044201,-2.1351374138668313,-0.153563439,-1.44752621,-1.601089649,1667.0,exact
Norris Cole,2015-16,1198.0,-1.0,-2.5999999046325684,-3.5999999046325684,-1.881888857788428,-2.257978574253623,-4.139867432042051,-3.2923255220740786,-1.0607720456494993,-2.2282718457446498,-3.289043891394149,-2.379395374,-1.168283052,-3.547678426,1198.0,exact
Nik Stauskas,2015-16,1809.0,-1.7000000476837158,-1.600000023841858,-3.299999952316284,-1.6617909783820102,-1.7902411065132509,-3.452032084895261,-3.911212542027658,-0.621440021856742,-1.633959667824148,-2.25539968968089,-2.001204444,-1.52866582,-3.529870264,1809.0,exact
Ty Lawson,2015-16,1411.0,-2.799999952316284,-0.800000011920929,-3.5999999046325684,-1.5533776662602854,-0.7158924804981984,-2.2692701467584837,-2.0326197298061595,-1.6806591922807548,-1.5422293409107766,-3.222888533191531,-2.2568644398674698,-1.8921279158185682,-4.148992355686038,1411.0,exact
Paul Pierce,2015-16,1231.0,-2.9000000953674316,-0.800000011920929,-3.700000047683716,-2.104103363025692,-0.562563036572978,-2.66666639959867,-2.649761199492484,-0.5018049953330329,-0.26244955559013944,-0.7642545509231724,-3.076216118,-0.378494484,-3.4547106030000005,1231.0,exact
Omer Asik,2015-16,1178.0,-3.5,-0.5,-4.0,-3.0372619023943876,-0.05221673839021614,-3.0894786407846038,-2.5200944789784,-2.2695212794336634,-0.6452823244013415,-2.914803603835005,,,,,none
Shabazz Muhammad,2015-16,1682.0,0.10000000149011612,-3.5999999046325684,-3.5999999046325684,-0.5985976587287137,-2.7750454888318257,-3.3736431475605393,-3.2971137470990803,-0.46506436225220227,-2.3530016779815854,-2.818066040233788,0.309690001,-3.5228265680000006,-3.2131365669999994,1682.0,exact
DAngelo Russell,2015-16,2259.0,-1.7000000476837158,-1.7999999523162842,-3.5,-1.5904048278907803,-1.4359987218287007,-3.026403549719481,-3.201949984075816,0.06153450955428018,-1.0014299814889511,-0.9398954719346709,-1.897304009,-1.541228723,-3.438532732,2259.0,exact
Jahlil Okafor,2015-16,1591.0,-3.299999952316284,-0.699999988079071,-3.9000000953674316,-3.3079210265230916,-1.025948356344535,-4.3338693828676265,-5.063799350893743,-2.461143467739593,-1.6167070489662971,-4.07785051670589,-1.574245643,-2.765511172,-4.339756814,1591.0,exact
Marco Belinelli,2015-16,1672.0,-1.100000023841858,-2.799999952316284,-3.9000000953674316,-1.5585976038162948,-2.466731544648504,-4.025329148464799,-3.5785451959762624,0.4951690485280328,-1.7688543281925049,-1.273685279664472,-1.283735855,-2.272328256,-3.5560641109999995,1672.0,exact
Devin Booker,2015-16,2108.0,-0.4000000059604645,-3.200000047683716,-3.700000047683716,-0.269115364497307,-2.4123309408193627,-2.68144630531667,-3.2346450932357853,0.700184864754316,-2.3590882820217427,-1.6589034172674268,-0.648138544,-1.912015445,-2.560153989,2108.0,exact
Doug McDermott,2015-16,1861.0,-0.4000000059604645,-3.4000000953674316,-3.799999952316284,-0.484606482772689,-2.4485094878707767,-2.9331159706434655,-2.5215093424423496,-0.8113291064723454,-1.6858298022870288,-2.497158908759374,-0.144758826,-2.271856313,-2.41661514,1861.0,exact
Derrick Williams,2015-16,1435.0,-1.399999976158142,-2.799999952316284,-4.199999809265137,-0.734689581361995,-2.051892658926938,-2.786582240288933,-2.9866969630134377,-0.5874855881988604,-1.389775398419111,-1.9772609866179716,0.673491713,-1.7432907770000001,-1.069799064,1435.0,exact
Stanley Johnson,2015-16,1687.0,-3.5,-0.4000000059604645,-4.0,-3.2302428601351174,-0.041486630767085614,-3.271729490902203,-3.113753083360455,-1.0842411726008423,-0.552241257544358,-1.6364824301452003,-3.182191972,-0.016822486,-3.199014457,1687.0,exact
Kobe Bryant,2015-16,1863.0,-0.20000000298023224,-3.799999952316284,-4.0,0.15464931711411325,-3.5345593238840873,-3.379910006769974,-4.286299459428896,3.1206438902579445,-4.075198063534284,-0.9545541732763394,-0.871286953,-2.521490155,-3.392777108,1863.0,exact
Jabari Parker,2015-16,2408.0,-1.2000000476837158,-2.700000047683716,-3.9000000953674316,-0.9768770570503084,-1.5459930224931053,-2.522870079543414,-1.966965947875685,-2.0064460568816402,-1.7434153599340532,-3.749861416815693,0.301238926,-1.419048389,-1.117809463,2408.0,exact
PJ Hairston,2015-16,1313.0,-2.700000047683716,-2.4000000953674316,-5.099999904632568,-2.4629165740856203,-1.2127317820792831,-3.6756483561649036,-3.907670089838165,-1.9439633936706964,-1.8309999081340012,-3.7749633018046973,-3.3099001094219345,-1.2514799736618432,-4.561380083083778,1313.0,exact
Hollis Thompson,2015-16,2154.0,-0.8999999761581421,-3.299999952316284,-4.199999809265137,-0.5832845912729537,-2.1390619072234722,-2.722346498496426,-3.189867102040034,-0.43792705465370685,-1.6834028318854675,-2.1213298865391743,-1.542965004,-1.382031769,-2.924996774,2154.0,exact
Dante Cunningham,2015-16,1971.0,-2.0,-2.700000047683716,-4.599999904632568,-1.7641242198903413,-1.9383755573676107,-3.7024997772579518,-3.545925880436543,-1.7421802652467064,-2.17618655403305,-3.9183668192797567,-1.530706192,-1.296410097,-2.827116289,1971.0,exact
JaKarr Sampson,2015-16,1160.0,-4.0,-2.0,-6.0,-3.971818707329794,-0.42683111437094423,-4.398649821700738,-2.295814036719818,-3.672678989308286,-1.3162200880265367,-4.988899077334823,-3.6318342850965517,-1.1505152866439656,-4.782349571336208,1160.0,exact
Bojan Bogdanovic,2015-16,2115.0,-1.2999999523162842,-3.299999952316284,-4.599999904632568,-0.7614830270517849,-3.372032484909198,-4.133515511960983,-3.557014654210473,-0.6090327034754476,-2.7954504864273755,-3.404483189902823,-1.264762787,-2.725013355,-3.989776142,2115.0,fuzzy
Roy Hibbert,2015-16,1878.0,-4.300000190734863,-0.8999999761581421,-5.199999809265137,-3.9077126200076133,-1.5692848867424527,-5.476997506750066,-5.334064222807292,-1.3572879951040842,-2.780908132587938,-4.138196127692022,-3.298357008,-1.605895583,-4.904252591,1878.0,exact
Emmanuel Mudiay,2015-16,2068.0,-3.0999999046325684,-2.0,-5.099999904632568,-1.4716758821434481,-0.9659685000342478,-2.437644382177696,-2.596104631648862,-0.09596356896770505,-1.5284390908891996,-1.6244026598569046,-3.480157794,-0.761790041,-4.241947835,2068.0,exact
James Harden,2016-17,2947.0,7.900000095367432,-0.800000011920929,7.099999904632568,7.600299318156252,-1.4523633437053587,6.147935974450894,6.771602023926875,6.234555007767741,-1.5838795686200409,4.650675439147701,4.663716514,-0.11813524299999999,4.545581271,2947.0,exact
Jimmy Butler,2016-17,2809.0,4.800000190734863,2.4000000953674316,7.099999904632568,4.254711670611559,2.0570078818242474,6.311719552435806,6.228612809463788,3.0881503754082806,1.217043390286641,4.305193765694922,5.743004758,0.883550614,6.626555371,2809.0,exact
Kawhi Leonard,2016-17,2474.0,6.599999904632568,1.7000000476837158,8.300000190734863,6.33860189179356,0.8385545702728908,7.17715646206645,6.746696837728983,2.9492211077396147,0.9057218302190423,3.854942937958657,5.929139718,1.396633535,7.325773253,2474.0,exact
Russell Westbrook,2016-17,2802.0,7.800000190734863,-1.2999999523162842,6.5,6.585793117774949,-0.01048836814941293,6.575304749625536,6.33360494147949,5.923885023229015,-1.2210371146775074,4.702847908551507,4.587772549,1.0573623,5.645134849,2802.0,exact
LeBron James,2016-17,2794.0,6.199999809265137,0.4000000059604645,6.599999904632568,6.632214283925722,-0.09391598410698593,6.538298299818736,6.9500522032232865,1.7550330886271288,-0.7121915453084167,1.0428415433187121,6.261379604,0.263706235,6.525085839,2794.0,exact
Rudy Gobert,2016-17,2744.0,1.2000000476837158,5.599999904632568,6.699999809265137,1.036721070138764,4.619359427620575,5.656080497759339,5.6259144477590155,0.9013386120401904,4.613933566240108,5.5152721782802985,0.9262690969999999,3.353915614,4.280184711,2744.0,exact
Draymond Green,2016-17,2471.0,1.100000023841858,6.199999809265137,7.300000190734863,1.3321286869212772,4.056332722273176,5.388461409194453,4.683917483023777,0.755904072879459,4.4351211496201985,5.191025222499658,1.119410882,4.466649123,5.586060006,2471.0,exact
Chris Paul,2016-17,1921.0,7.5,1.399999976158142,8.899999618530273,6.9919945558089855,1.9855640279109548,8.97755858371994,8.517413821013212,6.109044975736161,1.8482744132237823,7.957319388959943,6.668710565,2.450926892,9.119637458,1921.0,exact
Giannis Antetokounmpo,2016-17,2845.0,2.700000047683716,2.4000000953674316,5.099999904632568,2.9798224345388284,2.1598967409875036,5.1397191755263325,4.636306352609111,1.158545130832897,0.7980273761461308,1.9565725069790276,3.298969744,1.50782788,4.806797623,2845.0,exact
Anthony Davis,2016-17,2708.0,0.6000000238418579,4.400000095367432,5.0,1.175632329544186,3.752663190123277,4.928295519667463,5.313274283919546,1.1477308090985783,2.7992778194438475,3.9470086285424255,2.201495989,1.963267107,4.164763096,2708.0,exact
Kemba Walker,2016-17,2739.0,5.0,0.10000000149011612,5.0,5.446203049397332,0.12384459361502108,5.570047643012353,5.8118654392517355,3.172799076752126,0.49782361908840084,3.670622695840527,3.275415306,-0.487814217,2.787601089,2739.0,exact
Nikola Jokic,2016-17,2038.0,6.400000095367432,0.8999999761581421,7.300000190734863,4.823927504626898,0.49273699269642596,5.316664497323324,5.797022200662639,2.878341348000352,-0.01183147682085349,2.8665098711794985,4.735998924,0.015567274,4.751566197,2038.0,fuzzy
Bradley Beal,2016-17,2684.0,4.900000095367432,0.0,4.800000190734863,4.837772278343157,-0.7812509973802161,4.056521280962941,4.244655669846472,2.20144923800788,-0.6193029562618437,1.582146281746036,4.6600655,-0.539584856,4.120480645,2684.0,exact
Kevin Durant,2016-17,2070.0,5.199999809265137,1.7000000476837158,6.900000095367432,5.197343621533465,1.2900722934617634,6.487415914995228,6.240355158533382,1.7839080072660731,1.802832029649837,3.58674003691591,6.085713522,1.945014556,8.030728078,2070.0,exact
DeMarcus Cousins,2016-17,2465.0,3.4000000953674316,1.7000000476837158,5.099999904632568,2.261402863275921,1.9218760331706457,4.183278896446566,3.3628846456409427,2.6744762829586652,0.6405983115243312,3.3150745944829962,1.8894633447663283,0.7354953558255577,2.6249587005918866,2465.0,exact
Kyle Lowry,2016-17,2244.0,6.699999809265137,-0.699999988079071,6.0,5.692829737994404,0.25129490896110823,5.944124646955512,6.455049941143379,2.459343085131243,-0.03538244745334297,2.4239606376779,4.641388649,0.295071247,4.936459896,2244.0,exact
Isaiah Thomas,2016-17,2569.0,8.300000190734863,-3.5999999046325684,4.699999809265137,7.517517206874198,-2.5145657669982806,5.002951439875918,5.230452227148015,4.7290630165303,-2.763348452537468,1.9657145639928317,6.198573938,-1.9130912959999997,4.285482642,2569.0,exact
Mike Conley,2016-17,2292.0,5.300000190734863,0.10000000149011612,5.400000095367432,5.818355713323139,0.22121568877389927,6.039571402097038,5.485688675247791,3.227207555871396,0.47761436746623265,3.7048219233376285,4.526095054,0.257678597,4.783773652,2292.0,exact
Damian Lillard,2016-17,2694.0,6.199999809265137,-2.0,4.199999809265137,6.371320831297049,-1.6680525293417607,4.703268301955288,4.951222492415816,3.471135844495394,-1.3132285116233913,2.1579073328720026,4.127153908,-1.55584988,2.571304028,2694.0,exact
Blake Griffin,2016-17,2076.0,4.699999809265137,1.399999976158142,6.099999904632568,3.5716824207202684,0.36311613948644633,3.9347985602067146,4.005196603171837,1.8284072558922908,0.4782772290494117,2.3066844849417025,4.464946928,0.436504733,4.901451661,2076.0,exact
John Wall,2016-17,2836.0,4.400000095367432,-0.8999999761581421,3.5999999046325684,4.749854229246951,-0.6300773478572945,4.119776881389656,3.9453121691881754,3.147504405594022,-0.780428978253584,2.367075427340438,3.267260065,0.677080115,3.94434018,2836.0,exact
Gordon Hayward,2016-17,2516.0,3.0999999046325684,0.800000011920929,3.9000000953674316,3.732114928184877,0.5233577380648051,4.255472666249682,4.5303794938661825,2.2219485994258075,0.732770816093999,2.9547194155198064,4.358119572,0.177107004,4.535226576,2516.0,exact
Paul George,2016-17,2689.0,2.5,0.4000000059604645,2.9000000953674316,3.813418057009718,0.8928260091645992,4.7062440661743175,4.897430382666168,2.695205313017002,-0.07854007432623948,2.6166652386907625,2.5389338,0.35452011,2.893453909,2689.0,exact
DeAndre Jordan,2016-17,2570.0,1.600000023841858,1.600000023841858,3.200000047683716,2.3250905941631044,2.304371883329756,4.6294624774928606,4.444468347250912,1.6582346497037346,1.8209154396818423,3.479150089385577,1.012403673,2.516496416,3.5289000890000004,2570.0,exact
CJ McCollum,2016-17,2796.0,3.4000000953674316,-1.100000023841858,2.299999952316284,3.460519559658794,-0.8734695193782152,2.587050040280579,2.171330640285084,2.7683185521028406,-1.098086091931943,1.6702324601708975,3.722868353,-1.102607988,2.620260366,2796.0,exact
Otto Porter Jr.,2016-17,2605.0,1.7999999523162842,0.800000011920929,2.5999999046325684,2.4049749414710937,0.8965478089916861,3.3015227504627798,2.794959449373392,0.4914998462652448,-0.13743596807156405,0.35406387819368074,2.326144995,0.84350143,3.169646425,2605.0,exact
Klay Thompson,2016-17,2649.0,2.0999999046325684,0.4000000059604645,2.5,2.664370458253439,-0.44793422541589417,2.216436232837545,2.2194607410920426,1.4462919753433559,1.0584391140835563,2.504731089426912,3.2044538800000004,0.085294219,3.289748098,2649.0,exact
KarlAnthony Towns,2016-17,3030.0,3.799999952316284,-2.0999999046325684,1.7000000476837158,3.429587890250856,-0.41788505133479764,3.011702838916058,1.9368388907959442,2.2787930224993636,-0.7115520249863854,1.5672409975129782,3.244951162,-1.159330261,2.085620901,3030.0,exact
Lou Williams,2016-17,1994.0,5.800000190734863,-1.899999976158142,3.9000000953674316,3.033759574731469,-2.017510116898969,1.0162494578325,1.1045779743739148,2.481554132303093,-1.446259625428564,1.035294506874529,3.967166626676028,-0.8954079838274825,3.071758643552157,1994.0,exact
Trevor Ariza,2016-17,2773.0,1.2000000476837158,0.8999999761581421,2.0999999046325684,1.074846599754758,0.266405676602898,1.341252276357656,1.7357583001653456,0.7145040782801445,-0.8105292522537684,-0.09602517397362387,0.539504419,1.383950337,1.9234547559999997,2773.0,exact
Patrick Beverley,2016-17,2058.0,1.2999999523162842,2.5,3.799999952316284,1.1691671803052184,2.0023855728614866,3.171552753166705,4.0131162016732285,-0.15262313911203607,0.37489602864607807,0.222272889534042,1.012617583,1.852370553,2.864988136,2058.0,exact
Kevin Love,2016-17,1885.0,2.700000047683716,1.5,4.300000190734863,3.0516955901634084,1.3139111036646591,4.3656066938280675,4.347192951541245,2.139686908252112,0.8064820110471089,2.946168919299221,2.636705176,0.9752414380000001,3.611946614,1885.0,exact
Paul Millsap,2016-17,2343.0,0.6000000238418579,2.200000047683716,2.799999952316284,0.7678934456722951,1.5383592492151585,2.3062526948874535,2.67348835359429,0.986815546750628,1.6253898484558988,2.612205395206527,1.199148431,1.94017168,3.13932011,2343.0,exact
Marc Gasol,2016-17,2531.0,0.8999999761581421,1.600000023841858,2.5,0.9172932048611728,0.6439703916093872,1.56126359647056,1.457990676002867,1.5449973562941635,0.5599110428248565,2.10490839911902,1.480610622,0.514284644,1.994895266,2531.0,exact
Kyrie Irving,2016-17,2525.0,6.300000190734863,-4.0,2.299999952316284,6.056841951036108,-1.855248149129924,4.201593801906184,4.976385968759286,2.6721706439052983,-1.7721082276510765,0.9000624162542219,4.431701883,-0.911328917,3.5203729660000005,2525.0,exact
Jae Crowder,2016-17,2335.0,1.7999999523162842,0.6000000238418579,2.4000000953674316,2.0151988910100065,0.5022755809854578,2.517474471995464,2.3317447980725876,0.2856877009892418,0.19199737007860546,0.47768507106784724,1.603070158,0.810449469,2.413519627,2335.0,exact
Tobias Harris,2016-17,2567.0,1.0,0.800000011920929,1.7999999523162842,0.861609115892357,-0.08328014372240665,0.7783289721699503,0.7195724359296513,0.4559339179882322,0.6260288847436651,1.0819628027318973,1.6008724919999997,0.17514473,1.7760172219999997,2567.0,exact
James Johnson,2016-17,2085.0,0.4000000059604645,2.4000000953674316,2.799999952316284,0.33618840300960073,2.473528656500501,2.8097170595101018,1.280616671552642,0.48632667238032457,2.3826513179057587,2.8689779902860835,0.707492623,1.478474339,2.185966962,2085.0,exact
Andre Roberson,2016-17,2376.0,-1.7999999523162842,4.0,2.0999999046325684,-0.8539342104278278,2.6427061958596787,1.788771985431851,1.8423066048859125,-1.6338960691139284,2.0289687106843806,0.3950726415704522,-1.384627798,2.072168313,0.687540515,2376.0,exact
Ricky Rubio,2016-17,2469.0,1.5,0.30000001192092896,1.899999976158142,1.3896404887922553,-0.7271749706792803,0.662465518112975,0.769377671069031,2.910600304046654,-1.4773844767627655,1.4332158272838886,1.566010345,0.078305076,1.64431542,2469.0,exact
Jeff Teague,2016-17,2657.0,2.4000000953674316,-0.8999999761581421,1.5,2.4173773163110313,-0.5820023576176355,1.8353749586933956,1.7275273539020581,2.1307940627566766,-0.7293107989678635,1.401483263788813,1.917732088,0.072753455,1.990485543,2657.0,exact
JJ Redick,2016-17,2198.0,2.0999999046325684,0.20000000298023224,2.299999952316284,2.5313057067745395,-0.8690787922216884,1.6622269145528512,2.036503627839634,0.7229341890849081,-0.6295446563372716,0.0933895327476365,2.396365426,-0.216809201,2.179556225,2198.0,exact
Michael KiddGilchrist,2016-17,2349.0,-1.399999976158142,3.4000000953674316,2.0,-1.2026966197325242,2.1833152171615007,0.9806185974289765,0.6261165928908361,-0.6445458542664502,0.7696467008713449,0.12510084660489473,-0.920436938,1.263896183,0.343459245,2349.0,exact
Amir Johnson,2016-17,1608.0,0.20000000298023224,3.5999999046325684,3.799999952316284,0.16894886639030182,2.2894371380765466,2.458386004466848,2.1534111375215295,-1.431227869265155,2.3874998876573814,0.9562720183922264,0.629911832,1.610535424,2.240447255,1608.0,exact
Andrew Wiggins,2016-17,3048.0,1.399999976158142,-0.800000011920929,0.699999988079071,1.815056749499871,-1.6846227448588975,0.13043400464097354,0.5277272549303925,1.4559841461630243,-2.121114357990343,-0.6651302118273188,1.423094851,-2.210212091,-0.787117241,3048.0,exact
Robert Covington,2016-17,2119.0,-1.7000000476837158,3.799999952316284,2.0999999046325684,-1.335538321872636,2.5633007706518893,1.2277624487792533,0.7921566001007635,-0.8046841960658214,2.145326512264679,1.3406423161988577,-1.505969476,2.367930565,0.861961089,2119.0,exact
Danilo Gallinari,2016-17,2134.0,2.5999999046325684,-0.5,2.0999999046325684,2.9899548069999162,-1.2019886077166504,1.7879661992832658,2.399473947370705,0.7469553898779803,-0.7262463592272612,0.02070903065071905,3.05556128,-1.506513541,1.549047739,2134.0,exact
Ersan Ilyasova,2016-17,2142.0,0.0,2.0,2.0,0.26741236207466584,1.260474188155227,1.5278865502298928,0.8952260468968519,0.4611150966779997,1.7275540083773504,2.18866910505535,0.34393957517180207,0.0853614381816059,0.42930101305788987,2142.0,fuzzy
Victor Oladipo,2016-17,2222.0,0.20000000298023224,1.7999999523162842,1.899999976158142,0.03885857975305353,0.8324233162766723,0.8712818960297258,1.5959493593696548,0.050802081391924034,0.8231420249194787,0.8739441063114027,0.9671134300000002,0.955042226,1.922155656,2222.0,exact
Myles Turner,2016-17,2541.0,-0.8999999761581421,2.200000047683716,1.2999999523162842,-0.4921922732697901,2.628725071771472,2.136532798501682,2.2134961825908475,-0.9177730854872591,1.8030938531679284,0.8853207676806693,-0.202825739,1.727505965,1.524680226,2541.0,exact
Joe Ingles,2016-17,1972.0,0.8999999761581421,1.399999976158142,2.299999952316284,1.6363876106669126,0.07058749252776161,1.7069751031946743,1.3942975913089892,-0.022596855176681897,0.6184833789043833,0.5958865237277015,0.43061822,1.503472497,1.934090717,1972.0,exact
Tyler Johnson,2016-17,2178.0,0.10000000149011612,1.7999999523162842,1.899999976158142,0.11656300080672533,1.6006625702510995,1.7172255710578248,1.7173750609956802,0.5307281387904855,1.2155108145299511,1.7462389533204368,-0.095510401,0.769956246,0.674445846,2178.0,exact
Tim Hardaway Jr.,2016-17,2154.0,2.4000000953674316,-0.699999988079071,1.7000000476837158,2.305663711645615,-0.4646235175245501,1.8410401941210648,2.0950005187874248,1.3675289905750703,0.9147261368873295,2.2822551274624,1.758082941,0.236893294,1.994976236,2154.0,exact
Malcolm Brogdon,2016-17,1982.0,1.5,0.5,2.0,1.629128471205286,-0.6397505639325197,0.9893779072727663,1.6029445714583852,0.2687587766843583,-0.21068696847497945,0.05807180820937888,1.639766507,0.323475223,1.963241731,1982.0,exact
Pau Gasol,2016-17,1627.0,1.399999976158142,1.600000023841858,3.0,1.1091973482080826,1.2564733335323217,2.3656706817404043,1.6728171612758551,0.1784463946319687,1.7872133696646288,1.9656597642965976,0.430367342,0.884635125,1.315002467,1627.0,exact
George Hill,2016-17,1544.0,2.9000000953674316,0.5,3.4000000953674316,2.7981164630100372,1.3811785368783225,4.179294999888359,3.293720572593777,1.5711732644754555,2.045549785876917,3.6167230503523724,2.843992769,0.827778709,3.671771478,1544.0,exact
Luc Mbah a Moute,2016-17,1787.0,-1.2000000476837158,3.799999952316284,2.5999999046325684,-1.6671337290784296,2.805922793270863,1.1387890641924334,1.7249745051595033,-2.5319855105704474,3.002657772422672,0.47067226185222477,-0.452570713,1.353642468,0.901071755,1787.0,exact
Gorgui Dieng,2016-17,2653.0,-0.800000011920929,1.600000023841858,0.800000011920929,-0.9103915266106531,1.1304226828935209,0.22003115628286773,0.9343006106030735,-0.7083931899312443,0.41465001695715575,-0.2937431729740886,-0.164450226,1.000690277,0.836240051,2653.0,exact
Danny Green,2016-17,1807.0,-0.30000001192092896,2.5999999046325684,2.299999952316284,0.10624561733428012,1.7161768027810849,1.822422420115365,1.859729476224327,-0.3675564430008398,2.6843100955786388,2.316753652577799,-1.320830744,2.635741805,1.314911061,1807.0,exact
Hassan Whiteside,2016-17,2513.0,-0.800000011920929,1.7000000476837158,1.0,-0.08449167199769832,1.9164253772279292,1.831933705230231,2.036327072191588,-0.2676216890032182,0.7645417296839172,0.496920040680699,-0.635914685,2.230604126,1.594689441,2513.0,exact
Seth Curry,2016-17,2029.0,1.100000023841858,0.6000000238418579,1.7999999523162842,1.3245131288922076,0.1658767532575468,1.4903898821497545,0.7082044405501828,0.06504321534616736,1.0505185870582607,1.115561802404428,0.607482336,0.03106897,0.638551306,2029.0,exact
Manu Ginobili,2016-17,1291.0,1.100000023841858,2.9000000953674316,4.0,1.1147313847622478,1.4066223258593828,2.5213537106216304,2.418715863266961,0.28557261617948915,2.3648975763620284,2.6504701925415173,0.507437541,2.819339099,3.326776641,1291.0,exact
Elfrid Payton,2016-17,2412.0,1.7999999523162842,-0.8999999761581421,0.8999999761581421,1.3588114509073936,-0.3489546113310212,1.0098568395763725,0.2195761336825277,0.8742177294978307,-0.41406417105947013,0.4601535584383606,0.462999797,0.44196176600000003,0.9049615629999999,2412.0,exact
Marcus Smart,2016-17,2399.0,-1.2000000476837158,2.0999999046325684,0.8999999761581421,-0.40403381563134744,2.033764340813491,1.6297305251821435,1.6969230431375377,2.3343211277573586,0.8668209065001231,3.2011420342574817,-0.293892613,1.666311355,1.372418742,2399.0,exact
Andre Iguodala,2016-17,1998.0,0.4000000059604645,1.2000000476837158,1.600000023841858,0.9678653178007902,1.0674085721381135,2.0352738899389036,2.228060532069199,0.06049957960229294,1.6315754888159058,1.6920750684181987,1.267645027,1.000883095,2.268528121,1998.0,exact
Wesley Matthews,2016-17,2495.0,-0.30000001192092896,0.8999999761581421,0.699999988079071,-0.6663781642027834,0.2784200054678357,-0.3879581587349477,-0.4603215948428743,0.9351047532994916,0.04232726168907172,0.9774320149885634,-0.152816186,0.147449936,-0.00536625,2495.0,exact
DeMar DeRozan,2016-17,2620.0,2.5,-2.0,0.5,2.5915746227999716,-2.0815566688239513,0.5100179539760203,1.14946340271319,2.9587251169001356,-1.4719155759757416,1.486809540924394,4.304110061,-1.183904321,3.120205739,2620.0,exact
Goran Dragic,2016-17,2459.0,2.5,-1.7999999523162842,0.699999988079071,2.6536628983351176,-0.9371269053822758,1.7165359929528416,1.8212811441694354,1.6569808702028463,-0.66596470080172,0.9910161694011264,2.009074496,-0.537390915,1.47168358,2459.0,fuzzy
Patrick Patterson,2016-17,1599.0,0.6000000238418579,1.899999976158142,2.5999999046325684,0.44467032782521426,1.437376954695173,1.882047282520387,1.3111754327515683,-0.6760800520838279,2.0164680830786024,1.3403880309947744,0.3366320769999999,0.9842946200000001,1.3209266959999997,1599.0,exact
Terrence Ross,2016-17,1955.0,1.399999976158142,0.0,1.5,1.7524071208379919,-0.7733766939601453,0.9790304268778466,0.9247068001158864,0.2258418306170772,-0.5412330894750832,-0.315391258858006,0.47488346287826094,0.49025747108695655,0.9651409339652173,1955.0,exact
Thaddeus Young,2016-17,2237.0,-1.0,2.0,1.0,-0.44699101827471766,1.7486453191978704,1.3016543009231527,1.641090133369689,-1.322166212512334,1.9681926049389094,0.6460263924265754,0.853078723,1.472223147,2.325301869,2237.0,exact
DeMarre Carroll,2016-17,1882.0,-0.4000000059604645,2.0999999046325684,1.7000000476837158,-0.38504008345316754,0.9597109817272981,0.5746708982741305,0.6258788582004186,-0.7432802964513664,1.0811158851446658,0.33783558869329944,-0.253105133,0.36248386,0.109378727,1882.0,exact
Wilson Chandler,2016-17,2197.0,0.5,0.5,1.0,0.5016889947113867,-0.9849648495476395,-0.4832758548362528,-1.2635535021735886,0.678501258172445,-0.7609569263769989,-0.08245566820455386,0.419201716,-1.412512006,-0.9933102900000002,2197.0,exact
Aaron Gordon,2016-17,2298.0,1.100000023841858,-0.30000001192092896,0.8999999761581421,1.0019693497970596,-0.5190533538084575,0.48291599598860213,0.04453990019493769,-0.021195710396010925,-0.6573569827205608,-0.6785526931165717,0.198897952,-0.262470907,-0.063572956,2298.0,exact
LaMarcus Aldridge,2016-17,2335.0,-0.8999999761581421,1.7000000476837158,0.699999988079071,0.15262508849663428,1.416932362694897,1.5695574511915313,1.1571213344364322,0.23348400002039743,2.0240906470150715,2.2575746470354687,1.144812775,0.571263336,1.716076112,2335.0,exact
Tony Allen,2016-17,1914.0,-0.699999988079071,2.200000047683716,1.5,-1.2795125370521303,1.609238479694181,0.3297259426420507,0.27159967714164057,-1.6343844520603223,1.0491851618519934,-0.585199290208329,-0.738163643,2.468585594,1.730421951,1914.0,exact
Jrue Holiday,2016-17,2190.0,0.6000000238418579,0.20000000298023224,0.8999999761581421,0.9790142306734614,1.7624719778677882,2.7414862085412497,2.520067821950198,1.0521133930558462,1.8481328417767502,2.900246234832596,0.241135786,0.998650064,1.23978585,2190.0,exact
Al Horford,2016-17,2193.0,0.699999988079071,0.30000001192092896,1.0,0.9640287475390311,0.5061201357377411,1.4701488832767722,1.487109736097209,0.461183990082405,0.4531918796449551,0.9143758697273601,0.9416664540000002,0.595557308,1.537223761,2193.0,exact
Nicolas Batum,2016-17,2617.0,0.8999999761581421,-0.699999988079071,0.20000000298023224,1.257582573323165,-0.6092204626432701,0.6483621106798948,0.3593255085403891,2.3455364371561753,-0.8237969329932991,1.521739504162876,0.797718864,0.890918866,1.6886377299999997,2617.0,exact
Eric Bledsoe,2016-17,2176.0,3.200000047683716,-2.4000000953674316,0.800000011920929,2.699173047103374,-1.5263343766296822,1.172838670473692,1.4182769652558778,1.8901642162393186,-1.5513799747770654,0.3387842414622533,1.68304193,-0.672994552,1.010047378,2176.0,exact
Nikola Mirotic,2016-17,1679.0,0.699999988079071,1.100000023841858,1.7999999523162842,0.7902248382505989,1.5289942749004066,2.3192191131510054,1.8747746493594997,0.0366718400688406,2.8436721072718085,2.880343947340649,-0.312375853,1.920200444,1.607824591,1679.0,fuzzy
Vince Carter,2016-17,1799.0,1.2000000476837158,0.4000000059604645,1.600000023841858,1.1949718351830276,0.6037840833170892,1.7987559185001167,0.963600828549562,0.76077172882916,0.6067355736478813,1.3675073024770414,-0.088115615,0.837808981,0.7496933660000001,1799.0,exact
Dwight Howard,2016-17,2199.0,-1.600000023841858,2.299999952316284,0.800000011920929,-1.0833620388722665,1.9210537934163676,0.8376917545441012,0.3096840248206216,0.25259785251534944,1.565766990273567,1.8183648427889163,-0.72859669,1.572492157,0.843895467,2199.0,exact
Greg Monroe,2016-17,1823.0,1.2999999523162842,0.10000000149011612,1.5,1.1513540379934095,1.3253416330846581,2.4766956710780677,3.3553337284278513,-0.4859122881345279,0.7421201138604204,0.2562078257258925,1.000161457,0.848848378,1.849009835,1823.0,exact
Eric Gordon,2016-17,2323.0,1.399999976158142,-1.0,0.4000000059604645,0.8525273241357919,-0.7739768862570542,0.07855043787873772,0.28351393496685423,0.6564425638776126,-0.5931097789407607,0.0633327849368519,1.204057767,-0.71639979,0.48765797699999996,2323.0,exact
Gary Harris,2016-17,1782.0,3.200000047683716,-1.7000000476837158,1.5,2.4711878704951733,-2.3938470047910205,0.07734086570415277,0.6869309650574812,-0.29050783701975125,-2.943406386027398,-3.233914223047149,3.425149958,-0.453368567,2.971781391,1782.0,exact
David Lee,2016-17,1477.0,0.699999988079071,1.7000000476837158,2.299999952316284,0.1826773450910275,1.322203446741735,1.5048807918327625,1.6601985960256347,-1.834823057422449,2.9897915991798056,1.1549685417573565,1.377481722,1.153377219,2.530858941,1477.0,exact
PJ Tucker,2016-17,2236.0,-0.8999999761581421,1.600000023841858,0.6000000238418579,-1.627237980206217,2.2315010074116195,0.6042630272054026,0.5904972142044037,-1.1724892048751723,0.4871344874257048,-0.6853547174494674,-0.9731871197052774,1.0374130641229875,0.06422594369007152,2236.0,exact
Maurice Harkless,2016-17,2223.0,0.20000000298023224,0.30000001192092896,0.5,0.5507777099632384,-0.3308793770898155,0.21989833287342286,0.2700760463784016,-1.4118561421317888,-0.5116544246141181,-1.923510566745907,-0.084286585,0.474061921,0.389775335,2223.0,exact
AlFarouq Aminu,2016-17,1773.0,-2.200000047683716,3.5,1.2999999523162842,-2.0233637983777046,1.815170750389689,-0.20819304798801563,0.19902996165688103,-1.717150388372848,0.5730078495527658,-1.1441425388200823,-1.799373106,1.443943951,-0.355429155,1773.0,exact
Harrison Barnes,2016-17,2803.0,-1.2999999523162842,1.100000023841858,-0.20000000298023224,-0.5318376414338216,-0.5984569851150402,-1.1302946265488618,-0.9160331651519514,0.615798166835075,0.07247078983846134,0.6882689566735364,1.355236581,-0.978418747,0.376817834,2803.0,exact
Channing Frye,2016-17,1398.0,0.4000000059604645,1.7999999523162842,2.299999952316284,0.42958392200717926,-0.24629039034683697,0.1832935316603423,-0.07126239156027923,-0.45005905942847024,0.93764644138933,0.4875873819608597,0.064993155,-0.714176172,-0.649183017,1398.0,exact
Nikola Vucevic,2016-17,2163.0,-1.5,2.0,0.5,-0.886444508112362,1.5510860266780824,0.6646415185657204,0.44518176212384497,0.2763110004617526,1.874117890552656,2.1504288910144087,-0.865028889,1.396499187,0.531470298,2163.0,fuzzy
Dion Waiters,2016-17,1384.0,1.2000000476837158,1.2000000476837158,2.4000000953674316,0.3368996715112518,0.6213439794265411,0.9582436509377928,0.7775349942768731,-0.3165384295852811,1.2625081965043088,0.9459697669190277,0.57092695,0.220008138,0.790935087,1384.0,exact
Kentavious CaldwellPope,2016-17,2529.0,0.699999988079071,-0.699999988079071,-0.10000000149011612,0.1853766999612353,-0.9188936713170973,-0.733516971355862,-1.0350438207121417,0.27201615609152213,0.029018338080254887,0.301034494171777,0.331923062,0.29858545,0.630508511,2529.0,exact
Dewayne Dedmon,2016-17,1330.0,-1.600000023841858,4.099999904632568,2.5,-1.1288664134574635,3.5490022909862393,2.420135877528776,2.579067184917075,-2.106903377422641,4.311524536132751,2.20462115871011,-1.993624585,2.62486487,0.631240286,1330.0,exact
Patty Mills,2016-17,1754.0,1.7999999523162842,-0.699999988079071,1.2000000476837158,2.207778733716665,0.11754744456920009,2.325326178285865,2.2162976610528196,0.9248388952240548,1.4932060054776,2.4180449007016547,1.358710624,0.606333408,1.9650440319999998,1754.0,exact
Garrett Temple,2016-17,1728.0,-0.699999988079071,1.899999976158142,1.2999999523162842,-1.0962647633591927,-0.26008559756951305,-1.3563503609287058,-1.3903917572050633,-0.7459991087595618,-0.5438767567144425,-1.2898758654740043,-0.407101188,0.817268649,0.410167461,1728.0,exact
Marvin Williams,2016-17,2295.0,-0.30000001192092896,0.6000000238418579,0.30000001192092896,-0.04970026554914386,0.1494173214507656,0.09971705590162175,-0.5019434203638617,-0.023003038821416355,0.4761541979831426,0.45315115916172627,-0.271422276,0.527915095,0.256492819,2295.0,exact
Kristaps Porzingis,2016-17,2164.0,-1.2999999523162842,1.600000023841858,0.30000001192092896,-0.6952635840780964,0.6942691793081898,-0.0009944047699066427,-0.39493192742405175,-0.3165030875538827,0.8997440554981625,0.5832409679442798,0.278344668,0.485108118,0.763452786,2164.0,fuzzy
Tristan Thompson,2016-17,2336.0,-1.100000023841858,1.2999999523162842,0.10000000149011612,-0.34344366870903514,0.7758645623345304,0.43242089362549524,0.5203631529171145,-0.49929059763619316,1.114924621674433,0.6156340240382399,-0.413519239,0.078950668,-0.334568571,2336.0,exact
Ryan Anderson,2016-17,2116.0,1.0,-0.699999988079071,0.30000001192092896,1.3701603092375023,0.051361825497581816,1.4215221347350842,1.6212540152394979,0.33554270534460806,0.2098983355591707,0.5454410409037788,2.090384119,-1.139096835,0.951287284,2116.0,exact
Brook Lopez,2016-17,2222.0,-0.10000000149011612,0.20000000298023224,0.10000000149011612,0.6117306408698001,0.0827825818412974,0.6945132227110975,-0.3883014999196017,0.6472155631491452,0.6285126011241834,1.2757281642733287,0.962832428,-0.9826084269999998,-0.019775999,2222.0,exact
Steven Adams,2016-17,2389.0,-1.7000000476837158,1.600000023841858,-0.20000000298023224,-0.5753099276445254,1.7199964218290702,1.144686494184545,2.0660122374755026,-0.8409339846217141,1.993031523140375,1.152097538518661,0.128999298,0.906169557,1.035168855,2389.0,exact
Avery Bradley,2016-17,1835.0,-0.20000000298023224,0.699999988079071,0.5,0.27537074125407646,-0.9917086870236335,-0.716337945769557,-0.2967212815313017,0.14980872355846878,-1.19984785105824,-1.0500391274997711,0.587875337,0.568000263,1.1558756,1835.0,exact
Mason Plumlee,2016-17,2148.0,-0.10000000149011612,0.10000000149011612,0.0,-0.627019269883549,0.10210853134168311,-0.5249107385418659,-0.1948419915161392,-0.36224934720720514,-0.2824037581169869,-0.6446531053241921,0.11330192100744878,0.48068943133519554,0.5939913523426442,2148.0,exact
Jared Dudley,2016-17,1362.0,-0.800000011920929,2.299999952316284,1.5,-0.7954025172400198,1.8228803110646024,1.0274777938245827,-0.066950589649333,-0.7292759622317618,1.9832487359887345,1.2539727737569728,-0.253559588,-0.342109999,-0.595669587,1362.0,exact
Wayne Ellington,2016-17,1500.0,1.7000000476837158,-0.5,1.2000000476837158,1.34179894442014,-1.2154198162191985,0.12637912820094144,0.27185639504465553,0.8486863699332776,0.04790333496489463,0.8965897048981722,1.351700594,-0.43268772599999994,0.9190128680000001,1500.0,exact
Evan Fournier,2016-17,2234.0,0.20000000298023224,-0.4000000059604645,-0.20000000298023224,0.5277684447488252,-0.35169518332912214,0.1760732614197031,-0.17428858369626432,0.7502254683199162,-0.7332876378705946,0.016937830449321623,0.965538359,-0.813219184,0.152319175,2234.0,exact
JaMychal Green,2016-17,2101.0,-0.699999988079071,0.800000011920929,0.10000000149011612,-0.22116806899502658,0.27818017452842275,0.05701210553339617,-1.0484007644443167,-0.43215463696814915,0.6305220918483021,0.19836745488015295,-0.251381494,0.404618829,0.153237335,2101.0,exact
Jason Terry,2016-17,1365.0,0.5,1.100000023841858,1.600000023841858,0.10869964239028262,0.2997523944738567,0.40845203686413933,-0.1822334607100328,-1.4364018907803149,1.3347834517447366,-0.10161843903557832,-0.65497751,0.577722063,-0.077255447,1365.0,exact
Kent Bazemore,2016-17,1963.0,-1.399999976158142,1.399999976158142,0.0,-1.0079127219491568,0.9667678045627572,-0.04114491738639958,-0.5133137012969776,-0.14730702337881044,0.5626283877426226,0.4153213643638122,-1.836057884,0.939658039,-0.896399845,1963.0,exact
Rondae HollisJefferson,2016-17,1761.0,-1.7999999523162842,2.0999999046325684,0.30000001192092896,-2.2052410352264666,1.1689630131327924,-1.0362780220936743,-1.0474973672264853,-1.0101388266741742,0.10629363292383266,-0.9038451937503416,-1.667370699,1.107500151,-0.559870548,1761.0,exact
Joe Johnson,2016-17,1843.0,1.100000023841858,-0.800000011920929,0.20000000298023224,0.5571345873697932,-1.2553807121017722,-0.698246124731979,-0.5504184213996649,0.779106306208585,0.3027390748940496,1.0818453811026347,0.072246835,-0.493883829,-0.421636994,1843.0,exact
CJ Miles,2016-17,1776.0,1.5,-1.100000023841858,0.4000000059604645,1.749631954231539,-0.22908581428471955,1.5205461399468194,1.2869676906253116,0.5577700401965051,-0.3348224650663616,0.22294757513014352,0.710232573,-0.885088157,-0.174855584,1776.0,exact
Thabo Sefolosha,2016-17,1596.0,-1.600000023841858,2.299999952316284,0.699999988079071,-1.7511899182675377,1.6882312937330983,-0.06295862453443934,-0.13560760348341191,-2.5444030998015594,2.1560815338866446,-0.38832156591491485,-1.257098297,2.538714573,1.281616275,1596.0,exact
Clint Capela,2016-17,1551.0,-0.20000000298023224,0.8999999761581421,0.699999988079071,-0.41671129401508294,1.5273000539516577,1.1105887599365747,1.5884062246924848,-2.331094654710756,1.6290770785060833,-0.7020175762046728,1.313526052,0.336223937,1.6497499879999997,1551.0,exact
Zach Randolph,2016-17,1786.0,0.30000001192092896,0.0,0.20000000298023224,0.4894537497092673,-0.6319838840473105,-0.14253013433804324,1.3114328435414484,1.0976385220514693,0.6090266021951859,1.7066651242466553,0.334290968,-0.450013498,-0.11572253,1786.0,exact
Derrick Rose,2016-17,2082.0,1.2000000476837158,-1.399999976158142,-0.20000000298023224,0.3939845887658134,-2.2199850918814215,-1.8260005031156081,-1.428648906217927,-0.1639190206708679,-2.34232807501771,-2.506247095688578,0.355140222,-2.031888681,-1.676748459,2082.0,exact
TJ Warren,2016-17,2048.0,0.8999999761581421,-1.100000023841858,-0.10000000149011612,0.3891826657169822,-2.0814040744381987,-1.6922214087212166,-1.3729581653966818,-0.15998759461692552,-2.2501584574312727,-2.4101460520481983,0.898499616,-1.093817134,-0.195317518,2048.0,exact
Solomon Hill,2016-17,2374.0,-1.7999999523162842,1.2000000476837158,-0.6000000238418579,-1.0822763327951266,0.6806068469073314,-0.40166948588779516,-0.4709279949741017,-0.9153508029737357,1.146884014175743,0.23153321120200732,-2.113352794,0.502865422,-1.610487372,2374.0,exact
Serge Ibaka,2016-17,2422.0,-0.8999999761581421,0.30000001192092896,-0.6000000238418579,-0.3212387447638216,0.23390151116556035,-0.08733723359826123,-0.4061591999627323,-0.5794849928896821,-0.09320103795919887,-0.672686030848881,0.0012376600396366982,0.37583026991494634,0.3770679302485549,2422.0,exact
Markieff Morris,2016-17,2374.0,-1.7999999523162842,1.100000023841858,-0.699999988079071,-1.0010336593969769,0.9947215815188089,-0.00631207787816801,-0.05232004203394467,-0.723592106698318,0.4664502775135882,-0.2571418291847298,-0.165256837,0.636047662,0.470790825,2374.0,exact
Nene,2016-17,1198.0,-2.0999999046325684,3.5,1.399999976158142,-1.3157198165340491,1.925160961213365,0.609441144679316,1.7905265251859006,-2.361621389285743,3.0268162397602985,0.6651948504745553,1.182729267,0.496650207,1.679379474,1198.0,exact
Josh Richardson,2016-17,1614.0,-1.600000023841858,2.0999999046325684,0.5,-1.283962116595683,1.696380913676643,0.4124187970809601,-0.0846474817265321,-0.6283574152525637,1.7881300345692597,1.159772619316696,-0.867070705,1.212506066,0.345435362,1614.0,exact
Nick Young,2016-17,1556.0,2.0,-1.5,0.5,1.5593711901692722,-2.7850777500136537,-1.2257065598443815,-0.8496327461204171,1.109080751384389,-3.0196559515853885,-1.9105752002009995,1.6335612209999997,-1.7921624400000002,-0.158601219,1556.0,exact
Devin Booker,2016-17,2730.0,1.0,-2.0,-1.100000023841858,1.8636108742516677,-2.227000201787378,-0.36338932753571007,-0.4760550362245001,1.5583077438453534,-2.2310061908045387,-0.6726984469591852,0.766140403,-1.638442194,-0.872301792,2730.0,exact
Jonas Valanciunas,2016-17,2066.0,0.30000001192092896,-0.699999988079071,-0.4000000059604645,0.5004556473055927,0.03546392587626109,0.5359195731818538,0.6532431266287823,-0.06464811213690655,0.13332888914016672,0.06868077700326017,0.134629568,-0.297972162,-0.163342594,2066.0,fuzzy
Nemanja Bjelica,2016-17,1190.0,-0.800000011920929,1.899999976158142,1.100000023841858,-1.3689951368073086,0.9769282188622355,-0.3920669179450731,-0.6876190196201192,-1.4358504181450626,1.16162075529359,-0.27422966285147266,-1.230658816,-0.19534841,-1.426007226,1190.0,exact
Kenneth Faried,2016-17,1296.0,1.100000023841858,-0.4000000059604645,0.6000000238418579,1.3927739832767394,-0.8630112802024038,0.5297627030743356,0.6503092128398621,0.9925984973443046,-0.1514731511854372,0.8411253461588675,1.8092963819999999,-0.21183914,1.597457242,1296.0,exact
Justin Holiday,2016-17,1639.0,-0.699999988079071,0.6000000238418579,-0.10000000149011612,-0.13491146187123082,0.49928680667051184,0.364375344799281,0.26830747727578674,-0.07321685374967148,0.35007107765257406,0.2768542239029026,0.015676724,0.63962541,0.655302134,1639.0,exact
Dwyane Wade,2016-17,1792.0,0.10000000149011612,-0.5,-0.4000000059604645,0.059674051360167124,-0.16858023563572042,-0.10890618427555329,-0.16178997624796668,0.5705844011809231,-0.5368928336356091,0.033691567545313994,0.8924786750000001,0.893272287,1.785750962,1792.0,exact
Cody Zeller,2016-17,1725.0,-1.600000023841858,1.399999976158142,-0.20000000298023224,0.10472431192677374,2.05030875102673,2.1550330629535037,2.332762612941813,-1.1750444408794023,1.9842098794286316,0.8091654385492293,0.327098112,1.351188832,1.6782869430000003,1725.0,exact
Darren Collison,2016-17,2063.0,1.100000023841858,-1.7000000476837158,-0.699999988079071,0.8526484869659523,-1.847508600334962,-0.9948601133690096,-0.7367147693346342,0.041821502185639986,-2.158144503400305,-2.116323001214665,0.856629108,-1.177177744,-0.320548636,2063.0,exact
TJ McConnell,2016-17,2133.0,-1.399999976158142,0.6000000238418579,-0.800000011920929,-1.21651119093539,1.2147656241056455,-0.0017455668297445825,-0.8759075857392676,0.7084059155049891,0.49192635316264205,1.2003322686676312,-0.658180806,1.23121381,0.573033004,2133.0,exact
Kyle OQuinn,2016-17,1229.0,0.4000000059604645,0.30000001192092896,0.699999988079071,-0.7628698884834556,0.2516239807307297,-0.5112459077527258,0.1710883634132799,0.981285755292008,-1.4079380155662795,-0.4266522602742715,-1.235894238,0.790608989,-0.44528525,1229.0,exact
Zaza Pachulia,2016-17,1268.0,-0.4000000059604645,0.8999999761581421,0.5,-0.7486628214449492,2.134732069744459,1.3860692482995098,1.8790517249940777,-1.3786609454586185,2.1060865006067058,0.7274255551480873,-0.62263275,1.917272828,1.294640078,1268.0,exact
Carmelo Anthony,2016-17,2538.0,1.899999976158142,-3.0999999046325684,-1.2000000476837158,1.9590428149010333,-2.41003226944601,-0.45098945454497685,-0.7273295389162352,3.4182572766599857,-2.5840894277090625,0.8341678489509232,1.314851763,-1.768832254,-0.45398049100000004,2538.0,exact
ETwaun Moore,2016-17,1820.0,0.20000000298023224,-0.800000011920929,-0.6000000238418579,-0.346855972942897,-0.913687036790512,-1.260543009733409,-1.560276811983132,-0.6357430497986425,-0.17504233310084277,-0.8107853828994853,-0.195215609,-0.340655366,-0.535870976,1820.0,exact
Marreese Speights,2016-17,1286.0,0.20000000298023224,0.10000000149011612,0.30000001192092896,-0.3734157561696329,-0.3705183231044534,-0.7439340792740863,-1.2196572565645492,0.18940125654128587,1.4315423459823162,1.6209436025236021,-0.634561636,-1.400661858,-2.035223494,1286.0,exact
Spencer Dinwiddie,2016-17,1334.0,0.699999988079071,-0.699999988079071,0.0,0.18222583467335,-0.03244073744579903,0.14978509722755096,0.28955418541064676,-0.9618277114553139,-0.37075910410233415,-1.3325868155576481,-0.901141005,0.065342623,-0.8357983820000001,1334.0,exact
Rodney Hood,2016-17,1593.0,0.20000000298023224,-0.6000000238418579,-0.4000000059604645,0.15330318620106229,-0.6187496610768787,-0.46544647487581636,-0.2755064457803548,0.9710059100001951,0.5901198685649196,1.5611257785651147,0.004831505,0.380634731,0.385466236,1593.0,exact
Ty Lawson,2016-17,1732.0,0.20000000298023224,-0.699999988079071,-0.6000000238418579,0.39954492265361125,-1.038751159282571,-0.6392062366289597,-0.1342233975424514,0.566315953203436,-1.4597880539234853,-0.8934721007200493,0.305486517,-0.667974455,-0.362487937,1732.0,exact
Robin Lopez,2016-17,2271.0,-2.4000000953674316,1.399999976158142,-1.100000023841858,-1.3875648722650507,0.946007705778151,-0.4415571664868997,-0.3834124580101907,-0.6847114748184181,1.6872328355363304,1.0025213607179122,-1.77893394,-0.406790916,-2.185724856,2271.0,exact
Jamal Murray,2016-17,1764.0,-0.20000000298023224,-0.4000000059604645,-0.6000000238418579,0.26184248366009694,-0.07887681413335543,0.1829656695267415,0.2894312561039907,0.6608991482913996,-0.03413237235598526,0.6267667759354143,-0.144657884,-0.736976269,-0.881634153,1764.0,exact
Norman Powell,2016-17,1368.0,0.0,-0.10000000149011612,-0.10000000149011612,-0.6220103034374388,-0.847158115632741,-1.4691684190701797,-0.5669107908121437,-2.019467044720267,-0.2902985613026805,-2.309765606022948,0.4391201410000001,-0.121735527,0.317384614,1368.0,exact
Rajon Rondo,2016-17,1843.0,-0.699999988079071,-0.10000000149011612,-0.800000011920929,-0.9677469380847606,-0.009400215944996187,-0.9771471540297568,-1.0518330375333325,-0.05737370539543369,-0.06049533615658022,-0.11786904155201391,-1.728717678,1.458289677,-0.270428001,1843.0,exact
Jon Leuer,2016-17,1944.0,-1.2999999523162842,0.5,-0.8999999761581421,-1.2868754989827604,0.016583249777868393,-1.270292249204892,-0.9399587119155566,-1.3135428829686113,0.9531669710105655,-0.36037591195804586,0.110087172,-0.220981159,-0.110893988,1944.0,exact
Iman Shumpert,2016-17,1937.0,-1.5,0.6000000238418579,-0.8999999761581421,-1.2345642829629533,-0.22463263978923662,-1.45919692275219,-1.5780102572844026,-0.9542567645466018,-0.7359124352437595,-1.6901691997903612,-1.172393012,0.250311984,-0.922081028,1937.0,exact
Will Barton,2016-17,1705.0,1.100000023841858,-1.899999976158142,-0.800000011920929,0.1630207088009086,-1.6007025563003694,-1.4376818474994608,-1.0759543815840134,0.012061267477989288,-1.7385978939362674,-1.7265366264582782,1.390929157,-0.973347828,0.417581329,1705.0,exact
Trevor Booker,2016-17,1754.0,-2.0,1.2000000476837158,-0.800000011920929,-2.614021839359744,0.6784560306502904,-1.9355658087094536,-1.8583525987320277,-2.394813339128125,0.773392704967708,-1.6214206341604172,-0.629237098,0.8493733,0.220136202,1754.0,exact
Troy Daniels,2016-17,1183.0,1.2999999523162842,-1.2999999523162842,0.10000000149011612,0.918069652577102,-0.9155701190503741,0.0024995335267279373,-0.5592176944599311,1.4234101961935095,0.12059954269664164,1.5440097388901513,-0.339850772,-1.410412053,-1.7502628249999999,1183.0,exact
Sam Dekker,2016-17,1419.0,-0.5,0.10000000149011612,-0.4000000059604645,-1.0280860529300824,0.5762855787305344,-0.45180047419954794,-0.7369331963743679,-1.3027070193441777,0.5902059587975659,-0.7125010605466118,0.377008189,-0.748793089,-0.37178490099999995,1419.0,exact
Courtney Lee,2016-17,2459.0,0.10000000149011612,-1.399999976158142,-1.399999976158142,0.07797042349864736,-2.1855152168939798,-2.1075447933953324,-1.509288604210819,-0.39269931776256595,-2.240370569125592,-2.633069886888158,0.752065139,-0.383122774,0.368942365,2459.0,exact
Jusuf Nurkic,2016-17,1391.0,-2.700000047683716,2.4000000953674316,-0.30000001192092896,-1.324375571561897,1.6948469711525316,0.3704713995906346,0.9208999104309389,-1.8743981192297423,0.8294599045742287,-1.0449382146555135,-2.283153845637671,0.37223836476923083,-1.9109154808684399,1391.0,fuzzy
James Ennis III,2016-17,1501.0,-1.7000000476837158,1.100000023841858,-0.6000000238418579,-0.8306771559912463,0.4814737880527189,-0.34920336793852735,-0.4819448883247639,-1.5295952479886685,0.24784448716193316,-1.2817507608267353,-1.243448911,0.243827392,-0.9996215189999998,1501.0,exact
Taj Gibson,2016-17,1989.0,-1.7999999523162842,0.6000000238418579,-1.2000000476837158,-1.3688980639423125,1.2878836897024897,-0.08101437423982283,-0.026548181571944874,-2.2109853437017204,0.8284036289267265,-1.382581714774994,-0.5613601207189542,0.38770690340925085,-0.17365321655455002,1989.0,exact
Brandon Jennings,2016-17,1802.0,-0.20000000298023224,-0.800000011920929,-1.0,-0.7924747016111923,-1.109819335511753,-1.902294037122945,-1.9667832060040313,0.5476510012422384,-1.3559704707501203,-0.8083194695078819,-0.9522633667169812,-0.5548113795094339,-1.5070747462264151,1802.0,exact
Ish Smith,2016-17,1955.0,-0.10000000149011612,-1.0,-1.100000023841858,0.17032977840003363,0.8168720352802262,0.9872018136802598,1.017469658321982,0.5704535809272495,1.1870394444231613,1.7574930253504109,-0.619757322,0.885136224,0.265378903,1955.0,exact
Langston Galloway,2016-17,1495.0,-0.800000011920929,-0.10000000149011612,-0.800000011920929,0.12568793617118937,-0.21097623540712243,-0.08528829923593306,-0.7369989422103758,-0.3405999038676932,0.34637748175534616,0.005777577887652985,-2.2087409938561873,-0.625602734832776,-2.8343437286889634,1495.0,exact
Marcin Gortat,2016-17,2556.0,-1.2000000476837158,-0.4000000059604645,-1.600000023841858,-0.3269803239269499,0.41856514321442456,0.09158481928747464,1.231601743464456,-1.3737851291542091,0.665054535352122,-0.7087305938020871,-1.002181374,-0.003043852,-1.005225226,2556.0,exact
Cory Joseph,2016-17,2003.0,-0.4000000059604645,-1.0,-1.399999976158142,-0.467399054713394,-0.5049789098870555,-0.9723779646004496,-0.04657907141254155,-0.6445369950198037,-0.49806833810448714,-1.142605333124291,-0.784797306,-0.661857394,-1.446654701,2003.0,exact
Kosta Koufos,2016-17,1419.0,-2.5,1.7000000476837158,-0.800000011920929,-1.982710335616779,1.2350468348166863,-0.7476635008000927,-1.5727084321554223,-1.7327263865621592,0.5238680602420558,-1.2088583263201034,-2.238088577,-0.188072568,-2.426161145,1419.0,exact
Mike Muscala,2016-17,1237.0,-1.100000023841858,0.5,-0.6000000238418579,-0.24494931526564737,0.3929973033014467,0.14804798803579935,-0.9801287649763969,-1.354170647497856,1.195505489946734,-0.1586651575511222,-1.066807657,-0.35899415,-1.425801807,1237.0,exact
Larry Nance Jr.,2016-17,1442.0,-1.399999976158142,0.6000000238418579,-0.800000011920929,-1.0184688847456855,1.3418506790792242,0.32338179433353864,0.49871259185774286,-1.4427566475733267,0.3752683236894451,-1.0674883238838815,0.481463131,1.528785193,2.010248324,1442.0,exact
Jabari Parker,2016-17,1728.0,0.4000000059604645,-1.5,-1.100000023841858,-0.07928886098207556,-1.6432121184930049,-1.7225009794750805,-1.2516035487953665,-0.6630984241188236,-1.4734394993149835,-2.1365379234338073,2.153267277,-1.247447201,0.905820076,1728.0,exact
Jordan Clarkson,2016-17,2397.0,-0.5,-1.100000023841858,-1.7000000476837158,-0.06494893621511451,-2.560998397043075,-2.6259473332581895,-2.9085856321282737,0.05591300549830158,-2.1787410949201043,-2.1228280894218026,-0.174455227,-1.413571861,-1.588027089,2397.0,exact
Dante Cunningham,2016-17,1649.0,-1.399999976158142,0.20000000298023224,-1.2000000476837158,-0.5885773266911788,-0.24591427848923317,-0.834491605180412,-1.4636961916449935,-1.9923914752172405,0.5704410734978378,-1.4219504017194027,-1.049464972,0.348377534,-0.701087438,1649.0,exact
Luol Deng,2016-17,1486.0,-1.7999999523162842,0.699999988079071,-1.100000023841858,-2.301692030613446,-0.23261448978965502,-2.534306520403101,-1.6592778382338442,-0.9847777913883824,-0.040588905349150176,-1.0253666967375326,-2.078125922,-0.469585778,-2.5477117,1486.0,exact
Willy Hernangomez,2016-17,1324.0,-1.2000000476837158,0.20000000298023224,-0.8999999761581421,-1.0060336552611864,0.5812810595627741,-0.4247525956984123,-0.3221071608764459,-0.8910736132529427,0.2876044850737671,-0.6034691281791755,-0.591738585,-0.212167188,-0.803905774,1324.0,exact
Dirk Nowitzki,2016-17,1424.0,-1.2999999523162842,0.30000001192092896,-1.100000023841858,-0.3173932142328148,0.04247044035489272,-0.2749227738779221,-0.3736107722527959,0.006688317263284865,0.8104800321699515,0.8171683494332364,-0.066975,0.7396016179999999,0.672626618,1424.0,exact
Zach LaVine,2016-17,1749.0,0.8999999761581421,-2.4000000953674316,-1.5,1.0468303968106,-2.6569512611588326,-1.6101208643482325,-1.4903778135746018,-0.3987881705235773,-2.244860894735341,-2.643649065258918,1.673972772,-1.7723550229999998,-0.098382251,1749.0,exact
Evan Turner,2016-17,1658.0,-2.4000000953674316,0.8999999761581421,-1.5,-2.241462317565327,-0.2308299748537316,-2.4722922924190587,-2.394030536207754,-0.6077848637136115,-0.2564204236916063,-0.8642052874052177,-1.602590433,-1.155987215,-2.758577648,1658.0,exact
Caris LeVert,2016-17,1237.0,-0.4000000059604645,-0.800000011920929,-1.2000000476837158,-0.11131984992998123,-0.020388552272045123,-0.13170840220202634,-0.4087483713748718,-1.4433709308907663,-0.04727836005381789,-1.490649290944584,-0.20317211,-0.032418887,-0.235590997,1237.0,exact
Rodney McGruder,2016-17,1966.0,-0.4000000059604645,-1.399999976158142,-1.7999999523162842,-0.46431809569973986,-0.8848561631227216,-1.3491742588224616,-1.1232853671769076,-0.10502453510413903,-0.5522375575532238,-0.6572620926573628,-1.0616743379999998,-0.10830000200000002,-1.169974341,1966.0,exact
Glenn Robinson III,2016-17,1427.0,-1.600000023841858,0.20000000298023224,-1.399999976158142,-1.576753466508061,0.10057194221931738,-1.4761815242887435,-1.2792820637771714,-1.5092499667204364,0.44501303123411245,-1.064236935486324,-1.276094613,-0.665486175,-1.941580788,1427.0,exact
Dario Saric,2016-17,2129.0,-2.0999999046325684,0.30000001192092896,-1.899999976158142,-2.0503479039034187,-0.5289310447126362,-2.579278948616055,-2.418781256740574,-0.8573314227532248,-0.21192935797126983,-1.0692607807244947,-1.966095342,-0.538499916,-2.504595258,2129.0,fuzzy
JR Smith,2016-17,1187.0,-0.5,-0.5,-1.100000023841858,-0.6204086734712374,-0.829325164943711,-1.4497338384149483,-1.4982277607473542,0.28123348039021406,-0.9116694199882104,-0.6304359395979964,-0.849723388,0.524631363,-0.325092025,1187.0,exact
Corey Brewer,2016-17,1281.0,-1.899999976158142,0.4000000059604645,-1.399999976158142,-2.236642218975972,1.3591409911260268,-0.877501227849945,0.6108749138033912,-2.151022511500402,0.4635125335245783,-1.6875099779758236,-1.8647983519562843,0.3694228328711944,-1.4953755190850897,1281.0,exact
Dwight Powell,2016-17,1333.0,-0.800000011920929,-0.5,-1.399999976158142,-0.7647342415933894,-0.4951869391569712,-1.2599211807503607,-0.9328677062194625,-1.909428650200631,0.3629565275335207,-1.5464721226671103,-0.315616113,0.48522872200000006,0.169612609,1333.0,exact
Matt Barnes,2016-17,1777.0,-0.800000011920929,-1.0,-1.7999999523162842,-2.0959777155776327,-0.9270072618974305,-3.0229849774750632,-3.240474270937474,-0.41324403072711263,-1.530174912097534,-1.9434189428246467,-2.184363458329769,-0.41458144620877885,-2.598944904538548,1777.0,exact
Tyson Chandler,2016-17,1298.0,-1.100000023841858,-0.30000001192092896,-1.5,0.25852231865034503,-0.10232018564631251,0.15620213300403252,0.8704621442343372,-0.5780257742045143,-0.08927930012870083,-0.6673050743332152,-0.573191158,0.234105045,-0.339086113,1298.0,exact
Dante Exum,2016-17,1228.0,-2.200000047683716,0.699999988079071,-1.5,-2.342464770410002,0.7462280104095398,-1.5962367600004623,-1.7523862282730793,-1.5838136550164081,-0.1295995792540896,-1.7134132342704977,-3.5072707679999997,-0.938185879,-4.445456647,1228.0,exact
Dorian FinneySmith,2016-17,1642.0,-2.5999999046325684,0.800000011920929,-1.7999999523162842,-2.3456597397267362,0.18938137245925538,-2.156278367267481,-2.8146293248544545,-1.5225686382168402,0.450981937493184,-1.0715867007236561,-2.424969673,0.43168675,-1.993282923,1642.0,exact
Jerami Grant,2016-17,1531.0,-2.0,0.20000000298023224,-1.7999999523162842,-2.6717800294961584,-0.8920390003601919,-3.5638190298563504,-2.387187711121774,-2.7197149801429648,-0.41919985625960393,-3.1389148364025687,-1.921933399685173,0.1603975592135859,-1.761535840498367,1531.0,exact
Jonas Jerebko,2016-17,1232.0,-0.6000000238418579,-0.8999999761581421,-1.5,-1.3240593230629962,-0.6943306419779777,-2.018389965040974,-1.8080827749374748,-1.674226991553673,-0.5548170230907793,-2.2290440146444523,-1.844064071,0.075982559,-1.7680815119999997,1232.0,exact
Anthony Tolliver,2016-17,1477.0,-0.5,-1.2000000476837158,-1.7000000476837158,0.06578419508897931,-1.2830395124952412,-1.217255317406262,-1.1350720455732135,-0.9773510774614655,-1.246259533776842,-2.223610611238308,-0.41591868099999996,-0.9356844169999999,-1.351603098,1477.0,exact
Marco Belinelli,2016-17,1778.0,0.10000000149011612,-2.0999999046325684,-1.899999976158142,0.5488143840188597,-1.4655624677549761,-0.9167480837361164,-0.4562063007479382,0.7035381371402838,-1.1507391677963004,-0.4472010306560166,0.623435464,-0.793726583,-0.17029111800000002,1778.0,exact
Monta Ellis,2016-17,1998.0,-1.5,-0.5,-2.0,-1.5115158411767362,-0.8322114381490792,-2.3437272793258153,-1.9739765008748809,-1.3223728037647966,-0.6898198785276158,-2.0121926822924125,-1.571439745,0.464038658,-1.107401087,1998.0,exact
Tim Frazier,2016-17,1525.0,-0.5,-1.2999999523162842,-1.7999999523162842,-1.1205681695626213,-0.5959620555930466,-1.716530225155668,-1.2680443545952889,-0.3187158145269414,-0.331421751532985,-0.6501375660599265,-1.316341739,-0.276669277,-1.593011017,1525.0,exact
Kelly Oubre Jr.,2016-17,1605.0,-1.7999999523162842,-0.10000000149011612,-1.899999976158142,-2.0077592683910903,0.4990878502989322,-1.508671418092158,-1.5908834285489597,-1.5600954796741529,0.03467671462210803,-1.5254187650520448,-2.210212186,-0.419227894,-2.62944008,1605.0,exact
Jonathon Simmons,2016-17,1392.0,-2.4000000953674316,0.699999988079071,-1.7999999523162842,-1.7494032530894696,1.0363072236128081,-0.7130960294766615,0.3425108158054302,-1.4412018411391512,2.2743103789555947,0.8331085378164436,-1.621618342,1.4885472760000003,-0.133071065,1392.0,exact
Tony Snell,2016-17,2336.0,-0.6000000238418579,-1.600000023841858,-2.200000047683716,-0.3220249137558662,-1.9755475034831858,-2.297572417239052,-1.8825986933750334,-0.7078110062079569,-1.6270386633315734,-2.33484966953953,-0.745168109,-0.589074208,-1.334242317,2336.0,exact
Nik Stauskas,2016-17,2188.0,0.0,-2.0999999046325684,-2.0999999046325684,-0.4516789899662303,-2.214336268454152,-2.6660152584203822,-2.1597789410305426,-0.9627521823529466,-1.3291787050735047,-2.2919308874264512,-1.667381792,-0.341280718,-2.00866251,2188.0,exact
Richard Jefferson,2016-17,1614.0,-1.600000023841858,-0.4000000059604645,-2.0,-1.2537610419122505,0.1550936692097851,-1.0986673727024654,-0.9519460150414666,-1.2965426205392503,0.1787485425484565,-1.1177940779907938,-1.3819224469999998,-1.342969362,-2.7248918100000004,1614.0,exact
Shabazz Muhammad,2016-17,1516.0,-0.30000001192092896,-1.600000023841858,-2.0,-0.775146118996461,-2.0494455339277162,-2.8245916529241772,-2.4883931738987215,-1.4966632938314461,-1.5947573348303643,-3.0914206286618104,0.723047772,-3.418093893,-2.695046121,1516.0,exact
Terry Rozier,2016-17,1263.0,-2.0,0.20000000298023224,-1.7000000476837158,-1.8180466476663657,0.9614772143369169,-0.8565694333294488,-1.5714717961886648,-0.09516622435579043,1.5636506721768881,1.4684844478210977,-2.926577693,0.227929731,-2.698647962,1263.0,exact
Dennis Schroder,2016-17,2485.0,0.30000001192092896,-2.5999999046325684,-2.299999952316284,0.6554883334516496,-0.7142011351044085,-0.05871280165275894,-0.47398595092760304,0.5975817393094953,-0.32947988462263833,0.268101854686857,-0.338939313,-0.733618911,-1.072558223,2485.0,exact
Justin Anderson,2016-17,1228.0,-1.2000000476837158,-0.800000011920929,-2.0,-0.46074684534225385,-1.3728955112469998,-1.8336423565892537,-1.086908174358322,-1.8592931000433763,-0.5688236240070846,-2.428116724050461,-1.5687757696400653,-0.8718676354999999,-2.440643405140065,1228.0,exact
Andre Drummond,2016-17,2409.0,-2.5,0.10000000149011612,-2.4000000953674316,-0.6624290364487956,0.39683021038841976,-0.2655988260603758,0.3189507241454909,0.46676532944773674,-0.26658285304759133,0.20018247640014541,-1.8849968310000003,2.591533283,0.706536451,2409.0,exact
Buddy Hield,2016-17,1888.0,-0.8999999761581421,-1.399999976158142,-2.299999952316284,-0.5571239105859737,-2.241483508684029,-2.7986074192700023,-3.0339509356621974,-1.1708812943105649,-1.0443073365020865,-2.2151886308126514,-1.0071110359984112,-1.3563262861069916,-2.363437322720339,1888.0,exact
Reggie Jackson,2016-17,1424.0,0.10000000149011612,-2.0999999046325684,-2.0999999046325684,0.23027647534899512,-2.3864248854396544,-2.156148410090659,-1.9029038785941905,1.2420425805487276,-2.3695675203436473,-1.1275249397949196,-0.927555476,-2.036710915,-2.964266392,1424.0,exact
Stanley Johnson,2016-17,1371.0,-2.5,0.5,-2.0,-2.361933942767413,1.302015160309802,-1.059918782457611,-1.2352968162741003,-1.4862381239918603,0.9842193633946091,-0.5020187605972511,-3.5881163359999997,1.286485461,-2.301630876,1371.0,exact
Sean Kilpatrick,2016-17,1754.0,0.0,-2.200000047683716,-2.200000047683716,0.37130117742761076,-2.4725028792430694,-2.1012017018154587,-1.6920282020106239,0.19439838294681439,-1.966513246756739,-1.7721148638099247,-0.506116755,-0.775881367,-1.281998121,1754.0,exact
Kelly Olynyk,2016-17,1538.0,-1.2999999523162842,-0.699999988079071,-2.0999999046325684,-1.1748332065978713,0.6894184222568515,-0.4854147843410198,-0.2591489620367788,-1.0819193273557615,0.9947256073266345,-0.08719372002912695,-0.55918451,-0.591192551,-1.150377061,1538.0,exact
Austin Rivers,2016-17,2054.0,-0.699999988079071,-1.600000023841858,-2.299999952316284,-0.6795081404094971,-1.8567861578624545,-2.536294298271952,-2.2818612635583393,-0.5284432806075247,-1.0688718987061143,-1.597315179313639,-0.090321197,-1.407321466,-1.497642663,2054.0,exact
Noah Vonleh,2016-17,1265.0,-3.200000047683716,1.2000000476837158,-2.0,-3.2374157556617944,0.9388489554104335,-2.298566800251361,-3.2345169439038837,-2.220306359111944,0.5303075038404906,-1.6899988552714533,-2.664885676,-0.436516744,-3.101402419,1265.0,exact
Richaun Holmes,2016-17,1193.0,-0.8999999761581421,-1.2999999523162842,-2.0999999046325684,-0.5767867572276365,-0.944457292496486,-1.5212440497241224,-0.8149717274587611,-1.856295219173024,0.2587628603415767,-1.5975323588314474,-0.201075124,0.13182523,-0.069249893,1193.0,exact
Deron Williams,2016-17,1657.0,0.10000000149011612,-2.4000000953674316,-2.299999952316284,-0.8154904086561189,-1.8965789891140818,-2.712069397770201,-2.83385054454477,0.48817771343892846,-1.378603239465031,-0.8904255260261025,-0.4820721450175015,-1.8061299377549789,-2.28820208277248,1657.0,exact
Terrence Jones,2016-17,1270.0,-2.200000047683716,-0.10000000149011612,-2.299999952316284,-7.069430621553181,0.9238161468715487,-6.145614474681633,-10.007617909624509,-2.6200637701892195,1.2392376654540853,-1.3808261047351342,-0.8656443138204725,1.204028915335433,0.3383846015149606,1270.0,exact
Timothe LuwawuCabarrot,2016-17,1190.0,-1.899999976158142,-0.30000001192092896,-2.200000047683716,-2.1710386057290827,-0.27160161360439444,-2.442640219333477,-2.1162598141685733,-2.2242340109030945,-0.6292696751399726,-2.853503686043067,-2.531019952,-1.04507465,-3.5760946019999995,1190.0,exact
Raymond Felton,2016-17,1700.0,-2.5,0.0,-2.5,-1.9244458542495906,-0.9545476899346719,-2.8789935441842625,-2.643648631531526,-0.5578040497403676,-0.4351543768940782,-0.9929584266344458,-2.879942873,-0.48601778700000003,-3.3659606599999994,1700.0,exact
Alex Len,2016-17,1560.0,-3.700000047683716,1.100000023841858,-2.5,-2.79948426214817,0.15199634504324644,-2.6474879171049235,-2.7787784599516514,-1.4551181715776222,-0.028537370563825715,-1.483655542141448,-3.269714296,-0.470082959,-3.739797256,1560.0,exact
Jameer Nelson,2016-17,2045.0,0.4000000059604645,-2.9000000953674316,-2.5999999046325684,0.7056969804699857,-1.7460972283545706,-1.0404002478845849,-0.10974214679769201,-0.18540831147209724,-1.5613252733776934,-1.7467335848497907,-0.109353147,-0.995626534,-1.104979681,2045.0,exact
Allen Crabbe,2016-17,2254.0,-0.8999999761581421,-1.7999999523162842,-2.700000047683716,-0.5117153481579996,-2.315695460387665,-2.8274108085456646,-2.4603785708682797,-0.891621856752707,-1.6129962646251434,-2.5046181213778507,0.275817337,-1.038976045,-0.763158708,2254.0,exact
Derrick Favors,2016-17,1186.0,-3.200000047683716,0.6000000238418579,-2.5999999046325684,-2.5313871877636336,2.102211549985402,-0.4291756377782314,0.593813051166077,-2.2821287254273495,3.3665316290346246,1.084402903607275,-0.659751086,1.9929946649999999,1.333243579,1186.0,exact
Domantas Sabonis,2016-17,1632.0,-3.799999952316284,1.2000000476837158,-2.5999999046325684,-4.162646081857178,1.6935541339430913,-2.4690919479140874,-1.872826479244165,-2.7413986375804877,2.3096934995336516,-0.4317051380468362,-3.1022504319999995,0.275943068,-2.826307364,1632.0,exact
Yogi Ferrell,2016-17,1197.0,-0.800000011920929,-1.899999976158142,-2.700000047683716,-0.6379576050495762,-1.6030014953734704,-2.2409591004230465,-1.4929709728977782,-0.8967583634463916,-1.0943567613279894,-1.991115124774381,-1.0032501818721804,-0.3970325970960735,-1.4002827798421051,1197.0,exact
Shaun Livingston,2016-17,1345.0,-2.4000000953674316,-0.4000000059604645,-2.799999952316284,-2.349055038134223,-0.5889167479956524,-2.937971786129875,-1.6816036461137378,-1.9367386549325485,0.6449822004970229,-1.2917564544355256,-2.674259209,-0.48715143299999997,-3.161410642,1345.0,exact
Frank Kaminsky,2016-17,1954.0,-1.100000023841858,-1.7000000476837158,-2.799999952316284,-0.5630686852562682,-0.5878186195838765,-1.1508873048401447,-0.7524238241783996,-0.35334027390203854,0.17166154164824282,-0.18167873225379572,-1.206784425,-0.678433175,-1.8852176,1954.0,exact
DAngelo Russell,2016-17,1811.0,-0.30000001192092896,-2.5,-2.799999952316284,0.22756843537746632,-1.840634556254362,-1.6130661208768957,-1.075328006907695,0.49236832973774963,-1.2326234872870767,-0.740255157549327,-1.144683262,-1.001376297,-2.146059559,1811.0,exact
Jeff Green,2016-17,1534.0,-2.5999999046325684,-0.4000000059604645,-3.0,-1.91542495085352,-0.6227438992287246,-2.5381688500822444,-2.547664460360445,-0.24646813963593478,0.045262214916632335,-0.20120592471930243,-1.772331311,-1.472440409,-3.244771719,1534.0,exact
Kyle Korver,2016-17,1753.0,0.30000001192092896,-3.299999952316284,-3.0,0.3277590993646555,-2.6094767998851753,-2.28171770052052,-2.6838008164848532,0.08100093258975499,-1.4878616405739822,-1.4068607079842272,0.2275028014015972,-1.0297162218739304,-0.8022134204723332,1753.0,exact
Tony Parker,2016-17,1587.0,-0.8999999761581421,-2.0999999046325684,-3.0,-0.6518588193880054,-1.5345258995217215,-2.1863847189097267,-0.8278350353735512,-0.589176065902552,-0.5120172861052021,-1.1011933520077541,-0.361065389,-0.751219173,-1.112284562,1587.0,exact
Malcolm Delaney,2016-17,1248.0,-3.4000000953674316,0.20000000298023224,-3.200000047683716,-2.019171354428864,-0.07537984122667629,-2.0945511956555403,-0.82066537393397,-0.16453132710605217,1.1021544820906506,0.9376231549845984,-3.991124191,0.137281963,-3.853842228,1248.0,exact
Isaiah Whitehead,2016-17,1643.0,-2.5,-0.699999988079071,-3.200000047683716,-2.1125013957406495,-0.1764416142158213,-2.288943009956471,-2.495139319373448,-1.8266589224450944,-0.216627132045778,-2.0432860544908724,-4.308396315,-0.08867019599999999,-4.39706651,1643.0,exact
Matthew Dellavedova,2016-17,1986.0,-1.0,-2.200000047683716,-3.200000047683716,-0.9650073616649744,-1.8161248561821417,-2.781132217847116,-2.3057961789268857,0.6136446865492364,-1.378434960063522,-0.7647902735142855,-2.293474162,-1.506385873,-3.799860034,1986.0,exact
Boris Diaw,2016-17,1283.0,-2.799999952316284,-0.5,-3.4000000953674316,-2.7383044738204205,-0.5259688808000337,-3.264273354620454,-2.332425088830624,-2.212235701877893,-0.25636206668719425,-2.468597768565087,-1.547869798,-1.186709018,-2.734578815,1283.0,exact
Kris Dunn,2016-17,1333.0,-3.299999952316284,0.0,-3.299999952316284,-3.439572424853137,0.1946026234078235,-3.244969801445314,-2.7149568951727834,-1.7499518547980313,-0.8122373132597533,-2.5621891680577846,-4.421969703,1.185798588,-3.236171115,1333.0,exact
Gerald Henderson,2016-17,1667.0,-1.600000023841858,-1.600000023841858,-3.200000047683716,-1.3462115372947832,-1.9075443115094635,-3.2537558488042464,-2.862386436850309,-0.492713134725722,-1.303397841456897,-1.7961109761826188,-1.094417383,-1.208312134,-2.302729517,1667.0,exact
Jaylen Brown,2016-17,1341.0,-3.4000000953674316,-0.4000000059604645,-3.799999952316284,-2.4721752461300577,-0.4115348660426794,-2.883710112172737,-2.812770370867785,-2.0967049181400785,-0.3586760308438386,-2.455380948983917,-2.337462328,-1.2629164,-3.6003787279999995,1341.0,exact
Willie CauleyStein,2016-17,1421.0,-3.0999999046325684,-0.6000000238418579,-3.700000047683716,-1.8571600974917517,-0.08444612061963223,-1.941606218111384,-1.7740400866642656,-0.5292580660038956,-0.3701440936689997,-0.8994021596728953,-1.025370432,-0.244322089,-1.269692521,1421.0,exact
Bojan Bogdanovic,2016-17,2083.0,-0.4000000059604645,-3.0999999046325684,-3.5999999046325684,-0.28167881518489846,-2.482213463732124,-2.7638922789170226,-2.8952941491853887,-0.4441702667134184,-2.4297223551462253,-2.8738926218596434,-0.1534009356701872,-2.6560395496231393,-2.8094404845818532,2083.0,fuzzy
Sergio Rodriguez,2016-17,1518.0,-0.5,-3.4000000953674316,-3.9000000953674316,-0.9820287722037722,-2.402341529308258,-3.38437030151203,-2.5557045481548237,-0.7899017811517521,-1.7374234502580355,-2.5273252314097876,-1.928532877,-0.828590296,-2.757123173,1518.0,exact
Shelvin Mack,2016-17,1205.0,-2.0,-2.4000000953674316,-4.5,-1.7332692159576248,-0.3122861955811492,-2.045555411538774,-1.3905044010210703,-1.9754902018362963,0.6354247866180223,-1.340065415218274,-2.395357526,-0.147930571,-2.543288097,1205.0,exact
Jamal Crawford,2016-17,2157.0,-1.2999999523162842,-2.5,-3.799999952316284,0.12099241196707518,-2.498933677568061,-2.3779412656009855,-2.2431045692697125,1.9541814755162867,-1.563456829123899,0.3907246463923877,-0.319344278,-1.610387663,-1.929731941,2157.0,exact
Randy Foye,2016-17,1284.0,-2.700000047683716,-1.7000000476837158,-4.400000095367432,-2.3811005921007147,-1.3421431789800067,-3.723243771080721,-3.7372163021131812,-1.3900578699501744,-1.084919452508156,-2.4749773224583302,-2.506474821,-0.462330735,-2.968805556,1284.0,exact
Andrew Harrison,2016-17,1474.0,-3.200000047683716,-1.0,-4.199999809265137,-2.654931124829913,0.8242823274707193,-1.8306487973591938,-1.0141366387565445,-0.7630992426903561,0.9182236411162341,0.155124398425878,-3.139550162,0.318722578,-2.8208275840000003,1474.0,exact
Meyers Leonard,2016-17,1222.0,-3.200000047683716,-1.2999999523162842,-4.5,-2.101043395087584,-0.017209811881027205,-2.1182532069686113,-2.2635859518091554,-0.9528331404766834,-1.07249954338987,-2.0253326838665533,-2.114377601,-1.091417609,-3.20579521,1222.0,exact
Doug McDermott,2016-17,1508.0,-0.30000001192092896,-4.0,-4.300000190734863,-0.37624749614016734,-3.8062669350873684,-4.182514431227536,-3.8421575015304987,-1.275771341157867,-1.4405577914461398,-2.716329132604007,-0.7135500629973476,-2.1806668292015914,-2.894216891913793,1508.0,exact
Marquese Chriss,2016-17,1743.0,-3.0,-1.2999999523162842,-4.300000190734863,-2.10596716364768,-1.4541128032946098,-3.56007996694229,-2.200146018419123,-1.26067084663507,-2.7466486636573766,-4.007319510292446,-1.9169821769999997,-0.474322384,-2.3913045620000006,1743.0,exact
Julius Randle,2016-17,2132.0,-1.600000023841858,-2.5999999046325684,-4.199999809265137,-1.4144648809598976,-1.7556681608961024,-3.1701330418560003,-2.2128353076296197,-1.1208979787964768,-2.00913151641665,-3.130029495213127,-0.503733881,-1.222881106,-1.726614987,2132.0,exact
Bismack Biyombo,2016-17,1793.0,-4.0,-0.6000000238418579,-4.599999904632568,-3.472183193818061,-0.18704902289189138,-3.6592322167099525,-3.0623974928203985,-2.0631222737602886,-0.3738847744523053,-2.437007048212594,-4.075270536,0.097064372,-3.978206164,1793.0,exact
Arron Afflalo,2016-17,1580.0,-1.2999999523162842,-4.800000190734863,-6.0,-1.317327149947072,-3.6008733718576167,-4.918200521804689,-3.843583299556539,-1.0926050136646819,-3.3373999908549083,-4.4300050045195905,-0.938630873,-2.035519648,-2.974150521,1580.0,exact
Emmanuel Mudiay,2016-17,1406.0,-2.5,-4.0,-6.5,-1.7272912770739983,-2.493669001094073,-4.2209602781680715,-3.4918681909887503,-0.9360965862321825,-2.978248997352212,-3.9143455835843946,-2.792338091,-1.775585463,-4.567923554,1406.0,exact
DJ Augustin,2016-17,1538.0,-2.200000047683716,-4.199999809265137,-6.400000095367432,-1.7135549918590138,-2.232309652931745,-3.945864644790759,-3.9698357802220876,0.24117867536401896,-0.8042203583546299,-0.563041682990611,-2.341121044,-3.041344548,-5.382465592,1538.0,exact
Brandon Ingram,2016-17,2279.0,-2.5,-2.700000047683716,-5.199999809265137,-1.478062583729102,-2.6045746710399844,-4.082637254769086,-3.6448819960554633,-0.8744103668806997,-2.6331563074907085,-3.5075666743714082,-2.737141918,-1.559900849,-4.297042767,2279.0,exact
Damian Lillard,2017-18,2670.0,6.599999904632568,0.30000001192092896,6.900000095367432,7.055222584522581,0.7550497011236427,7.8102722856462234,7.0735358158659265,4.335638569517398,0.48299825276512726,4.818636822282525,5.682386462,-0.553550712,5.128835751,2670.0,exact
Victor Oladipo,2017-18,2552.0,3.299999952316284,3.5,6.900000095367432,3.128374249274191,2.8837397360111368,6.012113985285328,6.14802854447555,1.972864922431452,1.3340585175291018,3.3069234399605536,3.569441796,2.579973738,6.149415534,2552.0,exact
LeBron James,2017-18,3026.0,7.0,-1.7000000476837158,5.199999809265137,6.311404341700906,-0.971326602228558,5.340077739472348,5.080151688401766,3.2628054983441004,-1.945269115793436,1.3175363825506643,6.020224337000001,-0.132074454,5.888149883,3026.0,exact
Kemba Walker,2017-18,2736.0,5.400000095367432,0.6000000238418579,6.0,5.395818667087707,0.541496971992208,5.937315639079915,5.090688340104845,3.699446580603559,0.7269106099091779,4.426357190512737,3.8756746640000004,-0.607345957,3.268328706,2736.0,exact
Russell Westbrook,2017-18,2914.0,4.900000095367432,0.30000001192092896,5.099999904632568,4.953586736595509,-0.17650148926984602,4.777085247325663,5.411418490202419,3.985193949401235,-0.4047337561456981,3.580460193255537,3.130289331,1.115821689,4.24611102,2914.0,exact
Giannis Antetokounmpo,2017-18,2756.0,3.200000047683716,2.5,5.599999904632568,3.507479627831913,2.3913989902167123,5.8988786180486255,5.8917402914658545,0.8518713956337081,0.670672802603665,1.522544198237373,4.250905088,0.8477961889999999,5.098701278,2756.0,exact
Jimmy Butler,2017-18,2164.0,5.5,2.299999952316284,7.800000190734863,4.8031821181759895,2.049429234745139,6.852611352921128,6.583479777869783,2.4909121062862063,1.1394301640825761,3.630342270368782,5.381843538,0.934461912,6.316305451,2164.0,exact
Anthony Davis,2017-18,2727.0,1.5,3.799999952316284,5.400000095367432,2.8091442086330773,4.498476019576946,7.307620228210023,7.056610391612637,1.4565231446849194,3.14581664373605,4.60233978842097,4.051483471,2.476362804,6.527846275,2727.0,exact
Jrue Holiday,2017-18,2927.0,2.200000047683716,2.0999999046325684,4.400000095367432,2.2344672955619145,2.0397408339661687,4.274208129528083,4.486913746921936,1.4141397483357137,1.0366529177713855,2.450792666107099,2.235098103,0.879924544,3.1150226470000004,2927.0,exact
Kyle Lowry,2017-18,2510.0,4.800000190734863,0.800000011920929,5.5,4.004952714497798,0.7455409591047005,4.750493673602499,3.91417913127995,3.8248070741203026,1.5688250168582056,5.3936320909785085,3.348585218,0.196080081,3.5446652979999995,2510.0,exact
Chris Paul,2017-18,1847.0,7.599999904632568,1.100000023841858,8.600000381469727,7.13589187320273,0.9871881294929464,8.123080002695676,6.7698972361910394,5.358541441527674,0.8565479431864073,6.215089384714081,5.683702543,1.2693261069999997,6.95302865,1847.0,exact
Nikola Jokic,2017-18,2443.0,5.199999809265137,0.30000001192092896,5.5,5.28754697103741,1.3369959567312604,6.624542927768671,6.938651882467794,3.578080628990992,1.3735689024088615,4.951649531399854,3.643065717,0.712009006,4.355074723,2443.0,fuzzy
KarlAnthony Towns,2017-18,2918.0,4.300000190734863,0.0,4.199999809265137,3.598467093395621,1.4735945766056773,5.072061670001299,5.203250553562724,1.6532421079833854,0.3145269447699345,1.96776905275332,3.1534736319999994,0.545193234,3.698666866,2918.0,exact
Robert Covington,2017-18,2532.0,1.2999999523162842,3.5999999046325684,4.900000095367432,1.1916374338158946,2.9079876503046767,4.0996250841205715,3.936016523065017,0.5136746501213116,2.18446051800039,2.698135168121702,0.386057181,3.330082498,3.7161396779999993,2532.0,exact
Bradley Beal,2017-18,2977.0,2.5,0.8999999761581421,3.4000000953674316,2.3014562565917775,0.651927789235383,2.9533840458271605,2.8056762693742168,2.4791247643851735,-0.4679916545034212,2.011133109881752,2.52825966,-0.15875849,2.36950117,2977.0,exact
Otto Porter Jr.,2017-18,2432.0,3.0999999046325684,1.399999976158142,4.5,2.2061463321157238,1.7870110156621093,3.9931573477778333,3.206804021135284,0.15841447852676516,0.7345510821263961,0.8929655606531612,2.985530508,1.760748265,4.746278773,2432.0,exact
Ben Simmons,2017-18,2732.0,1.7999999523162842,1.899999976158142,3.700000047683716,2.03243823456754,1.7774728844819412,3.809911119049481,4.026176921567118,1.2540809270717654,1.0938948623677038,2.3479757894394693,1.438308803,2.40812334,3.846432143,2732.0,exact
Stephen Curry,2017-18,1631.0,9.199999809265137,-1.7000000476837158,7.5,7.733453526870093,-0.3148419926603249,7.418611534209768,7.601619698450428,4.842306427038974,-0.46606309938986423,4.376243327649109,7.635862755,0.135253209,7.771115964,1631.0,exact
Paul George,2017-18,2891.0,1.600000023841858,1.5,3.0999999046325684,2.056070217477337,0.7929906961681965,2.8490609136455336,3.1350971905405145,2.4125502405370414,-0.059739243446331705,2.35281099709071,2.640500507,0.9005983179999999,3.541098825,2891.0,exact
Eric Bledsoe,2017-18,2322.0,2.700000047683716,1.7999999523162842,4.400000095367432,3.4309645108414397,1.0073478512432452,4.438312362084685,4.657650126890506,1.9217554009517952,0.5846735471583167,2.506428948110112,1.9255676588079238,0.8509663275607234,2.776533986404393,2322.0,exact
LaMarcus Aldridge,2017-18,2509.0,2.5999999046325684,1.5,4.099999904632568,2.314905148195835,2.364876870229098,4.679782018424933,4.22042410410483,1.3882369597244832,2.1901964663130347,3.5784334260375177,3.4964276169999997,-0.045241191,3.4511864259999996,2509.0,exact
Kevin Durant,2017-18,2325.0,5.599999904632568,-1.2999999523162842,4.199999809265137,5.740343070070232,-0.7485554720883449,4.991787597981887,4.388157154184812,3.264617732717915,-0.9468529792396552,2.3177647534782597,5.069183048,-0.042047467,5.027135581,2325.0,exact
Al Horford,2017-18,2277.0,0.8999999761581421,3.299999952316284,4.199999809265137,1.1210851504319226,2.311607503366448,3.4326926537983704,2.6181679755292895,-0.05016617825906022,3.3788523043863616,3.3286861261273013,0.884061362,1.620969579,2.505030941,2277.0,exact
Kyrie Irving,2017-18,1931.0,6.0,-1.2000000476837158,4.800000190734863,5.6136650604776435,-0.9224843697970623,4.691180690680581,4.078291711757578,2.528563404130359,-0.10132843092242164,2.4272349732079372,5.228066974,-0.178343997,5.049722977,1931.0,exact
DeMar DeRozan,2017-18,2711.0,3.9000000953674316,-1.600000023841858,2.299999952316284,3.426768352269265,-1.3479512137560086,2.0788171385132563,2.296588063214648,3.2246747501698643,-0.8118789038030546,2.4127958463668095,4.123071085,-0.46393178399999996,3.659139301,2711.0,exact
Draymond Green,2017-18,2287.0,0.699999988079071,2.4000000953674316,3.0999999046325684,-0.14719221216681574,2.483175048134222,2.3359828359674064,2.203344420318404,0.10699828789698158,1.5658207942160098,1.6728190821129914,0.189842132,2.102885194,2.292727327,2287.0,exact
Joe Ingles,2017-18,2578.0,1.7999999523162842,0.699999988079071,2.5,1.7059863302668272,-0.39702956567671005,1.3089567645901172,1.394831314494114,1.0339221018690075,0.6918819724571019,1.7258040743261094,1.715631887,0.784802746,2.500434633,2578.0,exact
Steven Adams,2017-18,2487.0,1.2999999523162842,1.2999999523162842,2.5999999046325684,2.0052330083032186,1.4073650801439175,3.412598088447136,3.033719950055802,1.2279815151267135,2.2587273808945163,3.48670889602123,2.203720732,0.323426448,2.52714718,2487.0,exact
Darren Collison,2017-18,2018.0,2.9000000953674316,1.0,3.9000000953674316,2.4694848784503556,-0.5702876226790954,1.8991972557712602,1.2881506700780634,1.064695316500831,-1.059002441409485,0.0056928750913460835,3.309996558,-0.047745949,3.262250609,2018.0,exact
Donovan Mitchell,2017-18,2638.0,1.399999976158142,0.800000011920929,2.200000047683716,2.0538367280113974,1.091493206314533,3.1453299343259307,3.4326932549314697,1.780168328528077,1.460613630177602,3.240781958705679,1.248460863,1.091973904,2.340434767,2638.0,exact
Josh Richardson,2017-18,2689.0,-0.699999988079071,2.799999952316284,2.0999999046325684,-0.045333108029574076,1.9803559705389138,1.9350228625093397,1.7597911845704763,0.32126317308096447,1.243009052427474,1.5642722255084385,0.38264710300000004,1.25005371,1.632700813,2689.0,exact
Joel Embiid,2017-18,1912.0,0.5,3.4000000953674316,4.0,2.29622331177886,4.04819360830203,6.3444169200808895,5.72546028103712,1.1976696124749973,3.9085627021239056,5.106232314598903,0.167209426,1.959746165,2.126955591,1912.0,exact
Khris Middleton,2017-18,2982.0,2.200000047683716,-0.800000011920929,1.399999976158142,2.438947709315802,-0.7524750935722978,1.686472615743504,2.19052575267809,2.2379234187940913,-1.1085084371868519,1.1294149816072394,2.404730085,-0.47827139499999993,1.926458689,2982.0,exact
Lou Williams,2017-18,2589.0,5.199999809265137,-3.299999952316284,1.899999976158142,5.24839267406111,-2.5337846446424686,2.7146080294186414,2.469555117898504,4.464143973302465,-2.2495150067671856,2.2146289665352796,3.669239012,-1.566962846,2.102276166,2589.0,exact
Spencer Dinwiddie,2017-18,2306.0,3.200000047683716,-0.699999988079071,2.5,2.2845079888979485,-0.664956107297348,1.6195518816006005,0.6224298681974999,2.3802471743475824,-1.3077380177503324,1.07250915659725,1.722856917,-0.644643411,1.078213506,2306.0,exact
Thaddeus Young,2017-18,2607.0,-0.30000001192092896,2.0,1.7999999523162842,-0.1852327082119779,2.4757658848036597,2.2905331765916817,2.739174905135103,-0.4728693434373225,1.5787316496372117,1.1058623061998891,0.421135183,1.606749248,2.027884431,2607.0,exact
Clint Capela,2017-18,2034.0,0.10000000149011612,2.799999952316284,3.0,0.049931686903096094,2.9944264072886964,3.0443580941917925,3.6980898123412618,-1.3236913971467803,3.3978557205737,2.0741643234269196,1.438071828,2.203664947,3.641736775,2034.0,exact
Klay Thompson,2017-18,2506.0,1.7000000476837158,0.20000000298023224,1.7999999523162842,1.4829636321648272,-0.32324693432107476,1.1597166978437525,1.0494135353352265,1.1922976833335526,0.1851452025329184,1.377442885866471,2.213738328,-0.69408449,1.519653838,2506.0,exact
Gary Harris,2017-18,2304.0,1.399999976158142,0.6000000238418579,2.0999999046325684,1.274526392158949,-0.1471197111550037,1.1274066810039451,1.2025206081597362,-0.04574164899669278,-0.558823138656933,-0.6045647876536258,2.896380262,0.278782405,3.175162667,2304.0,exact
Kyle Anderson,2017-18,1978.0,-0.30000001192092896,3.0999999046325684,2.799999952316284,-0.31455143661066143,2.2957163537601324,1.981164917149471,2.569237336786127,-0.922741578136199,1.990016268135266,1.067274689999067,0.807842252,3.33625311,4.144095362,1978.0,exact
Rudy Gobert,2017-18,1816.0,-0.699999988079071,4.0,3.299999952316284,-1.141215106068222,4.528415037112224,3.387199931044002,3.7473008904672582,-1.3064035472262174,5.816129127207126,4.509725579980908,-0.207575735,3.144781992,2.937206258,1816.0,exact
Eric Gordon,2017-18,2154.0,3.0,-0.800000011920929,2.200000047683716,2.902049335835416,-1.1868857111533593,1.7151636246820565,2.6055386349159413,0.7693395311981731,-0.32459060219461,0.4447489290035631,1.998597144,-0.498067685,1.500529459,2154.0,exact
Fred VanVleet,2017-18,1520.0,2.4000000953674316,1.899999976158142,4.400000095367432,1.9429560055365318,2.268271462542138,4.21122746807867,3.561221178662264,0.6687752467659684,2.8948496084418798,3.5636248552078484,1.9116417030000001,1.181962743,3.093604445,1520.0,exact
Tyreke Evans,2017-18,1607.0,4.400000095367432,-0.6000000238418579,3.9000000953674316,3.4859428314364926,-0.04982106550408983,3.436121765932403,3.9155849905628917,0.6684881187207694,-0.23488961199402264,0.43359850672674677,3.1215792159999998,-0.10132262,3.020256596,1607.0,exact
Tobias Harris,2017-18,2668.0,1.899999976158142,-0.6000000238418579,1.2000000476837158,1.000917702530719,-1.509581166085504,-0.5086634635547851,-1.065363955553304,-0.09515864965450316,-0.6175687531760042,-0.7127274028305074,1.5481697130284857,-0.5576021367886057,0.9905675762398801,2668.0,exact
Blake Griffin,2017-18,1970.0,2.200000047683716,0.20000000298023224,2.4000000953674316,1.641154960634977,0.6898887638221155,2.3310437244570923,1.5448389302083623,1.9254724114164348,0.3086605915915013,2.234133003007936,2.1489395076857867,-0.7686259905395939,1.380313517146193,1970.0,exact
CJ McCollum,2017-18,2923.0,2.200000047683716,-1.399999976158142,0.699999988079071,1.7747426545619671,-0.25166872654679556,1.5230739280151715,1.024352305167324,2.0690889945262585,-0.2949880787789953,1.7741009157472631,1.892759125,-0.333365187,1.559393938,2923.0,exact
Dwight Powell,2017-18,1672.0,0.5,2.9000000953674316,3.4000000953674316,-0.2455033904380762,2.0664438585494396,1.8209404681113635,1.0640226710388847,-1.7454816769921244,1.7009011973463835,-0.04458047964574097,1.194700111,1.012266442,2.206966554,1672.0,exact
Goran Dragic,2017-18,2378.0,1.2999999523162842,0.10000000149011612,1.399999976158142,0.9751282351211931,0.3054337860158252,1.2805620211370183,-0.1263991037507879,1.8650331934070858,0.13524093610730367,2.0002741295143895,0.763846147,-0.9711020390000001,-0.207255893,2378.0,fuzzy
Will Barton,2017-18,2683.0,1.2999999523162842,-0.4000000059604645,0.8999999761581421,1.256776760346965,-1.2591025697338376,-0.002325809386872546,0.8216023159138923,1.0415955114691748,-1.322024958113257,-0.2804294466440822,1.49815446,-0.285278966,1.212875494,2683.0,exact
Jayson Tatum,2017-18,2438.0,0.20000000298023224,1.0,1.2000000476837158,0.2152002096950801,1.1904437404436352,1.4056439501387152,2.5454920177551235,-1.6919986509549068,0.879914775067108,-0.8120838758877987,1.023946533,2.009442661,3.033389193,2443.0,exact
Taj Gibson,2017-18,2726.0,0.20000000298023224,0.5,0.699999988079071,-0.12832176348353083,0.6436372503308703,0.5153154868473394,1.751760402843888,-0.9394617518979385,-0.2880953603407523,-1.2275571122386908,0.791414121,-0.258642072,0.53277205,2726.0,exact
Terry Rozier,2017-18,2068.0,0.5,1.399999976158142,1.899999976158142,0.5037431140421501,0.61803495534034,1.1217780693824901,1.4313071231835048,1.2721280802469985,1.3593338055180748,2.6314618857650736,-0.024513447,1.165834637,1.14132119,2068.0,exact
Jaylen Brown,2017-18,2152.0,0.30000001192092896,1.2000000476837158,1.5,0.6294575558652561,1.2421162110218693,1.8715737668871255,2.681353070130202,-0.8594740872999088,1.4545987717642133,0.5951246844643044,0.008622451,1.701544138,1.710166589,2152.0,exact
DeMarcus Cousins,2017-18,1737.0,0.30000001192092896,2.200000047683716,2.5,1.5317544927128859,2.370514657224128,3.902269149937014,3.7395478517504084,1.646243016702387,2.258495544568814,3.904738561271201,-0.291561142,1.4970881570000003,1.205527015,1737.0,exact
Jeremy Lamb,2017-18,1967.0,2.200000047683716,-0.20000000298023224,2.0,1.8310158665695884,-0.9530459213549891,0.8779699452145993,1.0662999004519085,1.240558425362936,-0.6376579072454582,0.6029005181174778,1.382639175,0.056848247,1.439487422,1967.0,exact
JJ Redick,2017-18,2116.0,3.0,-1.5,1.600000023841858,2.653500558563992,-1.2640543129044521,1.38944624565954,0.9589802901964809,1.5954344563782377,-0.23366181345874076,1.361772642919497,2.754280858,-0.796902536,1.9573783219999998,2116.0,exact
Tim Hardaway Jr.,2017-18,1885.0,2.0,0.0,2.0,1.7491350736534674,-0.7547822726970198,0.9943528009564476,0.7082677422338128,1.3713159969013975,-0.6933052639632036,0.6780107329381939,1.062029355,-0.407322956,0.654706399,1885.0,exact
Ricky Rubio,2017-18,2254.0,-0.10000000149011612,1.2999999523162842,1.2000000476837158,0.40354277739865796,1.7690157494982113,2.1725585268968692,2.278895172313203,1.486705852986303,1.6643871473844207,3.151093000370724,-0.265575159,1.483768952,1.218193793,2254.0,exact
AlFarouq Aminu,2017-18,2072.0,-0.699999988079071,2.200000047683716,1.5,-0.7043775703719656,2.195435262261348,1.4910576918893823,1.7761135412452838,-1.7697827225915064,0.9987824958569635,-0.7710002267345428,-1.061697673,2.494909318,1.433211645,2072.0,exact
Jamal Murray,2017-18,2565.0,2.299999952316284,-1.7000000476837158,0.699999988079071,2.2735527658845514,-1.5694887243963702,0.7040640414881811,1.887833682184139,0.8598215316296003,-1.5585627003947842,-0.6987411687651839,1.414237331,-1.132680633,0.281556698,2565.0,exact
Delon Wright,2017-18,1433.0,1.7000000476837158,1.7000000476837158,3.4000000953674316,1.1347083283410824,2.3451379522528764,3.479846280593959,2.7117665568132185,-0.2389387062466471,2.935421627485998,2.696482921239351,1.162906658,1.385740189,2.548646847,1433.0,exact
Allen Crabbe,2017-18,2197.0,1.0,0.20000000298023224,1.100000023841858,0.8838811280590306,-0.8398846106701159,0.043996517388914747,-0.49759687226996574,0.7530966344085025,-0.9873403253898995,-0.23424369098139697,-0.215704357,-0.146604672,-0.362309029,2197.0,exact
Aaron Gordon,2017-18,1909.0,0.10000000149011612,1.600000023841858,1.7000000476837158,-0.3329834743076448,0.5133267468480069,0.18034327254036214,-0.23199723097748337,-0.7452929774127344,0.18941067897499592,-0.5558822984377385,-0.025951094,0.688181485,0.662230391,1909.0,exact
Jakob Poeltl,2017-18,1524.0,0.10000000149011612,2.799999952316284,2.9000000953674316,-0.48795381788608955,1.7987176505678117,1.3107638326817221,1.541285693381323,-2.0846188218910404,3.134096836638093,1.0494780147470526,-0.334993134,1.184762471,0.849769337,1524.0,exact
Kristaps Porzingis,2017-18,1553.0,0.800000011920929,2.0,2.799999952316284,0.3890065299540068,2.562573881989477,2.9515804119434836,2.593801957438596,0.7034123795532083,1.7352892192695424,2.4387015988227505,0.575296557,1.320805243,1.896101799,1553.0,fuzzy
Derrick Favors,2017-18,2153.0,-0.30000001192092896,1.5,1.100000023841858,-0.6920686392240527,1.7842937906311143,1.0922251514070616,0.7420920130485719,-1.451767209040742,2.432529345805616,0.9807621367648738,0.294148073,0.643091366,0.93723944,2153.0,exact
Danny Green,2017-18,1791.0,-0.800000011920929,2.700000047683716,1.899999976158142,-0.9712858420331858,1.6897660114384152,0.7184801694052294,1.3199874506404494,-0.5577105034015799,1.8660781501734298,1.30836764677185,-1.978288827,2.192736879,0.214448052,1791.0,exact
Buddy Hield,2017-18,2024.0,1.100000023841858,0.30000001192092896,1.399999976158142,0.22909204748912845,0.23408666131730574,0.4631787088064342,-0.08638780040832772,0.26025869023174797,0.6125454549911342,0.8728041452228822,0.699861575,0.173130999,0.872992574,2024.0,exact
Nikola Mirotic,2017-18,1494.0,2.5,0.10000000149011612,2.700000047683716,1.4673237574544373,1.596934960780038,3.064258718234475,1.9779929316652447,0.9376222631717941,1.5995633814414625,2.5371856446132566,1.1684278030589024,1.1060690729772424,2.2744968758688087,1494.0,fuzzy
Ish Smith,2017-18,2043.0,0.30000001192092896,1.0,1.2999999523162842,0.19232262231660327,-0.07767825805359431,0.11464436426300896,-0.025746042967619828,0.10049511716532356,0.5926733803324994,0.6931684974978229,0.481909742,-0.231347838,0.250561904,2043.0,exact
Anthony Tolliver,2017-18,1757.0,1.7000000476837158,0.10000000149011612,1.7999999523162842,0.8069605274242821,0.8041708087618008,1.6111313361860828,0.03565666714948307,-0.2375824287336919,1.326923369654781,1.0893409409210892,0.857858601,-0.654191833,0.203666768,1757.0,exact
Jonas Valanciunas,2017-18,1727.0,0.6000000238418579,1.2999999523162842,1.899999976158142,0.33950927198223363,1.310982468660892,1.6504917406431256,0.681345571115379,-0.341063504282902,2.7211023397263,2.380038835443398,1.04193885,0.302743343,1.344682193,1727.0,fuzzy
Marc Gasol,2017-18,2408.0,-1.2999999523162842,1.7000000476837158,0.4000000059604645,-1.4457836041438321,1.1628632024876382,-0.2829204016561939,-1.0284920752172517,0.8040623645179122,0.2044417773106989,1.0085041418286111,-1.018271387,0.095095167,-0.92317622,2408.0,exact
Michael KiddGilchrist,2017-18,1850.0,-1.5,2.9000000953674316,1.399999976158142,-1.090343481026632,0.8176738831076658,-0.27266959791896617,-0.15359676605946426,-1.4654882371343896,-0.07210619811899456,-1.5375944352533841,-0.0051525040000000005,-0.009848304,-0.015000808,1850.0,exact
Kyle Korver,2017-18,1574.0,1.7999999523162842,0.4000000059604645,2.0999999046325684,1.3245566124196095,-0.6585671649383601,0.6659894474812494,0.24985103825071886,0.9181444943638888,0.0883811805506361,1.0065256749145248,1.4806198179999999,-0.407973739,1.07264608,1574.0,exact
Kentavious CaldwellPope,2017-18,2458.0,0.800000011920929,-0.5,0.20000000298023224,-0.18314024458966016,0.6561794499731781,0.47303920538351796,0.2839157350790743,-0.9601779251125656,0.3666061455588143,-0.5935717795537513,0.344116553,1.094970002,1.439086556,2458.0,exact
Andre Drummond,2017-18,2625.0,-0.6000000238418579,0.699999988079071,0.10000000149011612,0.32432029293685555,1.2327634047772031,1.5570836977140587,1.7059670198171049,1.6784089104413265,0.33673283431223056,2.015141744753557,-0.602501084,2.905048569,2.302547485,2625.0,exact
Yogi Ferrell,2017-18,2282.0,-0.6000000238418579,1.2000000476837158,0.6000000238418579,-0.36147197990194146,1.1538107722724942,0.7923387923705527,1.2081471767790104,-0.17487184949269896,0.6357884974680527,0.4609166479753537,-0.021170961,0.224834737,0.203663776,2282.0,exact
Kevin Love,2017-18,1651.0,2.5999999046325684,-0.8999999761581421,1.7999999523162842,2.938068412138787,-0.16021832915682913,2.7778500829819577,2.775509888739476,1.722543261229284,-0.9056432866849276,0.8168999745443564,2.343663958,-0.600024965,1.7436389929999998,1651.0,exact
Larry Nance Jr.,2017-18,1421.0,-0.20000000298023224,2.5999999046325684,2.5,-0.0801187192233761,3.2828415983218897,3.2027228790985136,3.081721577498341,-0.2610757684856043,2.575792964556402,2.3147171960707977,1.3577355520485574,2.030456199468684,3.3881917508684025,1421.0,exact
Shabazz Napier,2017-18,1535.0,-0.30000001192092896,2.4000000953674316,2.0999999046325684,-0.3532823836663714,1.6426442949359774,1.289361911269606,1.6989651987605356,-1.12664664477225,2.1482504239090447,1.0216037791367947,-0.034229967,0.9679091169999999,0.93367915,1535.0,exact
Dario Saric,2017-18,2310.0,0.800000011920929,-0.4000000059604645,0.4000000059604645,0.6990090436646187,-0.054697054341761475,0.6443119893228573,0.9455794899949884,-0.01433184765143744,0.4496807092291458,0.43534886157770836,1.002248084,-0.060722824,0.94152526,2310.0,fuzzy
Tyus Jones,2017-18,1467.0,1.0,1.2999999523162842,2.299999952316284,1.1983820614812504,1.4192139058318516,2.617595967313102,3.0758790672921816,-0.4986497727119579,1.4732463527826214,0.9745965800706635,1.00417718,0.894226726,1.898403907,1467.0,exact
JJ Barea,2017-18,1603.0,3.4000000953674316,-1.7000000476837158,1.7000000476837158,2.469279597113872,-1.016470162740742,1.45280943437313,1.1560565742914692,1.6030797751544323,-0.6561036935770711,0.9469760815773612,1.7708296060000002,-1.414530457,0.356299148,1603.0,exact
Rondae HollisJefferson,2017-18,1920.0,-0.30000001192092896,1.100000023841858,0.800000011920929,-0.5542990652577445,0.10692168789706546,-0.44737737736067906,-0.37664158418814925,0.007142861585575977,-0.20819074083714623,-0.20104787925157025,0.439546574,0.40156682,0.841113394,1920.0,exact
Andrew Wiggins,2017-18,2979.0,-0.699999988079071,0.30000001192092896,-0.5,0.15055441393487654,-0.0024186201031524044,0.14813579383172412,1.4301135066725443,0.5105888361502986,-0.8764247503975668,-0.36583591424726825,0.109427871,-0.786158823,-0.676730953,2979.0,exact
DeMarre Carroll,2017-18,2180.0,-0.10000000149011612,0.5,0.30000001192092896,0.3884327594298851,0.6828093844982018,1.071242143928087,0.31682686070000865,0.8148924352437623,-0.027661853617062866,0.7872305816266995,0.130784254,0.179546726,0.310330979,2180.0,exact
Justin Holiday,2017-18,2265.0,-0.8999999761581421,1.100000023841858,0.20000000298023224,-0.8238279150892963,0.5850388075323875,-0.23878910755690885,0.003591724315689271,0.7071244238101855,-0.35049010494217914,0.35663431886800634,-1.214036355,0.553789357,-0.660246998,2265.0,exact
Kelly Olynyk,2017-18,1779.0,1.899999976158142,-0.8999999761581421,1.0,2.004155230322151,1.1266266713329025,3.1307819016550535,3.4461703366284566,-0.2999382466112275,1.4333839919360216,1.1334457453247941,0.984738362,1.336827174,2.321565536,1779.0,exact
Tyler Johnson,2017-18,2052.0,0.0,0.4000000059604645,0.4000000059604645,-0.19280917143898144,0.03919357239889191,-0.15361559904008953,-0.007413310038714316,-0.11976287578339427,0.2717591942433328,0.1519963184599385,-0.603245167,0.265752679,-0.337492488,2052.0,exact
Dejounte Murray,2017-18,1743.0,-2.0999999046325684,3.0999999046325684,1.0,-2.036834649976797,2.988259164503241,0.9514245145264439,2.6801759844739004,-1.5293173194797987,3.3389214803624165,1.8096041608826179,-1.750936198,2.919251145,1.168314947,1743.0,exact
Tomas Satoransky,2017-18,1643.0,1.2000000476837158,0.10000000149011612,1.2999999523162842,1.4240324638078417,0.4853609184724288,1.9093933822802704,1.2036114531367121,0.5671650796979213,0.20465859525716565,0.771823674955087,1.73988422,-0.135865644,1.604018577,1643.0,fuzzy
Pascal Siakam,2017-18,1679.0,0.30000001192092896,0.800000011920929,1.100000023841858,-0.34248573589094117,1.6919041543644582,1.349418418473517,0.937560314692219,-1.6051986875761652,1.9840144950582324,0.3788158074820671,0.419684023,1.7812847009999997,2.200968724,1679.0,exact
Rudy Gay,2017-18,1231.0,1.0,1.399999976158142,2.4000000953674316,0.6266661107655634,0.49156160452502135,1.1182277152905848,0.8840904956386341,0.3778939055170164,0.7278175561104248,1.105711461627441,-0.076551832,1.2687605,1.192208668,1231.0,exact
Ersan Ilyasova,2017-18,1729.0,-1.100000023841858,2.0,0.800000011920929,-0.0013084074975953468,2.2434314701843507,2.242123062686755,1.6993731039089912,-0.4412009737852874,1.6118251483532964,1.170624174568009,0.1737654008773858,0.6504968207894737,0.8242622216668594,1729.0,fuzzy
Jusuf Nurkic,2017-18,2088.0,-2.299999952316284,2.5999999046325684,0.20000000298023224,-2.1323922782718183,3.372446429750143,1.2400541514783248,1.8104101728439914,-0.9941852969811449,2.7747953388972024,1.7806100419160575,-1.526989186,1.862388007,0.335398821,2088.0,fuzzy
Marvin Williams,2017-18,2006.0,0.30000001192092896,0.10000000149011612,0.4000000059604645,0.8534666963641037,0.3093669564629961,1.1628336528270997,1.011178568133648,-0.8157712248361588,0.34945377782860987,-0.46631744700754896,0.422681156,0.404689751,0.827370906,2006.0,exact
Kent Bazemore,2017-18,1789.0,-0.10000000149011612,0.699999988079071,0.6000000238418579,-0.3194674220191921,0.7597585312658178,0.44029110924662573,-0.3162251622028616,0.3816079418645224,-0.7050241189495761,-0.32341617708505366,-0.552746888,1.503308057,0.950561169,1789.0,exact
Bojan Bogdanovic,2017-18,2464.0,-0.10000000149011612,-0.20000000298023224,-0.30000001192092896,0.13216241359147274,-0.3938270701994963,-0.26166465660802357,-0.12900112007767697,-0.3844119223139241,-0.30423437270804354,-0.6886462950219676,1.30448107,-1.296371369,0.008109701,2464.0,fuzzy
Josh Hart,2017-18,1461.0,1.0,0.5,1.399999976158142,0.05660954156154587,-0.6581783648300289,-0.601568823268483,-0.5553374567475728,-1.7092556113047224,-0.13682665054564502,-1.8460822618503674,-0.46834596200000006,0.48846841500000004,0.020122453,1461.0,exact
Dennis Schroder,2017-18,2078.0,1.600000023841858,-1.399999976158142,0.20000000298023224,1.4598439885911774,-1.5775302439184846,-0.11768625532730725,-0.6650720436031091,2.022310053916532,-1.5969230053875085,0.42538704852902365,1.025144045,-1.816336768,-0.791192723,2078.0,exact
John Wall,2017-18,1410.0,1.5,0.10000000149011612,1.5,1.4071136244679423,0.4983303578674237,1.905443982335366,1.5143845466027912,1.002702473022528,-0.07325458011522679,0.9294478929073012,1.393203473,0.476883875,1.870087348,1410.0,exact
Lonzo Ball,2017-18,1780.0,-0.8999999761581421,1.399999976158142,0.6000000238418579,-1.4506317031451887,1.890787976701553,0.4401562735563642,-0.11227539518490304,0.37420141984166744,0.8443864261730714,1.2185878460147388,-1.60728864,2.067826208,0.46053756799999995,1780.0,exact
Amir Johnson,2017-18,1171.0,-0.8999999761581421,3.200000047683716,2.299999952316284,-0.899712581693649,2.572288096658018,1.672575514964369,0.20982764417839225,-0.4928618359946454,2.818753743324039,2.3258919073293933,-1.32527388,0.9225862219999998,-0.402687657,1171.0,exact
Julius Randle,2017-18,2190.0,0.20000000298023224,-0.30000001192092896,-0.10000000149011612,0.15522649485961507,-0.7114073794915585,-0.5561808846319435,-0.9483434107784304,-0.9567489722593222,-0.027393348918870075,-0.9841423211781923,0.470340541,-0.814648991,-0.34430845,2190.0,exact
Jordan Clarkson,2017-18,1888.0,1.2000000476837158,-0.8999999761581421,0.30000001192092896,0.7808606114527814,-0.5669241366643111,0.21393647478847033,-0.01682055677721676,0.7535163427464486,-0.060560111260837574,0.692956231485611,1.4725661683983051,-1.443399745690678,0.029166422707627117,1888.0,exact
Ed Davis,2017-18,1471.0,-0.20000000298023224,1.5,1.2000000476837158,-0.6644027658002463,1.3141686914051143,0.649765925604868,0.7582422849801757,-1.9104129219552783,0.694885041580919,-1.2155278803743594,-1.675134406,1.460818587,-0.214315818,1471.0,exact
Montrezl Harrell,2017-18,1293.0,1.7000000476837158,-0.10000000149011612,1.7000000476837158,1.3064760374699154,0.9394381074985153,2.2459141449684306,1.7187410183694434,-0.8886688179791545,0.9142010805444903,0.025532262565335806,3.373813564,-0.846839241,2.526974322,1293.0,exact
Joe Harris,2017-18,1975.0,1.2999999523162842,-1.100000023841858,0.20000000298023224,0.6599405019318852,-1.657764969947925,-0.9978244680160399,-1.523255476843401,-0.5307596876442631,-1.3863961288536524,-1.9171558164979154,0.624998566,-1.126502973,-0.501504407,1975.0,exact
George Hill,2017-18,1812.0,0.0,0.4000000059604645,0.5,1.3153755073982236,-0.8910884525943944,0.4242870548038292,0.6643784151957711,-0.19563642242475499,-2.029934495649177,-2.2255709180739323,-0.22042459837748346,-0.7673547636076159,-0.9877793619850994,1812.0,exact
James Johnson,2017-18,1943.0,0.0,0.10000000149011612,0.20000000298023224,-0.43140552650064495,0.7121164913240982,0.2807109648234532,-0.6344768105770248,-0.9564543906495608,0.4538919548849437,-0.5025624357646171,0.11999555,1.021153017,1.141148567,1943.0,exact
Dirk Nowitzki,2017-18,1900.0,0.6000000238418579,-0.4000000059604645,0.20000000298023224,0.546373276202193,-0.4427745122029454,0.10359876399924761,-0.7874584781403474,0.23677099506592647,0.35561443150975974,0.5923854265756863,-0.055934415,0.207003056,0.151068641,1900.0,exact
Marcus Smart,2017-18,1614.0,-0.8999999761581421,1.7000000476837158,0.699999988079071,-0.6288585246440799,1.6498788323255276,1.0210203076814477,2.034715475171918,0.67997962277463,1.674076744733558,2.3540563675081883,-1.154811442,2.163882088,1.009070646,1614.0,exact
Reggie Bullock,2017-18,1732.0,0.6000000238418579,-0.20000000298023224,0.4000000059604645,0.7003878760481594,-1.2680855001272275,-0.5676976240790681,-0.16481374273642668,-0.9552683037946169,-0.5362872895865599,-1.4915555933811768,1.551832577,-0.58094792,0.970884657,1732.0,exact
Ryan Anderson,2017-18,1725.0,0.10000000149011612,0.20000000298023224,0.4000000059604645,0.09772605405895346,-0.1689783716207953,-0.07125231756184183,-0.16540541514482454,-0.8548438999123711,0.12239353533516767,-0.7324503645772034,0.188375542,-0.904271181,-0.7158956390000001,1725.0,exact
Carmelo Anthony,2017-18,2501.0,1.2999999523162842,-1.899999976158142,-0.6000000238418579,1.1075358313880455,-1.1813910414849944,-0.07385521009694895,0.20902717299220486,0.8893333601542871,-0.5959108914215036,0.29342246873278355,-0.675702976,-0.04582369,-0.721526667,2501.0,exact
Nemanja Bjelica,2017-18,1371.0,0.10000000149011612,0.8999999761581421,1.100000023841858,-0.8818069997234154,0.5205709713357484,-0.361236028387667,-0.16950179703733212,-1.599389115565288,0.10403301092625923,-1.4953561046390287,-0.713116501,-0.418909254,-1.132025755,1371.0,exact
Pau Gasol,2017-18,1812.0,-1.0,1.100000023841858,0.10000000149011612,-1.069092618478506,2.5197580909668376,1.4506654724883317,1.0684393263437724,0.6148898586640055,2.8475157923337937,3.462405650997799,-0.760728056,0.979769552,0.219041497,1812.0,exact
Lauri Markkanen,2017-18,2020.0,0.10000000149011612,-0.20000000298023224,-0.10000000149011612,-1.3777134095440922,-0.7974161347157332,-2.1751295442598253,-2.456207991953107,-0.6129423362581116,-1.302151190253225,-1.9150935265113365,-0.696668697,-0.646858889,-1.343527586,2020.0,exact
Kyle OQuinn,2017-18,1387.0,0.5,0.5,1.0,0.582372043579193,0.8276236779809368,1.4099957215601298,0.17607753850530394,0.6763805807614455,-0.7022044934270878,-0.025823912665642323,-0.594934139,1.5410837219999998,0.946149582,1387.0,exact
OG Anunoby,2017-18,1481.0,-1.100000023841858,1.7999999523162842,0.699999988079071,-0.6014213713367383,1.9213238573198506,1.3199024859831123,1.7464340209949827,-2.4058516981433735,1.609527940112455,-0.7963237580309186,0.212160014,0.7076399670000001,0.919799982,1481.0,exact
Trevor Ariza,2017-18,2269.0,0.5,-1.0,-0.6000000238418579,0.4686456470978843,-0.25053215589472205,0.21811349120316226,0.9227325289629514,0.3454406182657007,-0.41899359158368943,-0.07355297331798871,1.018940058,0.9416848569999999,1.960624915,2269.0,exact
Wilson Chandler,2017-18,2346.0,-0.699999988079071,0.10000000149011612,-0.6000000238418579,-0.9300131488861142,-0.6363844481622328,-1.566397597048347,-1.575048356949709,-0.5156141367223831,-0.9269105666236476,-1.4425247033460307,-0.305192746,-0.9017058350000001,-1.20689858,2346.0,exact
Jeff Teague,2017-18,2311.0,1.2000000476837158,-1.7000000476837158,-0.5,1.855203341837882,-1.2908547326802502,0.5643486091576317,1.1979219161812988,1.9122878077573013,-1.4606789636431714,0.45160884411412994,1.416605997,-0.62181729,0.794788707,2311.0,exact
TJ Warren,2017-18,2142.0,0.10000000149011612,-0.5,-0.4000000059604645,-0.2518026411494531,-1.110893248728253,-1.3626958898777062,-1.95622022765367,-0.26320429564270087,-0.8926851011947787,-1.1558893968374795,1.753978865,-1.474471998,0.279506866,2142.0,exact
Marcin Gortat,2017-18,2075.0,-2.0,1.600000023841858,-0.4000000059604645,-1.711269582110466,2.1726408943308364,0.4613713122203704,0.11115456766221297,-1.2130558667822782,2.2925272953526257,1.0794714285703475,-1.606964686,0.328581144,-1.278383542,2075.0,exact
Jerian Grant,2017-18,1686.0,1.0,-0.8999999761581421,0.20000000298023224,0.46205368874100866,-0.744422794141431,-0.2823691054004223,-0.4782319435778512,1.4100134806685671,-0.8826031788897151,0.5274103017788521,0.327694957,-1.105180447,-0.77748549,1686.0,exact
Devin Harris,2017-18,1340.0,1.600000023841858,-0.699999988079071,0.8999999761581421,1.4518795567665908,-0.9260731465452606,0.5258064102213301,-0.04695996455188819,1.1627377330493882,0.23460274902877443,1.3973404820781625,-0.20019465177388057,-0.3279691679708956,-0.528163819744776,1340.0,exact
Trey Lyles,2017-18,1391.0,0.699999988079071,0.10000000149011612,0.800000011920929,0.602190812745751,-0.3641603622257327,0.2380304505200183,-0.20369669727178574,-0.5247228520591153,-0.8189647732727565,-1.3436876253318717,0.98038836,-0.814266833,0.166121527,1391.0,exact
DJ Augustin,2017-18,1760.0,0.4000000059604645,-0.5,-0.10000000149011612,0.8978046438010981,-0.08575409248150971,0.8120505513195885,-0.4039084405421707,0.14573253508414213,0.2244599414528749,0.37019247653701703,1.150456661,-1.55518094,-0.40472428,1760.0,exact
Evan Fournier,2017-18,1837.0,1.7999999523162842,-2.0999999046325684,-0.30000001192092896,1.2953689809271998,-2.0974046178109766,-0.8020356368837769,-0.886972289939016,0.5337755919428847,-1.9985836381798507,-1.464808046236966,1.994714346,-1.319278907,0.675435439,1837.0,exact
Patty Mills,2017-18,2107.0,0.699999988079071,-1.2999999523162842,-0.6000000238418579,1.0433667150383479,-0.9929508196870982,0.050415895351249684,0.19048343289951108,1.0379846263938106,-0.6424220014626502,0.39556262493116046,-0.274631329,-0.592446594,-0.867077923,2107.0,exact
Rajon Rondo,2017-18,1705.0,1.899999976158142,-1.899999976158142,0.0,0.4258125738528691,-0.4093036002473758,0.016508973605493305,-0.17400471026119044,0.519726641247073,-0.6940385316453712,-0.1743118903982982,0.366646337,-0.312861349,0.053784988,1705.0,exact
Hassan Whiteside,2017-18,1364.0,-1.7000000476837158,2.5,0.699999988079071,-2.1316035581134734,2.2960573528647923,0.16445379475131894,0.36114085857274897,-1.1934311713407768,1.706773066740999,0.5133418954002222,-0.9638655579999998,1.9840742939999998,1.020208736,1364.0,exact
Manu Ginobili,2017-18,1299.0,0.5,0.20000000298023224,0.699999988079071,0.6215009130052019,-0.7949339303165357,-0.17343301731133376,-0.048437644764497335,0.1796139617824129,-0.609423397826662,-0.4298094360442491,-0.689002873,0.034378552,-0.654624321,1299.0,exact
Luc Mbah a Moute,2017-18,1564.0,-2.4000000953674316,2.5,0.10000000149011612,-2.3701153183229624,2.0513451961727776,-0.31877012215018485,0.7986333778983975,-2.9175435409997856,2.5139082404313764,-0.40363530056840924,-0.871347408,1.498889705,0.627542297,1564.0,exact
PJ Tucker,2017-18,2281.0,-1.2000000476837158,0.4000000059604645,-0.800000011920929,-0.8965519215362102,1.1052545806424277,0.20870265910621744,1.0778883700937596,-1.264546372637797,0.9747609342126649,-0.28978543842513216,-1.728144042,1.603989274,-0.12415476900000001,2281.0,exact
Wayne Ellington,2017-18,2041.0,1.5,-2.0999999046325684,-0.6000000238418579,1.664637156209044,-0.943207685893146,0.7214294703158981,0.8955422804149148,1.173578471557208,-0.23857988759769266,0.9349985839595153,0.74138936,0.012698002,0.754087362,2041.0,exact
Jeff Green,2017-18,1828.0,-0.6000000238418579,0.20000000298023224,-0.4000000059604645,-0.457210059248587,0.4981169440373512,0.0409068847887642,-0.16482730780879873,-0.485513083161395,0.8374429419432499,0.35192985878185484,1.01959279,-0.938224269,0.081368521,1828.0,exact
Andre Iguodala,2017-18,1622.0,-1.399999976158142,1.2999999523162842,-0.10000000149011612,-1.398461214448184,1.598945853124209,0.20048463867602484,1.3156505824201206,-0.9143943264249951,2.068105052361773,1.153710725936778,-0.154143817,0.723984459,0.569840642,1622.0,exact
Reggie Jackson,2017-18,1201.0,1.5,-0.699999988079071,0.8999999761581421,0.6393991407308492,-1.6842869713896305,-1.0448878306587812,-0.9331689451184492,1.3364480031500219,-1.1947299084815137,0.14171809466850815,0.49361643399999994,-1.447355937,-0.9537395039999998,1201.0,exact
Aron Baynes,2017-18,1485.0,-3.5999999046325684,3.700000047683716,0.10000000149011612,-2.365631798364464,2.5562243500084083,0.1905925516439444,0.48311419524245763,-1.7936420345847195,4.196754604618077,2.4031125700333575,-3.0975875229999996,1.275172158,-1.822415365,1485.0,exact
Devin Booker,2017-18,1865.0,2.5,-3.0999999046325684,-0.6000000238418579,1.4387412201265148,-2.4451579335570965,-1.0064167134305817,-0.9883018214718179,2.8862825552760927,-2.9110475663101134,-0.024765011034020734,1.4204675279999999,-2.020513289,-0.600045761,1865.0,exact
Malcolm Brogdon,2017-18,1436.0,0.800000011920929,-0.6000000238418579,0.20000000298023224,0.2908600702149111,-1.596248811479029,-1.3053887412641179,-1.2916886542145736,-1.2975204422566977,-0.9533026332059442,-2.250823075462642,0.19619725999999998,-1.576133761,-1.379936501,1436.0,exact
Dillon Brooks,2017-18,2350.0,-1.5,0.6000000238418579,-1.0,-1.6825962308856706,0.19464065188242266,-1.487955579003248,-1.1875902960693157,-0.7909607673558011,-0.19143018907164677,-0.9823909564274479,-0.863428242,-0.79553889,-1.658967132,2350.0,exact
Bogdan Bogdanovic,2017-18,2175.0,0.800000011920929,-1.7000000476837158,-0.8999999761581421,0.48448940731440127,-1.6600117187961747,-1.1755223114817734,-1.635358458786823,1.6516235313390695,-2.146925438012342,-0.49530190667327245,0.086438058,-1.007087819,-0.920649762,2175.0,fuzzy
Corey Brewer,2017-18,1208.0,-1.5,1.899999976158142,0.4000000059604645,-0.8887292407756641,1.0482529280553052,0.15952368727964117,0.4219388022248242,-1.5971719428542548,-0.366542411902156,-1.9637143547564109,-0.7685004609321193,1.3644369333940398,0.5959364718874172,1208.0,exact
John Collins,2017-18,1785.0,-1.100000023841858,0.5,-0.5,-1.1616109628538864,1.0396575057175585,-0.12195345713632788,-1.0119520063645007,-0.9369579160392019,0.8199262396869772,-0.11703167635222467,-0.2166465,0.354130116,0.137483616,1785.0,exact
James Ennis III,2017-18,1604.0,-1.2000000476837158,0.8999999761581421,-0.4000000059604645,-0.8765016416721924,-1.36945253353596,-2.245954175208152,-1.9802119669014953,-1.7154983226698064,-0.46552586092764126,-2.1810241835974478,-0.2066388143915212,-0.8205043293784289,-1.0271431431134663,1604.0,exact
Jerami Grant,2017-18,1647.0,-1.0,0.699999988079071,-0.30000001192092896,-0.5047952666744435,0.8699198281177223,0.36512456144327876,-0.25480561667014695,-1.823056692049575,0.576621041964467,-1.246435650085108,-0.004773917,-0.23369243,-0.23846634699999997,1647.0,exact
Shelvin Mack,2017-18,1365.0,0.0,0.20000000298023224,0.20000000298023224,-0.9816554004531336,0.26955691973542345,-0.7120984807177102,-0.6372987268587244,-1.0138237669715138,0.7709834310156626,-0.2428403359558512,-0.393688472,-0.292924489,-0.686612961,1365.0,exact
Darius Miller,2017-18,1944.0,0.4000000059604645,-1.100000023841858,-0.800000011920929,0.7259921076029778,-1.9109166882440292,-1.1849245806410513,-1.6320327336413192,-0.35937111479886036,-1.5375351632146983,-1.8969062780135586,-0.518666988,-1.931118732,-2.44978572,1944.0,exact
ETwaun Moore,2017-18,2586.0,0.30000001192092896,-1.600000023841858,-1.2999999523162842,0.35078837316893646,0.7575996119956526,1.108387985164589,0.39897033120091585,-0.1835549530041859,-0.04704785705519593,-0.23060281005938182,0.409754101,-0.553680155,-0.143926054,2586.0,exact
Garrett Temple,2017-18,1615.0,-1.5,1.2000000476837158,-0.30000001192092896,-1.5476891833161932,-0.21856280503799294,-1.766251988354186,-1.4857391333667513,-0.9645995230712148,-0.6965763466482773,-1.661175869719492,-1.635652639,-0.309657539,-1.945310179,1615.0,exact
Nikola Vucevic,2017-18,1683.0,-0.8999999761581421,0.4000000059604645,-0.5,-0.4561922327703037,1.9492276712005123,1.4930354384302087,0.7523120580533832,-0.24058805676489167,2.033261773414444,1.7926737166495523,0.016110875,1.219988116,1.236098992,1683.0,fuzzy
Justise Winslow,2017-18,1680.0,-1.7999999523162842,1.2999999523162842,-0.5,-2.013213178369626,1.291915234032422,-0.7212979443372041,-0.4188508766656023,-1.3968039467562354,1.416818954994429,0.020015008238193577,-1.861138708,1.471812324,-0.389326384,1680.0,exact
Brook Lopez,2017-18,1735.0,-0.699999988079071,0.10000000149011612,-0.6000000238418579,-0.7386226377437373,0.04102990555083317,-0.6975927321929041,-0.725183086782813,0.03773509864424711,0.6812011311428928,0.7189362297871399,-0.621877401,-0.489768302,-1.111645703,1735.0,exact
TJ McConnell,2017-18,1706.0,-1.7999999523162842,1.2999999523162842,-0.5,-1.4473920023915265,0.5555123068068913,-0.8918796955846352,-1.6239434815745717,0.173034855776048,0.659387898852551,0.8324227546285989,-1.173374882,0.633326626,-0.540048256,1706.0,exact
CJ Miles,2017-18,1337.0,1.100000023841858,-1.0,0.10000000149011612,1.5215930838074876,-0.4476896269252695,1.073903456882218,0.51028200403208,2.2305706775863987,-0.2655169028369587,1.9650537747494399,1.162888354,-0.443212842,0.719675512,1337.0,exact
Nicolas Batum,2017-18,1981.0,1.2999999523162842,-2.299999952316284,-1.0,0.37331218409910355,-0.9587945703488403,-0.5854823862497367,-0.9341150051220669,1.7098068088996647,-1.1988111626965163,0.5109956462031484,0.660780323,0.219135648,0.879915971,1981.0,exact
Marco Belinelli,2017-18,1947.0,0.8999999761581421,-1.899999976158142,-1.0,1.3994244309500132,-1.3064434572616885,0.0929809736883247,-0.020372330475096862,0.8058323239170921,-1.6073298634340316,-0.8014975395169395,0.9843766232485877,-0.7840023519548023,0.20037427129378538,1947.0,exact
Dewayne Dedmon,2017-18,1542.0,-1.5,1.100000023841858,-0.4000000059604645,-1.3638915718141256,1.119763355137726,-0.2441282166763996,-0.6275748508041421,-1.280296906069902,0.049390142717649965,-1.2309067633522521,-1.5030507509999997,0.584411036,-0.918639715,1542.0,exact
Mario Hezonja,2017-18,1657.0,-0.800000011920929,0.20000000298023224,-0.6000000238418579,-1.1617126865871328,-0.19032979767982638,-1.3520424842669592,-1.095867516313642,-1.1352800995272816,-0.08686406304186045,-1.222144162569142,-0.590615114,0.435721711,-0.154893403,1657.0,exact
Caris LeVert,2017-18,1864.0,-1.0,0.10000000149011612,-0.8999999761581421,-1.2532467787557038,-0.4429449023258923,-1.696191681081596,-1.4342398115853754,-0.4586437408895912,-0.7319009155664891,-1.1905446564560802,0.393002694,-0.422536473,-0.0295,1864.0,exact
Austin Rivers,2017-18,2057.0,1.0,-2.0,-1.0,0.5611727587742225,-2.1618722779385786,-1.600699519164356,-1.1334001202738089,-0.23782075470328595,-2.1841564830985924,-2.4219772378018782,0.63140551,-0.848219101,-0.216813592,2057.0,exact
Pat Connaughton,2017-18,1488.0,-0.4000000059604645,-0.10000000149011612,-0.5,-0.6104595980505557,0.16880634192073432,-0.4416532561298214,-1.1050840188491104,-1.6729774606027386,0.8720336416351112,-0.8009438189676273,-0.924454504,-0.27751757,-1.201972074,1488.0,exact
John Henson,2017-18,1970.0,-1.399999976158142,0.30000001192092896,-1.0,-0.7134320622470659,1.6692777264660992,0.9558456642190333,1.5528737144020124,-1.7412933086474467,1.4839956793150844,-0.25729762933236233,-1.252584946,0.834070204,-0.418514742,1970.0,exact
Luke Kennard,2017-18,1463.0,0.20000000298023224,-0.699999988079071,-0.5,-0.10076162295337791,-0.42127216715764604,-0.5220337901110239,0.34000795412658597,-1.3487045361662406,0.35972160059980585,-0.9889829355664348,-0.44395125600000007,0.46777819000000004,0.023826934,1463.0,exact
Courtney Lee,2017-18,2310.0,0.20000000298023224,-1.5,-1.2999999523162842,-0.2970591707479178,-1.8905803846028484,-2.187639555350766,-1.884529684711539,-0.5282722835263246,-1.7395073598001907,-2.267779643326515,0.677163237,-0.48443764100000003,0.192725597,2310.0,exact
Harrison Barnes,2017-18,2634.0,-1.399999976158142,-0.20000000298023224,-1.5,-0.6784459428271745,-1.5029233148319487,-2.1813692576591235,-2.2123562894779183,1.0912016437067484,-1.163561295967269,-0.07235965226052055,0.12031675900000001,-1.388894641,-1.268577882,2634.0,exact
Serge Ibaka,2017-18,2093.0,-1.0,-0.20000000298023224,-1.2000000476837158,-0.8399715304794472,0.08465413153900599,-0.7553173989404411,-0.16021919704564022,-1.1578214168984495,0.18190674370129223,-0.9759146731971573,-0.656603702,0.963388038,0.306784335,2093.0,exact
Cory Joseph,2017-18,2210.0,-1.100000023841858,-0.30000001192092896,-1.2999999523162842,-0.9540020903913792,0.09955904363484958,-0.8544430467565296,-0.5206860144063965,-0.3779654024736647,0.058902344833034526,-0.3190630576406302,-1.510605749,-0.210578089,-1.721183838,2210.0,exact
Bobby Portis,2017-18,1643.0,1.100000023841858,-2.0,-0.800000011920929,1.1346051599943527,-0.875692132414875,0.25891302757947776,0.24639593648530003,0.15426882593298027,-1.0346476900754322,-0.8803788641424519,1.038568768,-0.259212612,0.779356156,1643.0,exact
Wesley Johnson,2017-18,1486.0,-2.9000000953674316,2.0999999046325684,-0.800000011920929,-2.5716085958076396,1.5916240905914663,-0.9799845052161733,-1.4377258643853403,-1.8893128912152823,0.42148231568500516,-1.4678305755302772,-2.050397318,1.625637477,-0.424759841,1486.0,exact
Kyle Kuzma,2017-18,2401.0,-0.699999988079071,-0.800000011920929,-1.5,-0.3589271664891556,-0.7007115458651173,-1.059638712354273,-1.8069359293537304,-0.09950055835811794,-0.42941876420959335,-0.5289193225677113,-0.338117054,-0.457384283,-0.795501337,2401.0,exact
Bam Adebayo,2017-18,1368.0,-2.0999999046325684,1.2999999523162842,-0.800000011920929,-1.1819295571892043,1.5129193757522337,0.33098981856302934,-0.08001138337632595,-0.3464007633033839,2.5918757311837064,2.2454749678803223,-1.245165366,0.280367539,-0.964797827,1368.0,exact
Stanley Johnson,2017-18,1894.0,-2.700000047683716,1.2999999523162842,-1.399999976158142,-2.4640174092173064,1.333323248406902,-1.1306941608104044,-1.5409578376049016,-0.9702108161638378,0.6974529182584353,-0.2727578979054025,-1.863791574,1.375922789,-0.487868785,1894.0,exact
Maxi Kleber,2017-18,1206.0,-2.0999999046325684,1.5,-0.6000000238418579,-2.224511789607156,0.6373574028704677,-1.587154386736688,-1.2971107698025515,-2.057662606535363,0.8426729601130454,-1.2149896464223175,-1.272929558,0.065144793,-1.207784764,1206.0,exact
Domantas Sabonis,2017-18,1810.0,-1.100000023841858,-0.20000000298023224,-1.2999999523162842,-1.1839245477312765,0.5894113815340093,-0.5945131661972672,-0.6087225259776562,-1.7967113272535156,0.926652242307657,-0.8700590849458586,-0.917372218,-0.66702927,-1.584401488,1810.0,exact
Mario Chalmers,2017-18,1421.0,-2.0999999046325684,1.0,-1.100000023841858,-1.6567314547948202,1.3805330053286025,-0.27619844946621774,-0.19848645822380506,0.4246844709145418,0.27793700787351244,0.7026214787880543,-2.236986308,0.8885313100000001,-1.348454997,1421.0,exact
Kris Dunn,2017-18,1525.0,-1.7000000476837158,0.5,-1.2000000476837158,-1.9284890407058544,-0.15665715437642888,-2.085146195082283,-1.895739061387462,-0.31909003660407653,-1.1472609269248828,-1.4663509635289593,-1.638680648,1.191591924,-0.44708872399999994,1525.0,exact
Andrew Harrison,2017-18,1326.0,-0.4000000059604645,-0.5,-0.8999999761581421,-1.0692942315058895,-0.6370878642759793,-1.7063820957818687,-1.899066972674553,-0.49061902764273685,-0.2202523779570662,-0.7108714055998031,-1.080114174,-1.249572642,-2.329686816,1326.0,exact
DeAndre Jordan,2017-18,2424.0,-0.8999999761581421,-1.0,-1.7999999523162842,-0.49127241324820375,0.16733267735267185,-0.32393973589553193,-0.4254693999100498,0.6995852983615195,-0.13503595215934694,0.5645493462021726,-0.354838638,0.269458991,-0.085379647,2424.0,exact
Sindarius Thornwell,2017-18,1156.0,-2.5,1.7999999523162842,-0.699999988079071,-1.8847729367516377,0.9340016289412278,-0.9507713078104099,-1.6231754175201942,-1.9027087116404702,-0.18929022452560335,-2.0919989361660734,-2.604121085,0.290178773,-2.313942313,1156.0,exact
Denzel Valentine,2017-18,2095.0,-0.699999988079071,-1.0,-1.600000023841858,-0.8880105974411568,-0.9408052192673191,-1.828815816708476,-1.7741451436577051,0.02651011233513035,-1.0134217536384544,-0.9869116413033241,-0.91766844,-0.104667925,-1.022336366,2095.0,exact
Dwyane Wade,2017-18,1536.0,-1.7999999523162842,0.6000000238418579,-1.2999999523162842,-1.7677835716148322,-0.07671408149185005,-1.8444976531066823,-1.213274322264665,-1.0652696723014194,-0.07392573126493429,-1.1391954035663536,-1.057600733329427,0.3887187839361979,-0.6688819500891928,1536.0,exact
Tyson Chandler,2017-18,1151.0,-1.899999976158142,1.0,-0.8999999761581421,-1.1931682150263747,0.3336080702332202,-0.8595601447931545,-1.9031050716546938,-0.3159907436214056,-0.4377543935620016,-0.7537451371834072,-1.851880142,-0.860667238,-2.71254738,1151.0,exact
Frank Kaminsky,2017-18,1835.0,0.699999988079071,-2.299999952316284,-1.600000023841858,-0.28442796095068523,-1.9906869048110936,-2.275114865761779,-2.0537801305291037,-0.5907612514815161,-0.7448660720463489,-1.335627323527865,0.368381344,-1.308114128,-0.939732785,1835.0,exact
Kosta Koufos,2017-18,1391.0,-1.7999999523162842,0.6000000238418579,-1.2000000476837158,-1.6171344515700345,2.2591250021309985,0.641990550560964,0.14221758591163067,-0.860013392811004,1.929049761728555,1.0690363689175508,-0.773490955,0.086217459,-0.687273495,1391.0,exact
Frank Ntilikina,2017-18,1706.0,-4.0,2.5,-1.5,-3.1299416405316953,0.7227103999585434,-2.407231240573152,-2.1395504872045965,-0.6049977161647424,-0.23369671750242071,-0.8386944336671631,-3.446188662,-0.176638178,-3.62282684,1706.0,exact
Maurice Harkless,2017-18,1264.0,-0.8999999761581421,-0.4000000059604645,-1.2000000476837158,-0.8972395579244808,0.8298095575449137,-0.06743000037956715,-0.3783606589102358,-1.9713662053131498,0.07823097161599742,-1.8931352336971523,0.035435629,0.8346435509999999,0.8700791799999998,1264.0,exact
Alex Len,2017-18,1395.0,-1.100000023841858,-0.30000001192092896,-1.399999976158142,-0.8115060426421801,0.6416933694258264,-0.16981267321635363,-0.6860380888380848,-0.14278569044677028,0.2927485934278333,0.14996290298106305,-0.393229947,-0.399242442,-0.7924723889999999,1395.0,exact
Willie CauleyStein,2017-18,2044.0,-2.799999952316284,0.8999999761581421,-1.899999976158142,-1.4452879086013415,0.1539979605376192,-1.2912899480637223,-1.425686126699384,0.12591105510747475,-0.02779889218239566,0.09811216292507909,-0.839257093,0.332393113,-0.50686398,2044.0,exact
Jae Crowder,2017-18,2090.0,-1.5,-0.4000000059604645,-1.899999976158142,-1.19306820530431,0.6591081247665301,-0.5339600805377799,-0.26789457239711517,-1.3718248077460746,-0.6265695530148271,-1.9983943607609018,-0.6943795742105263,-0.6223102533665071,-1.3166898269330145,2090.0,exact
Raymond Felton,2017-18,1365.0,-1.100000023841858,-0.5,-1.600000023841858,-0.8177109586747977,-0.7924704141867691,-1.6101813728615668,-2.1812211973601063,1.5488103723987683,0.31910709190468,1.8679174643034484,-0.959376659,-1.220748984,-2.180125642,1365.0,exact
Brandon Ingram,2017-18,1975.0,-1.2000000476837158,-0.800000011920929,-2.0,-1.070859556677668,-1.029031529483995,-2.099891086161663,-1.8981056508650724,-0.8851411246887771,-1.2252492012404819,-2.110390325929259,-0.15883867,-0.5322973119999999,-0.691135982,1975.0,exact
Mason Plumlee,2017-18,1439.0,-2.0,0.30000001192092896,-1.7000000476837158,-1.4085906034697102,0.7137490982571751,-0.6948415052125351,-1.5440225492349928,-0.9469583476083605,1.75275453829735,0.8057961906889894,-1.256247532,0.404655305,-0.851592227,1439.0,exact
Isaiah Taylor,2017-18,1167.0,-1.2000000476837158,-0.20000000298023224,-1.2999999523162842,-1.876795782135715,-0.3105102827214687,-2.1873060648571836,-2.1868377450267404,-1.8850618376360948,0.01929257807736018,-1.8657692595587347,-1.482767557,-1.201489467,-2.684257025,1167.0,exact
Trevor Booker,2017-18,1158.0,-0.6000000238418579,-0.8999999761581421,-1.600000023841858,-1.4238091525389291,-0.0134308135544881,-1.4372399660934172,0.1482329026893979,-2.147123526032831,-0.3298735124316756,-2.476997038464507,-0.6972684876260795,-0.4122536256580311,-1.1095221132841107,1158.0,exact
David Nwaba,2017-18,1646.0,-0.8999999761581421,-0.8999999761581421,-1.899999976158142,-1.261747439005615,-0.9655616243344819,-2.2273090633400967,-1.3103721443895389,-2.3175987439512546,-1.3978708791745589,-3.7154696231258137,-1.661668736,0.352562446,-1.30910629,1646.0,exact
Kelly Oubre Jr.,2017-18,2231.0,-0.800000011920929,-1.2999999523162842,-2.0999999046325684,-0.8616263750911018,-0.8072581199377425,-1.6688844950288444,-1.2719261943432383,-0.3129217616799773,-1.0887273614185917,-1.401649123098569,-0.9244681669999999,-0.094708895,-1.019177062,2231.0,exact
Michael Beasley,2017-18,1653.0,-0.10000000149011612,-2.0,-2.0999999046325684,-0.15376508995566077,-1.1889446160472095,-1.3427097060028703,-1.7608600397262333,-0.798272808411878,-2.0849550747001717,-2.88322788311205,-0.301977782,-0.882225151,-1.184202933,1653.0,exact
Wesley Matthews,2017-18,2131.0,-0.6000000238418579,-1.5,-2.200000047683716,-1.0674814729013853,-1.6032612607435042,-2.6707427336448895,-1.756274455676228,0.18735162444814205,-2.5906503081930095,-2.4032986837448673,-0.144039925,-0.70647384,-0.850513765,2131.0,exact
Elfrid Payton,2017-18,1808.0,0.5,-2.700000047683716,-2.0999999046325684,-1.721253735829544,-2.1454052115513367,-3.8666589473808806,-3.2074237126340166,-0.7157765216273886,-2.759819360414902,-3.475595882042291,-0.019911857236725578,-0.8457952157555311,-0.8657070722970132,1808.0,exact
Evan Turner,2017-18,2034.0,-2.5,0.30000001192092896,-2.0999999046325684,-2.0892395448612344,-0.029269035273958115,-2.1185085801351926,-2.252142362953584,-0.9523101809028686,0.35378371928138946,-0.5985264616214792,-1.125986446,-0.513796971,-1.639783417,2034.0,exact
Bryn Forbes,2017-18,1517.0,-0.8999999761581421,-1.100000023841858,-2.0,-0.5459824621950168,-1.6396966372633128,-2.1856790994583295,-1.758353442874993,-1.0558792637319017,0.10242366317937568,-0.953455600552526,-0.819821783,-0.640100642,-1.459922425,1517.0,exact
Dwight Howard,2017-18,2463.0,-2.200000047683716,-0.10000000149011612,-2.299999952316284,-1.0158684787948227,1.6601237355731755,0.6442552567783528,1.0720432278354972,-0.32835183618907293,0.810498011371316,0.4821461751822431,-1.190348713,1.338758833,0.14841012,2463.0,exact
Markieff Morris,2017-18,1968.0,-1.399999976158142,-0.8999999761581421,-2.299999952316284,-1.051316449420619,-0.16872135985851222,-1.2200378092791313,-1.5340104365754528,-0.38781578918031717,-0.3223780251087546,-0.7101938142890718,-1.207792298,0.17905218,-1.028740118,1968.0,exact
Myles Turner,2017-18,1836.0,-1.7999999523162842,-0.4000000059604645,-2.200000047683716,-1.5791824570012916,2.2494382622044284,0.6702558052031369,0.4690036668487059,-1.291353947946116,1.6681353743102738,0.3767814263641578,-1.483144241,1.006487064,-0.47665717700000004,1836.0,exact
Nick Young,2017-18,1393.0,-0.8999999761581421,-1.2999999523162842,-2.0999999046325684,-0.3639712081693925,-0.7411147317481822,-1.1050859399175748,-1.3007255963144686,0.18305257487457005,0.17849143262001843,0.3615440074945885,-0.9159408520000001,-1.613036188,-2.52897704,1393.0,exact
Avery Bradley,2017-18,1433.0,-2.5,0.30000001192092896,-2.200000047683716,-1.2238903534884205,0.3993079886898647,-0.8245823647985557,0.8518248357506949,-2.1229587648862482,-1.341830282468479,-3.464789047354727,-2.3037750204284717,-0.49626111230355896,-2.8000361326168877,1433.0,exact
Jarrett Jack,2017-18,1548.0,-0.800000011920929,-1.600000023841858,-2.4000000953674316,-0.3170528907683983,-1.4801620357366803,-1.7972149265050785,-2.265862498542388,0.6045274548157568,-1.499746843841549,-0.8952193890257923,-0.627490651,-0.905023691,-1.5325143419999998,1548.0,exact
Jonathon Simmons,2017-18,2029.0,-0.5,-1.899999976158142,-2.4000000953674316,-0.7463489030109449,-2.1269155802364437,-2.8732644832473886,-2.1216147564874226,-0.8459152891545096,-2.290233596911458,-3.1361488860659676,-0.867238143,-1.28799533,-2.155233473,2029.0,exact
Taurean Prince,2017-18,2464.0,-0.800000011920929,-1.7999999523162842,-2.5999999046325684,-0.6252082492517302,-1.3023909076568914,-1.9275991569086215,-2.0717310288465103,0.2003105503308668,-1.5060488098537583,-1.3057382595228915,-0.764245568,-0.394692328,-1.158937896,2464.0,exact
Rodney Hood,2017-18,1616.0,0.0,-2.5999999046325684,-2.5999999046325684,0.38193086721460073,-1.6516068433573177,-1.269675976142717,-0.9164244182626495,0.9310404400761494,-1.3343411387438606,-0.40330069866771123,0.34643804442821785,-1.2271747924851486,-0.8807367483861387,1616.0,exact
Tyler Ulis,2017-18,1658.0,-1.600000023841858,-1.0,-2.5999999046325684,-1.9078519407905155,-1.464340839078196,-3.3721927798687115,-1.935595517446114,0.042615679176199184,-1.7915704328835198,-1.7489547537073207,-1.776118895,-1.082033939,-2.858152833,1658.0,exact
Skal Labissiere,2017-18,1240.0,-2.0,-0.800000011920929,-2.799999952316284,-1.7373254529617537,-0.12421823580709657,-1.8615436887688501,-2.150411904575113,-1.585370425546363,-0.4869077860557729,-2.0722782116021357,-2.00063037,-0.290266033,-2.290896403,1240.0,exact
Doug McDermott,2017-18,1768.0,-1.399999976158142,-1.2999999523162842,-2.799999952316284,-0.14493449026414026,-1.0479432817994885,-1.1928777720636288,-1.4857074412612166,-2.3306379341331978,-0.5695589877932857,-2.9001969219264834,-0.12936344705882352,-1.6811750731108597,-1.8105385208325793,1768.0,exact
Quincy Acy,2017-18,1359.0,-2.200000047683716,-0.699999988079071,-2.9000000953674316,-2.1130017812847757,0.21260684864160995,-1.9003949326431657,-1.9691960972225202,-1.882481195672295,0.567672240377705,-1.31480895529459,-2.905242524,0.247070426,-2.658172098,1359.0,exact
Patrick Patterson,2017-18,1270.0,-2.9000000953674316,-0.10000000149011612,-3.0,-2.2699999430105127,0.5379496971129961,-1.7320502458975167,-2.12018627392219,-1.6738159143380524,1.2566728310982662,-0.4171430832397862,-1.774199008,-0.1775951,-1.9517941080000003,1270.0,exact
Dante Cunningham,2017-18,1562.0,-2.4000000953674316,-0.6000000238418579,-3.0,-1.9732024393955179,-0.5107853277724784,-2.483987767167996,-2.8626659267972063,-2.487525067840485,0.01195972355987622,-2.475565344280609,-1.5898451931798976,-0.3337253805985915,-1.923570573778489,1562.0,exact
JaMychal Green,2017-18,1542.0,-1.2999999523162842,-1.600000023841858,-3.0,-2.1699812772803444,-0.8603612319623638,-3.030342509242708,-2.4419872983592166,-1.4853972638564696,-1.649176030159924,-3.134573294016394,-1.3740915900000001,-0.630090504,-2.004182093,1542.0,exact
Mike Scott,2017-18,1406.0,-0.800000011920929,-2.200000047683716,-3.0,-1.17944450022504,-1.8264860949626829,-3.005930595187723,-3.1452846610626035,-1.477470457127637,-1.9710643129469845,-3.4485347700746214,-0.401130753,-1.76998587,-2.171116623,1406.0,exact
Tony Snell,2017-18,2053.0,-1.100000023841858,-1.899999976158142,-2.9000000953674316,-0.3778857653269629,-1.8792607443107425,-2.2571465096377055,-1.9795238082749573,-1.699174316377148,-1.3089920797082992,-3.0081663960854472,-1.26438292,-1.068152396,-2.332535316,2053.0,exact
Lance Thomas,2017-18,1353.0,-3.0,0.0,-3.0,-3.243362216234374,-0.09056664495554352,-3.3339288611899174,-3.1005837131040104,-2.612079167686552,-0.915148365788926,-3.527227533475478,-2.811753613,-1.105895677,-3.9176492900000004,1353.0,exact
Marquese Chriss,2017-18,1527.0,-3.5999999046325684,0.30000001192092896,-3.299999952316284,-3.33235420923009,0.06739114487440079,-3.2649630643556895,-2.731447336207328,-2.242986458356406,-0.8912316302543553,-3.134218088610761,-3.650246908,0.919292228,-2.7309546799999995,1527.0,exact
Lance Stephenson,2017-18,1850.0,-0.4000000059604645,-2.9000000953674316,-3.299999952316284,-0.5684265946498562,-2.69132225417303,-3.2597488488228863,-3.9336662993396927,0.9521842898708242,-3.055472894822796,-2.1032886049519717,-2.311519009,-0.621090295,-2.932609304,1850.0,exact
Ian Clark,2017-18,1455.0,-1.0,-2.5,-3.5,-1.214565289325248,-1.585006107708906,-2.7995713970341543,-2.3889839761933587,-1.2456615751196614,-1.0630973581748095,-2.308758933294471,-1.6288556029999999,-1.301510034,-2.930365637,1455.0,exact
Justin Jackson,2017-18,1506.0,-2.299999952316284,-1.399999976158142,-3.700000047683716,-2.622407161932349,-2.099785657402779,-4.7221928193351275,-3.496953853634307,-1.3955575524322565,-1.587053089132716,-2.9826106415649725,-1.468629619,-1.501837339,-2.970466958,1506.0,exact
Zach Randolph,2017-18,1508.0,0.10000000149011612,-3.799999952316284,-3.799999952316284,-0.5539796347548737,-2.152820300186557,-2.7067999349414307,-2.4492523289157604,0.27737355707569433,-2.612416577467613,-2.3350430203919186,-0.754213952,-1.633080392,-2.387294343,1508.0,exact
DAngelo Russell,2017-18,1234.0,-0.6000000238418579,-3.5,-4.099999904632568,-0.7569775779665556,-2.6795999146958542,-3.4365774926624097,-2.75981704043445,0.006998195146901448,-2.133501135568611,-2.1265029404217093,-1.209951468,-1.619220459,-2.829171927,1234.0,exact
Jarrett Allen,2017-18,1441.0,-2.9000000953674316,-1.100000023841858,-4.099999904632568,-2.1379313401678797,0.3186945245430159,-1.8192368156248637,-1.9113076295699836,-2.2171751468667127,1.3696120045224536,-0.8475631423442591,-1.055197341,0.046849536,-1.008347805,1441.0,exact
Gorgui Dieng,2017-18,1333.0,-2.9000000953674316,-1.7000000476837158,-4.5,-2.950333433580969,-0.5141112889129978,-3.4644447224939667,-2.386462903122256,-2.1906508697678873,-0.44559198483216045,-2.636242854600048,-2.272563073,-1.240864941,-3.5134280140000005,1333.0,exact
JR Smith,2017-18,2244.0,-0.800000011920929,-3.0,-3.799999952316284,-0.3281873206722918,-2.887512040760796,-3.2156993614330878,-1.9615562555469905,0.6824448554214394,-3.198591798543348,-2.5161469431219086,-1.44961973,-0.881817609,-2.33143734,2244.0,exact
Joe Johnson,2017-18,1205.0,-3.5,-1.2999999523162842,-4.800000190734863,-3.4557400423709996,-0.6660908318818145,-4.121830874252814,-3.5311760227617484,-1.0783748980928771,-0.7328467472010642,-1.8112216452939414,-2.544247910817427,-1.664505127692946,-4.208753039091286,1205.0,exact
Robin Lopez,2017-18,1690.0,-4.300000190734863,0.10000000149011612,-4.199999809265137,-3.117379424038512,0.7911464118575205,-2.3262330121809915,-1.9627750104259505,-1.9404987380938703,0.6759427923457996,-1.2645559457480706,-1.167236067,-2.208064876,-3.3753009420000004,1690.0,exact
Jarell Martin,2017-18,1661.0,-3.799999952316284,-0.5,-4.300000190734863,-3.2319717512146657,-0.2018000209825944,-3.43377177219726,-2.9235308372764273,-2.1762643103379964,-1.0665044918718412,-3.2427688022098375,-2.692171858,-0.513382685,-3.205554543,1661.0,exact
Troy Daniels,2017-18,1622.0,-0.5,-3.9000000953674316,-4.400000095367432,-0.2710448745941001,-3.810826390779978,-4.081871265374078,-3.9087490924465036,0.7093831320126748,-3.391375925881099,-2.681992793868424,-0.783820596,-2.698829695,-3.482650291,1622.0,exact
Jamal Crawford,2017-18,1653.0,0.5,-5.099999904632568,-4.599999904632568,0.2311886149885696,-4.024811926576962,-3.7936233115883926,-3.0538972486550393,2.4618430029728975,-4.472557405924939,-2.0107144029520416,-0.354873982,-3.355869207,-3.710743189,1653.0,exact
Dragan Bender,2017-18,2069.0,-3.299999952316284,-1.0,-4.400000095367432,-2.72609609099138,-0.7506189061694694,-3.4767149971608493,-3.784095292776025,-1.9212642190142741,-0.6661994778885874,-2.5874636969028613,-3.632717348,-1.106347497,-4.739064845,2069.0,exact
DeAaron Fox,2017-18,2026.0,-2.4000000953674316,-2.0,-4.300000190734863,-1.8691831551863316,-1.624789517124064,-3.4939726723103957,-3.92415902177817,0.46384621854133395,-1.227192839228972,-0.763346620687638,-2.669377459,-1.418545551,-4.08792301,2026.0,exact
Emmanuel Mudiay,2017-18,1245.0,-3.0,-2.4000000953674316,-5.5,-1.8470551887309021,-1.8772529984943016,-3.724308187225204,-3.1096490394119165,-0.3861355733393134,-2.0222958023715343,-2.4084313757108475,-2.670868704778313,-2.4450193643485942,-5.115888069126908,1245.0,exact
Josh Jackson,2017-18,1959.0,-3.200000047683716,-1.2999999523162842,-4.5,-2.9598154126220764,-0.6802894811050512,-3.6401048937271274,-3.199265045413446,-0.191353949942849,-1.5814128539021648,-1.7727668038450137,-2.174412808,-0.998599076,-3.1730118839999997,1959.0,exact
Bismack Biyombo,2017-18,1495.0,-4.099999904632568,-1.100000023841858,-5.199999809265137,-3.8847195271746,-0.22787701641107003,-4.11259654358567,-4.062246369611687,-2.506831510983206,-0.9870685642349792,-3.4939000752181855,-4.105472288,-0.535041455,-4.640513743,1495.0,exact
Thon Maker,2017-18,1238.0,-3.5999999046325684,-3.4000000953674316,-7.0,-3.1328263607054567,-1.3586025941241913,-4.491428954829648,-4.417346418447859,-1.7666737388041436,-1.539286547778798,-3.3059602865829416,-3.7654436009999994,-0.940365109,-4.70580871,1238.0,exact
Dennis Smith Jr.,2017-18,2049.0,-2.200000047683716,-3.299999952316284,-5.5,-1.4780441861663942,-2.5480266419527293,-4.026070828119123,-3.4214118140241125,0.2205001743236618,-2.1731678530550385,-1.9526676787313766,-2.351827413,-1.208881934,-3.560709347,2049.0,exact
James Harden,2018-19,2867.0,9.800000190734863,1.100000023841858,10.899999618530273,8.234095797765962,-0.04416307792920243,8.18993271983676,7.257404931162348,6.732064627726234,-0.40806144031712294,6.324003187409111,6.528482615,-0.036621078,6.491861537000001,2867.0,exact
Paul George,2018-19,2841.0,5.300000190734863,3.799999952316284,9.100000381469727,5.691572361299038,2.593289920660343,8.28486228195938,6.906893877241186,4.549703225956087,1.9461606418639175,6.495863867820004,4.681602258,1.996963588,6.678565845999999,2841.0,exact
Stephen Curry,2018-19,2331.0,7.5,0.699999988079071,8.199999809265137,7.360617406979814,0.8831088783350666,8.24372628531488,7.183103077842553,4.4581105946351585,0.20784941909439103,4.665960013729549,5.844676018,0.322353254,6.167029272,2331.0,exact
Damian Lillard,2018-19,2838.0,6.800000190734863,-0.4000000059604645,6.400000095367432,6.580774074445867,0.7324541060159716,7.313228180461839,6.707968092706259,4.313745716861126,-0.19683378060356244,4.116911936257564,5.577542338,-0.316522645,5.261019693,2838.0,exact
Nikola Jokic,2018-19,2504.0,5.599999904632568,1.7999999523162842,7.400000095367432,4.975195535566326,2.345517985547792,7.320713521114118,5.73040397096544,4.487779762574593,2.3021554795690644,6.789935242143658,3.4267794150000004,0.979535137,4.406314552,2504.0,fuzzy
Kemba Walker,2018-19,2863.0,5.0,0.800000011920929,5.699999809265137,5.582273012021918,-0.4187616571673694,5.163511354854549,4.618428118386351,4.508964578848604,-0.4885545968946585,4.020409981953946,3.4738976400000006,-0.862874748,2.611022893,2863.0,exact
Giannis Antetokounmpo,2018-19,2358.0,4.199999809265137,2.5999999046325684,6.800000190734863,4.813198188212376,3.2968872250531547,8.11008541326553,7.919917446502539,-0.5925150385864784,2.2724929930056,1.6799779544191218,5.592604797,2.86219563,8.454800427,2358.0,exact
Rudy Gobert,2018-19,2577.0,0.800000011920929,5.099999904632568,5.900000095367432,0.34350590781383006,4.114010117655875,4.457516025469705,4.982055952632545,0.45935108667238655,4.2462887225485755,4.705639809220962,1.11162313,2.738379109,3.850002238,2577.0,exact
Mike Conley,2018-19,2342.0,4.599999904632568,1.7000000476837158,6.300000190734863,3.964305797091962,0.8835881329308699,4.847893930022832,4.342868175311838,3.3844377768622147,0.49615591546776533,3.88059369232998,3.722792311,-0.202205262,3.5205870489999995,2342.0,exact
Kyrie Irving,2018-19,2214.0,5.5,1.100000023841858,6.599999904632568,5.395443817366796,0.4700143210037319,5.865458138370528,4.684662203761454,3.419402461495902,0.08622182089146871,3.505624282387371,4.634121417,0.350002995,4.984124412,2214.0,exact
Kevin Durant,2018-19,2702.0,5.0,-0.20000000298023224,4.800000190734863,5.973955654459554,0.6829079324058007,6.656863586865355,6.4749758969939615,2.7877421629449373,0.042163782684575345,2.8299059456295126,5.379767915,0.095048726,5.474816641,2702.0,exact
Jrue Holiday,2018-19,2402.0,4.099999904632568,1.5,5.599999904632568,3.9162389417558905,0.983342182456537,4.899581124212427,4.764873245775685,1.9091749198782406,0.2931720054887866,2.2023469253670274,3.6300007669999994,1.010311413,4.64031218,2402.0,exact
Nikola Vucevic,2018-19,2510.0,1.7999999523162842,3.5,5.199999809265137,2.0157559200090986,2.5949244846548445,4.610680404663944,4.6349366859596275,1.3320746273936255,2.7471643118372757,4.079238939230901,1.930432463,1.6899240250000003,3.620356488,2510.0,fuzzy
Jusuf Nurkic,2018-19,1974.0,2.0999999046325684,5.199999809265137,7.199999809265137,1.5829371579056637,4.1512212172963245,5.7341583752019885,5.2394873733900225,0.5656920753756227,3.123326849337158,3.689018924712781,1.142155138,2.02347916,3.165634297,1974.0,fuzzy
Joel Embiid,2018-19,2154.0,2.5999999046325684,3.5999999046325684,6.199999809265137,3.41244007542056,3.5110305852006403,6.9234706606212,5.837693397669658,1.8406079963490167,3.6427017660990813,5.483309762448098,1.333522813,1.328424804,2.661947617,2154.0,exact
Eric Bledsoe,2018-19,2272.0,3.5,2.200000047683716,5.699999809265137,2.7684278595501666,1.596762908969345,4.365190768519511,4.65179073500024,0.09440975449002202,1.3003453624335979,1.3947551169236199,2.411318421,1.635024592,4.046343013,2272.0,exact
Bradley Beal,2018-19,3028.0,4.300000190734863,-0.8999999761581421,3.4000000953674316,3.678064800840503,-0.9414417450375793,2.7366230558029234,2.0642323210516627,2.465882812534973,-1.5800263457767207,0.8858564667582525,3.681636841,-0.578514729,3.103122112,3028.0,exact
Anthony Davis,2018-19,1850.0,4.099999904632568,3.299999952316284,7.400000095367432,4.495278608715269,2.563540474026311,7.05881908274158,7.274958924270712,1.7073873733468343,2.155599720311547,3.862987093658381,3.830337834,2.083098607,5.913436441,1850.0,exact
Blake Griffin,2018-19,2622.0,4.0,0.4000000059604645,4.300000190734863,4.142994837270599,-0.4272330824889738,3.7157617547816257,3.066754151843295,3.0598561497981236,-0.03847226690615374,3.02138388289197,2.958435535,-0.594287389,2.364148146,2622.0,exact
Andre Drummond,2018-19,2647.0,1.0,3.0999999046325684,4.0,0.6150793312819504,2.661668581174338,3.2767479124562886,3.6261230863238665,1.1498301723378095,2.2221047972951524,3.371934969632962,-0.286639107,3.673509993,3.386870886,2647.0,exact
Kyle Lowry,2018-19,2213.0,3.299999952316284,1.899999976158142,5.199999809265137,3.1393587444492357,2.112944383615295,5.252303128064531,4.948057659418198,2.5513498132324672,1.82145255954744,4.3728023727799075,1.850962949,1.683332084,3.534295033,2213.0,exact
Danny Green,2018-19,2216.0,3.299999952316284,1.7000000476837158,4.900000095367432,2.646515761332685,1.3178516189893388,3.964367380322024,3.415065200852247,0.2502455190909589,1.7643988617197746,2.0146443808107333,1.328000494,2.379697531,3.707698025,2216.0,exact
Kawhi Leonard,2018-19,2040.0,4.699999809265137,0.699999988079071,5.400000095367432,5.211230844121304,1.161704804818197,6.372935648939501,5.283131963019289,2.1938921322598364,0.9099656400129343,3.1038577722727707,5.567565231,1.158014283,6.725579514,2040.0,exact
Jimmy Butler,2018-19,2185.0,3.0999999046325684,1.7000000476837158,4.699999809265137,2.446586112119366,0.9583115955700343,3.4048977076894005,3.099185607576054,0.6275588216405206,0.4837726794932763,1.111331501133797,3.869534791034783,0.9094312040695652,4.778965995104348,2185.0,exact
LeBron James,2018-19,1937.0,5.400000095367432,0.10000000149011612,5.5,4.972069247357827,0.8023368331254647,5.774406080483292,6.450888182385725,1.606999361380147,0.03551741674400169,1.6425167781241488,5.09321985,0.49566262,5.58888247,1937.0,exact
Danilo Gallinari,2018-19,2059.0,4.699999809265137,0.20000000298023224,4.900000095367432,3.9822109640565064,-0.6265375065000293,3.355673457556477,3.2450854339042556,1.8968292032443506,-0.6993280610632635,1.197501142181087,4.105945826,-0.8342361,3.271709727,2059.0,exact
Pascal Siakam,2018-19,2548.0,1.600000023841858,1.2000000476837158,2.9000000953674316,2.228650356858992,1.7534998548804888,3.982150211739481,3.5478749468331094,0.0011852225101905423,1.8849958675189782,1.8861810900291687,2.79630867,1.308628647,4.104937317,2548.0,exact
Marc Gasol,2018-19,2436.0,-0.8999999761581421,3.9000000953674316,3.0999999046325684,-0.9601954188323459,3.020074224248745,2.0598788054163992,1.3550874191124862,0.24880078333330138,3.3949304929475423,3.643731276280844,-1.2471256868768474,1.6792560143891624,0.4321303275123152,2436.0,exact
Russell Westbrook,2018-19,2630.0,2.700000047683716,-0.30000001192092896,2.4000000953674316,3.210106901431352,0.5596859731892628,3.769792874620615,4.2773569880729525,2.3747506081706877,-0.4466154115432192,1.9281351966274685,0.97216639,2.173003068,3.145169459,2630.0,exact
Joe Ingles,2018-19,2568.0,1.399999976158142,1.2000000476837158,2.5999999046325684,1.5030227270343897,1.0457793659695696,2.5488020930039594,3.358993612655091,1.5013843675115575,1.113784655643818,2.6151690231553752,1.354387415,1.295996621,2.650384036,2568.0,exact
Khris Middleton,2018-19,2393.0,2.0,0.8999999761581421,3.0,2.2735126860005703,0.16342690015732328,2.4369395861578935,3.084104642003055,1.831185974825434,0.5415998089872253,2.372785783812659,1.687194325,0.649155854,2.336350179,2393.0,exact
CJ McCollum,2018-19,2375.0,3.0,-0.10000000149011612,2.9000000953674316,2.5763742443143887,-0.2869071317212622,2.2894671125931265,1.9457605390451427,1.4147094377685958,-0.41847082382043715,0.9962386139481587,3.273079079,-0.290715506,2.982363573,2375.0,exact
Chris Paul,2018-19,1857.0,3.5999999046325684,0.8999999761581421,4.400000095367432,2.5574575021068573,1.7470777037575875,4.304535205864445,4.625074037132512,4.83870027251408,0.7322989393320949,5.570999211846175,3.2163962,1.193294396,4.409690596,1857.0,exact
Clint Capela,2018-19,2249.0,1.100000023841858,2.0999999046325684,3.0999999046325684,0.6987267367914521,2.0934673017776424,2.7921940385690944,2.485131322274453,-0.20308254473587756,1.469209896544301,1.2661273518084235,1.930769813,0.132836907,2.06360672,2249.0,exact
Paul Millsap,2018-19,1895.0,1.0,3.0,4.099999904632568,1.0691208281286857,1.982296822901188,3.0514176510298734,2.8504588377584423,-0.08961376277801913,1.1421139925691661,1.052500229791147,1.453142189,2.335237284,3.7883794729999996,1895.0,exact
Steven Adams,2018-19,2669.0,0.0,1.899999976158142,1.899999976158142,1.1455182774392996,2.042960796851187,3.1884790742904867,2.6668159655173707,0.6940972748980252,2.2946451621121975,2.988742437010223,0.559760112,1.045790423,1.6055505350000001,2669.0,exact
LaMarcus Aldridge,2018-19,2687.0,0.699999988079071,1.2000000476837158,2.0,0.5016973811882348,0.5745837298637343,1.0762811110519692,1.126536384375613,1.2408570740338418,1.0233419302828828,2.2641990043167244,1.285817729,-0.895731264,0.390086465,2687.0,exact
Draymond Green,2018-19,2065.0,-0.30000001192092896,3.5,3.299999952316284,-0.4837424601546781,3.131511495438621,2.6477690352839427,3.5350349900794886,-0.7283914767399465,2.3044940054928182,1.5761025287528718,-0.550352472,3.069412945,2.519060473,2065.0,exact
Thaddeus Young,2018-19,2489.0,0.6000000238418579,1.7000000476837158,2.299999952316284,0.2507762649543119,1.6692066820566225,1.9199829470109344,1.7589802887671422,-0.248751772512654,1.7092366774406271,1.4604849049279731,0.9725687330000001,1.547629089,2.520197822,2489.0,exact
Jeremy Lamb,2018-19,2250.0,1.5,1.100000023841858,2.700000047683716,1.1518089051551312,0.6419319562156728,1.7937408613708041,2.160548984619374,0.6513902399316995,-0.27590939650638496,0.37548084342531457,1.926076617,0.802569307,2.728645924,2250.0,exact
Luka Doncic,2018-19,2318.0,3.0999999046325684,-0.8999999761581421,2.200000047683716,2.997130510166947,-1.1609034302673116,1.8362270798996356,1.268263864829734,5.1733497568121205,-1.0577974451116339,4.115552311700487,1.7923347620000003,0.310972204,2.103306965,2318.0,fuzzy
Malcolm Brogdon,2018-19,1832.0,2.5,0.8999999761581421,3.4000000953674316,1.9004760844081277,0.3291985867456069,2.2296746711537345,2.080759976434956,-1.5704227259182773,1.5975461200174073,0.027123394099130005,3.223304453,0.554898702,3.778203155,1832.0,exact
Josh Richardson,2018-19,2539.0,0.8999999761581421,0.8999999761581421,1.7999999523162842,0.940583831150469,0.5616970922193795,1.5022809233698484,1.1096467527039675,1.6958987048034706,0.611005086968976,2.306903791772447,1.334130026,0.688511077,2.022641103,2539.0,exact
Marcus Smart,2018-19,2200.0,0.20000000298023224,2.200000047683716,2.4000000953674316,0.11701046040572523,1.9002151372550946,2.0172255976608198,2.253472513148417,-0.21796383212036094,1.235214752591993,1.017250920471632,0.848596852,2.265919338,3.114516189,2200.0,exact
Al Horford,2018-19,1973.0,1.5,1.399999976158142,2.9000000953674316,1.204885487184003,1.4100542694472462,2.614939756631249,2.454634277965424,-0.10329329452999092,2.1250164760150096,2.0217231814850187,1.1371583620000003,0.786662544,1.923820907,1973.0,exact
Patrick Beverley,2018-19,2137.0,1.2000000476837158,1.100000023841858,2.299999952316284,0.9686692597682475,0.9297176200518459,1.8983868798200934,2.01094484447359,-0.38780630658642284,-0.37322435133720133,-0.7610306579236241,-0.538146014,1.004741245,0.466595231,2137.0,exact
Buddy Hield,2018-19,2615.0,2.200000047683716,-0.800000011920929,1.399999976158142,1.9647542326340208,-0.902750906615752,1.0620033260182689,0.2675786183403769,1.7070643670764238,-1.1664313539280062,0.5406330131484176,2.315855772,-1.110319958,1.205535814,2615.0,exact
Jamal Murray,2018-19,2447.0,1.600000023841858,0.10000000149011612,1.7000000476837158,1.953943789632328,-0.4856546852464583,1.4682891043858697,1.6606148783313133,1.8102311529319657,-1.0320225061734112,0.7782086467585545,0.969639533,-0.314133461,0.655506072,2447.0,exact
Monte Morris,2018-19,1970.0,1.600000023841858,1.2000000476837158,2.700000047683716,1.3307742578121393,-0.1358244883010472,1.194949769511092,0.941565007092542,0.7470894739972601,0.6968823294321129,1.4439718034293731,2.235733078,-0.231277576,2.004455501,1970.0,exact
Derrick Favors,2018-19,1766.0,0.0,3.200000047683716,3.200000047683716,-0.43079041379092325,3.385276031494963,2.9544856177040395,2.6168507118628987,-1.004452841674846,4.100230575312509,3.0957777336376626,0.437477945,1.496139286,1.933617231,1766.0,exact
Montrezl Harrell,2018-19,2158.0,0.8999999761581421,1.2000000476837158,2.0,1.6248242615492012,0.6517162182256646,2.276540479774866,2.8527680875835943,-0.40461438820797185,1.4255949809237056,1.0209805927157338,2.200161372,0.062695494,2.262856866,2158.0,exact
Donovan Mitchell,2018-19,2598.0,2.0,-0.699999988079071,1.2000000476837158,2.1570008966590763,0.7095665586543931,2.8665674553134695,3.443819911174757,2.531392056976645,0.7483757196005782,3.2797677765772235,2.027436205,0.8872962220000001,2.914732427,2598.0,exact
Derrick White,2018-19,1728.0,0.30000001192092896,3.0,3.299999952316284,-0.145932276150212,2.054613410038058,1.908681133887846,1.9785391057790456,-0.7469762261785486,1.981980023686764,1.2350037975082153,-0.147714628,1.260773364,1.113058735,1728.0,exact
Davis Bertans,2018-19,1632.0,2.299999952316284,1.2000000476837158,3.5,1.9429098016935142,0.28682126921540835,2.2297310709089224,2.656243938002688,-0.2942343232061143,0.06565328554160685,-0.22858103766450746,0.8533562030000001,0.741396698,1.594752901,1632.0,fuzzy
John Collins,2018-19,1829.0,3.200000047683716,-0.5,2.700000047683716,1.5305129231428556,-0.8117191850745611,0.7187937380682945,0.1780108466277418,-0.2330808463029294,-1.7605214652270869,-1.9936023115300163,3.199598949,-1.524810808,1.67478814,1829.0,exact
JJ Redick,2018-19,2379.0,1.899999976158142,-0.5,1.5,1.8504633968481594,-1.2585738388801975,0.5918895579679619,1.544598410806221,1.856313686236539,-0.4959718199372241,1.360341866299315,2.901701738,-1.228106649,1.673595089,2379.0,exact
Rudy Gay,2018-19,1842.0,1.100000023841858,1.5,2.5999999046325684,1.0232405791872414,0.980848210218699,2.0040887894059405,1.5623448130195519,0.9124792938140689,0.02861520225160963,0.9410944960656785,0.983788549,0.84128729,1.825075839,1842.0,exact
Hassan Whiteside,2018-19,1674.0,-0.6000000238418579,3.799999952316284,3.0999999046325684,-0.11440791625863085,3.1878438468345807,3.07343593057595,2.406982732143694,-0.26531912430686166,3.955824665178343,3.6905055408714813,-1.768053399,2.776665646,1.008612248,1674.0,exact
Jayson Tatum,2018-19,2455.0,0.5,0.6000000238418579,1.100000023841858,0.21394919214832045,0.7093479342479044,0.9232971263962249,1.6806110942985015,-0.21527462336900877,0.6702336732038704,0.45495904983486163,0.125852252,1.029725505,1.155577757,2455.0,exact
Aaron Gordon,2018-19,2633.0,0.0,0.699999988079071,0.699999988079071,0.15526778120636986,0.6628067895649384,0.8180745707713083,0.9675214296393259,0.5761651445838094,0.5024846923425819,1.0786498369263913,0.077278828,0.609874129,0.687152957,2633.0,exact
Jerami Grant,2018-19,2612.0,-0.4000000059604645,1.100000023841858,0.699999988079071,-0.07036231851243403,1.413412464190538,1.3430501456781039,1.969662296239439,-1.5262098003798816,0.9202094880725906,-0.606000312307291,0.389193614,0.988264372,1.377457986,2612.0,exact
Cory Joseph,2018-19,2063.0,-0.800000011920929,2.5,1.7000000476837158,-1.0684711793049946,2.374709856683228,1.3062386773782335,1.9084244163465574,0.10478511394946188,2.446758758721728,2.55154387267119,-1.461761052,1.918775122,0.457014071,2063.0,exact
Otto Porter Jr.,2018-19,1683.0,1.2999999523162842,1.2999999523162842,2.5999999046325684,0.4514873292634412,0.047497255983559784,0.498984585247001,0.6669773205517086,-0.5078637782208262,-0.33053616874417185,-0.8383999469649981,0.9329636261461675,0.7499375322459892,1.6829011576844919,1683.0,exact
Nemanja Bjelica,2018-19,1788.0,1.2000000476837158,1.0,2.200000047683716,0.46143293130092733,0.44625963571880306,0.9076925670197304,1.226376634941407,-0.7160110962798364,0.05919293885790383,-0.6568181574219325,0.228085042,0.640052521,0.8681375629999999,1788.0,exact
Larry Nance Jr.,2018-19,1795.0,0.0,2.200000047683716,2.200000047683716,-0.47000449978207826,1.137090335328945,0.6670858355468667,0.4751326871048247,-0.46934580020149447,0.5000137724744103,0.03066797227291579,-0.038940829,0.806608602,0.767667773,1795.0,exact
Delon Wright,2018-19,1699.0,0.5,2.0,2.5,-0.4184467246427042,1.0706923004071218,0.6522455757644177,-0.2033579204765333,-0.15767847266025944,1.2160217734823044,1.058343300822045,-0.2506974617551501,1.0118280909105355,0.7611306291553855,1699.0,exact
Kevon Looney,2018-19,1481.0,0.4000000059604645,2.700000047683716,3.0999999046325684,1.1346927542075225,2.231512041857701,3.3662047960652233,2.792956427684862,-0.7129618378922091,2.8763571675654167,2.1633953296732074,0.35339819699999997,0.353946298,0.707344495,1481.0,exact
Tobias Harris,2018-19,2847.0,0.800000011920929,-0.6000000238418579,0.20000000298023224,1.2000111998263336,-1.145526917708546,0.05448428211778755,-0.42680658184089,0.3565780007386501,-0.9617758099165198,-0.6051978091778697,1.7355465390379348,-0.4857327573010186,1.249813780736916,2847.0,exact
Lou Williams,2018-19,1993.0,5.099999904632568,-3.700000047683716,1.399999976158142,4.365299631465663,-2.2675999359536907,2.0976996955119724,2.91371639519982,3.460301788339148,-2.005110371337957,1.455191417001191,4.432147,-1.320881854,3.111265146,1993.0,exact
Bogdan Bogdanovic,2018-19,1947.0,1.7000000476837158,-0.20000000298023224,1.5,0.9617931659166027,-0.5070395696547471,0.45475359626185563,0.3361950797398439,1.5933989315556838,-0.9107635605655483,0.6826353709901355,0.716964142,-0.33399117,0.382972972,1947.0,fuzzy
Bojan Bogdanovic,2018-19,2573.0,0.6000000238418579,-0.4000000059604645,0.30000001192092896,0.8023746908896975,-0.8631949034886203,-0.060820212598922785,0.28455389511700113,-0.06859886526662107,0.08460977855143534,0.01601091328481427,1.8088102349999997,-0.647431461,1.161378773,2573.0,fuzzy
Joe Harris,2018-19,2293.0,1.100000023841858,-0.5,0.6000000238418579,0.6898777646871664,-1.5748574434156353,-0.8849796787284688,-0.8034806120728627,-0.6298756538479979,-1.9719821935327557,-2.601857847380754,1.392617187,-0.623882104,0.768735084,2293.0,exact
Domantas Sabonis,2018-19,1838.0,1.2000000476837158,0.30000001192092896,1.5,0.8128324962677906,1.7498438537100622,2.5626763499778527,2.0568383628536604,0.26539441020507715,2.436704752301905,2.702099162506982,0.564678007,0.377890212,0.942568219,1838.0,exact
Devin Booker,2018-19,2242.0,3.5999999046325684,-3.0,0.6000000238418579,3.7222518229340626,-3.0364359996339387,0.6858158233001239,0.2163235874429493,3.469019779735333,-3.424835361376361,0.04418441835897191,3.05753281,-2.556099044,0.501433766,2242.0,exact
Darren Collison,2018-19,2143.0,0.800000011920929,0.0,0.8999999761581421,1.3120449250785144,-0.06786261596015858,1.244182309118356,1.5993371374075211,1.2888937262016062,-0.023684839299216155,1.26520888690239,1.60242331,0.867310637,2.469733947,2143.0,exact
DeMar DeRozan,2018-19,2688.0,1.0,-0.8999999761581421,0.10000000149011612,0.6309566298875967,-0.8586782672834697,-0.22772163739587303,0.10076428950845001,1.6132832984447671,-1.628074375800038,-0.014791077355270854,2.338886543,0.016325124,2.355211667,2688.0,exact
Spencer Dinwiddie,2018-19,1914.0,2.0,-0.699999988079071,1.2999999523162842,1.9025721864327512,-1.3642743146626441,0.538297871770107,-0.8269356748604032,1.7838132858743572,-1.4187357466502033,0.36507753922415387,1.2580201799999997,-1.605472861,-0.347452681,1914.0,exact
Evan Fournier,2018-19,2553.0,0.800000011920929,-0.5,0.20000000298023224,0.9102485266913538,-0.9063560374471766,0.0038924892441771775,0.5855577938767264,0.7474859321513261,-0.6505680488572625,0.09691788329406359,0.278357133,0.112114269,0.390471402,2553.0,exact
Dwight Powell,2018-19,1662.0,2.200000047683716,-0.4000000059604645,1.899999976158142,1.0868110049633035,-0.49066517591877007,0.5961458290445334,0.9504956845396034,-1.140769608930189,-0.41223972517010565,-1.5530093341002948,1.784769097,-0.21406034499999999,1.570708752,1662.0,exact
Klay Thompson,2018-19,2652.0,0.8999999761581421,-0.800000011920929,0.10000000149011612,0.9848920763596443,0.03905322300059383,1.023945299360238,0.9303310714703024,1.6131191984910938,-0.14988443551254899,1.4632347629785447,2.546023281,0.010755569,2.55677885,2652.0,exact
PJ Tucker,2018-19,2802.0,-1.7999999523162842,1.7000000476837158,0.0,-1.4635377901088027,1.812065517836811,0.34852772772800833,1.236912036708673,-0.31130247091585683,0.380706716098974,0.06940424518311716,-0.801935476,1.413362717,0.611427241,2802.0,exact
Ricky Rubio,2018-19,1899.0,-0.10000000149011612,1.2000000476837158,1.2000000476837158,0.1665867724262545,0.7901459466365971,0.9567327190628516,1.6342480787337597,0.7229919189188668,0.8187439218162464,1.5417358407351132,-0.31798174500000004,1.132534316,0.814552571,1899.0,exact
Jonathan Isaac,2018-19,1996.0,-0.8999999761581421,1.7999999523162842,0.8999999761581421,-0.875704837165971,1.445964004814373,0.5702591676484019,0.6246934069618305,-1.2257342873615829,0.43724647925976634,-0.7884878081018165,-1.728851636,1.952902536,0.224050901,1996.0,exact
Terrence Ross,2018-19,2150.0,0.8999999761581421,-0.30000001192092896,0.6000000238418579,0.8295290173429154,-0.37950789443529526,0.45002112290762014,0.5415856371395172,2.4231753977768906,0.15853037820545512,2.581705775982346,1.0783067,0.398317926,1.476624625,2150.0,exact
Mikal Bridges,2018-19,2417.0,-0.8999999761581421,1.100000023841858,0.20000000298023224,-0.9249315202708174,0.4576340162574413,-0.46729750401337605,-0.7494200266351881,-0.7396785524818514,-0.7593298599832494,-1.4990084124651009,-0.611439045,0.138783789,-0.47265525599999997,2417.0,exact
Bam Adebayo,2018-19,1913.0,-1.899999976158142,2.700000047683716,0.800000011920929,-1.4600729299523916,2.1655358710166728,0.7054629410642812,0.6008228595611825,-0.9370267789541893,2.5315203255864276,1.5944935466322383,-1.174952447,1.4147581979999997,0.239805751,1913.0,exact
Jae Crowder,2018-19,2166.0,-0.10000000149011612,0.5,0.4000000059604645,0.24679071739666725,0.4494453511372374,0.6962360685339046,0.4191140640678664,0.56637654219401,0.6630263434240687,1.2294028856180788,-0.590290795,0.532880277,-0.057410518,2166.0,exact
Maxi Kleber,2018-19,1502.0,-1.100000023841858,2.9000000953674316,1.7999999523162842,-0.5544670305742839,2.3263819141628574,1.7719148835885736,1.15420563993533,-1.438929704557615,1.6531651568972054,0.2142354523395904,-0.890140292,1.7841430919999999,0.8940028,1502.0,exact
Brook Lopez,2018-19,2322.0,-0.800000011920929,0.8999999761581421,0.20000000298023224,-0.001152323268434267,2.8433086047233584,2.8421562814549244,2.505650015280999,-1.344088795514566,4.766137903469908,3.4220491079553423,-1.756407028,2.340190524,0.583783496,2322.0,exact
Nikola Mirotic,2018-19,1245.0,1.2999999523162842,1.399999976158142,2.700000047683716,1.431662821160155,0.853985120069778,2.285647941229933,1.548573162469567,1.0898763979938968,0.8964871622909956,1.9863635602848924,1.1158504697510039,0.6655559093935743,1.7814063791445784,1245.0,fuzzy
Robert Covington,2018-19,1203.0,-0.6000000238418579,3.299999952316284,2.799999952316284,-0.9996366068973813,3.211343430911152,2.2117068240137705,2.937747564082512,-1.5537637976821586,2.8519932675227886,1.29822946984063,-0.183771873762261,2.57716287965586,2.3933910058935997,1203.0,exact
Tim Hardaway Jr.,2018-19,2057.0,1.2000000476837158,-0.699999988079071,0.5,0.7891010301100202,-2.112488999901126,-1.3233879697911055,-1.1468796210618064,1.2396995880486592,-1.806894712414064,-0.5671951243654048,0.5643543836640739,-1.3987489779577056,-0.8343945942936315,2057.0,exact
Gordon Hayward,2018-19,1863.0,0.800000011920929,0.10000000149011612,0.8999999761581421,0.42926369244427126,0.4619253772382983,0.8911890696825695,0.6013734578257973,0.09678883163751657,0.26495807979530184,0.3617469114328184,1.072957962,0.329779458,1.40273742,1863.0,exact
Josh Hart,2018-19,1715.0,-2.0999999046325684,3.0,0.8999999761581421,-2.0952462156364042,2.3323025372066533,0.23705632157024903,0.05994983053008871,-1.8247552018263258,2.0425640727287737,0.21780887090244794,-1.662827303,1.6746068489999997,0.011779547,1715.0,exact
Andre Iguodala,2018-19,1578.0,-0.30000001192092896,1.600000023841858,1.2999999523162842,-0.08677572291534823,2.0666567858622593,1.979881062946911,2.4898950362181855,-1.2757127961647559,1.1731663680838715,-0.10254642808088432,0.426512106,1.379353363,1.80586547,1578.0,exact
Kelly Olynyk,2018-19,1812.0,0.10000000149011612,0.699999988079071,0.800000011920929,0.49089346571652087,0.9625274630124435,1.4534209287289643,1.1411506098298008,-0.2665447599685885,1.2879950904291755,1.021450330460587,-0.140589427,0.842534931,0.701945504,1812.0,exact
Ersan Ilyasova,2018-19,1231.0,-0.699999988079071,2.799999952316284,2.0999999046325684,-0.4230710706818095,1.3468691235934493,0.9237980529116399,1.2324701446399127,-1.1652308867359684,4.227029053970638,3.0617981672346692,-1.194608864,0.852513269,-0.342095596,1231.0,fuzzy
Patty Mills,2018-19,1908.0,1.2999999523162842,-0.8999999761581421,0.4000000059604645,1.8676590309431391,-1.1345689553098104,0.7330900756333287,1.096768673939941,0.5798092638426372,-0.6495759716490566,-0.06976670780641936,0.398071602,-0.696397488,-0.298325886,1908.0,exact
Jakob Poeltl,2018-19,1273.0,1.100000023841858,1.0,2.0999999046325684,0.7729437024419593,1.9787624759391012,2.7517061783810606,2.6649626010974408,-0.013786201536179238,1.997303355676727,1.9835171541405479,-0.22536046899999998,0.378008549,0.15264808,1273.0,exact
Jordan Clarkson,2018-19,2214.0,2.0,-2.0999999046325684,0.0,1.744342014312797,-2.1128239730540557,-0.36848195874125866,-1.115283251401851,1.9865387055979014,-2.0802272111592135,-0.09368850556131214,1.837206601,-2.023254692,-0.186048091,2214.0,exact
Derrick Rose,2018-19,1392.0,2.700000047683716,-1.2000000476837158,1.5,2.2763515356251767,-1.3189157366678508,0.9574357989573259,1.2359239647591813,0.6119009416144786,-0.7690951894361095,-0.15719424782163094,2.680460895,-2.312317784,0.36814310999999994,1392.0,exact
Ben Simmons,2018-19,2700.0,0.800000011920929,-1.399999976158142,-0.6000000238418579,1.233847824651254,-0.5682986653782501,0.665549159273004,1.546305346279348,0.22374047470570513,-0.864565246746253,-0.6408247720405479,1.205452521,0.8540753910000001,2.059527912,2700.0,exact
Myles Turner,2018-19,2119.0,-2.0,1.899999976158142,-0.10000000149011612,-1.4707632600555847,3.0338262873744024,1.5630630273188177,1.5192582164411181,-1.1372866043156402,3.222219884951142,2.084933280635502,-2.494483582,2.776274668,0.281791087,2119.0,exact
Fred VanVleet,2018-19,1760.0,1.399999976158142,-0.8999999761581421,0.5,1.1232639274959724,-0.08129344192039782,1.0419704855755745,1.2628005095985,0.6632949771532126,0.569290980075842,1.2325859572290545,0.648885246,0.389311546,1.038196792,1760.0,exact
Maurice Harkless,2018-19,1415.0,-0.4000000059604645,1.5,1.100000023841858,-0.2254777151700409,2.3181978266964283,2.092720111526387,2.327932420664754,-1.9050151265031754,1.2781204895526102,-0.6268946369505652,0.067114754,2.220971663,2.288086417,1415.0,exact
Josh Okogie,2018-19,1757.0,-1.2999999523162842,1.7000000476837158,0.30000001192092896,-1.6907912647084615,1.1532085935002776,-0.5375826712081839,-0.31933596507746587,-1.6972199287934815,0.7206600548470333,-0.9765598739464482,-1.6458530260000002,1.050025484,-0.595827543,1757.0,exact
Tomas Satoransky,2018-19,2164.0,0.30000001192092896,-0.6000000238418579,-0.20000000298023224,0.5952989745185887,-0.13143308104676912,0.4638658934718196,0.1678684838371173,-0.049709579209469626,-0.8862631156169875,-0.9359726948264571,0.459366458,-0.802380578,-0.34301412,2164.0,fuzzy
Justise Winslow,2018-19,1959.0,-0.4000000059604645,0.30000001192092896,-0.10000000149011612,-0.7675843621512476,1.8116808948086012,1.0440965326573535,1.3081682632504508,-0.1806219229174557,1.5630101626120303,1.3823882396945746,-0.463564839,0.969361558,0.505796719,1959.0,exact
Derrick Jones Jr.,2018-19,1153.0,-0.4000000059604645,2.200000047683716,1.7000000476837158,-0.6580993088496062,2.5066554030922124,1.848556094242606,0.6098010676122723,-0.2930006617651842,2.2336043376708665,1.9406036759056824,-1.008011893,1.040867347,0.032855454,1153.0,exact
Kelly Oubre Jr.,2018-19,1935.0,-0.6000000238418579,0.4000000059604645,-0.10000000149011612,-0.16005390745191228,-0.5191702581477405,-0.6792241655996528,-0.34482296665435125,-1.084556372487961,-1.389869608121666,-2.474425980609627,-0.4259499252015504,-0.45493467741343663,-0.880884603005168,1935.0,exact
Ed Davis,2018-19,1446.0,-0.8999999761581421,1.5,0.6000000238418579,-0.8968730881204435,2.971052559281515,2.0741794711610715,2.0722184250366538,-0.9746144735156271,2.9586778413545805,1.9840633678389534,-1.427741498,1.650041336,0.22229983799999997,1446.0,exact
Dewayne Dedmon,2018-19,1609.0,-0.8999999761581421,1.100000023841858,0.30000001192092896,-0.7470937665309932,0.5792025276238238,-0.1678912389071694,-0.4337670310117818,-1.5586440930167704,0.19608162538707496,-1.3625624676296955,-1.605614123,0.843850267,-0.761763857,1609.0,exact
Jared Dudley,2018-19,1220.0,-0.6000000238418579,1.7999999523162842,1.2000000476837158,-0.7145807236813925,0.8110749619309926,0.09649423824960013,0.13303412915480847,-2.09200081743112,0.624918720443329,-1.4670820969877911,-1.447628143,0.703595454,-0.744032688,1220.0,exact
Justin Holiday,2018-19,2607.0,-2.0,1.2000000476837158,-0.8999999761581421,-2.38753219857908,0.8956952408603072,-1.491836957718773,-1.4162113235857372,-0.5313128342992149,0.023479072983709534,-0.5078337613155054,-1.7036889501154582,0.9136992880575374,-0.7899896625496738,2607.0,exact
Lauri Markkanen,2018-19,1682.0,1.0,-0.800000011920929,0.20000000298023224,0.4629328531201013,-0.8532943614380347,-0.3903615083179334,-0.1376562980821641,-0.03455452028841666,-1.2029695113359982,-1.2375240316244147,0.028987536,0.022675575,0.051663111,1682.0,exact
Landry Shamet,2018-19,1802.0,1.0,-1.0,0.0,0.8799604395293924,-1.825509022957459,-0.9455485834280667,-1.0852232447203807,-0.4383037078471323,-1.447603807019193,-1.8859075148663254,1.0046884143607104,-1.0545641694661487,-0.04987575510543835,1802.0,exact
Serge Ibaka,2018-19,2010.0,-1.100000023841858,0.699999988079071,-0.4000000059604645,-0.830611950920852,1.125215866259442,0.29460391533859,0.34024449869823153,-1.031127846737472,2.011233211020881,0.980105364283409,-1.026950427,0.42895162,-0.597998807,2010.0,exact
Tyus Jones,2018-19,1560.0,0.20000000298023224,0.10000000149011612,0.30000001192092896,-0.4822162911041936,0.41354411846757894,-0.06867217263661468,0.12565484890701487,-0.3090465743189533,0.8627832100989274,0.5537366357799741,1.018812698,0.02115119,1.039963888,1560.0,exact
Dennis Schroder,2018-19,2314.0,-0.10000000149011612,-0.6000000238418579,-0.699999988079071,0.06217947168542113,-0.49094070966946646,-0.4287612379840453,-0.3484375565590918,0.9239987886512215,0.40783480072501416,1.3318335893762356,-1.183518408,-0.647074189,-1.8305925959999998,2314.0,exact
Noah Vonleh,2018-19,1722.0,-0.8999999761581421,0.8999999761581421,0.0,-1.031949512402117,0.3229043207726902,-0.7090451916294267,-0.5385034962338592,-1.1556954869591212,-0.15911026976527742,-1.3148057567243985,-1.379791836,0.79026438,-0.589527456,1722.0,exact
Cody Zeller,2018-19,1243.0,0.5,0.6000000238418579,1.0,-0.2574316354346997,1.1383069237645818,0.880875288329882,0.7972709778099332,-1.6683885686538145,0.9480249598220101,-0.7203636088318044,-0.358841887,0.142877492,-0.21596439500000003,1243.0,exact
George Hill,2018-19,1302.0,-0.5,1.2999999523162842,0.800000011920929,-0.5007529958171144,1.2337539475326331,0.7330009517155187,1.2676758884768236,-0.9334342612624387,2.3083010674403797,1.374866806177941,-0.4627410654239631,0.5092654532043009,0.046524387780337954,1302.0,exact
Ryan Arcidiacono,2018-19,1961.0,-0.10000000149011612,-0.4000000059604645,-0.5,0.17310816778905372,-0.82076742234793,-0.6476592545588763,-0.4827692226124635,-0.3688371258419524,-0.21307632094389173,-0.5819134467858441,-0.562103082,-0.554957266,-1.117060349,1961.0,exact
Shaquille Harrison,2018-19,1430.0,-1.399999976158142,1.7999999523162842,0.30000001192092896,-2.3970887980060622,1.116909192177217,-1.2801796058288453,-1.484950835949224,-1.9375379283974508,0.8566124915602081,-1.0809254368372425,-1.525818061,1.4989710449999998,-0.026847016,1430.0,exact
Jaren Jackson Jr.,2018-19,1515.0,-1.7000000476837158,1.7999999523162842,0.10000000149011612,-2.4549603429033033,2.3966492020504577,-0.05831114085284561,-0.4291440087696658,-1.5441138089858304,1.7040261625537854,0.15991235356795497,-0.800514159,0.9364702259999999,0.135956067,1515.0,exact
Malik Beasley,2018-19,1879.0,0.4000000059604645,-0.8999999761581421,-0.5,0.7422892696387647,-1.4599647460140417,-0.717675476375277,-0.5412441745816498,-0.34691221622922225,-1.0845283838850748,-1.431440600114297,1.761952138,-0.347091603,1.414860535,1879.0,exact
Jeff Green,2018-19,2097.0,0.20000000298023224,-0.8999999761581421,-0.800000011920929,0.1660138283054207,-0.906014971890503,-0.7400011435850823,-1.1844675477382285,-0.6451488511865807,-0.8687319621544047,-1.5138808133409856,0.166386415,-1.428308604,-1.261922189,2097.0,exact
Gary Harris,2018-19,1639.0,-0.699999988079071,0.5,-0.20000000298023224,-0.541712390761543,0.015488480149833587,-0.5262239106117094,0.37033783980908713,-0.8829634258524185,-0.033240871709348085,-0.9162042975617666,0.547260469,0.620108761,1.16736923,1639.0,exact
Reggie Jackson,2018-19,2289.0,1.2999999523162842,-2.200000047683716,-0.8999999761581421,1.8971839795846392,-1.5816826295276674,0.3155013500569719,0.3422800723449524,2.363168190686497,-1.2797321631837328,1.0834360275027644,0.9340170469999999,-1.034706683,-0.100689637,2289.0,exact
Wesley Matthews,2018-19,2091.0,-0.5,-0.30000001192092896,-0.800000011920929,-0.557364663850089,-0.6001683120539528,-1.1575329759040418,-1.0289307782494774,0.05020273518648072,-1.0803846409866495,-1.0301819058001689,-0.3176977669923482,-0.7277745563357244,-1.0454723233280727,2091.0,exact
Mitchell Robinson,2018-19,1360.0,-0.699999988079071,0.8999999761581421,0.20000000298023224,-0.08003623293569644,1.7173257655232934,1.637289532587597,2.2032657743235835,-1.4285344712255625,1.3342489247098652,-0.09428554651569732,-0.762043078,2.588877915,1.8268348360000002,1360.0,exact
Tristan Thompson,2018-19,1198.0,-0.20000000298023224,1.0,0.699999988079071,-0.873643306337374,-1.0802287205834522,-1.953872026920826,-1.8222049145453498,-0.5527812394564182,-1.431116401078351,-1.9838976405347692,-0.705351264,-1.873232264,-2.578583527,1198.0,exact
Nicolas Batum,2018-19,2354.0,-0.8999999761581421,-0.20000000298023224,-1.100000023841858,-0.14220806518761617,0.588820359668386,0.4466122944807698,0.11199922086982322,-0.11462746234719057,-0.5162019108630809,-0.6308293732102714,-0.272641356,0.127492395,-0.145148962,2354.0,exact
Kyle Anderson,2018-19,1281.0,-2.0,2.200000047683716,0.20000000298023224,-2.500173653635367,2.6203413366371575,0.12016768300179059,-0.18152934154179168,-2.1031328758855827,2.0179239333055587,-0.08520894258002398,-1.286466533,1.628486636,0.342020104,1281.0,exact
Harrison Barnes,2018-19,2533.0,-0.8999999761581421,-0.4000000059604645,-1.2999999523162842,-0.617984483048945,-1.3682151690668147,-1.9861996521157597,-1.5070427465945457,-0.260952929376411,-1.0214021344034643,-1.2823550637798753,0.3055880513280695,-0.9565150012096328,-0.6509269505069089,2533.0,exact
Rodney Hood,2018-19,1893.0,0.0,-0.800000011920929,-0.800000011920929,-0.6894190375532502,-1.6490403464855214,-2.3384593840387717,-1.9183354777620998,-0.29955585233665705,-1.8117699481720095,-2.1113258005086664,0.71257869901215,-1.1323398503660858,-0.4197611520058108,1893.0,exact
Zach LaVine,2018-19,2171.0,1.2999999523162842,-2.299999952316284,-1.0,1.140735503733115,-2.310508602097547,-1.1697730983644319,-0.17703657714539234,-0.12472171384025492,-2.137996212619781,-2.262717926460036,1.681886845,-1.203320426,0.478566419,2171.0,exact
Lonzo Ball,2018-19,1423.0,-1.100000023841858,0.800000011920929,-0.4000000059604645,-2.1752934218463205,2.162983326238671,-0.012310095607649618,0.4593886593512732,-0.31266282972004783,1.4579845511064282,1.1453217213863804,-1.763511488,1.354253789,-0.409257699,1423.0,exact
Bruce Brown,2018-19,1449.0,-2.700000047683716,2.4000000953674316,-0.30000001192092896,-2.70385055438506,1.739023297473942,-0.9648272569111183,-2.1791102391131054,-2.1019362912218074,1.1020496106290711,-0.9998866805927362,-2.73626601,1.29216913,-1.4440968790000002,1449.0,exact
Jalen Brunson,2018-19,1591.0,0.0,-0.6000000238418579,-0.6000000238418579,-0.26974201032354017,-1.3481548811204422,-1.6178968914439824,-1.1359801401084915,-0.26625559826213824,-1.4112303322683268,-1.677485930530465,-0.311999373,-1.292278376,-1.604277749,1591.0,exact
Pat Connaughton,2018-19,1261.0,-0.10000000149011612,0.20000000298023224,0.0,-0.5169616180622131,-0.008508535392539771,-0.5254701534547529,0.1943950652371408,-1.4851221253175828,1.2240231145338418,-0.261099010783741,0.301866986,0.947826125,1.249693111,1261.0,exact
Tyreke Evans,2018-19,1402.0,-0.699999988079071,0.5,-0.20000000298023224,-1.3025139845123277,1.0354139456019897,-0.26710003891033796,0.2898062373925405,-1.9949451336747286,1.5601257055305695,-0.4348194281441591,-1.950380503,0.863738403,-1.0866421,1402.0,exact
Eric Gordon,2018-19,2158.0,0.800000011920929,-1.899999976158142,-1.100000023841858,0.822769099199678,-1.4761021498514726,-0.6533330506517946,0.4909162367440925,-0.284411487601522,-1.1891687290753665,-1.4735802166768885,1.291186424,-0.930020658,0.361165766,2158.0,exact
Iman Shumpert,2018-19,1481.0,-1.399999976158142,1.0,-0.30000001192092896,-1.1906416498818213,0.06023160292889404,-1.1304100469529272,-0.7057490735578282,-1.116409483919235,-1.9511028316014882,-3.067512315520723,-1.5724895713916274,0.45390531475286966,-1.1185842566387574,1481.0,exact
Jeff Teague,2018-19,1264.0,1.0,-1.0,0.0,0.9593112346964631,-2.432072961843605,-1.4727617271471418,-1.4781876653083401,0.16577044881595285,-2.000048073185495,-1.8342776243695422,1.225885903,-0.910022107,0.315863796,1264.0,exact
Wayne Ellington,2018-19,1297.0,-0.10000000149011612,0.0,-0.10000000149011612,0.7621235913833394,0.8585176235023072,1.6206412148856466,0.32469241373375685,0.9650143361376547,0.7237365829168444,1.6887509190544991,0.6542768616684658,0.53271092954202,1.1869877912104858,1297.0,exact
Langston Galloway,2018-19,1745.0,0.10000000149011612,-1.0,-0.8999999761581421,0.2954448916735164,-0.6887170288918445,-0.3932721372183281,-0.7210117318632027,0.5777628323567255,-0.21164481817348385,0.3661180141832417,0.305428403,-0.408943536,-0.10351513300000001,1745.0,exact
Kyle Kuzma,2018-19,2314.0,-0.6000000238418579,-0.699999988079071,-1.2999999523162842,-0.3900520223698017,-0.7669081977209299,-1.1569602200907316,-0.9507116152674157,-0.42027253098892015,-0.7671188892812146,-1.1873914202701348,0.24845967299999996,-0.691787984,-0.443328311,2314.0,exact
JaVale McGee,2018-19,1671.0,-1.399999976158142,0.6000000238418579,-0.800000011920929,-1.4852046903509428,0.7430921572646857,-0.7421125330862571,-0.8854905942862894,-1.8049409291550944,1.569310608119664,-0.23563032103543047,-1.33724607,1.118819993,-0.218426076,1671.0,exact
Mason Plumlee,2018-19,1731.0,-0.699999988079071,-0.10000000149011612,-0.800000011920929,-0.6776493410506639,1.393408206707585,0.7157588656569212,0.8365436969661215,-0.3329033092277789,1.1168244596909753,0.7839211504631964,-1.057991174,1.22378084,0.165789666,1731.0,exact
DeMarre Carroll,2018-19,1703.0,-0.5,-0.4000000059604645,-0.8999999761581421,-0.2595097836889952,-8.529112125282845e-05,-0.259595074810248,-0.4464902538547573,-0.023561748099627522,0.10469808291303598,0.08113633481340846,-0.25686205,0.055986798,-0.200875252,1703.0,exact
Torrey Craig,2018-19,1503.0,-0.6000000238418579,0.0,-0.6000000238418579,-0.7909564152926696,0.02771232351396034,-0.7632440917787092,-0.9572525448156496,-1.2341829295502231,-1.13314768101794,-2.367330610568163,-1.560614713,0.254396389,-1.306218324,1503.0,exact
Seth Curry,2018-19,1399.0,-0.5,0.10000000149011612,-0.4000000059604645,-0.16786417798337286,-0.5497170482571101,-0.7175812262404829,-0.3898793799894638,-1.3839568865257428,0.14694030102632966,-1.237016585499413,0.683669286,-0.762758434,-0.079089148,1399.0,exact
Enes Kanter,2018-19,1640.0,0.8999999761581421,-1.7999999523162842,-0.800000011920929,-0.12770708157706268,-0.9037792045971745,-1.0314862861742373,-1.9478756861280218,-0.7476395139727964,-0.3865209810131429,-1.1341604949859394,,,,,none
Jeremy Lin,2018-19,1436.0,-1.600000023841858,1.100000023841858,-0.6000000238418579,-0.966140287205813,0.38097364188113075,-0.5851666453246822,-0.908432028590104,0.6491830601188417,-0.15839795801683657,0.4907851021020052,-1.0745969212235376,-1.6868920100271587,-2.7614889309491644,1436.0,exact
Jaylen Brown,2018-19,1913.0,-1.7000000476837158,0.5,-1.2000000476837158,-1.5255360846961477,0.3249756639577786,-1.200560420738369,-0.48694910573236044,-1.423886373969255,0.48023075791641395,-0.9436556160528411,-0.43945946,0.519517165,0.080057705,1913.0,exact
Juancho Hernangomez,2018-19,1358.0,-1.399999976158142,0.8999999761581421,-0.6000000238418579,-1.0692436410557498,0.29566224258932156,-0.7735813984664281,-0.5712678643356911,-1.6063110395836617,-0.015716555827880223,-1.622027595411542,-1.158823997,-0.13868767,-1.297511667,1358.0,exact
Julius Randle,2018-19,2232.0,0.6000000238418579,-2.0,-1.399999976158142,1.1237165818677504,-0.849662843097426,0.27405373877032435,0.3659358889016701,-0.6533639902076509,-0.5478701022822614,-1.2012340924899123,2.133011124,-0.933788135,1.199222988,2232.0,exact
Taj Gibson,2018-19,1686.0,0.4000000059604645,-1.5,-1.2000000476837158,0.10304015034739507,-0.965243592478488,-0.8622034421310929,0.09270512744910447,-1.0193402518929549,-0.6352325321259183,-1.6545727840188733,1.2510232100000003,-0.505688828,0.745334383,1686.0,exact
DeAndre Jordan,2018-19,2047.0,-2.200000047683716,0.699999988079071,-1.5,-0.6659484516114185,2.0474288195108694,1.381480367899451,1.3370844187614974,-0.8175632680384877,1.0915898674571316,0.27402659941864393,-1.6333145915261356,0.8885866319926722,-0.7447279602926233,2047.0,exact
Dario Saric,2018-19,2023.0,-0.6000000238418579,-1.0,-1.5,-0.7355180245497374,-0.9210832808927399,-1.6566013054424773,-1.5380968360367604,-1.1822768028671315,-0.2869459782980367,-1.4692227811651684,-0.13023905541077607,-1.285630644561048,-1.415869699971824,2023.0,fuzzy
Alex Len,2018-19,1544.0,-1.7999999523162842,0.6000000238418579,-1.2000000476837158,-1.2037577301117064,-0.25673400762912296,-1.4604917377408293,-1.323627620294473,-0.6763355557542663,-0.09300737724154803,-0.7693429329958144,-1.066834769,-1.6630652910000001,-2.7299000599999994,1544.0,exact
Darius Miller,2018-19,1757.0,-0.8999999761581421,-0.5,-1.399999976158142,-0.31753914309055115,-0.9385499875391852,-1.2560891306297364,-1.202307792952472,-0.004453707418266117,-0.6736403892329947,-0.6780940966512609,-0.86302236,-1.265523786,-2.128546147,1757.0,exact
Marco Belinelli,2018-19,1815.0,0.6000000238418579,-2.0999999046325684,-1.600000023841858,0.44249051158052993,-1.9955020627338762,-1.5530115511533462,-1.305555478134311,0.4843132593997235,-1.1754128226846028,-0.6910995632848793,0.279845883,-0.94609365,-0.666247768,1815.0,exact
Tyler Johnson,2018-19,1529.0,-1.399999976158142,0.0,-1.2999999523162842,-0.9231964226806634,-0.7547792763717887,-1.677975699052452,-1.3918938952854265,-0.6883021254919712,-0.23861226227270027,-0.9269143877646715,-1.4255338257357748,-0.22655733661281888,-1.652091163083061,1529.0,exact
Kyle Korver,2018-19,1334.0,-0.4000000059604645,-0.800000011920929,-1.2000000476837158,0.30276582344051,-0.8710185430125258,-0.5682527195720157,-0.8241612078250476,0.6195855934321061,0.3545199008645457,0.9741054942966518,-0.12099484756596703,-0.32521720012143934,-0.4462120476874063,1334.0,exact
Rodney McGruder,2018-19,1550.0,-1.5,0.20000000298023224,-1.2999999523162842,-1.0312251650562831,0.18840271306136003,-0.8428224519949231,-1.651553604948811,-0.6907442148998375,0.30734453693308633,-0.3833996779667512,-1.704561399,0.041907164,-1.662654235,1550.0,exact
Mike Muscala,2018-19,1306.0,-1.2000000476837158,0.20000000298023224,-1.0,-1.3366488242668806,0.7165687062596159,-0.6200801180072647,-1.0338861020910945,-1.1372389957565008,0.6269320863669361,-0.5103069093895647,-1.3179232530704441,-0.23606193039433385,-1.5539851842618684,1306.0,exact
Elfrid Payton,2018-19,1250.0,0.10000000149011612,-1.100000023841858,-1.100000023841858,-0.2434229738796451,-1.113141391126341,-1.3565643650059862,-1.0605565925859728,-0.5937616986765932,-1.6483014799723228,-2.242063178648916,-0.674896974,-0.4558893090000001,-1.130786283,1250.0,exact
Ish Smith,2018-19,1251.0,0.30000001192092896,-1.2999999523162842,-0.8999999761581421,0.2035976432994093,-0.9167639801633524,-0.713166336863943,-0.6301782683674393,-0.36336789606903636,-0.7640039013732907,-1.127371797442327,-0.961775668,-0.217935824,-1.179711492,1251.0,exact
Garrett Temple,2018-19,2040.0,-2.4000000953674316,0.699999988079071,-1.7000000476837158,-2.414486435351615,0.8610511552912272,-1.5534352800603877,-1.6105731201253322,-1.7352508404540505,0.33335249616252577,-1.4018983442915247,-1.7362554735,0.95217132325,-0.78408415025,2040.0,exact
Thomas Bryant,2018-19,1496.0,0.20000000298023224,-1.7000000476837158,-1.5,-0.27506062227663713,-0.1562153038407836,-0.4312759261174207,-0.7985667350605475,-1.6610510971503274,0.4941043341252715,-1.1669467630250558,0.4284284,-1.119677946,-0.691249546,1496.0,exact
Kevin Huerter,2018-19,2048.0,0.4000000059604645,-2.200000047683716,-1.7999999523162842,0.24045077437607784,-1.9525868836721376,-1.7121361092960599,-1.2511449357046038,-0.3826250577674053,-1.9342875372484236,-2.316912595015829,-0.342783715,-0.291692445,-0.63447616,2048.0,exact
Andrew Wiggins,2018-19,2543.0,-1.100000023841858,-0.8999999761581421,-2.0,-0.24484424057172446,-0.883524708306665,-1.1283689488783895,-1.7568949197679313,0.37333046070627596,-0.678743051243526,-0.30541259053725,-0.732182578,-1.060259362,-1.792441939,2543.0,exact
Avery Bradley,2018-19,1905.0,-2.5999999046325684,0.699999988079071,-1.899999976158142,-1.9736037671261457,-1.1126723941870877,-3.0862761613132337,-3.4374913698493317,-0.8906127598011393,-1.0352590531254107,-1.92587181292655,-1.611707742733333,-0.7134255257800525,-2.325133269281365,1905.0,exact
Vince Carter,2018-19,1330.0,-1.2000000476837158,-0.30000001192092896,-1.399999976158142,-1.1922306175750668,-0.20638133723000088,-1.3986119548050677,-1.191104405858274,-0.06699479660392174,-0.6604717740491143,-0.727466570653036,-0.318437133,-0.901897039,-1.220334172,1330.0,exact
Richaun Holmes,2018-19,1184.0,-1.5,0.20000000298023224,-1.2999999523162842,-0.9994232965690282,0.7120045802476692,-0.28741871632135896,-0.28975615205279465,-1.9599183290084372,1.080692374276107,-0.8792259547323302,-0.483310511,-0.175402859,-0.65871337,1184.0,exact
Justin Jackson,2018-19,1614.0,-0.699999988079071,-1.0,-1.7000000476837158,-1.5168877221279147,-0.7199463351408658,-2.2368340572687804,-2.0638336883712403,-1.262787463174247,-0.44548474907286667,-1.7082722122471137,-0.1694221561096654,-1.3419247711152418,-1.511346927224907,1614.0,exact
Jake Layman,2018-19,1327.0,-1.100000023841858,-0.4000000059604645,-1.5,-0.6787038426473836,-0.5313495328088735,-1.210053375456257,-0.47762980882935907,-1.8938625423963167,-0.8095437292831303,-2.703406271679447,0.38618170400000007,-0.755982156,-0.369800453,1327.0,exact
Tony Snell,2018-19,1304.0,-0.10000000149011612,-1.2000000476837158,-1.2999999523162842,-0.3260968146556102,-0.8721290324441894,-1.1982258470997995,-0.8389074885838487,-1.5809392476612054,0.6510137118277314,-0.929925535833474,-0.366614036,-0.389993599,-0.756607635,1304.0,exact
Evan Turner,2018-19,1605.0,-1.600000023841858,0.0,-1.600000023841858,-1.5331119111043037,-0.6113282669583869,-2.1444401780626907,-1.929651450515246,-1.2739512439893457,-0.061067179560297835,-1.3350184235496436,-1.943115011,-0.35796067299999995,-2.301075684,1605.0,exact
Bryn Forbes,2018-19,2293.0,0.30000001192092896,-2.4000000953674316,-2.0999999046325684,0.1740468503263574,-2.2772100012795655,-2.103163150953208,-2.225965160920028,0.3363308274252331,-1.5737250639072695,-1.2373942364820363,0.754632133,-0.927198051,-0.172565918,2293.0,exact
Terry Rozier,2018-19,1791.0,-1.7000000476837158,-0.10000000149011612,-1.7999999523162842,-1.1922262152322223,0.46213721840117533,-0.7300889968310469,-0.9139651965214766,-0.10230406319277133,1.0988321752386687,0.9965281120458974,-1.571207912,0.144767617,-1.426440295,1791.0,exact
Dennis Smith Jr.,2018-19,1508.0,-2.9000000953674316,1.2000000476837158,-1.7999999523162842,-2.7718208019179893,0.8504605237095433,-1.921360278208446,-1.740311095912305,-1.4050420347546022,0.3680148350302004,-1.0370271997244018,-1.825612100193634,-0.15097358716976125,-1.9765856869655174,1508.0,exact
Marvin Williams,2018-19,2133.0,-1.2000000476837158,-0.800000011920929,-2.0,-0.49097780239016703,0.17599956911394934,-0.31497823327621766,-0.13725390766038661,-0.17744684112159853,-0.19085701708433503,-0.3683038582059336,-0.346557949,0.871216106,0.524658157,2133.0,exact
Trae Young,2018-19,2503.0,2.4000000953674316,-4.5,-2.0999999046325684,3.0641453071674736,-3.208861491196904,-0.1447161840294302,-0.8623700418386596,3.168135181581999,-3.357863556325379,-0.18972837474338,0.880993085,-2.40416853,-1.523175445,2503.0,exact
Trevor Ariza,2018-19,2349.0,-0.20000000298023224,-2.0,-2.200000047683716,-0.05239944401455185,-1.2706167297932023,-1.3230161738077542,-0.5035713751447266,-0.06153892093616606,-2.3463824901580086,-2.4079214110941747,-0.5105148051515539,-0.7370219551915709,-1.2475367603431247,2349.0,exact
Kris Dunn,2018-19,1389.0,-1.100000023841858,-0.699999988079071,-1.7999999523162842,-1.28011229752969,-1.133857587813531,-2.4139698853432208,-2.0831484384091055,-1.3862267185634596,-1.5487848858044009,-2.9350116043678605,-1.8306677199999999,0.590962047,-1.239705673,1389.0,exact
Luke Kennard,2018-19,1437.0,0.10000000149011612,-1.899999976158142,-1.7999999523162842,-0.1769999971382491,-1.7466866061290434,-1.9236866032672926,-1.6611079117085368,-0.2832085813931603,-1.395194724738345,-1.6784033061315053,0.111388227,-0.268955157,-0.15756693,1437.0,exact
Brandon Ingram,2018-19,1760.0,-1.2999999523162842,-0.699999988079071,-2.0,-1.2255065750716359,-0.3223290322925192,-1.547835607364155,-1.5640352117964849,-1.1602793205504842,-0.8068294059623393,-1.9671087265128235,-0.555213576,-0.99691549,-1.552129066,1760.0,exact
Jonas Jerebko,2018-19,1218.0,-0.6000000238418579,-1.2000000476837158,-1.7999999523162842,-0.1424371807474923,-0.02623529209686279,-0.16867247284435508,0.05948921728617951,-0.9245346519983162,0.17829861789432164,-0.7462360341039945,-0.167876807,-0.82922897,-0.997105778,1218.0,exact
Robin Lopez,2018-19,1606.0,-1.899999976158142,-0.20000000298023224,-2.0,-1.6410376505440911,0.21204678131949714,-1.428990869224594,-1.547494573076456,-1.5276595385166767,1.3858169035322947,-0.141842634984382,-1.671029415,-2.00697319,-3.678002604,1606.0,exact
Jabari Parker,2018-19,1724.0,-1.2999999523162842,-0.800000011920929,-2.0999999046325684,-1.6925092853175245,-1.0872403034365847,-2.7797495887541093,-1.8203942257202528,-1.471697865157573,-1.0697884528985597,-2.5414863180561325,-0.9587235006252902,-0.7392629815104409,-1.6979864825313224,1724.0,exact
Dwyane Wade,2018-19,1885.0,-0.10000000149011612,-2.0999999046325684,-2.200000047683716,0.2213249989835546,-0.8495201166176054,-0.6281951176340508,-1.1746387129915943,1.6932830679278295,-0.34425244267015553,1.349030625257674,0.0181969,-0.115266016,-0.097069115,1885.0,exact
Deandre Ayton,2018-19,2183.0,-0.6000000238418579,-1.7000000476837158,-2.299999952316284,-0.9894636290695091,-0.4194981610171901,-1.4089617900866993,-1.3167687429651893,-0.7863069807555505,0.19147254568045552,-0.5948344350750949,-0.215483127,-1.078150893,-1.29363402,2183.0,exact
Reggie Bullock,2018-19,1879.0,-1.100000023841858,-1.100000023841858,-2.200000047683716,-0.4060174063061428,-2.024949753020008,-2.430967159326151,-2.304983834750033,-0.5389647356778025,-1.5370088081542497,-2.075973543832052,0.022564406622671607,-0.28872852130494947,-0.26616411440340604,1879.0,exact
Gerald Green,2018-19,1473.0,0.10000000149011612,-2.299999952316284,-2.0999999046325684,0.24530526949528617,-1.6052656740354656,-1.3599604045401794,-0.9405845883167946,0.6590563564101226,-1.9792053948663217,-1.3201490384561991,-0.277856576,-0.886608527,-1.164465104,1473.0,exact
Doug McDermott,2018-19,1340.0,0.30000001192092896,-2.4000000953674316,-2.0999999046325684,0.2529947484947268,-0.954772128340356,-0.7017773798456292,-1.140755867419487,-1.3286271359144695,0.20830464605970656,-1.1203224898547628,0.26697793,-1.467474325,-1.200496395,1340.0,exact
Rajon Rondo,2018-19,1369.0,-0.699999988079071,-1.399999976158142,-2.0999999046325684,-1.5737744511411111,-2.5208279182850535,-4.094602369426164,-3.2531779736996866,-1.0213021890767298,-2.240126251859351,-3.261428440936081,-1.886684184,-0.018342615,-1.9050267990000003,1369.0,exact
Kent Bazemore,2018-19,1643.0,-2.9000000953674316,0.6000000238418579,-2.299999952316284,-2.071195034994593,0.24624165029829334,-1.8249533846962995,-1.266632412508429,-0.37141461870015224,-0.5053289594901071,-0.8767435781902594,-1.591567727,0.638963029,-0.952604697,1643.0,exact
Damyean Dotson,2018-19,2004.0,-1.2000000476837158,-1.2000000476837158,-2.4000000953674316,-0.9882543482363202,-1.5125928467348004,-2.5008471949711204,-1.7760898716149403,-0.5119038780255581,-1.6189927291603239,-2.130896607185882,-0.487525701,-0.459346197,-0.946871898,2004.0,exact
Miles Bridges,2018-19,1696.0,-1.600000023841858,-0.699999988079071,-2.299999952316284,-1.4219477342116276,-0.9591808719646039,-2.3811286061762313,-1.864291565936468,-0.9028316521258982,-0.6564004935086456,-1.5592321456345437,-0.847085486,-0.10213835299999999,-0.9492238389999998,1696.0,exact
Wilson Chandler,2018-19,1177.0,-1.5,-0.699999988079071,-2.200000047683716,-0.09480614341998794,0.05831522452746533,-0.036490918892522616,-0.3014766477217336,-2.1098250118718114,-0.42748443583758833,-2.5373094477094,-1.7720252965581986,0.2686087072039082,-1.5034165899702634,1177.0,exact
Wes Iwundu,2018-19,1233.0,-3.0,0.6000000238418579,-2.299999952316284,-2.3517789003776888,1.2850373747496082,-1.0667415256280806,-1.011309324161778,-2.2510845408132445,1.4722270519122593,-0.7788574889009852,-2.476813576,0.129488357,-2.347325219,1233.0,exact
Alec Burks,2018-19,1375.0,-0.8999999761581421,-1.600000023841858,-2.5,-1.504541146872673,-1.7760925752323817,-3.2806337221050548,-2.004774140595236,-1.2928718704059803,-2.274258834966385,-3.5671307053723655,-0.8685188404341817,-0.7185864875389092,-1.5871053288807273,1375.0,exact
Zach Collins,2018-19,1356.0,-1.600000023841858,-0.800000011920929,-2.5,-2.2182485934699168,0.38055501080606896,-1.8376935826638479,-1.8535845621829845,-1.8848360149772265,0.7601788434400003,-1.1246571715372262,-2.658160688,-0.682517501,-3.3406781889999997,1356.0,exact
Mario Hezonja,2018-19,1206.0,-2.299999952316284,-0.10000000149011612,-2.4000000953674316,-2.7710566064975146,-0.7972391935392779,-3.5682958000367924,-2.6906602764603647,-2.7414404572234474,-0.4764205024874536,-3.217860959710901,-2.678144161,-0.066800482,-2.744944643,1206.0,exact
JaMychal Green,2018-19,1371.0,-1.399999976158142,-1.100000023841858,-2.5999999046325684,-1.7973073086520808,-0.6787098327005404,-2.4760171413526213,-2.2988501146633094,-1.5218490067794623,-1.5654749181940215,-3.087323924973484,-1.6846832007724288,0.06617140528008753,-1.6185117958358861,1371.0,exact
Stanley Johnson,2018-19,1208.0,-4.800000190734863,2.200000047683716,-2.5999999046325684,-4.314747310200301,1.6412207856253087,-2.673526524574992,-2.943016517966862,-1.3528729273673306,1.7663726826258694,0.4134997552585389,-3.1678538262963576,0.2915800742334437,-2.8762737522673842,1208.0,exact
Taurean Prince,2018-19,1552.0,-0.6000000238418579,-1.899999976158142,-2.5999999046325684,-0.20650194319394863,-2.210442551844959,-2.4169444950389076,-1.3791256141926331,-0.40582632677281494,-3.1594265787970564,-3.565252905569871,-0.425187859,-1.4229102120000001,-1.848098071,1552.0,exact
Austin Rivers,2018-19,2028.0,-1.7000000476837158,-1.0,-2.799999952316284,-1.4740399245166953,-0.19705753672659743,-1.6710974612432927,-1.0806339754862073,-1.2867561935048295,-0.8235557547490558,-2.1103119482538855,-1.1580920660941814,-0.7350376075093689,-1.8931296736035501,2028.0,exact
Allonzo Trier,2018-19,1459.0,-1.2999999523162842,-1.5,-2.700000047683716,-0.9208457408990155,-2.18569223490259,-3.106537975801605,-1.8870091188582994,-1.829844047539375,-1.9691226997174809,-3.7989667472568556,-0.955308512,-1.401191353,-2.356499865,1459.0,exact
Marvin Bagley III,2018-19,1567.0,-1.100000023841858,-1.7999999523162842,-2.9000000953674316,-0.8789192637568047,-1.226045121355167,-2.104964385111972,-1.3242923409715595,-0.7137613701455049,-1.1116960068521893,-1.825457376997694,-0.040257159,-0.744905248,-0.785162406,1567.0,exact
Josh Jackson,2018-19,1988.0,-3.4000000953674316,0.6000000238418579,-2.799999952316284,-2.797743600053721,0.15671960292526607,-2.641023997128455,-3.096357275663358,-0.9149825967046349,-0.8156411398026977,-1.7306237365073325,-3.302909708,-0.422201569,-3.725111277,1988.0,exact
Terrance Ferguson,2018-19,1931.0,-1.600000023841858,-1.399999976158142,-3.0,-0.6063148716130439,-0.29403461475945325,-0.9003494863724971,-1.3619592324164145,-1.6828759216749498,-0.645972198233448,-2.3288481199083977,-1.49216433,-0.14558012900000003,-1.637744459,1931.0,exact
Emmanuel Mudiay,2018-19,1607.0,-1.0,-2.0,-3.0,-0.41613114451803296,-3.212587657884532,-3.628718802402565,-2.7895424484194447,-0.3196953326887318,-3.0072175480565373,-3.3269128807452693,-1.111470366,-1.9354178460000002,-3.046888212,1607.0,exact
James Johnson,2018-19,1164.0,-2.5,-0.699999988079071,-3.299999952316284,-2.355054846276112,0.6270114343511644,-1.7280434119249475,-2.334977633716108,-1.983605379498467,0.5220487086871018,-1.461556670811365,-2.057322516,0.103449139,-1.9538733769999999,1164.0,exact
Markieff Morris,2018-19,1270.0,-2.200000047683716,-1.0,-3.299999952316284,-1.7351481603624188,-1.1552799880284381,-2.890428148390857,-2.3065797286763536,-0.7635151135324385,-1.406315123137219,-2.1698302366696574,-1.652712749384252,-1.0112327569385828,-2.66394550701811,1270.0,exact
James Ennis III,2018-19,1230.0,-1.7999999523162842,-1.7000000476837158,-3.4000000953674316,-1.2788259667991817,-1.154881995884925,-2.4337079626841067,-1.587389065540031,-2.457828113485797,-1.8696630904944713,-4.327491203980268,-0.6366310642910569,-0.8543970007699185,-1.4910280642894307,1230.0,exact
Rodions Kurucs,2018-19,1294.0,-2.9000000953674316,-0.4000000059604645,-3.4000000953674316,-2.13627647241957,0.9937938375177459,-1.1424826349018242,-1.3838161314928576,-2.2126776415765237,0.2887829395380989,-1.9238947020384247,-1.785383374,0.380468441,-1.404914933,1294.0,exact
OG Anunoby,2018-19,1352.0,-3.299999952316284,-0.30000001192092896,-3.5999999046325684,-2.5731723060393157,-0.26103781029081136,-2.834210116330127,-2.676237892585395,-2.166898388994875,-0.27345762332556844,-2.4403560123204437,-2.154009734,-0.725684865,-2.879694599,1352.0,exact
Will Barton,2018-19,1189.0,-1.5,-2.299999952316284,-3.799999952316284,-1.1418361615737418,-2.3630806996878424,-3.5049168612615844,-2.1696226004137613,-0.6621684575243136,-2.5688389826163935,-3.231007440140707,-1.528754662,-0.849035838,-2.377790501,1189.0,exact
Mike Scott,2018-19,1395.0,-1.600000023841858,-1.899999976158142,-3.5999999046325684,-1.3093882475259175,-0.6398024605269222,-1.9491907080528397,-2.1903226781577234,-1.0493356889734948,-0.698634709883422,-1.7479703988569169,-1.8454686553347668,-0.453754248977061,-2.2992229043118275,1395.0,exact
Malik Monk,2018-19,1258.0,-0.6000000238418579,-3.700000047683716,-4.300000190734863,-0.8365400373161916,-2.515962358163061,-3.3525023954792528,-2.5370919668704253,0.26943240523734246,-3.0662694977829617,-2.796837092545619,-0.99040472,-1.150560016,-2.140964736,1258.0,exact
Bobby Portis,2018-19,1299.0,-1.2000000476837158,-3.299999952316284,-4.5,-0.46909226332912807,-1.2502940375634515,-1.7193863008925796,-1.1310771470471923,-0.8019876913570366,-1.5744792699087828,-2.3764669612658196,-0.5909403457205543,-0.5211635038106236,-1.112103849531178,1299.0,exact
Frank Jackson,2018-19,1169.0,-1.899999976158142,-2.799999952316284,-4.699999809265137,-2.118014958540865,-2.7368136661489295,-4.8548286246897945,-3.7702006617555597,-2.313774282480605,-2.136094989051817,-4.449869271532422,-2.605980563,-2.381817958,-4.987798522,1169.0,exact
Shelvin Mack,2018-19,1246.0,-2.799999952316284,-2.0,-4.800000190734863,-2.829868761593135,-1.6461578157643668,-4.476026577357501,-4.011445098257083,-1.703384646660578,-0.21404865678088106,-1.917433303441459,-2.370643403235955,-1.3167289728426967,-3.6873723770786513,1246.0,exact
Cedi Osman,2018-19,2444.0,-1.100000023841858,-2.799999952316284,-3.9000000953674316,-1.246183018011574,-2.4423666116942795,-3.6885496297058538,-3.0759596126915767,-0.4024876321255842,-3.419992430229335,-3.822480062354919,-0.797618136,-2.035802013,-2.83342015,2444.0,exact
Jarrett Allen,2018-19,2096.0,-1.5,-2.799999952316284,-4.300000190734863,-0.9899947610843296,0.1252208733085076,-0.864773887775822,-0.6462697965699791,-1.7764834518697226,0.560321619237886,-1.2161618326318364,-1.13841146,0.907176993,-0.231234467,2096.0,exact
Jamal Crawford,2018-19,1211.0,-1.0,-5.800000190734863,-6.800000190734863,-0.9624603625270899,-4.301975408396246,-5.2644357709233365,-5.074301717026248,2.3650400657376527,-4.540849223102506,-2.1758091573648533,-0.953798119,-3.014085566,-3.967883685,1211.0,exact
Wayne Selden,2018-19,1439.0,-3.0,-3.200000047683716,-6.300000190734863,-2.29208423040608,-2.1591472582379416,-4.451231488644021,-4.138208982176388,-1.5003133704956106,-2.2037913041088584,-3.7041046746044692,-2.9494503863057675,-1.3007019236539263,-4.250152309959694,1439.0,exact
Collin Sexton,2018-19,2605.0,-2.799999952316284,-5.5,-8.300000190734863,-1.486648054470929,-3.6675710555778362,-5.154219110048765,-4.732995543439079,0.05095148471463046,-4.140768427939435,-4.089816943224804,-1.675597387,-3.3216810170000004,-4.997278404,2605.0,exact
Giannis Antetokounmpo,2019-20,1917.0,5.5,3.9000000953674316,9.300000190734863,4.567579676040927,4.123108191956392,8.690687867997319,7.712409011500207,0.6016472905110669,3.438009730372369,4.0396570208834355,5.722210731,3.184912256,8.907122988,1917.0,exact
Damian Lillard,2019-20,2474.0,8.600000381469727,-2.0,6.599999904632568,7.73699275327431,-1.7014232311294093,6.035569522144901,5.596650871171139,4.840278075355524,-1.7585412893752466,3.0817367859802776,6.747148848,-2.005153167,4.741995681,2474.0,exact
LeBron James,2019-20,2316.0,6.300000190734863,0.699999988079071,7.099999904632568,5.499279498248228,0.8310936673153907,6.330373165563619,6.071440164612916,3.3966825742364564,0.5736614057668288,3.9703439800032854,4.423721416,0.78339574,5.207117156,2316.0,exact
Rudy Gobert,2019-20,2333.0,-0.4000000059604645,6.599999904632568,6.199999809265137,-0.5235178573752968,4.292335244781214,3.7688173874059174,4.2746805708910545,-0.7232645001880325,4.002862311771651,3.279597811583618,0.800004007,2.648514871,3.448518878,2333.0,exact
Luka Doncic,2019-20,2047.0,7.699999809265137,-1.0,6.599999904632568,6.138768632124081,-1.2224169254518356,4.916351706672245,5.071444699687507,5.34066806285754,-1.545154972571463,3.7955130902860765,4.801779006,-0.569872988,4.231906018,2047.0,fuzzy
Nikola Jokic,2019-20,2336.0,4.400000095367432,0.800000011920929,5.199999809265137,4.926939711694488,2.1868370894703286,7.113776801164817,6.395217426970478,4.416598083570478,1.2491786308603328,5.665776714430811,3.7274575529999994,0.202743757,3.9302013099999997,2336.0,fuzzy
Jayson Tatum,2019-20,2265.0,3.4000000953674316,1.7999999523162842,5.199999809265137,2.97374206479959,1.0582406859945372,4.031982750794127,4.8061068561834075,1.6976977940584672,0.6726892177332364,2.3703870117917036,2.79908946,1.8299709270000002,4.629060387,2265.0,exact
Jrue Holiday,2019-20,2117.0,2.299999952316284,2.4000000953674316,4.699999809265137,0.8484252621972291,1.612483967684361,2.46090922988159,2.628664401408859,0.6403566626329914,0.19917779543848105,0.8395344580714724,1.9922477079999998,0.77185167,2.764099378,2117.0,exact
Kyle Lowry,2019-20,2098.0,2.9000000953674316,1.100000023841858,4.0,1.9957913474386,0.45035026370269376,2.446141611141294,3.136487306196676,2.5586173893247888,1.5494810485083332,4.108098437833122,1.19509437,0.99223543,2.187329799,2098.0,exact
Trae Young,2019-20,2120.0,7.099999904632568,-3.299999952316284,3.700000047683716,6.247570837030612,-3.0163409017879146,3.231229935242697,2.2429889587917327,4.564258165885778,-2.5171967592975686,2.047061406588209,4.039078834,-2.396502539,1.642576296,2120.0,exact
Khris Middleton,2019-20,1853.0,3.5,1.100000023841858,4.599999904632568,3.9116281687949948,1.2462464379697498,5.157874606764745,3.9109745895074943,2.3381258239305294,1.2814792084585642,3.6196050323890936,4.066161786,0.942647625,5.008809411,1853.0,exact
Montrezl Harrell,2019-20,1749.0,0.699999988079071,3.5999999046325684,4.300000190734863,0.7501626660294587,1.7556789088205627,2.505841574850021,2.311006345782476,-0.47738182265625967,3.2161531425653314,2.7387713199090715,2.6170336250000004,-0.162441759,2.454591866,1749.0,exact
Devin Booker,2019-20,2512.0,4.800000190734863,-2.9000000953674316,1.899999976158142,4.579970760633745,-2.0785803751363603,2.5013903854973845,2.658921503002731,3.1141773482555912,-2.1622184016369883,0.9519589466186029,3.935629785,-1.489699441,2.445930344,2512.0,exact
KarlAnthony Towns,2019-20,1187.0,5.800000190734863,0.8999999761581421,6.699999809265137,4.230667738549948,-0.9739346427168232,3.2567330958331246,3.1984431984713204,0.10011013360282453,-0.9834999062004446,-0.8833897725976201,3.943649853,-0.647942009,3.295707844,1187.0,exact
Joel Embiid,2019-20,1506.0,1.0,3.5999999046325684,4.599999904632568,0.43382509308852707,3.765396568432046,4.199221661520573,4.565949338998455,2.2262508677608133,3.1097237423553783,5.335974610116192,1.512304588,0.981301748,2.493606336,1506.0,exact
Marcus Smart,2019-20,1919.0,0.699999988079071,2.0,2.700000047683716,0.6648388645179207,1.9251709273220883,2.590009791840009,2.333637882463654,1.6959826274666574,1.3230867619313167,3.0190693893979743,1.155084803,1.869802283,3.0248870849999996,1919.0,exact
Fred VanVleet,2019-20,1928.0,1.7999999523162842,1.0,2.799999952316284,0.5839316457368452,1.1950821270575016,1.7790137727943467,2.07764896111088,0.94110973901865,1.7189425365629976,2.6600522755816476,2.102830006,1.547258778,3.650088784,1928.0,exact
Nikola Vucevic,2019-20,1998.0,0.8999999761581421,1.600000023841858,2.5,0.8923465263195696,0.9830112859444032,1.8753578122639727,1.5478363342815207,0.6625248594728684,1.5826356714619623,2.2451605309348306,1.58448994,0.485921576,2.070411515,1998.0,fuzzy
Bam Adebayo,2019-20,2417.0,-0.6000000238418579,2.0999999046325684,1.600000023841858,-0.22568549788145376,2.298624408555525,2.0729389106740714,2.463768761859284,-0.42783631441329284,0.945814277581962,0.5179779631686692,1.30549601,1.952942207,3.258438217,2417.0,exact
Tim Hardaway Jr.,2019-20,2091.0,2.0999999046325684,0.10000000149011612,2.200000047683716,1.6187572613375067,-1.1893968864269449,0.4293603749105619,0.8651534680711196,1.3148903642530265,-0.9964025957073153,0.31848776854571126,2.480576695,-1.029772436,1.45080426,2091.0,exact
Ben Simmons,2019-20,2017.0,-0.10000000149011612,2.4000000953674316,2.299999952316284,-0.8822257465084747,2.4419733030812583,1.5597475565727836,2.313659813860372,-1.1958161587383938,1.1821344600669519,-0.013681698671441866,1.333358002,1.68487378,3.018231781,2017.0,exact
Derrick White,2019-20,1677.0,1.2000000476837158,2.200000047683716,3.4000000953674316,0.8461953989888049,1.1660381383933955,2.0122335373822002,2.4275187281951935,0.11595062913716156,0.5757497374737853,0.6917003666109469,1.497264802,-0.279083647,1.218181155,1677.0,exact
Will Barton,2019-20,1916.0,1.5,1.0,2.5,1.0358760737223325,0.662828035630583,1.6987041093529154,2.2551872843522816,0.4142021201404525,0.3824899759513051,0.7966920960917576,1.429947058,0.670705691,2.100652749,1916.0,exact
Royce ONeale,2019-20,2049.0,0.30000001192092896,1.7999999523162842,2.0999999046325684,-0.19624405783040144,1.5125255909421031,1.3162815331117017,1.3146436427138781,-0.7959178947897513,0.15918521289745458,-0.6367326818922967,-0.927303396,2.029516686,1.102213291,2049.0,exact
Patrick Beverley,2019-20,1342.0,1.399999976158142,3.0999999046325684,4.5,0.14158767438851103,2.306901969250793,2.448489643639304,3.0842736961525534,-1.0038420776188381,1.2743228729158138,0.27048079529697566,-0.635669062,2.433030539,1.7973614770000002,1342.0,exact
Patty Mills,2019-20,1485.0,3.299999952316284,0.4000000059604645,3.700000047683716,2.5144349632741534,0.46144180165803467,2.9758767649321882,2.3219958768764495,1.448165406657638,0.29757233203700034,1.7457377386946382,1.25751703,-0.9899456529999999,0.267571377,1485.0,exact
Robert Covington,2019-20,2137.0,-0.4000000059604645,2.0,1.600000023841858,-0.5316432023421765,1.276957415952792,0.7453142136106156,1.4080461712583194,-0.6326445193316316,-0.07415201106190925,-0.7067965303935408,-1.3657286607080017,2.404859965372017,1.039131304664015,2137.0,exact
Brook Lopez,2019-20,1817.0,-1.5,3.9000000953674316,2.4000000953674316,-1.575016860336488,3.6501628446124346,2.0751459842759465,2.166974710656526,-1.8146394689302912,5.219348253084082,3.4047087841537906,-1.485567376,3.269080791,1.783513415,1817.0,exact
Bradley Beal,2019-20,2053.0,5.400000095367432,-3.700000047683716,1.600000023841858,4.753997457798562,-2.789051435739657,1.9649460220589048,1.0824323401616098,2.8429962718423365,-2.6431390578694534,0.19985721397288314,4.66777486,-2.111442863,2.556331997,2053.0,exact
Mikal Bridges,2019-20,2042.0,0.10000000149011612,1.7000000476837158,1.7999999523162842,0.08848974303125251,2.112679275248993,2.2011690182802455,2.4697052739566128,-0.9307817326844998,0.36965993495244553,-0.5611217977320543,0.257495915,1.675420863,1.932916779,2042.0,exact
Jarrett Allen,2019-20,1852.0,0.0,2.0999999046325684,2.0999999046325684,0.22676526750582307,1.318815517346563,1.5455807848523861,1.553774248730842,-0.6997594905487059,1.881032037686385,1.181272547137679,0.811711675,1.31593696,2.127648636,1852.0,exact
Nemanja Bjelica,2019-20,2011.0,2.0,-0.30000001192092896,1.7000000476837158,1.0562419768142062,-0.4845696792537007,0.5716722975605055,0.37766759730846017,-0.15713607110712918,-0.5914836448858674,-0.7486197159929966,0.851023418,0.291766746,1.142790164,2011.0,exact
Domantas Sabonis,2019-20,2159.0,1.2999999523162842,0.10000000149011612,1.399999976158142,0.17709655013711148,1.3495521702153406,1.5266487203524521,0.8651124625732031,0.4644580454525791,1.386078497691259,1.850536543143838,1.476107172,0.937176179,2.413283351,2159.0,exact
Eric Bledsoe,2019-20,1646.0,1.399999976158142,1.0,2.4000000953674316,0.45754433553195284,1.3259791642507432,1.783523499782696,1.5332505983043856,-0.503012475210015,1.9712763634013863,1.4682638881913714,0.8171617939999999,1.614801631,2.431963425,1646.0,exact
CJ McCollum,2019-20,2556.0,2.5999999046325684,-1.899999976158142,0.6000000238418579,2.788293540185679,-1.28174835563524,1.5065451845504392,0.6402991792954008,2.326081761130815,-1.151786425370308,1.174295335760507,2.672030228,-1.454977395,1.217052833,2556.0,exact
Jamal Murray,2019-20,1904.0,1.399999976158142,0.4000000059604645,1.7999999523162842,1.627357114007716,-0.25767558439752647,1.3696815296101896,2.052876256223689,1.616961785301024,-0.04400926089452567,1.5729525244064984,1.529827254,-0.19367389899999998,1.336153355,1904.0,exact
Pascal Siakam,2019-20,2110.0,0.30000001192092896,1.100000023841858,1.2999999523162842,0.15223373472425086,0.7884870471508014,0.9407207818750523,2.3848093850676957,-0.3155808936632619,1.7229384053650199,1.407357511701758,1.092172259,1.429601912,2.521774171,2110.0,exact
Steven Adams,2019-20,1680.0,0.699999988079071,1.7000000476837158,2.299999952316284,0.4760681215636726,2.0046744370930925,2.480742558656765,1.2079122144879346,0.08038509797879781,2.0239054912045407,2.1042905891833383,0.66018735,1.286643905,1.946831255,1680.0,exact
George Hill,2019-20,1271.0,3.0,0.8999999761581421,3.799999952316284,2.657067304006226,0.6318410227717847,3.2889083267780106,2.0967919074859327,-0.3322484912359145,1.8183598302112345,1.48611133897532,2.002225204,1.185228779,3.187453983,1271.0,exact
Joe Ingles,2019-20,2137.0,0.4000000059604645,0.699999988079071,1.100000023841858,1.0473908280940407,-0.07822602525101109,0.9691648028430296,1.6171757839812966,1.0968408324808423,-0.1761305490383006,0.9207102834425417,1.117698022,0.711783319,1.829481341,2137.0,exact
Mitchell Robinson,2019-20,1412.0,1.2999999523162842,1.7000000476837158,3.0,0.7764660038260486,1.9343290415212442,2.7107950453472927,2.201487508041635,-0.3587184935804149,1.4294441124484467,1.0707256188680319,1.759989655,1.601271895,3.36126155,1412.0,exact
Spencer Dinwiddie,2019-20,1994.0,3.4000000953674316,-2.200000047683716,1.2000000476837158,2.97218033052663,-1.1898212353684718,1.782359095158158,1.3636525427989665,2.311528738215874,-1.1839186825676293,1.1276100556482445,1.473530099,-1.005873111,0.467656988,1994.0,exact
OG Anunoby,2019-20,2066.0,-0.800000011920929,1.7999999523162842,1.0,-0.8455868758659095,2.03247683776333,1.1868899618974207,1.8544023646420145,-1.7655515122200418,1.0484190306167278,-0.717132481603314,-0.301827441,2.244146328,1.942318887,2066.0,exact
Jakob Poeltl,2019-20,1171.0,0.800000011920929,3.0,3.799999952316284,0.5739537392220626,2.669719169529216,3.243672908751279,3.561746980345543,-1.7672796877566772,1.8611034484000057,0.09382376064332854,-0.44006954200000004,1.916186582,1.476117041,1171.0,exact
Dennis Schroder,2019-20,1999.0,-0.4000000059604645,1.399999976158142,1.0,-0.09463227386915256,0.9014003129604538,0.8067680390913012,1.893359445286693,0.9805457828415831,1.258953635223367,2.23949941806495,0.672707519,-0.596103452,0.076604067,1999.0,exact
Jaylen Brown,2019-20,1934.0,1.2000000476837158,-0.20000000298023224,1.100000023841858,1.1611973972618488,0.023284293718697297,1.184481690980546,1.2905944970120113,0.23897712027929113,0.29778527572879887,0.5367623960080901,1.474701362,0.583590536,2.058291897,1934.0,exact
Clint Capela,2019-20,1279.0,-1.0,4.199999809265137,3.0999999046325684,-1.3234266908797634,2.52616347994532,1.2027367890655565,1.5525995593581163,-1.9156837885386937,2.4802338017092955,0.5645500131706018,-0.214796357,1.236535117,1.02173876,1279.0,exact
Dorian FinneySmith,2019-20,2120.0,0.10000000149011612,0.699999988079071,0.800000011920929,-0.13685446789640598,0.6578267403608807,0.5209722724644748,0.8426027710253933,-0.7936925184372204,-0.3016778613639127,-1.0953703798011332,0.702314221,0.158731704,0.861045925,2120.0,exact
Donovan Mitchell,2019-20,2364.0,2.4000000953674316,-2.0,0.4000000059604645,2.285543903638846,-1.1943855445171694,1.0911583591216767,1.9642202402223468,3.0054317422738563,-1.4277989579407644,1.577632784333092,2.684942786,-0.589680749,2.095262037,2364.0,exact
Tobias Harris,2019-20,2469.0,0.699999988079071,-0.5,0.20000000298023224,0.523086497511327,-0.30775143577765035,0.2153350617336766,0.93342527462123,0.7584009817291645,-0.3226675709044337,0.43573341082473077,1.524388357,0.00835067,1.532739027,2469.0,exact
Bogdan Bogdanovic,2019-20,1766.0,1.600000023841858,-0.4000000059604645,1.2000000476837158,1.1766307679962933,-1.1483531016658086,0.028277666330484674,0.20530944465984638,1.6631354492513915,-0.8267628035552974,0.836372645696094,1.459294475,-0.414172129,1.045122346,1766.0,fuzzy
Evan Fournier,2019-20,2076.0,1.100000023841858,-0.5,0.6000000238418579,0.7674156588457595,-1.0275363510350553,-0.2601206921892958,-0.21242619033459456,1.2302115524504063,-0.8649959386800654,0.36521561377034084,2.005261115,-1.089832548,0.915428567,2076.0,exact
Kris Dunn,2019-20,1269.0,-1.7000000476837158,4.099999904632568,2.5,-2.3926511708703697,2.477861107553679,0.08520993668330945,0.5008985630465372,-1.7534224281960775,2.3967296288252298,0.6433072006291523,-1.950616916,3.168663379,1.218046464,1269.0,exact
Gordon Hayward,2019-20,1740.0,1.899999976158142,-0.800000011920929,1.0,1.212759086123688,0.04913012967999011,1.2618892158036783,1.4718688198119423,0.2774327026114569,-0.3798242604410484,-0.10239155782959147,2.613536561,0.3260190070000001,2.939555568,1740.0,exact
Derrick Jones Jr.,2019-20,1375.0,0.20000000298023224,2.0,2.200000047683716,-0.539298742112219,0.6277608895360399,0.08846214742382097,-0.27625831206568124,-1.1469046595066703,0.41605531535293283,-0.7308493441537375,0.524361139,0.8891233349999998,1.413484473,1375.0,exact
Jordan Clarkson,2019-20,1705.0,2.799999952316284,-1.7000000476837158,1.100000023841858,1.5434465152716896,-0.7676544667404172,0.7757920485312725,0.3207348758792266,1.0843052076408575,-0.7886404646890187,0.29566474295183875,2.285157733540176,-1.2319996231390031,1.0531581101824048,1705.0,exact
DeMar DeRozan,2019-20,2316.0,2.799999952316284,-2.700000047683716,0.10000000149011612,1.3921562849931355,-2.464294898595564,-1.0721386136024285,-0.6448702709137504,0.6710853996053603,-2.1715668173256297,-1.5004814177202694,3.746122406,-1.535476973,2.210645433,2316.0,exact
PJ Tucker,2019-20,2467.0,-2.4000000953674316,2.200000047683716,-0.20000000298023224,-1.9904895250541454,1.8764343926947926,-0.11405513235935283,-0.03428699881601363,-0.4562048055932194,0.5644020124500645,0.10819720685684509,-1.741539089,0.863809211,-0.8777298780000001,2467.0,exact
Marc Gasol,2019-20,1161.0,-1.7000000476837158,4.099999904632568,2.4000000953674316,-2.569172714872383,2.8807633932913315,0.3115906784189484,0.9967314728799715,-1.6901821633701937,3.7110562021117968,2.020874038741603,-2.103082201,2.360179152,0.257096951,1161.0,exact
JaVale McGee,2019-20,1130.0,-0.30000001192092896,2.9000000953674316,2.5999999046325684,-0.48306693318774957,2.1220888393747406,1.639021906186991,1.1919530415359274,-2.435040245968988,1.5336550334315544,-0.9013852125374338,-1.12070109,2.388537141,1.267836051,1130.0,exact
Paul Millsap,2019-20,1240.0,0.10000000149011612,1.7999999523162842,1.899999976158142,-0.23228439957449387,2.2152871681003465,1.9830027685258527,1.9540909989634236,-1.146426262007855,1.3221469029406574,0.17572064093280249,1.085052527,1.039859728,2.124912255,1240.0,exact
Larry Nance Jr.,2019-20,1472.0,0.10000000149011612,1.100000023841858,1.2000000476837158,-0.30357511932975306,0.43531489882139934,0.13173977949164628,0.8144140832968437,-0.5422214181757162,-0.03539130773174402,-0.5776127259074603,1.19603772,0.591954858,1.787992578,1472.0,exact
Deandre Ayton,2019-20,1236.0,-1.2000000476837158,3.0,1.7999999523162842,-1.6548470765470273,2.29105667487353,0.6362095983265028,0.3928637992030409,-1.5790903351887415,2.6716958244837894,1.0926054892950479,-0.070693436,0.523220763,0.452527327,1236.0,exact
Zach LaVine,2019-20,2085.0,1.2000000476837158,-1.399999976158142,-0.10000000149011612,1.2608784646791493,-1.7108332848045897,-0.4499548201254404,-0.46941640843651794,0.9853037048733446,-0.9966841295175677,-0.011380424644223064,1.723903326,-0.778366322,0.945537004,2085.0,exact
Kelly Oubre Jr.,2019-20,1933.0,-0.4000000059604645,0.5,0.10000000149011612,-0.4203372021686127,0.1428913400699639,-0.2774458620986488,-0.1436087496949087,-0.5819542573258102,-0.8831054288973343,-1.4650596862231446,0.30633714,0.477975244,0.784312384,1933.0,exact
DeAaron Fox,2019-20,1634.0,2.5,-2.0,0.4000000059604645,1.5910546455213428,-1.3402735501327872,0.25078109538855564,0.2497473360987467,0.7457063038822505,-0.924642815666354,-0.17893651178410352,1.717702554,-0.757383004,0.96031955,1634.0,exact
LaMarcus Aldridge,2019-20,1754.0,-0.699999988079071,0.800000011920929,0.10000000149011612,-1.126720551901453,-0.29772254602306875,-1.4244430979245217,-1.4315657461220155,0.09225770645876029,0.41168436887139676,0.503942075330157,0.7564484130000001,-1.032389543,-0.27594113,1754.0,exact
Jalen Brunson,2019-20,1022.0,1.2999999523162842,0.8999999761581421,2.200000047683716,0.022067535455621772,0.12281413652032429,0.14488167197594606,0.6885946122263524,-0.8373793528405322,0.559202286241818,-0.2781770665987142,0.889503863,-1.046810913,-0.157307051,1022.0,exact
Terrence Ross,2019-20,1889.0,0.8999999761581421,-1.0,-0.10000000149011612,0.2710268067569728,-1.3063867752957103,-1.0353599685387376,-1.9076180379094632,1.9769229686091725,0.0777833319209568,2.054706300530129,0.060757687000000005,0.090870208,0.151627895,1889.0,exact
Bruce Brown,2019-20,1634.0,-1.7999999523162842,1.899999976158142,0.10000000149011612,-2.3370143216532253,0.4708741290000959,-1.8661401926531294,-1.4608412697054565,-0.6941516611448141,-0.5361997150829869,-1.230351376227801,-2.08737299,0.537561805,-1.549811185,1634.0,exact
Buddy Hield,2019-20,2216.0,1.2000000476837158,-1.899999976158142,-0.699999988079071,1.048527045880068,-1.7290280295978604,-0.6805009837177924,-1.00467660352471,2.343296645745703,-1.0235453612402938,1.3197512845054093,1.135122134,-1.089758276,0.045363858,2216.0,exact
Maxi Kleber,2019-20,1890.0,-1.0,0.699999988079071,-0.30000001192092896,-1.4059728188836822,0.29407113930773887,-1.1119016795759433,-0.9254898417663163,-1.226310439514428,0.2922601623329506,-0.9340502771814774,-0.005524439,-0.004517652,-0.010042090999999998,1890.0,exact
Andre Drummond,2019-20,1879.0,-2.4000000953674316,1.899999976158142,-0.5,-2.27979911507622,2.010927619463658,-0.26887149561256196,0.9803885158188613,-0.7450891734764712,0.8205633230944238,0.07547414961795262,-1.4946453344475783,2.659161532113358,1.1645161967855242,1879.0,exact
Joe Harris,2019-20,2123.0,1.0,-1.7999999523162842,-0.800000011920929,1.0348726499329763,-1.2481187004655359,-0.21324605053255952,-0.021380212425631612,0.07459098897442899,-1.160296637771657,-1.085705648797228,1.014334847,-0.397970973,0.616363874,2123.0,exact
Lou Williams,2019-20,1864.0,2.0,-2.5999999046325684,-0.6000000238418579,1.881528669257759,-1.3220116405730915,0.5595170286846676,0.1728599768513621,2.500772029811174,-0.8767307229597326,1.6240413068514412,0.930675152,-1.294440827,-0.363765675,1864.0,exact
Rudy Gay,2019-20,1461.0,-1.100000023841858,0.8999999761581421,-0.10000000149011612,-1.0463533443266475,1.1793578484823017,0.13300450415565424,0.09497084416193911,-0.18094128408192817,0.059560426598169625,-0.12138085748375854,-0.51439514,-0.433898358,-0.948293498,1461.0,exact
Kentavious CaldwellPope,2019-20,1762.0,-0.30000001192092896,-0.30000001192092896,-0.6000000238418579,-0.24862672682202233,0.14776775189021182,-0.10085897493181051,-0.2569109443979481,-1.171052224607522,0.3096232776104916,-0.8614289469970303,0.219675843,-0.046162521,0.173513322,1762.0,exact
Aaron Gordon,2019-20,2017.0,0.20000000298023224,-1.2000000476837158,-0.8999999761581421,-0.4866233638840791,-0.26145418109234264,-0.7480775449764218,-0.5175433846511458,0.5305473385288302,-0.4634631283238473,0.0670842102049829,-0.302031989,0.27069791400000004,-0.031334074,2017.0,exact
Kelly Olynyk,2019-20,1300.0,0.6000000238418579,-0.5,0.10000000149011612,-0.31692946369992187,0.2894887142075659,-0.027440749492355976,0.3518922895676228,-0.7527202563650156,-0.018073908957866272,-0.7707941653228819,-0.730694828,0.120085092,-0.610609736,1300.0,exact
Myles Turner,2019-20,1826.0,-2.4000000953674316,1.7000000476837158,-0.699999988079071,-2.2896095837874273,2.029594602306812,-0.2600149814806154,-0.07928146061422618,-1.526498881984117,1.285619172076352,-0.24087970990776508,-2.640172774,1.7033011079999998,-0.936871666,1826.0,exact
Langston Galloway,2019-20,1702.0,0.8999999761581421,-1.5,-0.6000000238418579,0.4528920230478259,-1.9726566101357512,-1.5197645870879253,-1.036319033945604,0.664944556734,-0.9423980640158403,-0.27745350728184026,0.854986203,-1.034396108,-0.179409905,1702.0,exact
Gary Harris,2019-20,1780.0,-2.799999952316284,2.0,-0.800000011920929,-1.8518843918325032,0.811107436055643,-1.0407769557768602,0.203630466701069,-1.5284012474055189,0.6294800782193422,-0.8989211691861767,-0.6583391330000001,0.8784072230000001,0.22006809,1780.0,exact
Dwight Powell,2019-20,1061.0,-0.20000000298023224,0.800000011920929,0.699999988079071,-0.6910448182812582,2.1170104860787267,1.4259656677974686,1.2704936192366045,-2.7846211031184565,1.739513145894786,-1.0451079572236706,1.433987879,0.375499385,1.809487264,1061.0,exact
Kyle Anderson,2019-20,1330.0,-2.0,1.7999999523162842,-0.20000000298023224,-2.4857407713887394,2.563416950312042,0.0776761789233027,-0.8709079911937204,-1.199044261460185,1.7205637592143208,0.5215194977541358,-1.357556737,0.935858428,-0.421698309,1330.0,exact
Harrison Barnes,2019-20,2482.0,-0.30000001192092896,-1.100000023841858,-1.399999976158142,-0.5293039585777018,-1.1210175679608365,-1.6503215265385385,-1.240924735755065,-0.44652748172949674,-1.445281530459727,-1.8918090121892237,0.528881358,-1.300037198,-0.771155839,2482.0,exact
John Collins,2019-20,1363.0,0.0,-0.4000000059604645,-0.4000000059604645,-0.39701050984177405,-0.1329602061545901,-0.5299707159963641,-0.339601587980592,-1.3255107181483199,-0.3724753215183789,-1.6979860396666988,2.965926601,-0.06035550600000001,2.905571095,1363.0,exact
Draymond Green,2019-20,1222.0,-2.5,2.299999952316284,-0.20000000298023224,-3.396171785774147,1.8435182613040055,-1.5526535244701414,-0.9345269218563633,-1.464034206626537,1.6542083421678486,0.19017413554131157,-1.8621275350000002,1.631665734,-0.23046180100000002,1222.0,exact
Ersan Ilyasova,2019-20,986.0,0.30000001192092896,0.20000000298023224,0.5,-0.29038250128750426,0.7057369686727192,0.4153544673852149,0.27852525315550175,-0.6762761495457668,0.371620412269395,-0.30465573727637174,-0.580350482,1.285152867,0.704802385,986.0,fuzzy
Pat Connaughton,2019-20,1243.0,-1.2000000476837158,0.5,-0.699999988079071,-1.741625174576564,0.34694795220823016,-1.394677222368334,-1.287245328871515,-2.1051542981722986,1.4940783452217588,-0.6110759529505398,-1.617070797,1.297880425,-0.319190372,1243.0,exact
Tristan Thompson,2019-20,1721.0,-2.299999952316284,1.0,-1.2999999523162842,-2.687665638732756,0.014839099441840304,-2.6728265392909156,-3.2778820417001384,-0.827592779965889,-0.23303304957450396,-1.060625829540393,-0.788117388,-0.862285314,-1.650402702,1721.0,exact
DJ Augustin,2019-20,1420.0,0.20000000298023224,-1.2000000476837158,-1.0,-0.0683897612910232,0.027885237751066178,-0.040504523539957024,0.002059373918744991,0.44501870316532943,0.3593977897907705,0.8044164929561,0.22360008399999998,-1.13675908,-0.9131589959999998,1420.0,exact
Doug McDermott,2019-20,1372.0,1.100000023841858,-2.0999999046325684,-1.0,0.5782572765357703,-1.4171361439036432,-0.8388788673678729,-1.0108910641771882,-0.41380251352613073,-0.6327520141560234,-1.0465545276821542,1.350026763,-1.499157695,-0.149130932,1372.0,exact
Mike Scott,2019-20,1207.0,0.800000011920929,-1.7000000476837158,-0.800000011920929,-0.20667518535956161,-0.8695873032920319,-1.0762624886515935,-0.8417230702148605,-0.7233594555300643,-0.9999384261137542,-1.7232978816438185,-0.527607518,-0.23147011099999998,-0.759077629,1207.0,exact
Andrew Wiggins,2019-20,1858.0,0.5,-2.0999999046325684,-1.5,-0.013573133565258582,-1.207497785837002,-1.2210709194022606,-1.0184614033098547,0.02018203030157914,-1.6370696532824436,-1.6168876229808644,0.6353681645597415,-1.2313808978444565,-0.5960127330678149,1858.0,exact
Thomas Bryant,2019-20,1147.0,-0.4000000059604645,-0.5,-0.800000011920929,-0.3311921654323555,-1.1562537417507912,-1.4874459071831467,-1.8431902860835372,-1.4977768200133037,-1.340324320649159,-2.838101140662463,1.378041862,-1.486973098,-0.108931236,1147.0,exact
Jaren Jackson Jr.,2019-20,1622.0,-1.2999999523162842,-0.20000000298023224,-1.5,-0.9076313549564444,-0.09600349474553672,-1.0036348497019811,-0.6428050451398973,-0.9679907392723559,-0.0021116076148694762,-0.9701023468872254,-0.556725451,-0.432964112,-0.989689563,1622.0,exact
Monte Morris,2019-20,1636.0,0.8999999761581421,-2.299999952316284,-1.399999976158142,-0.01609157874972259,-0.9299164880789558,-0.9460080668286783,-0.6072663215921756,-0.18337967585925907,-0.5063909422711208,-0.6897706181303799,0.635174116,-0.826185033,-0.191010917,1636.0,exact
Cedi Osman,2019-20,1910.0,-0.800000011920929,-0.800000011920929,-1.600000023841858,-1.2473333629837,-1.3962929681596392,-2.6436263311433392,-2.2955980322413425,-0.7282219014065778,-2.000588506950996,-2.7288104083575737,-0.791009472,-1.293676231,-2.084685703,1910.0,exact
Serge Ibaka,2019-20,1485.0,-2.299999952316284,0.8999999761581421,-1.399999976158142,-1.9492722176093633,1.3791298291126415,-0.5701423884967218,-0.8957078291370113,-1.1766247257753273,1.8513403642947759,0.6747156385194486,-1.242873416,0.04217252,-1.200700896,1485.0,exact
Mason Plumlee,2019-20,1057.0,-0.30000001192092896,-0.5,-0.800000011920929,-1.2998039945238926,0.761187213643927,-0.5386167808799656,-1.256967545554552,-0.8251359515036011,1.6477926649031984,0.8226567133995973,-0.207404719,-0.314783783,-0.522188502,1057.0,exact
James Ennis III,2019-20,1265.0,-0.6000000238418579,-0.800000011920929,-1.399999976158142,-1.1360815759698923,-1.1696811376765008,-2.305762713646393,-1.407752407611157,-1.7748979848538793,-1.807472060787822,-3.582370045641701,-1.5010719049588932,-0.06108993584664033,-1.5621618404189723,1265.0,exact
Torrey Craig,2019-20,1072.0,-0.30000001192092896,-1.0,-1.2999999523162842,-1.8253483900920955,-1.2243547049079309,-3.0497030950000266,-2.984476003817127,-1.4846378494823684,-2.6900541312667854,-4.174691980749154,-2.036857779,-1.087360423,-3.124218202,1072.0,exact
Josh Okogie,2019-20,1547.0,-2.200000047683716,0.4000000059604645,-1.7999999523162842,-2.0709024179185462,0.21480024892471453,-1.8561021689938317,-1.1347227938062954,-1.4160298439742476,-0.5915745006064429,-2.0076043445806904,-1.313447597,0.214296403,-1.099151194,1547.0,exact
Cody Zeller,2019-20,1341.0,-0.4000000059604645,-1.2999999523162842,-1.7000000476837158,-1.1278095823490937,-0.9480278125589855,-2.075837394908079,-1.27216744884825,-0.7193763320478702,-0.8138374695604881,-1.5332138016083583,0.06374767,-1.173696015,-1.109948345,1341.0,exact
ETwaun Moore,2019-20,1020.0,-0.30000001192092896,-1.0,-1.2999999523162842,-1.5903467980404624,-0.6837180740538923,-2.2740648720943546,-2.041258000888855,-1.7759928889137129,0.27453531287684957,-1.5014575760368634,-0.680029987,-0.827260983,-1.507290971,1020.0,exact
Austin Rivers,2019-20,1594.0,0.5,-2.299999952316284,-1.7999999523162842,0.003614787771914866,-1.1468605425015213,-1.1432457547296064,-0.3299640686940942,-1.4800492823678102,-1.2477624169433617,-2.7278116993111716,-0.379103343,-0.53291657,-0.912019913,1594.0,exact
Malik Beasley,2019-20,1209.0,-0.5,-1.399999976158142,-1.899999976158142,-0.7638468255625721,-1.8190630544690627,-2.582909880031635,-1.5917535255115842,-1.1495800365459135,-0.8042499658276551,-1.9538300023735684,-0.09792602089826297,-0.8003834493043838,-0.8983094702026468,1209.0,exact
Kyle Kuzma,2019-20,1526.0,-1.899999976158142,-0.10000000149011612,-2.0,-1.3717544297227964,-0.3697752444477331,-1.7415296741705295,-1.28190166512976,-0.9337519171652924,0.23027731130471576,-0.7034746058605766,-1.109541605,-0.266825601,-1.376367207,1526.0,exact
JaMychal Green,2019-20,1307.0,-1.2999999523162842,-0.6000000238418579,-2.0,-1.4239125156758787,-0.28584598632699904,-1.7097585020028778,-1.1327307024354718,-1.750627183868452,-0.46756048800161853,-2.2181876718700706,-1.69310168,1.30053981,-0.3925618699999999,1307.0,exact
Landry Shamet,2019-20,1452.0,-0.20000000298023224,-1.7999999523162842,-2.0,-0.014192507368569252,-0.8974247814973394,-0.9116172888659086,-0.6323730880441841,-0.9020715474170584,-1.389197740360145,-2.2912692877772036,-0.20711925100000003,-0.545342974,-0.752462224,1452.0,exact
Marvin Williams,2019-20,1129.0,-1.0,-0.8999999761581421,-2.0,-0.5730379588204972,-0.2980057207885709,-0.8710436796090681,-1.2506475572808626,-1.0196019836493986,-0.33124344722931504,-1.3508454308787137,-1.2449840037174489,0.8681866553613818,-0.3767973483560673,1129.0,exact
Kevin Huerter,2019-20,1760.0,-0.4000000059604645,-2.4000000953674316,-2.799999952316284,-0.6347451517518868,-2.0182487976795294,-2.652993949431416,-1.9567390278494365,0.16654257195768948,-2.0054415570591027,-1.8388989851014133,-0.185603431,-0.6468798289999999,-0.83248326,1760.0,exact
Miles Bridges,2019-20,1995.0,-1.5,-1.600000023841858,-3.0999999046325684,-1.5451871525930276,-1.4615137726850496,-3.006700925278077,-2.8400736161645335,-0.16203625533408966,-1.321373677227129,-1.4834099325612187,-1.692924172,-0.875652438,-2.56857661,1995.0,exact
Lauri Markkanen,2019-20,1492.0,-1.0,-2.0999999046325684,-3.0999999046325684,-1.2352793823710384,0.11800612967837476,-1.1172732526926636,-0.9388683533841121,-0.4791888671473157,0.2442644695984597,-0.23492439754885597,-0.613102335,-0.030344191,-0.643446527,1492.0,exact
Jeff Teague,2019-20,1464.0,0.20000000298023224,-3.299999952316284,-3.0999999046325684,-0.5021247829643397,-2.4401111213181395,-2.9422359042824793,-1.791495949235838,-0.8603297430596386,-2.200068507053679,-3.060398250113318,-0.21177799054508195,-1.648727213762295,-1.860505204952869,1464.0,exact
Justin Jackson,2019-20,1045.0,-1.100000023841858,-2.5,-3.5999999046325684,-2.2177248511413494,-1.69291468503564,-3.9106395361769897,-3.65596596031026,-1.9311689234680465,-1.3570010339478578,-3.2881699574159042,-1.069707718,-1.420900218,-2.490607936,1045.0,exact
Rajon Rondo,2019-20,984.0,-0.800000011920929,-2.799999952316284,-3.5999999046325684,-1.2842261409269777,-0.8199584524767441,-2.1041845934037218,-0.8874406733620681,-1.1112080219483336,-0.23469703552556942,-1.345905057473903,-1.473015078,-0.080243652,-1.55325873,984.0,exact
Bryn Forbes,2019-20,1579.0,0.0,-3.4000000953674316,-3.4000000953674316,-0.642635709821522,-3.285089659707341,-3.9277253695288628,-3.348463432960797,-0.17563763023050039,-2.6214446101420306,-2.797082240372531,-0.022432734,-2.690129242,-2.712561976,1579.0,exact
Eric Gordon,2019-20,1016.0,-1.2999999523162842,-2.5,-3.799999952316284,-1.9412434262622182,-2.1137125273870345,-4.0549559536492525,-4.211360514510566,-1.6408118133584841,-1.5432110963039651,-3.184022909662449,-0.851986025,-1.723520976,-2.575507002,1016.0,exact
Collin Sexton,2019-20,2143.0,1.2999999523162842,-4.599999904632568,-3.299999952316284,0.8800872902777374,-3.78304772182811,-2.9029604315503725,-2.3229397219439076,0.7821110714542627,-3.1061763694767013,-2.3240652980224388,0.13754284,-2.326067085,-2.188524245,2143.0,exact
Terrance Ferguson,2019-20,1257.0,-3.799999952316284,-0.20000000298023224,-4.0,-4.284135825154693,-0.6627095178834524,-4.946845343038145,-6.191589687540176,-2.701676599749326,-1.3068174163293211,-4.0084940160786475,-3.627618494,-1.11720663,-4.744825124,1257.0,exact
Malik Monk,2019-20,1169.0,-1.600000023841858,-2.9000000953674316,-4.5,-1.6821840312218885,-2.737257896762646,-4.4194419279845345,-3.5577304437911423,-0.3549039259046598,-2.689384937164457,-3.044288863069117,-1.171069237,-1.635883982,-2.806953219,1169.0,exact
Kevin Knox II,2019-20,1166.0,-3.5,-1.7000000476837158,-5.199999809265137,-3.0120128681057348,-0.926407313574515,-3.9384201816802498,-3.238863560045973,-1.657284210390153,-1.022049533963342,-2.679333744353495,-3.2476269,-1.082202139,-4.329829039,1166.0,exact
Nikola Jokic,2020-21,2308.0,8.699999809265137,1.100000023841858,9.800000190734863,7.782142610393078,0.8764835435104197,8.658626153903498,8.94981742394151,6.460668382740848,0.2739184754654277,6.734586858206276,7.288972986,-0.016120463,7.272852523000001,2488.0,fuzzy
Rudy Gobert,2020-21,2000.0,-0.4000000059604645,8.199999809265137,7.800000190734863,0.0927530257404966,5.2640981294543145,5.3568511551948115,6.280260367591488,-0.9133078858790635,6.061545628471027,5.148237742591963,0.833282955,4.501415043,5.334697998,2187.0,exact
Stephen Curry,2020-21,2009.0,8.699999809265137,-1.7000000476837158,7.0,7.969836653331044,-0.9541361734561248,7.015700479874919,6.831557189617308,5.434300590387043,-0.8449373042414137,4.589363286145629,5.834983118,-0.631733165,5.203249953,2152.0,exact
Giannis Antetokounmpo,2020-21,1854.0,4.400000095367432,2.5,7.0,3.9304381431858886,1.8773092504756554,5.807747393661544,6.416877480789741,0.7060757406828551,0.5574474966757282,1.2635232373585832,5.57755115,1.338646642,6.916197792,2013.0,exact
Kawhi Leonard,2020-21,1675.0,6.400000095367432,1.7000000476837158,8.100000381469727,5.863974784865387,0.7992044275425562,6.663179212407943,7.471517544486985,3.0866523443818137,-0.550858053869876,2.5357942905119377,6.820367438,1.356749807,8.177117246,1773.0,exact
Luka Doncic,2020-21,2106.0,6.800000190734863,-1.399999976158142,5.5,7.060742634290741,-0.4258579995218559,6.634884634768885,5.374324988598894,6.179369815567461,-0.5627827249676305,5.616587090599831,3.6255162470000006,-0.421322031,3.204194217,2262.0,fuzzy
Paul George,2020-21,1711.0,4.800000190734863,2.4000000953674316,7.300000190734863,4.15684920891785,1.435863142800989,5.5927123517188395,5.320535382374994,3.3879083653466173,0.4384749670318192,3.8263833323784366,3.419585042,0.7427395270000001,4.162324569,1821.0,exact
Joel Embiid,2020-21,1481.0,3.9000000953674316,4.599999904632568,8.5,4.9272045106841516,2.851569105374393,7.778773616058544,7.025197278960069,3.0359916433239382,3.1073574849743486,6.143349128298286,4.401836703,1.339559862,5.7413965650000005,1585.0,exact
Clint Capela,2020-21,1809.0,1.2000000476837158,5.300000190734863,6.5,0.5887014534360756,3.580304149082751,4.169005602518826,4.3777909868950395,0.20093973823767747,2.2126813630285436,2.413621101266221,0.919551865,2.32908706,3.248638926,1898.0,exact
Jimmy Butler,2020-21,1622.0,4.400000095367432,2.9000000953674316,7.199999809265137,4.278596939242548,3.156044103224616,7.434641042467164,6.787245241495426,2.53402433508364,0.652043354966938,3.186067690050578,6.448979942,1.918444796,8.367424739,1745.0,exact
Mike Conley,2020-21,1459.0,3.5999999046325684,4.0,7.599999904632568,4.059311784581307,3.485777324988869,7.545089109570176,5.974161594352094,2.3959499932228026,2.1795818907747337,4.575531883997536,3.835676,1.72831357,5.56398957,1498.0,exact
Damian Lillard,2020-21,2181.0,7.0,-2.799999952316284,4.099999904632568,7.894588152490573,-2.0129210209035753,5.8816671315869975,6.46392149614379,5.1480865842005805,-1.9525725180945117,3.195514066106069,6.133903779,-2.29837295,3.835530829,2398.0,exact
Julius Randle,2020-21,2424.0,1.399999976158142,2.0,3.4000000953674316,1.7919690968868947,0.9932209657249974,2.785190062611892,1.810450832695368,3.6366915224886,1.081981044340581,4.718672566829181,1.840491222,0.748270729,2.58876195,2667.0,exact
Fred VanVleet,2020-21,1899.0,2.5999999046325684,2.4000000953674316,5.0,3.285149831501723,1.7536426070474944,5.038792438549217,3.981763516070408,2.093669024183661,0.506025007491478,2.5996940316751393,2.6592915570000004,1.169625256,3.828916814,1899.0,exact
Bradley Beal,2020-21,2073.0,5.5,-2.299999952316284,3.200000047683716,5.070922944613618,-1.6924078061796202,3.3785151384339978,2.1112031940981955,3.202434042157831,-1.4800761401321423,1.7223579020256885,4.702547808,-0.906730918,3.79581689,2147.0,exact
Draymond Green,2020-21,1839.0,0.699999988079071,3.200000047683716,4.0,1.313798485118075,2.456250951995959,3.770049437114034,3.339402422267064,0.5104077033459742,1.5513180473470987,2.061725750693073,-0.506162632,3.468972602,2.96280997,1982.0,exact
Jayson Tatum,2020-21,2112.0,4.099999904632568,-0.8999999761581421,3.200000047683716,4.372815512499311,-0.8805332898072072,3.4922822226921033,3.6501782871322512,3.072045180748092,-1.3107776437195677,1.7612675370285245,3.505056779,-0.079580289,3.42547649,2290.0,exact
Jrue Holiday,2020-21,1740.0,2.9000000953674316,1.399999976158142,4.300000190734863,3.1046671021889836,1.720340176974173,4.825007279163157,3.7541065281315924,1.399230112543199,0.6048061138043752,2.004036226347574,2.836221299,0.94491029,3.781131589,1907.0,exact
LeBron James,2020-21,1448.0,5.300000190734863,0.4000000059604645,5.599999904632568,5.57597424752096,1.3869353303157552,6.962909577836715,5.959118238252351,2.713509156189953,1.1371854853754477,3.8506946415654006,3.256172998,1.458890998,4.715063996,1504.0,exact
Mikal Bridges,2020-21,2163.0,1.7999999523162842,0.8999999761581421,2.700000047683716,1.2522010009715607,0.8336911747230614,2.0858921756946223,2.4157495979431767,0.07057287446386395,-0.5276366491040462,-0.4570637746401822,2.429094747,0.9239248729999999,3.35301962,2348.0,exact
Zion Williamson,2020-21,2026.0,3.5999999046325684,-0.800000011920929,2.9000000953674316,3.3943235854124194,-0.8531167521008802,2.541206833311539,3.404544304778876,0.023875447346048684,-0.6190189016022674,-0.5951434542562186,6.079077021,-1.263923461,4.815153559,2026.0,exact
James Harden,2020-21,1558.0,6.5,-2.0,4.5,5.25809890227032,-1.2641740025001125,3.9939248997702075,3.6774478405448967,5.343063049005417,-1.088784706733826,4.254278342271592,4.108055048796146,-0.19702390167122438,3.911031147124922,1609.0,exact
Chris Paul,2020-21,2046.0,3.799999952316284,-1.100000023841858,2.799999952316284,4.043834705505906,-0.08437446809786701,3.9594602374080385,4.335052073557261,5.124538038343337,-0.9093595386852974,4.215178499658039,3.832335423,0.728049631,4.560385053,2199.0,exact
Devin Booker,2020-21,2099.0,3.799999952316284,-1.2999999523162842,2.4000000953674316,3.6203810098511036,-1.2514648312456074,2.368916178605496,2.684157159402447,2.9976909996665966,-1.1102490526546007,1.8874419470119959,3.11565489,-0.742476917,2.373177974,2270.0,exact
Jakob Poeltl,2020-21,1657.0,-0.699999988079071,4.599999904632568,3.9000000953674316,-0.06639442415116126,3.1407850968994246,3.0743906727482635,2.9378892587330667,-0.66519410491074,3.283980038411872,2.618785933501132,-1.051994714,1.711763847,0.659769133,1845.0,exact
Joe Harris,2020-21,2075.0,2.0,0.5,2.5,1.8548952610488554,-0.29751713150053655,1.557378129548319,1.949430358719269,0.745539808947259,-0.4634327307289186,0.2821070782183404,2.54329042,-1.009285653,1.534004768,2141.0,exact
Thaddeus Young,2020-21,1499.0,3.5999999046325684,0.800000011920929,4.400000095367432,2.20085955865963,1.0500561287683456,3.250915687427976,2.7359714014411467,1.0364322632710266,0.673773022868629,1.7102052861396555,2.368875635,1.393061361,3.7619369960000006,1652.0,exact
Joe Ingles,2020-21,1682.0,3.0,0.5,3.5,3.0804170274577687,0.2080803112866453,3.288497338744414,3.10645818781663,1.4113289770232482,0.16684483602928685,1.5781738130525351,3.362124475,0.341901797,3.704026272,1867.0,exact
Jamal Murray,2020-21,1704.0,3.0,0.6000000238418579,3.5,3.3104608856465148,-0.2970294443033965,3.0134314413431182,2.6964944044701604,2.0507096025836544,-0.6270974724934749,1.4236121300901794,2.349642344,-0.18938730600000003,2.160255038,1704.0,exact
Montrezl Harrell,2020-21,1516.0,1.600000023841858,2.4000000953674316,4.0,0.6179458858603359,1.6558048222068946,2.2737507080672303,2.096714693752911,-0.490540908600037,2.6138206839022775,2.1232797753022403,1.9108269829999998,0.126913017,2.03774,1580.0,exact
Trae Young,2020-21,2009.0,5.800000190734863,-3.5999999046325684,2.200000047683716,6.675483346306884,-2.338358430930036,4.337124915376848,5.317082105343495,6.037779806432813,-1.7095842073452931,4.32819559908752,4.266390772,-1.886579415,2.379811357,2125.0,exact
Robert Covington,2020-21,2049.0,-0.30000001192092896,2.4000000953674316,2.0999999046325684,-0.4948872617873736,1.493646197729948,0.9987589359425744,1.5227647481987256,-0.700668527506463,-0.5775346989746241,-1.2782032264810872,-1.027300192,2.352632277,1.325332086,2243.0,exact
Donovan Mitchell,2020-21,1771.0,4.699999809265137,-1.7999999523162842,2.799999952316284,4.528826331321246,-1.8752343061912642,2.6535920251299814,3.199467474161746,4.254275539647767,-0.94072027731466,3.3135552623331073,3.201975592,-0.7769360040000001,2.425039588,1771.0,exact
Bam Adebayo,2020-21,1974.0,0.20000000298023224,1.899999976158142,2.0999999046325684,0.9383507077996983,1.2000945090510482,2.1384452168507466,1.902317650446524,1.0787706231630114,0.558101720459201,1.6368723436222123,1.903040982,0.670573706,2.573614688,2143.0,exact
Danny Green,2020-21,1801.0,0.5,2.0,2.5,0.6513645173491823,1.6163843428272575,2.26774886017644,1.5693236517376203,0.712904396526646,1.089436318621692,1.802340715148338,-0.242877089,2.037113911,1.794236822,1934.0,exact
Kyrie Irving,2020-21,1768.0,5.599999904632568,-3.0,2.700000047683716,5.455424250886328,-0.6273398228165267,4.828084428069801,4.831826193718329,3.6041868700654,-1.1958197782709354,2.4083670917944646,5.068109406,-0.582923152,4.485186254000001,1886.0,exact
CJ McCollum,2020-21,1384.0,3.9000000953674316,0.4000000059604645,4.300000190734863,4.033480470146811,-0.5147470120328053,3.518733458114006,3.1757421744463468,3.021697063651574,-0.7847144350296724,2.2369826286219014,5.322312321000001,-0.967834494,4.354477827,1600.0,exact
Khris Middleton,2020-21,2109.0,2.299999952316284,-0.699999988079071,1.600000023841858,2.6859503459366105,-0.9051752024264257,1.7807751435101848,1.6437297569522962,2.6747107061444106,-0.8163505243190758,1.8583601818253348,2.736549694,-0.555162278,2.181387415,2269.0,exact
Nikola Vucevic,2020-21,2181.0,1.0,0.6000000238418579,1.600000023841858,2.2628682854957987,0.35649264552212795,2.6193609310179267,1.1361109900303503,1.8711544620205693,0.5307681603900406,2.40192262241061,1.5244787398534922,-0.09869037882623508,1.425788361027257,2348.0,fuzzy
Nicolas Batum,2020-21,1745.0,0.0,2.5999999046325684,2.5999999046325684,0.5717175289982955,2.061943718102702,2.6336612471009975,2.6419805513703793,-0.44040204362336627,0.6618428246019319,0.22144078097856562,0.463553846,1.796076488,2.259630333,1835.0,exact
Jordan Clarkson,2020-21,1629.0,3.4000000953674316,-0.5,2.9000000953674316,2.7134488353700164,-0.6841854134626905,2.029263421907326,1.5241535331589775,3.58762660289662,-0.6008086757966746,2.9868179270999455,2.337665999,0.216269355,2.553935354,1818.0,exact
Zach LaVine,2020-21,1894.0,4.0,-1.899999976158142,2.0999999046325684,4.442081529293499,-1.4784179252801846,2.9636636040133144,1.3259926297922082,2.4987765137301157,-0.7446470940176081,1.7541294197125077,3.974701878,-0.904168203,3.070533675,2034.0,exact
Royce O'Neale,2020-21,2061.0,0.20000000298023224,1.600000023841858,1.7999999523162842,0.12480678866833693,1.0647755613400849,1.1895823500084217,2.2814055447435844,-1.1484239572750816,0.4835146754768783,-0.6649092817982033,-0.806349127,1.946847411,1.140498284,2241.0,exact
Ben Simmons,2020-21,1754.0,0.10000000149011612,2.4000000953674316,2.5,1.3164628245319416,2.255657604413589,3.5721204289455306,3.102517176526714,0.492349749559322,1.1724615689595062,1.664811318518828,0.544383744,2.092189065,2.636572809,1877.0,exact
Kyle Anderson,2020-21,1743.0,0.5,1.899999976158142,2.4000000953674316,0.6378846460063894,1.91195860943044,2.549843255436829,1.6990561266103386,1.0188515677975718,0.6840352483502903,1.702886816147862,1.039956108,1.565971223,2.605927331,1887.0,exact
John Collins,2020-21,1744.0,1.600000023841858,0.8999999761581421,2.4000000953674316,1.9327475155840876,-0.3474515340484297,1.585295981535658,2.062357681735542,0.07382126578352638,-0.052408263781448194,0.021413002002078185,2.787487658,-0.015252127,2.772235532,1848.0,exact
Tobias Harris,2020-21,1858.0,1.7999999523162842,0.30000001192092896,2.0999999046325684,1.7212651833795238,0.7149858895706319,2.4362510729501556,2.262096521143796,1.0501382689961076,0.9342883817028753,1.984426650698983,2.598720262,0.871175811,3.469896073,2014.0,exact
Terry Rozier,2020-21,2143.0,2.9000000953674316,-1.399999976158142,1.5,2.497438002184628,-0.9187344026878369,1.5787035994967908,1.1288976590645488,2.9435680516602423,-1.1250131754160297,1.8185548762442125,2.481040493,-0.080055281,2.400985211,2383.0,exact
Kemba Walker,2020-21,1256.0,3.4000000953674316,0.8999999761581421,4.400000095367432,2.982664262936003,-0.28329559526568926,2.6993686676703135,2.9139869963158334,2.8437670559078154,0.2553815835647863,3.0991486394726016,1.673646996,-0.48976991999999997,1.183877076,1369.0,exact
Harrison Barnes,2020-21,2102.0,1.399999976158142,-0.10000000149011612,1.2999999523162842,1.4307231719892772,-0.6561091865798045,0.7746139854094727,0.45262150366120313,0.09262383515107409,-1.3712765745108664,-1.2786527393597922,1.857637798,-1.171415415,0.686222383,2102.0,exact
Jaylen Brown,2020-21,1999.0,1.899999976158142,-0.5,1.399999976158142,1.9400025857549326,-0.561008691243413,1.3789938945115194,1.096650108648259,2.405823679620838,-0.3884257426216956,2.0173979369991426,2.97237836,-0.035030025,2.937348334,1999.0,exact
Delon Wright,2020-21,1551.0,1.100000023841858,1.600000023841858,2.700000047683716,1.4229182046607765,1.0583227828121122,2.481240987472889,0.6285005443303942,0.09920976287702053,-0.9764534369506412,-0.8772436740736207,0.3973195456887872,1.1540998876292907,1.551419433318078,1748.0,exact
Kevin Durant,2020-21,997.0,5.699999809265137,-0.20000000298023224,5.5,5.61073091537529,0.3166836618681987,5.927414577243488,4.953441606001357,3.67993742789275,0.0073848252125366665,3.6873222531052865,5.855812604,0.371192182,6.227004787,1157.0,exact
Richaun Holmes,2020-21,1687.0,0.20000000298023224,1.899999976158142,2.0999999046325684,0.009503517557617469,1.4666439725861047,1.4761474901437222,1.0910413445365703,-0.9990466444156503,0.887132449064547,-0.11191419535110325,0.980863339,-0.044812845,0.936050494,1782.0,exact
Brandon Ingram,2020-21,2093.0,3.5,-2.200000047683716,1.2000000476837158,3.987418909753167,-1.538321766768951,2.4490971429842157,1.825643152082632,3.3274359508940674,-1.6252518112709078,1.7021841396231596,2.94096484,-1.413864796,1.527100044,2093.0,exact
T.J. McConnell,2020-21,1604.0,1.100000023841858,1.2000000476837158,2.299999952316284,1.8480836108948768,2.004155664459852,3.8522392753547288,4.307961110056364,0.45175770991988745,-0.6395098254587744,-0.187752115538887,0.909929533,1.666893349,2.5768228820000005,1796.0,exact
Deandre Ayton,2020-21,2021.0,0.0,1.2000000476837158,1.2999999523162842,-0.5602093255564266,0.9336375424247961,0.3734282168683696,0.39738664175769484,-0.9693914782749188,1.4159613563823026,0.4465698781073838,0.482936102,0.62301628,1.105952382,2115.0,exact
Lonzo Ball,2020-21,1649.0,1.600000023841858,0.4000000059604645,2.0999999046325684,2.107011381661957,0.07092887716068257,2.1779402588226398,1.2720914918711719,2.2059040157142134,-0.6172378919121507,1.5886661238020627,0.03733679,0.7860916600000001,0.82342845,1747.0,exact
Karl-Anthony Towns,2020-21,1498.0,3.299999952316284,-0.800000011920929,2.5999999046325684,3.870078608701752,0.05042824946033064,3.9205068581620828,3.2502253945143216,2.114708633389037,0.3391407731634828,2.4538494065525196,2.274951424,-0.626225085,1.64872634,1689.0,exact
Jonas Valanciunas,2020-21,1623.0,1.5,0.6000000238418579,2.200000047683716,1.3297485450808157,1.5490029267135086,2.8787514717943243,2.74781583691245,0.9647290200861232,1.7816263018421736,2.746355321928297,1.736103577,0.168612893,1.90471647,1755.0,fuzzy
Derrick White,2020-21,1064.0,1.5,3.200000047683716,4.699999809265137,2.173526046128177,1.7351367969046727,3.90866284303285,2.8932199710213005,1.20651103146606,2.1589270228802495,3.36543805434631,1.286872291,0.828692972,2.115565263,1064.0,exact
Jae Crowder,2020-21,1508.0,-0.699999988079071,3.0999999046325684,2.4000000953674316,-0.05687511295436846,1.5265936280184558,1.4697185150640872,1.2031250637678619,0.5070980436225767,0.5897568758550581,1.096854919477635,-0.197943333,1.029935968,0.8319926350000001,1648.0,exact
Michael Porter Jr.,2020-21,1767.0,2.5,-0.800000011920929,1.7999999523162842,2.8194266182994663,0.16181563243422128,2.9812422507336875,2.518430871649777,0.7394119372915302,-0.33458644004388927,0.40482549724764094,3.40540206,0.238125149,3.643527209,1912.0,exact
OG Anunoby,2020-21,1433.0,0.20000000298023224,2.4000000953674316,2.5999999046325684,0.14429021362681863,2.3080563338173596,2.4523465474441783,1.8394363227267043,-0.45796023861459506,0.8382158438098324,0.3802556051952373,0.9605971299999999,1.071537073,2.032134204,1433.0,exact
Dorian Finney-Smith,2020-21,1761.0,0.5,1.100000023841858,1.600000023841858,0.2793121060924411,0.8580775038091032,1.1373896099015444,1.2769737593227672,-1.0586047565213255,-0.24603413177541614,-1.3046388882967417,0.703927848,0.696619323,1.40054717,1921.0,exact
Devonte' Graham,2020-21,1531.0,1.5,0.800000011920929,2.299999952316284,2.2971096310288073,-0.276428287625655,2.0206813434031523,1.2364166861985646,3.3511001168158745,0.24461950308156122,3.5957196198974355,1.087278638,-0.805987744,0.281290894,1659.0,exact
Myles Turner,2020-21,1455.0,-2.200000047683716,4.699999809265137,2.5,-2.1674312152090676,3.136362422217214,0.9689312070081466,0.14891759405451255,-1.636418769598256,2.9728189584739666,1.3364001888757107,-3.044524485,2.26025334,-0.784271145,1455.0,exact
Jarrett Allen,2020-21,1678.0,-0.30000001192092896,2.0,1.7000000476837158,-0.36764467585520294,0.6367911839497993,0.26914650809459634,-0.5981230141610667,-0.8687676367077355,1.278448962130202,0.4096813254224665,-0.5066836728969957,-0.09239479793991416,-0.5990784708369099,1864.0,exact
Chris Boucher,2020-21,1415.0,2.0999999046325684,0.4000000059604645,2.5,1.6320274837756032,0.671497434935738,2.303524918711341,1.5153366341297942,-0.3066705231168527,1.1639952856860905,0.8573247625692377,1.012615981,1.058774778,2.071390759,1453.0,exact
Derrick Rose,2020-21,1131.0,1.7000000476837158,2.0999999046325684,3.799999952316284,2.317573566497737,1.5225725111591941,3.8401460776569314,3.0116632509814836,1.0077335476607159,1.3081062381773474,2.3158397858380635,1.5295895973604376,0.5463148421985925,2.0759044402916342,1279.0,exact
Matisse Thybulle,2020-21,1264.0,-1.5,4.400000095367432,2.9000000953674316,-1.3799600098604452,2.942062086682642,1.5621020768221967,2.502403848640386,-2.3272107664116617,1.636561767404333,-0.6906489990073288,-2.116998963,4.971192609,2.854193646,1298.0,exact
Christian Wood,2020-21,1326.0,0.10000000149011612,2.5999999046325684,2.700000047683716,0.42838666119098595,2.1722833731723017,2.600670034363288,1.0608661728801299,-0.14671525259750265,1.4108876243033268,1.2641723717058242,0.11128890100000001,0.056468343,0.167757245,1326.0,exact
Luguentz Dort,2020-21,1519.0,-1.7999999523162842,3.799999952316284,1.899999976158142,-0.664513851803345,1.2889785745801705,0.6244647227768255,-0.8812519664251554,-0.3525655021408038,-0.18469941789421462,-0.5372649200350184,-1.6569404319999999,0.024284143,-1.632656289,1543.0,exact
Raul Neto,2020-21,1317.0,0.0,2.5,2.5999999046325684,-0.4385358343819152,1.930500167689966,1.4919643333080508,1.2179999235106094,-0.8492242121243466,0.3052359541014138,-0.5439882580229328,-0.461363744,0.546686397,0.085322654,1403.0,exact
Tim Hardaway Jr.,2020-21,1823.0,1.2000000476837158,-0.10000000149011612,1.0,1.4126861600802487,-1.161634292153604,0.2510518679266447,-0.13618946809807467,1.7890792962421813,-0.5272065551568071,1.2618727410853743,2.444076455,-1.305904718,1.138171737,1985.0,exact
Bobby Portis,2020-21,1284.0,1.100000023841858,1.5,2.5999999046325684,0.47276192365830366,0.9966121995481032,1.4693741232064068,1.0298361957766606,-0.04922587124363719,1.6197876571330707,1.5705617858894336,0.955510636,0.331275666,1.286786302,1372.0,exact
Marcus Smart,2020-21,1483.0,1.2000000476837158,0.6000000238418579,1.7999999523162842,0.943940300438748,1.1331169658515012,2.0770572662902493,1.7698312063193005,1.3612832805859882,-0.12064890715339058,1.2406343734325977,0.131694828,0.632298688,0.763993515,1581.0,exact
Alex Caruso,2020-21,1123.0,-1.399999976158142,4.599999904632568,3.200000047683716,-0.8145039293016065,3.4139018281121167,2.59939789881051,2.321277836843985,-0.9980157897370948,2.285050810436413,1.2870350206993182,-2.319847452,2.24837653,-0.071470923,1216.0,exact
Pat Connaughton,2020-21,1444.0,0.0,1.899999976158142,1.899999976158142,-0.382963657474817,0.7111418168032965,0.3281781593284795,0.6528612983051535,-1.1277326266298424,0.8345365159425864,-0.29319611068725604,-0.499677315,1.240048946,0.740371631,1575.0,exact
DeMar DeRozan,2020-21,1868.0,3.799999952316284,-2.9000000953674316,0.8999999761581421,3.562963538868799,-2.2513267863823887,1.31163675248641,0.47211072674026516,1.6395335991662785,-2.390417641731659,-0.7508840425653807,4.605772663,-1.325988279,3.279784384,2056.0,exact
De'Aaron Fox,2020-21,2036.0,3.200000047683716,-2.700000047683716,0.5,3.5281080370427893,-1.116025478167842,2.412082558874947,0.40616524879490784,2.5318853224528177,-1.8218778097403656,0.7100075127124521,2.602907027,-1.838737152,0.764169875,2036.0,exact
Buddy Hield,2020-21,2240.0,1.899999976158142,-1.7999999523162842,0.20000000298023224,2.148163257250904,-1.2380662645026528,0.9100969927482512,-0.03708569233278879,2.615392447169532,-1.462937495060583,1.152454952108949,0.847355061,-0.672070913,0.175284148,2433.0,exact
Dejounte Murray,2020-21,1946.0,0.800000011920929,-0.10000000149011612,0.699999988079071,1.3827049896187205,1.5542032815951703,2.9369082712138908,2.981999893848361,1.6672389373873806,-0.38772559967509657,1.279513337712284,-0.054828879,1.474183773,1.419354894,2139.0,exact
Pascal Siakam,2020-21,1976.0,1.2999999523162842,-0.6000000238418579,0.699999988079071,1.6311997494322743,-0.06943689512093228,1.561762854311342,1.9409494804759666,0.7016110801240419,-0.0694756330708513,0.6321354470531906,1.600439426,0.200876801,1.801316227,2006.0,exact
Jae'Sean Tate,2020-21,1909.0,-0.5,1.2999999523162842,0.699999988079071,-0.5071875403295868,1.2928664214254195,0.7856788810958327,0.09508838851861529,-1.0193157483731112,-0.32493778447947824,-1.3442535328525895,-0.02951384,0.236323809,0.206809968,2043.0,exact
Kyle Lowry,2020-21,1601.0,2.200000047683716,-1.0,1.2000000476837158,2.8793249370800695,-0.4224529428855382,2.456871994194531,1.3022937191308945,2.262788328117136,0.06878581619601412,2.33157414431315,0.761539574,-0.973472547,-0.211932973,1601.0,exact
Bogdan Bogdanovic,2020-21,1203.0,2.5,0.0,2.5,2.8820690401868005,0.4219183168935281,3.3039873570803286,2.6168380018076847,1.8175985467123215,0.15668884115773796,1.9742873878700595,3.746725482,0.162376442,3.909101924,1305.0,fuzzy
Malcolm Brogdon,2020-21,1930.0,1.7999999523162842,-1.2999999523162842,0.5,2.0769693976772903,-1.0615812530864586,1.0153881445908317,0.31646829652624414,1.7878766100537995,-0.3773978278024518,1.4104787822513476,1.400084476,-1.608638004,-0.208553528,1930.0,exact
Donte DiVincenzo,2020-21,1666.0,0.4000000059604645,0.5,1.0,0.9578220457031902,0.8414975270139501,1.7993195727171403,1.1709173800444772,0.27469539670678983,-0.20506928678377306,0.06962610992301677,0.300456744,1.302407557,1.602864301,1814.0,exact
Norman Powell,2020-21,1989.0,1.100000023841858,-0.800000011920929,0.30000001192092896,1.4894759942928075,-0.7305373369191872,0.7589386573736203,0.36252959752797437,0.16225855500007894,-1.1354352407531443,-0.9731766857530654,2.3205292674408162,-0.8098963658340136,1.5106329016068025,2205.0,exact
Miles Bridges,2020-21,1858.0,0.10000000149011612,0.4000000059604645,0.5,0.17095017621406652,-0.1644984008493366,0.006451775364729934,-0.5427392999519025,-0.5148381696601514,0.15025414026222433,-0.36458402939792706,0.09750433,0.340980113,0.438484443,1932.0,exact
Jalen Brunson,2020-21,1557.0,1.2999999523162842,-0.10000000149011612,1.2000000476837158,1.8530344332944184,0.2665473886030034,2.119581821897422,2.0276761264689305,0.7972074370066451,-0.22667598471938744,0.5705314522872577,1.992244779,-1.092618329,0.89962645,1697.0,exact
Facundo Campazzo,2020-21,1274.0,-0.6000000238418579,2.700000047683716,2.0999999046325684,-0.7602510517922397,1.8720910691903943,1.1118400173981544,1.2551507323797015,0.021844679931786085,0.13690629541614993,0.15875097534793603,-1.064904034,0.770475214,-0.294428821,1425.0,exact
Shai Gilgeous-Alexander,2020-21,1180.0,3.700000047683716,-1.2999999523162842,2.4000000953674316,4.444317945861691,-1.7084063466833672,2.7359115991783236,1.3574074172379913,2.0643165711871987,-1.3077387378939702,0.7565778332932285,3.6354364740000005,-0.76208108,2.873355394,1180.0,exact
RJ Barrett,2020-21,2286.0,0.30000001192092896,-0.4000000059604645,-0.20000000298023224,0.18138687420257218,0.27665952975291946,0.4580464039554917,0.10004980842127086,0.8395782583255934,0.4526792498289361,1.2922575081545296,0.041423781,0.548397985,0.589821766,2511.0,exact
Rudy Gay,2020-21,1232.0,-0.800000011920929,2.799999952316284,2.0999999046325684,0.26440370610904335,1.9719047316984721,2.2363084378075153,1.9762823449797013,0.7923943019757422,2.0760875283549654,2.8684818303307074,-0.606915143,1.469593944,0.862678801,1358.0,exact
Justin Holiday,2020-21,1993.0,-0.699999988079071,0.800000011920929,0.10000000149011612,-0.8501332554715443,0.3097015981057315,-0.5404316573658128,-0.9431675646490886,-0.03407982369304685,-0.00021976630964229416,-0.034299590002689145,-0.773716067,0.322524142,-0.451191925,2183.0,exact
Brook Lopez,2020-21,1771.0,-0.8999999761581421,1.399999976158142,0.6000000238418579,-0.2228144625614988,1.981049352172515,1.7582348896110163,1.3734671445894449,-1.1136481971210948,3.300014768614383,2.186366571493288,-0.530586002,0.236200988,-0.294385014,1902.0,exact
Isaiah Stewart,2020-21,1370.0,-1.399999976158142,3.0,1.600000023841858,-1.5063497026201453,2.2739898013645186,0.7676400987443732,0.29549965291365127,-0.5772359013501415,2.755394097179886,2.1781581958297442,-1.919926073,1.377883586,-0.542042487,1455.0,exact
Anthony Davis,2020-21,972.0,0.800000011920929,2.4000000953674316,3.200000047683716,1.5869618450993785,1.7696846118582457,3.356646456957624,3.412136975135059,1.455843621306855,1.0727050976724892,2.5285487189793443,1.747235063,2.660338126,4.407573189,1162.0,exact
Jerami Grant,2020-21,1805.0,0.8999999761581421,-0.5,0.4000000059604645,1.2166760337771503,-0.7094299263841904,0.5072461073929598,0.47109922451249425,1.2269220976846043,-0.9539902030677128,0.2729318946168915,1.088677291,-0.637402707,0.451274584,1829.0,exact
Cameron Johnson,2020-21,1437.0,-1.0,2.200000047683716,1.2999999523162842,-0.41099270956780604,0.6172963441998441,0.2063036346320381,0.6002545564691572,-0.03232024959826113,0.44718878385149163,0.4148685342532305,-0.072851578,-0.050336408000000006,-0.12318798600000001,1437.0,exact
Taj Gibson,2020-21,805.0,-0.800000011920929,5.0,4.199999809265137,-0.005465677080085825,3.159000994760915,3.153535317680829,2.3056790490067143,-1.516513974122012,2.5659005170020537,1.0493865428800417,-0.845006602,2.582667027,1.7376604250000003,936.0,exact
Kelly Olynyk,2020-21,1856.0,0.4000000059604645,-0.20000000298023224,0.20000000298023224,0.016949544957304247,0.9995764045484029,1.016525949505707,0.7902018897996778,-0.13760464862327548,0.7741845964070867,0.6365799477838112,-0.30141553818277406,0.7276419486184277,0.4262264104356535,1997.0,exact
Davis Bertans,2020-21,1308.0,2.200000047683716,-0.8999999761581421,1.2999999523162842,1.593764382713841,-0.3723036735020982,1.2214607092117429,0.6604340122891552,1.0706484101436784,-0.043022692245858175,1.0276257178978203,0.67945032,-0.271282566,0.40816775400000005,1464.0,fuzzy
De'Anthony Melton,2020-21,932.0,0.6000000238418579,2.299999952316284,2.9000000953674316,0.8834675238157264,1.8884514099181162,2.7719189337338426,2.3969066737608427,0.7419635160789615,1.0663064304896257,1.8082699465685872,-0.827673343,1.891025859,1.063352517,1045.0,exact
Cameron Payne,2020-21,944.0,2.299999952316284,0.6000000238418579,2.9000000953674316,2.506921536633283,0.2965604202378891,2.803481956871172,1.7436039281671853,0.8709146706632461,0.06321246502044611,0.9341271356836922,1.635014604,0.178157249,1.813171854,1079.0,exact
Duncan Robinson,2020-21,2101.0,0.5,-0.6000000238418579,-0.20000000298023224,0.8759513626512613,-0.39394302260447184,0.48200834004678944,-0.23640787853869835,1.7141930017666311,-0.16575416550054362,1.5484388362660875,0.008173703,-0.313223193,-0.30504949,2262.0,exact
Ivica Zubac,2020-21,1519.0,-1.0,1.7000000476837158,0.699999988079071,-1.1652681457779648,2.500344968051681,1.3350768222737164,0.6383018095817016,-0.7547942830652539,3.3172208022299277,2.562426519164674,0.10736972300000001,-0.168950847,-0.061581124,1609.0,exact
Steven Adams,2020-21,1605.0,-0.5,1.0,0.5,-0.12690562182518647,1.3001401069833127,1.1732344851581262,1.0684660386356943,-0.4056175460495297,0.7748156363171572,0.3691980902676275,-1.23848224,0.240597737,-0.997884503,1605.0,exact
Kevin Huerter,2020-21,2041.0,0.10000000149011612,-0.4000000059604645,-0.20000000298023224,0.27807955002880363,-0.020067720477148412,0.25801182955165525,-0.1812545265588211,0.8002651067613014,-0.4977832241833159,0.3024818825779855,0.842935803,0.291067709,1.134003512,2126.0,exact
Furkan Korkmaz,2020-21,1001.0,1.2999999523162842,1.100000023841858,2.4000000953674316,0.8833651294600678,0.5482454436545289,1.4316105731145967,1.2141768548415177,0.8130217723796398,0.4358293765175491,1.248851148897189,0.325848577,0.988955057,1.314803634,1062.0,exact
Paul Millsap,2020-21,1085.0,0.10000000149011612,1.7999999523162842,1.899999976158142,0.6267308058575072,1.029111623788257,1.6558424296457641,1.5959135510490015,-0.01603155559318536,0.2164607249651417,0.20042916937195634,0.517169988,1.13659113,1.653761118,1162.0,exact
Immanuel Quickley,2020-21,1194.0,2.9000000953674316,-1.2999999523162842,1.600000023841858,2.75692189444178,-0.44486784453050826,2.312054049911272,1.938107747345838,2.0543743191333093,0.2762245769425663,2.3305988960758754,0.631041653,-0.34824738,0.282794274,1243.0,exact
Domantas Sabonis,2020-21,2043.0,-0.10000000149011612,-0.20000000298023224,-0.20000000298023224,-0.28523627350183606,0.8163310609089045,0.5310947874070684,-0.3297468691612547,1.1444952828081076,0.9469328374069038,2.0914281202150113,1.634800123,0.132214605,1.767014728,2231.0,exact
Dennis Schroder,2020-21,1901.0,-0.10000000149011612,0.0,-0.10000000149011612,0.805903751815186,-0.351880947409428,0.45402280440575804,0.7319104580626518,0.740353275660403,-0.022138838483547498,0.7182144371768555,0.5536631079999998,0.897616307,1.451279414,1956.0,exact
Kenrich Williams,2020-21,1373.0,0.8999999761581421,0.10000000149011612,1.0,0.04303960117617539,0.6457402764007609,0.6887798775769363,-0.034453289878465694,-0.8376472860943539,-0.21545240127345489,-1.053099687367809,0.060859526,0.40882981500000004,0.469689341,1426.0,exact
LaMelo Ball,2020-21,1286.0,1.7999999523162842,-0.800000011920929,1.0,1.4054374575192563,-0.25101894084758236,1.154418516671674,-1.082957730641773,1.9726594193467948,-1.1529560246114627,0.819703394735332,-0.27665958,0.4916145029999999,0.214954923,1469.0,exact
Khem Birch,2020-21,1366.0,-1.399999976158142,2.299999952316284,0.8999999761581421,-1.2818750457902102,1.6240856862499076,0.3422106404596974,-0.3130588539898526,-1.5621233002228612,1.6583024998830662,0.09617919966020505,-1.241066410090909,-0.03523429216742969,-1.2763007022583388,1529.0,exact
Dillon Brooks,2020-21,1830.0,-0.699999988079071,0.6000000238418579,-0.10000000149011612,0.8219305133509361,0.4897838923874511,1.3117144057383872,0.7027297654617137,0.9701833193141172,0.2325670888125842,1.2027504081267013,-0.350101363,-0.150715185,-0.500816548,1997.0,exact
Blake Griffin,2020-21,1073.0,-0.10000000149011612,1.899999976158142,1.899999976158142,0.3710967945350621,0.30339987819102215,0.6744966727260843,0.3342353623125442,0.12516066532843126,1.201233462850954,1.3263941281793852,-0.005566370939291663,0.17882097512647557,0.17325460418718386,1186.0,exact
Josh Hart,2020-21,1349.0,-0.20000000298023224,1.100000023841858,0.800000011920929,-0.3431362530114415,0.08852273629207215,-0.2546135167193694,0.07260254482264478,-0.6840024937588531,-0.050660434603526025,-0.7346629283623791,-1.045954632,0.734228242,-0.311726389,1349.0,exact
Gordon Hayward,2020-21,1496.0,0.8999999761581421,-0.5,0.5,1.0865135945344724,-0.340518279557014,0.7459953149774583,0.8741952093964551,0.8019679241872328,-0.6020348514481524,0.19993307273908045,2.128616025,-0.064888776,2.063727249,1496.0,exact
Alec Burks,2020-21,1165.0,1.399999976158142,-0.10000000149011612,1.2999999523162842,1.5636925355478954,1.3638276158197058,2.9275201513676015,1.3285498145911485,1.1797364381473827,1.2374391120793875,2.41717555022677,0.969716771,1.199827946,2.169544717,1255.0,exact
Reggie Jackson,2020-21,1460.0,1.5,-1.100000023841858,0.5,1.344611870694689,0.15727748058172925,1.5018893512764182,1.0313414631218838,0.8475423491896589,0.1426786522812829,0.9902210014709418,1.7399264100000003,0.025294224,1.765220635,1544.0,exact
Enes Kanter,2020-21,1648.0,2.9000000953674316,-2.799999952316284,0.10000000149011612,1.6110096301036165,0.0882287139576023,1.6992383440612189,2.895730725340498,0.11577624888618288,0.7733987590479492,0.8891750079341321,,,,,none
Grayson Allen,2020-21,1259.0,0.30000001192092896,0.5,0.800000011920929,0.24591984511436313,-0.3766494248002572,-0.13072957968589408,-0.40977455553832715,-0.010819217860869954,-0.5397794890534933,-0.5505987069143632,0.388361915,0.134263915,0.52262583,1259.0,exact
Patty Mills,2020-21,1548.0,0.10000000149011612,0.0,0.10000000149011612,0.4731752208910412,-0.021037228735283797,0.4521379921557574,0.685082016785879,1.350406630977963,0.3235625813586537,1.6739692123366168,-0.47648661100000006,-1.097798165,-1.574284776,1685.0,exact
Jusuf Nurkic,2020-21,721.0,-1.600000023841858,5.199999809265137,3.5,-0.7252082224463096,3.063114772322095,2.337906549875785,2.7571044550710107,0.02657033463531644,1.606251403409482,1.6328217380447985,-0.010341517,1.684944371,1.674602854,880.0,fuzzy
Daniel Theis,2020-21,1551.0,-1.5,1.7000000476837158,0.20000000298023224,-0.9365851963788275,0.3639312346463046,-0.5726539617325229,-0.52361592783555,-1.0086014513258172,1.1303590276362123,0.12175757631039508,-0.9605591471630232,-0.07970421422423486,-1.040263361028732,1601.0,exact
Danilo Gallinari,2020-21,1154.0,1.7999999523162842,-0.800000011920929,1.100000023841858,1.2911059522015185,-0.7836120956884663,0.5074938565130521,0.9911472520226036,0.6988680906600955,-0.40903326590839484,0.28983482475170064,2.049870571,-0.771020557,1.278850014,1222.0,exact
Al Horford,2020-21,782.0,-1.0,3.700000047683716,2.700000047683716,-0.29895258420470316,1.8184155026406241,1.519462918435921,0.8841545751513792,0.5385350383272869,1.3625910559939731,1.90112609432126,-0.05863509000000001,0.797178064,0.7385429750000001,782.0,exact
Damion Lee,2020-21,1079.0,0.30000001192092896,1.0,1.2999999523162842,0.4906439091891584,0.9408989258773119,1.4315428350664703,0.7653610525992202,-0.4233860670384557,0.27418115234867546,-0.14920491468978025,-0.301851166,0.91298295,0.611131784,1079.0,exact
Garrett Temple,2020-21,1356.0,-1.2999999523162842,1.7000000476837158,0.4000000059604645,-1.0493829317153003,0.8887527590112837,-0.16063017270401658,-1.0225251292865838,-1.0467262347052873,0.3228951836341084,-0.7238310510711788,-1.8599121639999998,1.035998599,-0.8239135649999999,1528.0,exact
Aaron Gordon,2020-21,1283.0,-0.4000000059604645,0.8999999761581421,0.5,0.6113537159257677,0.14699611637706284,0.7583498323028306,0.8858933587681559,0.45051748894330723,0.18692433304032366,0.6374418219836309,-0.28518493675722545,0.19522682357803467,-0.08995811271098268,1384.0,exact
De'Andre Hunter,2020-21,625.0,-0.5,4.400000095367432,3.9000000953674316,-0.42840410300436954,2.2484923875832865,1.820088284578917,0.9565987476877945,-0.23417776293826623,1.4913250117734373,1.2571472488351711,1.579419788,-0.002156442,1.577263347,678.0,exact
Josh Jackson,2020-21,1478.0,-1.2999999523162842,1.2999999523162842,0.0,-0.8738330490394183,0.8931677953555619,0.019334746316143625,-0.9689087500755426,1.0170319007092212,0.3164933984929148,1.333525299202136,-2.153190097,0.6930947169999999,-1.46009538,1560.0,exact
Nerlens Noel,2020-21,1382.0,-2.4000000953674316,2.5999999046325684,0.20000000298023224,-2.0336204191401324,1.642901460347634,-0.3907189587924984,0.058272006745466676,-2.237957547439942,0.794165130309324,-1.443792417130618,-3.542297316,3.998194432,0.455897116,1547.0,exact
David Nwaba,2020-21,679.0,-0.10000000149011612,3.5,3.4000000953674316,-0.5479005293227611,2.7883613023310745,2.2404607730083135,1.2835892970784926,-1.4195275381731534,1.4931386240403068,0.07361108586715348,-0.194285776,0.881155183,0.686869406,679.0,exact
Kristaps Porzingis,2020-21,1245.0,1.5,-0.8999999761581421,0.6000000238418579,1.156820702124395,-0.2747729988177452,0.8820477033066498,0.1927814652430682,0.7278413518898084,-0.23371727711940776,0.4941240747704006,1.20926744,-0.43352336499999994,0.775744075,1327.0,fuzzy
Bruce Brown,2020-21,1314.0,0.30000001192092896,-0.10000000149011612,0.30000001192092896,-0.0944238508466501,0.3851333188700757,0.29070946802342557,0.5252027691835337,-0.8351888673711654,-0.4698371532263722,-1.3050260205975377,-0.170432972,0.517499886,0.347066914,1451.0,exact
Serge Ibaka,2020-21,919.0,-0.8999999761581421,2.4000000953674316,1.5,-0.056782878821602156,0.5836270222564283,0.5268441434348261,0.05683832970244335,-0.30067459935064555,1.9432988508049003,1.6426242514542548,-0.327845528,0.256942018,-0.07090351,955.0,exact
Jeremy Lamb,2020-21,765.0,2.9000000953674316,-0.5,2.4000000953674316,1.5209969190076684,-0.3632491880039845,1.1577477310036839,0.7676044205218354,-0.12872367689839032,-0.17422455011343135,-0.30294822701182167,0.7724419140000001,0.842142105,1.614584019,765.0,exact
Garrison Mathews,2020-21,979.0,0.30000001192092896,1.0,1.2999999523162842,-0.4261072383268021,-1.390458923092644,-1.8165661614194462,-0.33455890556928497,-0.5439425185917618,-1.333969069499402,-1.8779115880911639,-0.434096942,-0.903300364,-1.337397307,1038.0,exact
Georges Niang,2020-21,1017.0,0.10000000149011612,1.0,1.2000000476837158,0.5295269998976749,1.8758470170695505,2.4053740169672255,1.5029317665668283,-0.10209138824768743,1.9563198006369058,1.8542284123892183,0.418733114,0.609357754,1.028090869,1154.0,exact
Andrew Wiggins,2020-21,2227.0,-1.100000023841858,0.20000000298023224,-1.0,-0.12028650097931526,0.8294563972620977,0.7091698962827825,-0.5149143642745626,0.39592738139772654,0.6497314513437208,1.0456588327414473,0.24075867300000003,0.194758565,0.435517238,2364.0,exact
Kent Bazemore,2020-21,1185.0,-2.200000047683716,2.5999999046325684,0.4000000059604645,-0.7518739789958659,3.398640244025431,2.646766265029565,1.9796020234585623,-1.0734182523135896,2.209072526680108,1.1356542743665183,-1.8699722089999997,2.545774398,0.675802189,1333.0,exact
PJ Dozier,2020-21,1088.0,-1.7000000476837158,2.4000000953674316,0.800000011920929,-1.4454443875601486,1.6554594187222722,0.2100150311621236,0.6167873077928497,-0.8367018807500572,1.2775567542087587,0.44085487345870145,-1.261323456,1.198165439,-0.063158017,1088.0,exact
Andre Drummond,2020-21,1093.0,-2.0999999046325684,2.5999999046325684,0.5,-0.2036085499428212,1.74311540170672,1.5395068517638988,0.8664662020719377,-0.45012372636480535,0.6342084191630856,0.18408469279828021,-2.958597321138486,2.235694834942029,-0.7229024861964573,1242.0,exact
Derrick Favors,2020-21,953.0,-0.4000000059604645,1.399999976158142,1.100000023841858,-0.635541795842453,-0.13977141120153885,-0.7753132070439919,-0.23257929569277958,-1.4192581994217213,1.1230272895284181,-0.29623090989330314,-0.745975011,1.385967797,0.639992786,1039.0,exact
Marcus Morris Sr.,2020-21,1414.0,1.399999976158142,-1.5,-0.10000000149011612,0.984074798566593,-1.4289289503669051,-0.4448541518003122,-0.5931333364325146,0.769232457525452,-1.1809617296465271,-0.41172927212107513,1.062418685,-0.478997948,0.583420737,1502.0,exact
Tomas Satoransky,2020-21,1242.0,0.4000000059604645,-0.10000000149011612,0.30000001192092896,0.7831985313732099,-0.17915837170850837,0.6040401596647016,-0.05639198820314833,0.5467809524389844,-0.5933355380020264,-0.04655458556304204,1.014561226,0.05870787500000001,1.073269101,1307.0,fuzzy
Jarred Vanderbilt,2020-21,1004.0,-1.7000000476837158,2.700000047683716,0.8999999761581421,-0.9373164145742532,3.1827097771067003,2.245393362532447,1.8354324610872839,-2.048964741626688,1.7335105758091585,-0.3154541658175294,-0.757338884,2.242369944,1.48503106,1139.0,exact
Evan Fournier,2020-21,1094.0,1.2000000476837158,-0.699999988079071,0.5,2.291748302627242,-0.5256138752636155,1.7661344273636266,1.0896791400316175,0.9334910834268202,-0.5112002630616492,0.42229082036517096,2.247912413572677,-0.32078935409769666,1.9271230594749802,1259.0,exact
Maxi Kleber,2020-21,1308.0,-1.5,1.399999976158142,-0.10000000149011612,-0.860608937333537,0.6700071309392204,-0.19060180639431668,-0.201255112160571,-1.2507368281410178,1.1054308556159314,-0.14530597252508648,-0.7820842119999999,0.911238373,0.129154161,1341.0,exact
Chuma Okeke,2020-21,1133.0,-1.399999976158142,1.7000000476837158,0.30000001192092896,-1.2057320495511823,0.9467028509851293,-0.259029198566053,-0.5410510516055499,-0.802632365991318,0.03709153761946554,-0.7655408283718526,-1.185415078,0.879265123,-0.306149954,1133.0,exact
Brandon Clarke,2020-21,1326.0,-1.399999976158142,1.2000000476837158,-0.20000000298023224,-0.5853379193458947,1.328675854003043,0.7433379346571483,0.5815987642623158,-1.1253253888332098,0.3003305462090811,-0.8249948426241287,0.514403079,1.156948985,1.671352064,1415.0,exact
Daniel Gafford,2020-21,706.0,0.8999999761581421,1.2000000476837158,2.0999999046325684,1.1795049163045623,1.0665842581493998,2.246089174453962,2.7116748645851882,-0.9951625827085393,1.8621720817564507,0.8670094990479114,0.15322268953603035,2.047161127565108,2.200383817101138,791.0,exact
Marc Gasol,2020-21,908.0,-1.7999999523162842,2.799999952316284,0.8999999761581421,-0.5985606687483981,1.925810882059879,1.3272502133114807,0.6994628294439753,-0.8202351798626304,2.9354152294758857,2.1151800496132553,-3.0301496,2.259275357,-0.770874243,993.0,exact
Talen Horton-Tucker,2020-21,1173.0,-1.5,1.600000023841858,0.10000000149011612,-1.1568282737423694,1.4692812191901752,0.3124529454478058,-0.4276585431116972,-0.49294104795322835,1.1000071595649832,0.6070661116117548,-0.943244913,1.6462574580000002,0.703012546,1304.0,exact
Caris LeVert,2020-21,1308.0,0.30000001192092896,-0.6000000238418579,-0.30000001192092896,1.135538947771378,-0.07004992907647532,1.0654890186949026,-0.07046828421555688,1.2107097898025747,-0.3124712210289219,0.8982385687736528,1.8606590271440109,0.11218605862853298,1.9728450867725438,1486.0,exact
Kevon Looney,2020-21,1031.0,-1.0,1.600000023841858,0.6000000238418579,-0.8227010950217646,1.2319497378691464,0.4092486428473818,0.057082300847956235,-1.0946736506818415,1.9992900957003692,0.9046164450185277,-1.867832865,0.443303403,-1.424529463,1161.0,exact
Shake Milton,2020-21,1353.0,0.4000000059604645,-0.699999988079071,-0.20000000298023224,0.8697093765309284,-0.729895043896471,0.13981433263445742,-0.021264202297221396,1.2348273426411993,0.4534401348461121,1.6882674774873114,0.662586757,-0.695191499,-0.032604742,1461.0,exact
Ja Morant,2020-21,1875.0,2.0,-2.9000000953674316,-0.8999999761581421,3.3165479731608816,-2.1494020607496886,1.167145912411193,1.5046864445011792,2.6889950642445424,-1.470746165291398,1.2182488989531444,0.473624646,-1.236049646,-0.762425,2053.0,exact
Monte Morris,2020-21,1151.0,0.4000000059604645,-0.20000000298023224,0.20000000298023224,0.6296134342751986,0.2772003427951044,0.906813777070303,0.009034122449589755,-0.7824240826048451,0.0029833176222026775,-0.7794407649826424,0.554312068,-0.626465327,-0.072153258,1196.0,exact
Larry Nance Jr.,2020-21,1091.0,-2.5,2.799999952316284,0.30000001192092896,-1.4851131582484545,2.6397835972706676,1.1546704390222131,0.3796762634100525,-0.635498510152773,1.198135987351795,0.5626374771990219,-0.998804865,1.862556637,0.863751772,1091.0,exact
Josh Okogie,2020-21,1111.0,-1.7000000476837158,1.7999999523162842,0.20000000298023224,-2.242953742263145,0.8238526124637056,-1.4191011297994396,-1.8061111361975597,-1.654092031281838,-0.8650965516719225,-2.5191885829537606,-2.250074214,0.165996949,-2.084077265,1197.0,exact
Dwight Powell,2020-21,821.0,-0.5,1.899999976158142,1.399999976158142,-0.5811872914798308,2.093056405970588,1.5118691144907572,1.1430966791667918,-1.5221581412453606,1.3892736612609957,-0.13288447998436492,0.217821825,0.638597262,0.856419087,966.0,exact
Nicolas Claxton,2020-21,486.0,-1.899999976158142,5.699999809265137,3.799999952316284,-1.9468234939698534,4.172953837632709,2.226130343662855,1.7193961887331575,-2.484775911255047,4.077986664326533,1.5932107530714856,,,,,none
Tyrese Haliburton,2020-21,1746.0,1.5,-2.5,-1.0,1.1612801748320418,-1.2209203660602166,-0.059640191228174766,-0.5266158018570778,0.9763309640241583,-2.031606118930815,-1.0552751549066568,1.090334985,-1.075798685,0.0145363,1746.0,exact
Mike Muscala,2020-21,645.0,0.10000000149011612,2.0999999046325684,2.200000047683716,0.3882596734833556,2.4135837227358037,2.801843396219159,2.3694479463422797,0.005833183051443952,3.6072396989598605,3.6130728820113043,-0.362673124,-0.699117014,-1.061790138,645.0,exact
Victor Oladipo,2020-21,1080.0,-1.5,1.5,0.0,-0.5944503085631859,1.9306902660417091,1.336239957478523,0.46554969869634655,1.225014657062106,1.2075426284494053,2.4325572855115114,-0.1728265104666666,0.35062454145277777,0.17779803098611116,1080.0,exact
Robert Williams III,2020-21,974.0,0.800000011920929,-0.20000000298023224,0.6000000238418579,1.2030752465953218,1.0027274442941245,2.2058026908894464,3.135126723836347,-0.15512995881895178,0.991252834737072,0.8361228759181203,1.529918101,2.439127173,3.969045274,985.0,exact
Reggie Bullock,2020-21,1707.0,-0.30000001192092896,-0.699999988079071,-1.0,-0.46046116239404916,-0.5495180106894724,-1.0099791730835215,-0.31846928902131344,-0.21596100130750823,-0.17864971494400794,-0.39461071625151617,0.19511577,0.32542554,0.520541311,1949.0,exact
Kentavious Caldwell-Pope,2020-21,1700.0,-0.8999999761581421,-0.10000000149011612,-1.0,-0.07376932811785171,0.5997167563635128,0.5259474282456611,0.3521453433989492,-0.7955008113296986,0.03962564936905773,-0.7558751619606409,-0.395406863,1.353344256,0.957937393,1902.0,exact
Willie Cauley-Stein,2020-21,815.0,-2.0999999046325684,3.0999999046325684,1.0,-1.700884556340433,2.3232773476410613,0.6223927913006284,1.2385813417779492,-2.202445745699504,2.1451266545910648,-0.057319091108439135,-1.440345977,1.34254593,-0.097800047,906.0,exact
Derrick Jones Jr.,2020-21,1288.0,-1.7999999523162842,1.399999976158142,-0.4000000059604645,-1.701817974893655,0.09685427031593356,-1.6049637045777214,-1.039186180438043,-1.6338646942433566,-0.5983867256472242,-2.2322514198905807,-0.8766075910000001,-0.588955179,-1.46556277,1318.0,exact
Cory Joseph,2020-21,1395.0,-1.0,0.4000000059604645,-0.6000000238418579,-1.0303174839011515,-0.21813588001520576,-1.2484533639163573,-1.2495173321343864,-0.16680449237937275,-1.1290901085711376,-1.2958946009505103,-1.2532116098658368,-0.824615004118949,-2.077826614637621,1446.0,exact
Kendrick Nunn,2020-21,1505.0,0.4000000059604645,-1.2000000476837158,-0.800000011920929,0.8577697323096617,-0.38298574391568535,0.47478398839397634,-0.7018915693815654,0.07570726331358069,-0.3419880332709012,-0.26628076995732053,-0.398191128,-0.341471405,-0.739662533,1650.0,exact
Naz Reid,2020-21,1232.0,-1.399999976158142,1.0,-0.5,-1.307151271588538,0.6686528306711526,-0.6384984409173855,-1.3255427663268524,-0.8696065788182133,1.4568452046363896,0.5872386258181762,-1.052309791,-1.515724008,-2.568033798,1347.0,exact
Xavier Tillman,2020-21,1013.0,-0.699999988079071,0.8999999761581421,0.20000000298023224,-0.8297189605961878,2.1166992278466323,1.2869802672504447,0.6577676150742932,-1.4168705261285648,2.237968956897096,0.8210984307685314,-0.576000231,1.136920955,0.560920724,1085.0,exact
Tony Bradley,2020-21,635.0,0.800000011920929,0.699999988079071,1.600000023841858,-0.4522508018582947,0.7083047485630257,0.25605394670473103,-0.41410991305667383,-1.0057029053084365,1.4051819169985145,0.39947901169007793,0.06026201938157897,0.15577179028654978,0.2160338090877193,684.0,exact
DeMarcus Cousins,2020-21,668.0,-1.600000023841858,2.9000000953674316,1.2999999523162842,-1.0595129003155432,2.98136470430955,1.9218518039940067,1.439758208708657,0.9616490110046487,2.647342132768014,3.6089911437726627,-2.879849689967742,1.2947461658709678,-1.585103523387097,713.0,exact
Seth Curry,2020-21,1523.0,0.699999988079071,-1.600000023841858,-0.8999999761581421,1.3763798610350708,-1.2223560445453143,0.1540238164897565,0.4704700293876877,0.5279223590066401,-0.12588374599077318,0.4020386130158669,1.4404798449999998,0.251114057,1.691593903,1638.0,exact
James Ennis III,2020-21,986.0,0.0,0.0,0.0,0.39259715538330736,0.49948770483029276,0.8920848602136001,0.35341652438682636,-1.1564128692928486,-0.3945176530353011,-1.5509305223281498,-0.183372859,-0.03558643,-0.218959289,986.0,exact
Willy Hernangomez,2020-21,697.0,-0.10000000149011612,1.2000000476837158,1.100000023841858,-0.22850079848510604,-0.12190695717970372,-0.35040775566480975,-0.2216039136206205,-0.3981334354653915,0.2786566675132582,-0.1194767679521333,-0.122265548,-0.205125947,-0.327391494,846.0,exact
Payton Pritchard,2020-21,1160.0,0.6000000238418579,-0.8999999761581421,-0.4000000059604645,0.33083693687709514,-1.1981261248998265,-0.8672891880227314,-0.17743580652685112,-0.49805720920262986,-0.957112944297323,-1.4551701534999528,0.623790508,-0.617689076,0.006101431,1268.0,exact
Juan Toscano-Anderson,2020-21,956.0,-1.899999976158142,2.0,0.10000000149011612,-0.5893005521456641,1.8923033757869236,1.3030028236412594,1.1990267970974449,-1.6247168441223732,1.4477293325453071,-0.17698751157706605,-0.717047083,2.267803517,1.550756434,1107.0,exact
Trevor Ariza,2020-21,681.0,-1.100000023841858,2.0,0.8999999761581421,-0.8589404696271113,0.9452939056611852,0.08635343603407386,-1.418428014338047,-0.7309617249188529,0.41263955383069684,-0.3183221710881561,-0.914627645,1.52832304,0.613695395,841.0,exact
Hamidou Diallo,2020-21,1161.0,-0.800000011920929,0.30000001192092896,-0.5,-0.613228215492188,0.7618136964776459,0.14858548098545787,0.4074733631766481,-0.946891336585697,0.05444011097703155,-0.8924512256086654,-1.1141243403107668,0.3493193332202283,-0.7648050070905383,1226.0,exact
Wayne Ellington,2020-21,988.0,1.7999999523162842,-1.899999976158142,-0.10000000149011612,1.7746762599939643,-2.5859772753736845,-0.8113010153797202,-1.7874349015494737,0.9756799196225511,-1.339268498233957,-0.36358857861140603,0.915462692,-1.138796795,-0.223334103,1012.0,exact
Darius Garland,2020-21,1778.0,0.10000000149011612,-1.399999976158142,-1.2999999523162842,0.8856496770963199,-0.6392148023566414,0.2464348747396785,-0.693121110390507,1.683518367677586,-0.7068800363386494,0.9766383313389366,-0.545005494,-1.280562961,-1.825568454,1790.0,exact
Tyler Herro,2020-21,1472.0,-0.5,-0.6000000238418579,-1.100000023841858,0.0937747155016579,-0.7729937489428976,-0.6792190334412397,-1.7698066810235744,1.297312464734766,-0.17991075793432235,1.1174017068004436,-0.631632097,-0.326971438,-0.958603536,1635.0,exact
George Hill,2020-21,555.0,1.2000000476837158,0.800000011920929,2.0,-0.02719812065036654,0.8705705399826721,0.8433724193323056,1.0872305165201348,-0.7810976808797965,-0.3636480049152937,-1.1447456857950902,-0.59491925178125,-0.31685419426339284,-0.91177344559375,672.0,exact
Robin Lopez,2020-21,1266.0,-1.2999999523162842,0.6000000238418579,-0.800000011920929,-1.096507265475222,0.6317098428586608,-0.4647974226165611,-0.9178379057657463,-0.4663710343689541,2.4118517610512957,1.9454807266823417,0.00057564,-2.047217249,-2.046641609,1354.0,exact
Terance Mann,2020-21,1215.0,-0.6000000238418579,0.0,-0.699999988079071,-0.7456667820455598,-0.11986320508458477,-0.8655299871301446,-0.7652249016201891,-0.9936521932680943,0.17049585726608643,-0.8231563360020079,0.40690026100000004,-0.140298009,0.266602252,1263.0,exact
Dennis Smith Jr.,2020-21,420.0,-1.600000023841858,4.800000190734863,3.200000047683716,-0.47778557942681615,1.461219652980355,0.9834340735535387,0.4972224157661372,1.4453619074661221,1.5002776444374626,2.945639551903585,-1.6709722766,1.6929071524666668,0.021934875866666644,420.0,exact
Patrick Beverley,2020-21,758.0,0.10000000149011612,0.20000000298023224,0.30000001192092896,0.5187350055916454,1.8080799592042769,2.3268149647959224,1.5388075202571472,0.17056887220653288,0.681954940456958,0.8525238126634909,-1.626890425,1.411417441,-0.215472984,832.0,exact
Andre Iguodala,2020-21,1244.0,-2.299999952316284,1.5,-0.800000011920929,-2.3939976244924566,1.6786122364888083,-0.7153853880036483,-0.924671824787619,-0.7776698998353141,0.21506254346662262,-0.5626073563686915,-3.036334237,1.464745943,-1.571588293,1339.0,exact
Tyus Jones,2020-21,1142.0,-0.10000000149011612,-0.6000000238418579,-0.699999988079071,-0.5530264999210721,0.22156190686873312,-0.331464593052339,-0.6945678208403997,0.9928126527029564,-0.36077757261526344,0.6320350800876929,-0.076512475,-0.26372437,-0.340236845,1222.0,exact
Mitchell Robinson,2020-21,853.0,-2.0999999046325684,2.0999999046325684,0.0,-1.1109623006126732,1.667371132417155,0.5564088318044818,-0.18601432395305706,-1.244005727684265,1.2997145382994784,0.05570881061521327,-0.978661049,1.898640158,0.919979109,853.0,exact
P.J. Washington,2020-21,1743.0,-1.899999976158142,0.5,-1.399999976158142,-0.959090816601754,0.6194692891042813,-0.33962152749747265,-0.06153601804144684,-0.7153569987025011,0.1496707929549217,-0.5656862057475794,-1.486540146,1.463783112,-0.022757033999999995,1954.0,exact
Cody Zeller,2020-21,854.0,-0.20000000298023224,0.20000000298023224,0.0,0.5949408051006949,0.9491401625418175,1.5440809676425125,0.011469124493534802,-0.18803439680340545,1.4300866164215327,1.2420522196181272,0.113533464,-0.397739496,-0.284206032,1005.0,exact
Nickeil Alexander-Walker,2020-21,851.0,-1.399999976158142,1.2999999523162842,-0.10000000149011612,-0.7455243996734248,0.827400559867192,0.0818761601937672,-0.8589088270265144,0.48531184685644924,-0.28517283641164703,0.2001390104448022,-1.126758103,0.613288561,-0.513469542,1007.0,exact
Drew Eubanks,2020-21,660.0,-2.299999952316284,2.9000000953674316,0.6000000238418579,-1.9946480161819657,0.9534702972730514,-1.0411777189089144,-1.1905297837517506,-0.7803321346650601,2.1276926608679343,1.3473605262028743,-2.492584452,0.270323158,-2.222261294,755.0,exact
JaMychal Green,2020-21,981.0,0.10000000149011612,-0.699999988079071,-0.6000000238418579,-0.11090395891662008,-0.362409367236314,-0.4733133261529341,-0.48518950765750485,0.3690479128878371,-0.02282927899537096,0.34621863389246615,-0.586098943,-0.39106379,-0.9771627329999999,1120.0,exact
Isaiah Hartenstein,2020-21,546.0,-2.200000047683716,3.299999952316284,1.100000023841858,-0.967619113544559,1.50102684804331,0.533407734498751,-0.4727860690012946,-1.048385208627697,1.7478351746592575,0.6994499660315605,-2.3485324809856887,1.1843926043577817,-1.1641398761413237,559.0,exact
Cody Martin,2020-21,849.0,-2.0,1.7999999523162842,-0.20000000298023224,-1.6502888318752273,1.3590259990026932,-0.2912628328725342,-0.9403178745797444,-1.257388242809689,0.5022206651430112,-0.7551675776666777,-1.907652438,0.7847675880000001,-1.12288485,849.0,exact
Wesley Matthews,2020-21,1009.0,-2.0,1.399999976158142,-0.6000000238418579,-2.137160642485554,1.9925503735449812,-0.1446102689405726,-0.2970679197602432,-1.9051240940141327,0.9041763010972532,-1.0009477929168795,-2.288560154,1.269963893,-1.018596262,1130.0,exact
Taurean Prince,2020-21,905.0,-0.4000000059604645,0.0,-0.5,0.0073595027494220144,-1.6643950372986243,-1.6570355345492023,-1.989045380400702,0.18912041840459654,-0.950800563242477,-0.7616801448378805,-1.5241833847823205,-0.17998016920110496,-1.7041635537425417,905.0,exact
Landry Shamet,2020-21,1267.0,-0.699999988079071,-0.30000001192092896,-1.0,-0.4009697216845456,-1.1019531622872842,-1.5029228839718298,-1.2592460869190243,0.09838374086953694,-0.9706637554658973,-0.8722800145963604,0.198293231,-1.267900693,-1.069607462,1403.0,exact
John Konchar,2020-21,503.0,0.10000000149011612,0.8999999761581421,1.0,0.023031668273058775,1.285951186036406,1.3089828543094646,0.9601764914993955,-0.7196461468295302,0.647238008707572,-0.07240813812195823,0.106816879,1.518116559,1.624933438,575.0,exact
Malik Monk,2020-21,794.0,1.399999976158142,-1.600000023841858,-0.20000000298023224,1.1550465972600341,-1.7937013140762401,-0.638654716816206,-0.8240387000754591,0.7560333823600397,-1.0906276011790559,-0.3345942188190162,0.640823035,-1.206132065,-0.56530903,878.0,exact
Dario Saric,2020-21,776.0,-1.0,0.699999988079071,-0.30000001192092896,-0.2603552898481439,1.9601477146459405,1.6997924247977967,1.010586209771758,-0.5738814569547808,1.9818258387296703,1.4079443817748896,-0.687271604,0.167840697,-0.519430907,871.0,fuzzy
Ish Smith,2020-21,797.0,-0.6000000238418579,0.4000000059604645,-0.20000000298023224,-0.06912535174145248,0.9968430102649938,0.9277176585235413,0.039881051002798845,-0.23885999977777395,0.4868551713200884,0.24799517154231443,-1.659623748,0.779926328,-0.879697421,924.0,exact
Dwight Howard,2020-21,1104.0,-2.0999999046325684,0.8999999761581421,-1.2000000476837158,-1.388570290295058,1.5202675274816562,0.1316972371865981,0.4810361847418106,0.4135568477310148,2.1133728838282204,2.5269297315592354,-3.904580263,0.692376342,-3.212203921,1196.0,exact
Darius Miller,2020-21,197.0,2.299999952316284,3.5,5.800000190734863,1.4148345067573056,5.063592181927121,6.478426688684427,3.952275151498459,0.786738156799685,2.7732061731231274,3.5599443299228124,1.88572807,3.356736045,5.242464115000001,197.0,exact
Moritz Wagner,2020-21,574.0,-3.0,3.4000000953674316,0.4000000059604645,-1.1341611577945374,0.4719125252119925,-0.662248632582545,-1.2437623912362616,-1.4855697715385752,2.114178456975881,0.6286086854373059,-2.6212324189861493,-0.5380007153074792,-3.159233133897507,722.0,exact
Malik Beasley,2020-21,1214.0,0.8999999761581421,-2.4000000953674316,-1.5,0.860888719730189,-2.151864586876402,-1.290975867146213,-1.3028161886481084,1.3034014056533347,-1.8862340560504043,-0.5828326503970696,1.102495266,-1.806824752,-0.704329486,1214.0,exact
Oshae Brissett,2020-21,350.0,1.100000023841858,0.6000000238418579,1.600000023841858,-0.10394687198117704,0.09911836230402238,-0.00482850967715466,0.5081921497886329,-1.913621008892809,0.07291846775396414,-1.840702541138845,1.31206954,1.204149467,2.516219007,519.0,exact
Trey Burke,2020-21,826.0,-0.10000000149011612,-0.699999988079071,-0.800000011920929,0.16903968601279948,-0.8097046025466357,-0.6406649165338362,-0.8776713170511156,0.34907180411432287,-0.799805939206012,-0.4507341350916891,-0.588383068,-0.963901594,-1.552284662,911.0,exact
Wendell Carter Jr.,2020-21,1296.0,-2.700000047683716,1.2000000476837158,-1.5,-2.173108681448671,0.8477870325470328,-1.325321648901638,-1.8629410897571297,-0.9754151223412755,1.3142197193092868,0.33880459696801135,-1.909540270656,-0.44725548702400003,-2.3567957572559997,1375.0,exact
Michael Carter-Williams,2020-21,800.0,-4.199999809265137,3.5,-0.800000011920929,-2.5377102888426664,1.8478707532185148,-0.6898395356241516,-1.2951967289081128,-0.8955503310914035,1.5189718204655307,0.6234214893741272,-2.97114575,0.824931613,-2.146214137,800.0,exact
Gorgui Dieng,2020-21,497.0,0.800000011920929,-0.20000000298023224,0.6000000238418579,-0.5395086784838775,0.02830138726915753,-0.51120729121472,-0.4890052550673413,-0.564698156116354,0.1509324644210277,-0.4137656916953263,0.15705634064673912,-0.33339725232065215,-0.176340911673913,552.0,exact
Frank Kaminsky,2020-21,596.0,-0.5,0.30000001192092896,-0.20000000298023224,-0.8692085741936095,0.4377631533920138,-0.4314454208015957,-0.3020175312119264,-0.6477272177519079,1.306791266147554,0.6590640483956461,-0.637622739,-0.290934032,-0.9285567710000001,715.0,exact
Ricky Rubio,2020-21,1612.0,-1.2000000476837158,-0.6000000238418579,-1.7000000476837158,0.22768631238873024,0.11027457764586472,0.33796089003459495,-0.6406173036534174,1.029673636600174,-1.4095190413177263,-0.37984540471755235,-0.36130126300000004,-0.052604031,-0.413905294,1772.0,exact
Denzel Valentine,2020-21,997.0,-1.399999976158142,0.20000000298023224,-1.2000000476837158,-0.905328648556425,0.4798807304841793,-0.42544791807224575,-0.5198342118243375,0.5022717514126888,-0.08825202744770183,0.41401972396498693,-1.801189755,0.791244833,-1.009944922,1036.0,exact
Dean Wade,2020-21,1017.0,-1.2000000476837158,0.0,-1.2999999523162842,-0.7845282856662115,-0.21659943430115144,-1.001127719967363,-1.4830493464597039,-0.7059336211231436,-0.19312204374345618,-0.8990556648665998,-1.638591628,-0.445706064,-2.084297692,1212.0,exact
Desmond Bane,2020-21,1383.0,0.30000001192092896,-2.0,-1.7000000476837158,0.26686547823726303,-0.7535817931350294,-0.48671631489776634,-1.0153424476428514,-0.5743873795103867,-0.37665456593993374,-0.9510419454503204,-0.183153817,-0.420003881,-0.603157698,1519.0,exact
Chris Chiozza,2020-21,232.0,2.299999952316284,1.100000023841858,3.4000000953674316,-1.1201521984169336,1.67035883663163,0.5502066382146964,-0.9128144024371454,2.9086110986318596,1.8030559072040746,4.711667005835935,-0.915957956,-0.767075644,-1.6830336,232.0,exact
Jeff Green,2020-21,1726.0,-0.699999988079071,-1.2000000476837158,-2.0,-0.6583702245266089,-0.6424286110930529,-1.3007988356196618,-1.0880106653557124,-1.2422846162583872,-0.5914637254954521,-1.8337483417538394,0.769938574,-0.821254186,-0.051315611,1835.0,exact
Alize Johnson,2020-21,181.0,4.599999904632568,0.6000000238418579,5.199999809265137,-0.6508955430845716,-0.659335675716266,-1.3102312188008376,-1.4916428173939889,1.0013185083135112,-0.7386704825226855,0.2626480257908257,1.758505989,-0.258023083,1.500482906,189.0,exact
Lauri Markkanen,2020-21,1181.0,-0.6000000238418579,-1.0,-1.600000023841858,-0.4231452981495532,-0.13088936707098545,-0.5540346652205387,-1.203963499016969,-0.4418471519186244,0.10134506763927655,-0.34050208427934786,0.476024484,-0.514309484,-0.038285,1317.0,exact
Mason Plumlee,2020-21,1474.0,-0.6000000238418579,-1.2000000476837158,-1.7999999523162842,0.1994829951279836,-0.7071527550262956,-0.507669759898312,-0.06638112299768258,0.14610248192516942,-0.5605309506810983,-0.41442846875592887,-0.43437845699999994,0.653199291,0.218820833,1499.0,exact
Terrence Ross,2020-21,1347.0,-0.699999988079071,-1.0,-1.7000000476837158,0.7368056027469915,-0.5432247525793149,0.19358085016767657,-1.0353650719596978,1.4973816301726426,-0.7589808518748036,0.738400778297839,-0.620760831,-0.12168830900000001,-0.742449141,1347.0,exact
Devin Vassell,2020-21,908.0,-1.100000023841858,-0.20000000298023224,-1.2999999523162842,-1.160510402958437,0.7446206122087456,-0.41588979074969135,-0.9562410732198172,-1.203875167307981,-0.26160577372938576,-1.4654809410373668,-1.797373026,0.603780117,-1.193592909,1056.0,exact
Russell Westbrook,2020-21,2165.0,0.0,-2.0999999046325684,-2.0999999046325684,1.5420750711124436,-0.179596940898909,1.3624781302135345,0.16997497924968363,3.867315473050358,-0.6463098631594995,3.2210056098908586,0.101549461,0.793695432,0.8952448929999999,2369.0,exact
Thanasis Antetokounmpo,2020-21,526.0,-2.5,2.0999999046325684,-0.4000000059604645,-2.354670084928083,0.5429438685667002,-1.8117262163613828,-1.568046790902318,-1.9744415570321094,0.7098607611235082,-1.2645807959086013,-2.759458186,-0.348697908,-3.108156094,551.0,exact
D.J. Augustin,2020-21,981.0,0.699999988079071,-2.4000000953674316,-1.600000023841858,1.0142598528751678,-2.3302760203442694,-1.3160161674691015,-1.2040785919430705,0.7374466465410952,-1.1833845822573512,-0.44593793571625606,-0.7648179580549158,-2.228715205378211,-2.993533163433127,1129.0,exact
Deni Avdija,2020-21,1257.0,-2.5,0.699999988079071,-1.7999999523162842,-2.925960340590507,0.48136463111495864,-2.444595709475548,-2.9252948859446337,-2.0443332395751996,0.2770362328146656,-1.767297006760534,-2.937895934,0.47817260899999997,-2.459723325,1257.0,exact
Will Barton,2020-21,1736.0,-0.10000000149011612,-1.899999976158142,-2.0,0.9105370737794116,-1.0184773643359015,-0.1079402905564899,0.5600412822241622,0.4645042718536715,-1.4834444402578393,-1.0189401684041677,-0.200076267,-0.113175297,-0.31325156400000004,1736.0,exact
Bojan Bogdanovic,2020-21,2017.0,-0.699999988079071,-1.399999976158142,-2.200000047683716,1.019740562432853,-0.6477324907698078,0.3720080716630453,0.29518626116054986,1.5887756070758008,-0.06373975537697121,1.5250358516988296,1.378596916,-0.535341822,0.843255094,2216.0,fuzzy
Jevon Carter,2020-21,628.0,-0.10000000149011612,-0.699999988079071,-0.800000011920929,-0.15592168919120375,0.7382759194109338,0.5823542302197301,1.672076788511622,0.22953663580818132,-0.2704912167642022,-0.040954580956020864,-1.236832516,0.195332581,-1.041499935,717.0,exact
Goran Dragic,2020-21,1200.0,-0.699999988079071,-1.100000023841858,-1.7999999523162842,0.8310981619434674,-1.045015452858985,-0.2139172909155176,-0.12534451016233913,2.0762505228671873,-0.355315921664498,1.7209346012026892,-1.5507636670000002,-0.9030881199999999,-2.453851788,1337.0,fuzzy
Tacko Fall,2020-21,106.0,1.600000023841858,6.800000190734863,8.399999618530273,-1.4075029722488963,2.4567111136426436,1.0492081413937473,1.6384078499617394,-1.7680228007183216,4.308354091519209,2.540331290800887,-3.100010921,3.739171314,0.639160393,136.0,exact
Malachi Flynn,2020-21,748.0,-1.7000000476837158,0.6000000238418579,-1.100000023841858,-1.6741752934997924,0.9187449196931586,-0.7554303738066338,-1.6637461154076643,0.7581719505980469,0.3134356509764625,1.0716076015745093,-2.597304254,-0.824083248,-3.421387503,928.0,exact
Aaron Holiday,2020-21,1136.0,-1.100000023841858,-0.6000000238418579,-1.7000000476837158,-1.0343427461771182,-0.5914641303826674,-1.6258068765597855,-1.846769131903854,-0.5746158803608724,-0.05876797775667107,-0.6333838581175435,-3.094529612,-0.9771273039999999,-4.071656916,1176.0,exact
Caleb Martin,2020-21,750.0,-2.9000000953674316,1.7000000476837158,-1.2000000476837158,-2.449466931779595,1.7550140881600516,-0.6944528436195434,-2.565094001274638,-0.8435668072961849,1.5098175896362305,0.6662507823400455,-2.885660764,0.190230149,-2.695430615,818.0,exact
JaVale McGee,2020-21,600.0,-2.4000000953674316,1.7000000476837158,-0.800000011920929,-2.0913339652934924,2.0147216050927086,-0.07661236020078377,-0.5225198909782319,-0.3319715387570609,2.405389792426009,2.073418253668948,-4.313913326855457,0.9779285414513273,-3.3359847856622413,678.0,exact
Semi Ojeleye,2020-21,899.0,-1.600000023841858,0.20000000298023224,-1.399999976158142,-1.6424311424275126,-0.30908008151204985,-1.9515112239395624,-2.1867795386211086,-1.1275511234146258,0.6943957946613972,-0.4331553287532286,-1.532638392,-1.190972259,-2.723610651,950.0,exact
Patrick Patterson,2020-21,510.0,-1.0,0.5,-0.5,-1.0357007837225718,0.14079710341249863,-0.8949036803100732,-0.7477269668034872,-0.6512848987520428,0.6450781459055391,-0.006206752846503627,-0.610409863,-0.854355082,-1.464764944,582.0,exact
Max Strus,2020-21,467.0,1.2000000476837158,-1.600000023841858,-0.4000000059604645,0.9162267527669833,-2.432672250104789,-1.5164454973378056,-3.5504596812318674,1.5537333785501901,-0.9959231801368018,0.5578101984133883,0.221159787,-2.208140487,-1.986980699,507.0,exact
Yuta Watanabe,2020-21,667.0,-1.2000000476837158,0.30000001192092896,-0.8999999761581421,-1.5465239243052054,1.435304868348853,-0.1112190559563524,-0.3852463127602457,-1.503128037643005,0.6752813876007944,-0.8278466500422106,-1.708084037,0.177515679,-1.5305683579999998,723.0,exact
DeAndre' Bembry,2020-21,814.0,-2.4000000953674316,0.8999999761581421,-1.600000023841858,-2.2830866666260268,1.7385725014151143,-0.5445141652109124,-0.635855204557254,-2.101117061775359,0.36336642928221596,-1.7377506324931429,-1.808851807,0.936321832,-0.872529975,972.0,exact
Goga Bitadze,2020-21,454.0,-0.10000000149011612,-0.5,-0.6000000238418579,-0.92000857788971,0.002392228760800368,-0.9176163491289097,-2.0090806195670017,-0.48925103777085155,1.9540902235796735,1.464839185808822,-3.01777705,0.426623841,-2.591153209,561.0,exact
Dewayne Dedmon,2020-21,145.0,5.0,-1.100000023841858,3.9000000953674316,1.7643739229308473,2.4535706634637635,4.21794458639461,3.651298311132397,0.1255996179895998,1.7507299883414236,1.8763296063310233,2.389813626,2.701051905,5.090865531999999,210.0,exact
Langston Galloway,2020-21,394.0,0.4000000059604645,-0.4000000059604645,0.0,-0.7002502788578447,-0.49171018116422677,-1.1919604600220715,-1.9225955309874205,0.1111829651500996,-0.5902366779256233,-0.47905371277552367,0.482753581,-1.652787388,-1.170033807,438.0,exact
Jaxson Hayes,2020-21,824.0,-2.4000000953674316,0.8999999761581421,-1.399999976158142,-1.1731594425502156,1.6595929117883639,0.48643346923814823,-0.9133409112210753,-1.3538294568115556,1.734187968404538,0.3803585115929824,0.338642162,-0.721694385,-0.383052222,964.0,exact
Tyler Johnson,2020-21,627.0,-0.6000000238418579,-0.5,-1.2000000476837158,-1.1750831421918806,-0.6147625851455968,-1.7898457273374775,-1.5205602072038769,-0.5973434749969373,-0.24348059798092064,-0.840824072977858,-0.8614273000000001,-0.838009371,-1.699436671,684.0,exact
Alex Len,2020-21,907.0,-2.5999999046325684,0.8999999761581421,-1.7000000476837158,-2.753671232636876,1.1363636714351586,-1.6173075612017176,-1.7824960045968916,-2.2960541312546674,1.368235364270375,-0.9278187669842923,-2.0114149064862104,-0.08022107938100102,-2.0916359858672116,979.0,exact
Kira Lewis Jr.,2020-21,773.0,-0.8999999761581421,-0.5,-1.399999976158142,-1.3283504116965232,0.6028623759874682,-0.7254880357090551,-0.37479651698850897,-0.6959483118269402,0.29102234615615896,-0.4049259656707812,-1.972088389,-0.349842696,-2.3219310849999997,904.0,exact
Otto Porter Jr.,2020-21,606.0,-0.4000000059604645,-0.800000011920929,-1.2000000476837158,-0.10421680171023112,-1.0212728644985294,-1.1254896662087606,-1.7320766027405172,1.0065746914740499,-1.1392410428642936,-0.13266635139024374,-0.2866726394059406,-0.18755425681188118,-0.4742268963267326,606.0,exact
Austin Rivers,2020-21,677.0,-1.7999999523162842,0.6000000238418579,-1.2000000476837158,-1.0048034571818345,-0.770557726812557,-1.7753611839943915,-2.3205962830959406,-0.9084647423820991,-0.6859984133086152,-1.5944631556907143,-0.5925253444,0.23539924189230765,-0.35712610250769233,845.0,exact
Tony Snell,2020-21,945.0,0.0,-1.600000023841858,-1.600000023841858,0.15757996408291344,-1.1894561602617755,-1.031876196178862,-0.6232842253453592,-1.3934684597109392,-0.670055011635932,-2.0635234713468713,-0.112787326,-0.688576201,-0.801363526,992.0,exact
Al-Farouq Aminu,2020-21,434.0,-3.5,2.700000047683716,-0.800000011920929,-4.023739861070276,2.94132152524954,-1.0824183358207362,-1.837435801362961,-1.480829194305557,0.16073965398453277,-1.3200895403210242,-4.457574228232719,1.5589812296336407,-2.8985929985990784,434.0,exact
Ryan Arcidiacono,2020-21,418.0,-1.0,0.30000001192092896,-0.699999988079071,-0.6980250223699643,0.874163523539441,0.1761385011694767,0.32165164915948735,-0.6464543202886268,1.808638707470955,1.162184387182328,-2.166561408,-0.681100986,-2.8476623930000002,450.0,exact
Torrey Craig,2020-21,679.0,-1.0,-0.5,-1.5,-1.2748120988403404,-0.41730170764625596,-1.6921138064865964,-1.7567292260224192,-0.9552481269971383,-1.3310534716316784,-2.2863015986288167,-0.9908733774719801,0.19081102346699874,-0.8000623540049814,803.0,exact
Yogi Ferrell,2020-21,73.0,4.300000190734863,4.099999904632568,8.399999618530273,-1.4279399784187266,1.1551772761068495,-0.27276270231187705,-0.19039393639336555,2.1912335877038123,0.5534156830900621,2.7446492707938743,-0.8283404974705884,0.5783934470588236,-0.24994705000000003,136.0,exact
Javonte Green,2020-21,399.0,-1.100000023841858,0.20000000298023224,-0.8999999761581421,-2.546005315996614,1.0920133700739194,-1.4539919459226944,-0.9152483217072912,-2.1869902918973274,-0.26553944326408896,-2.4525297351614164,-0.5492759004249472,1.2716132724693447,0.7223373723150106,473.0,exact
Ersan Ilyasova,2020-21,137.0,0.10000000149011612,2.200000047683716,2.299999952316284,-0.9345643847821119,2.290440084948266,1.355875700166154,1.103902760806903,0.7707554116990011,2.4817891531987675,3.2525445648977684,-1.125640519,2.192219562,1.066579042,148.0,fuzzy
Isaiah Joe,2020-21,319.0,-1.100000023841858,1.0,-0.10000000149011612,-0.5359130127212525,-1.7361823507212575,-2.27209536344251,-3.0136684399328195,0.22940708263093904,-0.07781524426439645,0.15159183836654258,-1.510362916,-0.751862091,-2.262225008,383.0,exact
Luke Kornet,2020-21,258.0,-2.200000047683716,2.5,0.20000000298023224,-2.851328782580443,2.6055233165454195,-0.24580546603502373,0.096526106161251,-1.1361972405823832,5.031392633468095,3.8951953928857117,-3.0154176895172418,1.4741965262068966,-1.5412211633103448,348.0,exact
Naji Marshall,2020-21,514.0,-1.5,0.10000000149011612,-1.399999976158142,-2.0543021862269986,0.8484313847556114,-1.205870801471387,-1.5985824516722886,-0.6482975507640872,-0.21711954579349196,-0.8654170965575791,-1.748800862,0.32843957,-1.420361292,700.0,exact
Skylar Mays,2020-21,238.0,1.2000000476837158,-1.0,0.30000001192092896,-0.3810020476628151,2.6492959008460404,2.2682938531832253,-0.47756870889894215,0.3864515842389068,0.7492009437753642,1.1356525280142709,2.32909851,0.043222694,2.372321204,269.0,exact
Rodney McGruder,2020-21,194.0,2.9000000953674316,-1.5,1.2999999523162842,1.4521037489265776,-1.5597172579048193,-0.10761350897824173,0.028827225323331502,0.3241775573351033,-1.8298316647836388,-1.5056541074485355,2.179426866,-0.312249181,1.867177685,194.0,exact
Alfonzo McKinnie,2020-21,237.0,1.100000023841858,-0.20000000298023224,0.8999999761581421,-0.7708862423419212,-1.3380044304276186,-2.10889067276954,-2.0220452527868553,-0.2154425222832796,1.0785345824302626,0.8630920601469829,1.069053189,-0.799336935,0.269716254,258.0,exact
Jordan McLaughlin,2020-21,841.0,-1.7000000476837158,-0.10000000149011612,-1.7999999523162842,-0.9386118711025583,1.7504733515207522,0.811861480418194,-0.518973656879111,-0.04376223489700021,0.5676529985455863,0.5238907636485861,-1.429379152,-0.367879563,-1.797258715,938.0,exact
Abdel Nader,2020-21,355.0,-2.700000047683716,2.299999952316284,-0.4000000059604645,-2.2757044821937167,0.37591204489397206,-1.8997924372997446,-0.5046662844709392,-1.7992372724725887,0.7332294042586103,-1.0660078682139784,-0.988809066,0.010804884,-0.978004181,355.0,exact
Jordan Nwora,2020-21,230.0,0.10000000149011612,0.4000000059604645,0.4000000059604645,-1.4590733534906473,1.1887741736982773,-0.27029917979236995,-0.77735171950923,0.7544960554103525,1.0257449091000541,1.7802409645104067,-0.9655695240000001,0.495375474,-0.4701940499999999,274.0,exact
Elfrid Payton,2020-21,1399.0,-1.100000023841858,-1.0,-2.200000047683716,-1.1817581698562716,-0.7215285284093037,-1.9032866982655752,-2.5467536183421267,-0.21766699354191738,0.06576293123845905,-0.15190406230345832,-2.87811105,-0.657627697,-3.5357387469999995,1484.0,exact
JJ Redick,2020-21,709.0,0.0,-1.7999999523162842,-1.7000000476837158,0.2979715690525448,-3.515382407365987,-3.2174108383134423,-3.7729043595928418,0.9517714248051491,-1.4124209306481068,-0.4606495058429577,-0.8275559753568466,-1.8869982389377593,-2.7145542142946057,723.0,exact
Josh Richardson,2020-21,1657.0,-1.0,-1.2000000476837158,-2.299999952316284,-0.5728878460351793,-0.4051947516781879,-0.9780825977133671,-1.0999642489566197,0.45250873600239694,-1.69402395441158,-1.241515218409183,0.034106636,0.105802277,0.139908914,1790.0,exact
D'Angelo Russell,2020-21,1014.0,1.899999976158142,-3.9000000953674316,-2.0,2.811765508863973,-2.3437160318969865,0.4680494769669865,-1.35699589435652,3.688101052820793,-1.5571672219834691,2.130933830837324,0.816752875,-2.104194225,-1.287441349,1196.0,exact
Jeff Teague,2020-21,883.0,-0.800000011920929,-1.100000023841858,-1.899999976158142,-0.24994653483964094,-0.7352458258509511,-0.985192360690592,-1.2726168327948837,-0.8111461323309861,0.28953373503013424,-0.5216123973008518,-1.3486548158526315,-0.7133578772757896,-2.062012692831579,950.0,exact
Keita Bates-Diop,2020-21,186.0,-2.299999952316284,2.299999952316284,0.0,-2.8893761081464007,0.8879731643826897,-2.001402943763711,-2.9934810642631473,-1.902895378437556,0.3639421438595315,-1.5389532345780244,-2.466092033,0.10063561300000001,-2.36545642,245.0,exact
Sterling Brown,2020-21,1229.0,-1.2999999523162842,-0.8999999761581421,-2.299999952316284,-0.6231439612072399,-0.2605758743890164,-0.8837198355962563,-1.2169353600077508,-0.5545469009443311,-0.4246092993936944,-0.9791562003380255,-1.091324114,0.122146687,-0.969177427,1229.0,exact
Thomas Bryant,2020-21,271.0,-0.4000000059604645,-0.30000001192092896,-0.6000000238418579,-0.18649706007359315,-0.5636526376992789,-0.750149697772872,-1.4223583351156537,-1.4743817059555533,0.7200301926488393,-0.754351513306714,1.441728049,-1.259358655,0.182369394,271.0,exact
Devontae Cacok,2020-21,94.0,0.30000001192092896,2.700000047683716,3.0999999046325684,-0.9093899422939771,2.146705537477382,1.237315595183405,-1.8459499345075236,-1.5740682006507436,3.6353686179626648,2.061300417311921,-0.810232736,4.119366276,3.3091335400000004,98.0,exact
Mamadi Diakite,2020-21,102.0,-0.5,4.199999809265137,3.5999999046325684,-4.303729976759824,3.1400738722971226,-1.1636561044627012,-2.50845627472012,-1.6290667977225188,5.267302220052523,3.6382354223300037,-2.181604623,2.159650697,-0.021953926,141.0,exact
Dante Exum,2020-21,116.0,-4.300000190734863,6.800000190734863,2.5999999046325684,-5.612714458971181,4.296243104458476,-1.3164713545127045,-2.4783804593426204,-0.814321649140944,3.4623402961336094,2.648018646992665,-4.056348177,1.986569184,-2.069778992,116.0,exact
Cristiano Felicio,2020-21,61.0,-2.700000047683716,9.5,6.800000190734863,-3.57359078963635,3.1087418826340163,-0.4648489070023336,0.33521490263156606,0.8537508210188883,5.147654598356013,6.001405419374901,-0.76209647,1.447495412,0.685398942,84.0,exact
Gary Harris,2020-21,948.0,-1.899999976158142,-0.30000001192092896,-2.200000047683716,-0.7716865433763275,-1.58638262249738,-2.3580691658737076,-2.3573882458585307,-1.139061584353397,-1.3573344209607845,-2.496396005314182,-1.292467203135185,-0.8885750545722222,-2.181042257169445,1080.0,exact
Frank Jackson,2020-21,710.0,-0.10000000149011612,-1.7999999523162842,-1.899999976158142,-0.26158092244855397,-0.4652266729299435,-0.7268075953784975,-1.307757370297728,-0.10496077820403585,0.34107978823588286,0.23611901003184702,-0.576892442,-1.42759986,-2.004492302,738.0,exact
DaQuan Jeffries,2020-21,405.0,-1.7000000476837158,0.6000000238418579,-1.100000023841858,-2.505857358344833,-0.1329336544237261,-2.6387910127685594,-3.10871218953166,-1.2842913102023839,-0.9953304006954785,-2.2796217108978625,-2.8282054654117648,-0.3332158586470589,-3.1614213240588236,493.0,exact
Boban Marjanovic,2020-21,251.0,-0.20000000298023224,0.0,-0.20000000298023224,-2.110413672654011,2.9500513629123772,0.8396376902583662,-0.04871457316992029,0.9629603099049399,3.1648310595097344,4.127791369414674,0.41815799,-1.353482315,-0.935324325,271.0,fuzzy
Nicolo Melli,2020-21,485.0,-2.299999952316284,0.8999999761581421,-1.399999976158142,-3.25673156363632,0.4458978619505318,-2.8108337016857883,-1.2956793981236814,-0.43958680338571404,0.3754389267583399,-0.06414787662737415,-2.514739711734982,-0.02363488277738522,-2.5383745945123675,566.0,exact
Aaron Nesmith,2020-21,555.0,-2.0999999046325684,0.4000000059604645,-1.7000000476837158,-0.8952268145796202,-0.09087558192843949,-0.9861023965080596,-1.3993339386880705,-0.9704868107529232,-0.1790747071839923,-1.1495615179369154,-1.930500118,-0.783119499,-2.713619616,669.0,exact
Rayjon Tucker,2020-21,49.0,2.200000047683716,5.800000190734863,7.900000095367432,-1.3220397968964648,-0.18187301343206194,-1.5039128103285266,-5.219308249450083,1.8265944432377055,1.184092217556611,3.010686660794317,-1.492946843,-2.632010372,-4.124957215,68.0,exact
Coby White,2020-21,1947.0,-1.5,-1.0,-2.5,-0.424269406562394,-0.9808644855061406,-1.4051338920685346,-1.8078585900051056,1.0795074460491754,-0.9701973840570685,0.10931006199210691,-1.758686585,-1.184717632,-2.943404217,2156.0,exact
Carmelo Anthony,2020-21,1602.0,0.10000000149011612,-2.5,-2.4000000953674316,0.8211409030658449,-2.4974019925204325,-1.6762610894545875,-1.938964250862914,1.5011784742148873,-1.9257627426122879,-0.4245842683974006,0.665887948,-1.628552789,-0.962664841,1690.0,exact
Mo Bamba,2020-21,629.0,-1.100000023841858,-1.0,-2.0999999046325684,-1.5840708506429342,-0.3724349704574957,-1.9565058211004298,-2.4618292330392144,-0.1629299041749184,0.5557697954162629,0.39283989124134455,-2.82229093,0.176726284,-2.645564646,725.0,exact
Saddiq Bey,2020-21,1732.0,-0.8999999761581421,-1.600000023841858,-2.5,-0.33050931733552397,-1.2516754866302664,-1.5821848039657904,-2.220048293772033,-0.043343465883164234,-0.6406234919221622,-0.6839669578053265,-0.172952277,-0.508125545,-0.681077822,1909.0,exact
Spencer Dinwiddie,2020-21,64.0,-1.600000023841858,4.199999809265137,2.5999999046325684,-1.866054618649456,4.0659549265421235,2.1999003078926673,0.8544404170203052,-1.2249163784409942,6.367455235290401,5.142538856849407,-0.9153115,3.735115027,2.819803527,64.0,exact
Devon Dotson,2020-21,25.0,-1.7000000476837158,11.899999618530273,10.199999809265137,1.6733658974292893,5.689697948519506,7.363063845948796,5.335365015979566,1.3173237994330302,11.215795549255837,12.533119348688867,4.271565486,4.57820957,8.849775056,50.0,exact
CJ Elleby,2020-21,179.0,-1.7999999523162842,1.2000000476837158,-0.699999988079071,-3.0799285427978713,2.54754196313714,-0.5323865796607312,-3.007894608148442,-0.12667613434920932,1.14436846518727,1.0176923308380608,-2.348147959,-2.043489467,-4.391637425,192.0,exact
Freddie Gillespie,2020-21,237.0,-0.8999999761581421,-0.4000000059604645,-1.2999999523162842,-4.406767019422406,0.7807856209609763,-3.62598139846143,-3.9061459199521487,-2.1685163367529623,1.198495100128508,-0.9700212366244543,-2.544311834,-0.217839184,-2.7621510180000004,392.0,exact
Jalen Harris,2020-21,54.0,5.900000095367432,-0.6000000238418579,5.400000095367432,0.1593873270126239,0.6568519109932653,0.8162392380058893,-0.13383796992566488,0.37678015394634057,-0.402443359267844,-0.025663205321503457,1.236380724,-0.8162024330000001,0.420178291,172.0,exact
Ty Jerome,2020-21,788.0,1.600000023841858,-3.799999952316284,-2.200000047683716,0.5107306152909645,-2.563457341173344,-2.0527267258823794,-1.3738069383919675,0.5135960573090638,-1.536554308661915,-1.022958251352851,0.628667179,-0.727601195,-0.098934015,788.0,exact
Nathan Knight,2020-21,247.0,-2.700000047683716,1.600000023841858,-1.100000023841858,-2.2778650865470653,2.2366658852663504,-0.04119920128071497,-2.390528139367832,0.17229165920358452,1.3259638032804684,1.498255462484053,-2.479500137,-0.658602138,-3.138102275,279.0,exact
Timothe Luwawu-Cabarrot,2020-21,1032.0,-1.5,-0.800000011920929,-2.299999952316284,-2.1686461233986685,-1.2943376868741592,-3.462983810272828,-3.7680564642143977,-0.5449775329570069,-1.149917585789733,-1.6948951187467398,-2.181508926,-1.42079981,-3.602308737,1050.0,exact
Kelan Martin,2020-21,193.0,-0.4000000059604645,-0.6000000238418579,-0.8999999761581421,0.02896269409769493,2.48616871797515,2.515131412072845,1.771388474753693,-0.4763813417480497,2.953286210886887,2.476904869138837,-0.8233549560000001,1.149865856,0.326510899,322.0,exact
Onyeka Okongwu,2020-21,534.0,-2.0999999046325684,0.10000000149011612,-2.0,-1.6406808361721739,-0.8031923221237368,-2.4438731582959106,-2.086810283897919,-1.9130041909945508,-0.6089300253939337,-2.5219342163884844,-1.746685512,-0.248446139,-1.9951316509999997,601.0,exact
Miye Oni,2020-21,452.0,-1.7000000476837158,-0.10000000149011612,-1.899999976158142,-2.0019909088570937,0.7525541604537461,-1.2494367484033475,-1.0070963131601365,-1.098143775293636,1.324189770635094,0.22604599534145797,-2.615979641,0.804823961,-1.81115568,519.0,exact
Kelly Oubre Jr.,2020-21,1687.0,-3.5999999046325684,1.2000000476837158,-2.5,-2.1855111257707804,1.1059146395534973,-1.079596486217283,-2.277641750260198,-0.5147901294946777,0.07311214253317207,-0.4416779869615057,-1.439802655,-0.074763661,-1.514566315,1687.0,exact
Gary Payton II,2020-21,40.0,4.599999904632568,4.300000190734863,8.899999618530273,0.6807657010308104,6.233833385307595,6.914599086338406,4.152220348679759,1.5634963571711173,8.373124583503841,9.93662094067496,5.490783349,7.290795424,12.78157877,40.0,exact
Paul Reed,2020-21,140.0,-2.9000000953674316,2.5999999046325684,-0.30000001192092896,-2.110694951781863,3.8822053845415403,1.7715104327596771,0.7203014186908948,-0.10958170350329502,4.3745882935023435,4.265006589999048,-0.21569145,3.003695262,2.788003812,177.0,exact
Rajon Rondo,2020-21,683.0,-1.2999999523162842,-0.8999999761581421,-2.200000047683716,-1.1305671559091062,0.5172408514988158,-0.6133263044102903,-0.4558193730499808,-0.6723720300518031,-0.3173114063512372,-0.9896834364030404,-1.1939671481038963,-0.03254773390649354,-1.2265148820103897,770.0,exact
Collin Sexton,2020-21,1927.0,0.20000000298023224,-2.700000047683716,-2.5,1.63076068749481,-1.7753941713449954,-0.14463348385018548,-1.2175546431707829,1.837899444445847,-1.7915019444861893,0.046397499959657695,2.195044036,-1.9795408170000002,0.215503219,2115.0,exact
Brodric Thomas,2020-21,230.0,-3.299999952316284,1.899999976158142,-1.399999976158142,-2.473324304929963,0.622144664739391,-1.8511796401905718,-2.876406012265592,-0.9933740392775725,0.8264538256718694,-0.16692021360570308,-3.8338495224135336,0.6242287723157894,-3.2096207491578945,399.0,exact
Obi Toppin,2020-21,628.0,-2.700000047683716,0.6000000238418579,-2.0999999046325684,-1.1393238844110545,0.4561712509161236,-0.6831526334949309,-0.6805177319311883,-1.850963798259843,0.7241402874797561,-1.126823510780087,-1.27608378,0.735038963,-0.541044817,683.0,exact
Axel Toupane,2020-21,61.0,-2.5999999046325684,4.699999809265137,2.0999999046325684,-4.00028992760098,1.4616957521652243,-2.5385941754357555,-4.099058277592095,0.4570353348846107,5.020013001984637,5.477048336869248,-2.405595695,0.514577507,-1.891018188,61.0,exact
John Wall,2020-21,1288.0,-0.8999999761581421,-1.5,-2.4000000953674316,0.56601463846072,-0.9472468135644657,-0.38123217510374574,-1.020430236079757,1.6277306790931025,-0.7621609416332076,0.865569737459895,-1.406150831,-1.197967161,-2.604117992,1288.0,exact
Lou Williams,2020-21,1364.0,0.699999988079071,-3.0999999046325684,-2.4000000953674316,0.8171293232310362,-1.8045919499075822,-0.987462626676546,-0.7972207232127057,1.1309681059958316,-1.4713341667133863,-0.3403660607175547,-0.8438423223000704,-1.4052549037167956,-2.24909722537175,1423.0,exact
Dylan Windler,2020-21,513.0,-1.399999976158142,-0.5,-1.899999976158142,-0.6712473082135189,0.3906290243043924,-0.28061828390912646,-0.5074426688621894,-0.679196385807006,0.07886501826048865,-0.6003313675465174,-3.012179524,0.555988339,-2.456191184,513.0,exact
Eric Bledsoe,2020-21,1945.0,-0.6000000238418579,-2.0,-2.5999999046325684,0.5550299503387272,-1.1297596906323253,-0.5747297402935981,-1.1888433210532352,0.9392975831248176,-1.2687815521327581,-0.3294839690079405,-0.257264101,-0.472636403,-0.729900505,2111.0,exact
Marques Bolden,2020-21,29.0,-10.699999809265137,13.399999618530273,2.700000047683716,-5.42192804194724,5.405679142086927,-0.016248899860312527,-1.572613527031957,5.024461970962573,16.43984505179914,21.464307022761712,-4.327798171,3.905688592,-0.422109579,29.0,exact
Gabriel Deck,2020-21,97.0,1.0,-1.2000000476837158,-0.20000000298023224,-0.906877732186913,-0.6901127110242742,-1.5969904432111872,-2.788308554999412,0.43812458907054946,-1.2109781824162633,-0.7728535933457139,1.083952522,-1.044957283,0.038995239,212.0,exact
Jared Dudley,2020-21,76.0,-1.100000023841858,1.399999976158142,0.4000000059604645,-7.614922561642854,3.562378402528701,-4.052544159114153,-5.04067640857684,-1.7250370125197696,1.7784480057874448,0.05341099326767518,-5.5168204,0.7914185629999999,-4.725401838,81.0,exact
Anthony Gill,2020-21,189.0,-1.7999999523162842,0.0,-1.7999999523162842,-2.2332291271920286,1.299345409721073,-0.9338837174709556,-0.11013800787967548,-0.6978380177540193,1.3960324486303035,0.6981944308762842,-0.552276912,0.838669405,0.286392493,218.0,exact
Donta Hall,2020-21,92.0,-1.5,1.2999999523162842,-0.10000000149011612,-2.485728581323998,3.3985353094726776,0.9128067281486794,-1.003812799383674,-0.2614010004101166,4.302160543119359,4.040759542709242,1.457631702,1.185586593,2.643218295,179.0,exact
Juancho Hernangomez,2020-21,816.0,0.30000001192092896,-2.799999952316284,-2.5,-0.22143823194230847,-1.7850675702099867,-2.006505802152295,-2.2784237993205916,-0.8333129849704316,-1.1728139946530263,-2.006126979623458,-1.174600519,-1.346680119,-2.521280637,900.0,exact
Keldon Johnson,2020-21,1795.0,-0.699999988079071,-1.899999976158142,-2.5999999046325684,-0.4578232906408006,-1.2405628204213253,-1.698386111062126,-2.4056070865815298,-1.0651921879658437,-0.947714089136829,-2.0129062771026724,-0.665726999,-0.9046788,-1.570405799,1968.0,exact
T.J. Leaf,2020-21,23.0,-0.800000011920929,10.199999809265137,9.300000190734863,-6.340425235577569,2.145765896352519,-4.1946593392250495,-1.4363180064637462,-2.602614155234698,6.484056733872578,3.8814425786378797,-3.9711611600000003,-2.035338394,-6.006499553,35.0,exact
Sam Merrill,2020-21,199.0,0.699999988079071,-2.799999952316284,-2.200000047683716,-2.104801162158121,-0.8978522074242651,-3.002653369582386,-2.575299005554891,-0.17074148968351208,0.30230915232766625,0.13156766264415418,-0.413443533,-1.8730591910000003,-2.286502724,233.0,exact
Mychal Mulder,2020-21,655.0,-1.100000023841858,-1.5,-2.5999999046325684,0.8437145761469443,-1.8590190306734133,-1.015304454526469,-1.1070337110989592,-0.32648428519390454,0.22557122547709868,-0.10091305971680586,-1.517612432,-1.149052025,-2.666664457,766.0,exact
Frank Ntilikina,2020-21,270.0,-3.5999999046325684,1.5,-2.0999999046325684,-3.7270027595933555,1.1368759182846893,-2.590126841308666,-3.0742423694141565,-0.62680430512393,0.4302849675767733,-0.19651933754715672,-3.759909127,1.203319386,-2.556589741,322.0,exact
Norvel Pelle,2020-21,82.0,-1.399999976158142,0.699999988079071,-0.699999988079071,-0.26716582528726696,1.2233946997335736,0.9562288744463067,-0.383344888479946,-0.2747991433827821,1.8045394499420637,1.5297403065592816,-4.718046302904762,2.7912026646190475,-1.9268436379523812,84.0,exact
Grant Riller,2020-21,23.0,4.800000190734863,-1.2999999523162842,3.5,1.3579044500543869,-5.915040091094113,-4.557135641039726,-2.7030286782741526,4.522886679705103,0.8788172118147239,5.401703891519826,4.6772954,-4.289145355,0.388150045,27.0,exact
Luka Samanic,2020-21,293.0,-3.200000047683716,1.0,-2.299999952316284,-2.3613145303926872,2.1238771012120305,-0.2374374291806567,-2.5935186744023193,-1.235528067499648,3.5467874433095194,2.3112593758098714,-4.020391057,-0.589407135,-4.609798192,308.0,fuzzy
JaKarr Sampson,2020-21,261.0,-4.099999904632568,2.200000047683716,-1.899999976158142,-2.39748380549182,0.11243954974266242,-2.285044255749158,-2.890281962088521,-2.1857292726963693,1.7142287781150263,-0.471500494581343,-3.4962432009999995,-1.258259143,-4.754502343,316.0,exact
Mike Scott,2020-21,746.0,-2.5999999046325684,0.20000000298023224,-2.4000000953674316,-2.6370980714556533,-0.6848550260478458,-3.321953097503499,-3.050871245320939,-1.3454352497381563,0.2172890058654288,-1.1281462438727274,-3.371067272,0.06304623,-3.308021042,852.0,exact
Edmond Sumner,2020-21,818.0,-0.5,-2.0999999046325684,-2.5999999046325684,-0.7463872239571923,-1.5647118236725064,-2.311099047629699,-1.6096429791686468,-2.2099417549503824,-1.2983273481709976,-3.50826910312138,-0.413086084,-0.785052825,-1.198138908,861.0,exact
Tyrell Terry,2020-21,56.0,-5.699999809265137,6.199999809265137,0.5,-6.924486505283064,4.5437758939476645,-2.3807106113353997,-1.9145920214383183,-0.11407800091328237,7.645793093262109,7.531715092348827,-5.273401622,2.533255932,-2.74014569,56.0,exact
Tristan Thompson,2020-21,1171.0,-2.0999999046325684,-0.4000000059604645,-2.5,-1.541479658378818,0.8937454641771386,-0.6477341942016793,-0.9821944263255665,-0.5886694714488098,1.0049696531138068,0.41630018166499705,-1.28654601,0.077370355,-1.209175656,1287.0,exact
Precious Achiuwa,2020-21,692.0,-4.300000190734863,1.600000023841858,-2.700000047683716,-3.866743372937512,0.13646922073953327,-3.7302741521979788,-3.758042910029039,-2.4911917137753927,1.1264032918261933,-1.3647884219491995,-2.9282710609999993,-0.18493440299999997,-3.113205464,737.0,exact
Kostas Antetokounmpo,2020-21,56.0,-10.5,6.300000190734863,-4.199999809265137,-7.148767476527517,1.3308768788247267,-5.817890597702791,-8.315605037549743,-0.5856296151425413,4.733361047746895,4.1477314326043535,-13.27754626,5.299757898,-7.977788366,56.0,exact
Marvin Bagley III,2020-21,1072.0,-1.899999976158142,-0.800000011920929,-2.700000047683716,-1.0471234071965623,-0.6640820210404029,-1.711205428236965,-1.429883162339365,-0.44662909654989674,-1.092706796003555,-1.5393358925534517,-0.045105564,-1.64206501,-1.687170574,1112.0,exact
Isaac Bonga,2020-21,432.0,-5.400000095367432,2.5999999046325684,-2.799999952316284,-5.1398619040305595,2.7828540715537744,-2.357007832476785,-4.1084997112260515,-2.254409003599125,2.426197164933299,0.1717881613341743,-4.936510176999999,-0.170591269,-5.107101446,432.0,exact
Jarrell Brantley,2020-21,125.0,1.100000023841858,-3.200000047683716,-2.0,0.43755530207698295,-0.04932663358009123,0.38822866849689175,-0.18496682590580985,1.0322320056588417,-0.8052441927078838,0.22698781295095782,0.951710638,-0.677645892,0.274064746,138.0,exact
Amida Brimah,2020-21,29.0,-4.0,2.5,-1.5,-1.135514241335067,1.6357184054876,0.500204164152533,-0.46018108727312024,-0.20307231425643757,0.9552355430391626,0.752163228782725,-5.110456867,5.643220495,0.532763627,29.0,exact
Moses Brown,2020-21,790.0,-2.700000047683716,0.0,-2.700000047683716,-3.1394680365452623,0.29331767085489197,-2.84615036569037,-3.6203190736552315,-0.42081748807443053,0.11004011718017581,-0.3107773708942547,-2.743377664,-0.167525739,-2.910903402,920.0,exact
Bruno Caboclo,2020-21,36.0,-9.600000381469727,7.599999904632568,-2.0,-7.131817303810242,3.09585510304883,-4.0359622007614115,-4.794098326658318,0.7489030795969187,1.1144545653544167,1.8633576449513354,-7.650592511000001,0.379534252,-7.271058259,36.0,exact
Devin Cannady,2020-21,74.0,-0.4000000059604645,-1.7000000476837158,-2.200000047683716,-0.03444581613831266,-0.5040025812317871,-0.5384483973700998,-3.241157414429477,1.8128957119924267,0.718775379823938,2.5316710918163645,-2.825506617,0.12293370600000002,-2.702572911,74.0,exact
Vernon Carey Jr.,2020-21,111.0,-4.699999809265137,1.899999976158142,-2.799999952316284,-4.015980316661861,0.3725654266954998,-3.6434148899663614,-6.902651540142419,-1.1575690718649687,1.4821305632269572,0.32456149136198853,-4.448370647,-1.718028013,-6.16639866,115.0,exact
Marquese Chriss,2020-21,27.0,-10.300000190734863,5.400000095367432,-4.900000095367432,-4.942401890899098,-1.8277222561569502,-6.770124147056048,-9.615753188701227,4.023117566826294,-3.8267493223442965,0.19636824448199786,-9.113559369,-3.2984049950000003,-12.41196436,27.0,exact
Henry Ellenson,2020-21,38.0,-3.200000047683716,2.200000047683716,-1.0,-1.2210436444592168,1.3530134683036286,0.1319698238444118,-2.7847738327934057,4.81058256415327,-1.9783984276763649,2.832184136476905,0.264440168,-0.565361924,-0.300921756,38.0,exact
Bryn Forbes,2020-21,1271.0,0.800000011920929,-3.5999999046325684,-2.799999952316284,0.7737930972284284,-2.257291300140293,-1.4834982029118646,-1.0364712337620066,0.08468781126288823,-1.1249021518504025,-1.0402143405875144,1.201966828,-1.992479156,-0.7905123269999998,1354.0,exact
Robert Franks,2020-21,101.0,1.7999999523162842,-4.699999809265137,-2.799999952316284,0.4633866989692725,-3.581415425961012,-3.1180287269917395,-4.884078682241974,1.1617126885772164,-2.1673857004298744,-1.005673011852658,0.778892265,-1.639115616,-0.86022335,101.0,exact
Wenyen Gabriel,2020-21,106.0,-4.300000190734863,2.200000047683716,-2.200000047683716,-2.3649182919149183,1.6099444330630261,-0.7549738588518922,-2.1281051694333395,-0.4082461368961334,1.5566024587050675,1.148356321808934,-3.241311608,0.511083199,-2.73022841,241.0,exact
Ashton Hagans,2020-21,4.0,-18.899999618530273,-0.4000000059604645,-19.399999618530273,-12.303312597280035,0.30929002214982504,-11.99402257513021,-12.485872597477282,-19.34227728221589,-10.474693211871326,-29.816970494087215,-18.59735808,-8.090977273,-26.68833535,4.0,exact
Shaquille Harrison,2020-21,225.0,-4.199999809265137,1.399999976158142,-2.799999952316284,-5.353415140014732,0.6046491910771742,-4.748765948937558,-3.318828905401675,-2.843357776514498,-0.5047619780392321,-3.3481197545537302,-4.049737620381381,0.4666129059699701,-3.5831247149159156,333.0,exact
Solomon Hill,2020-21,1438.0,-2.4000000953674316,-0.4000000059604645,-2.799999952316284,-2.347623067935478,0.017708139238654042,-2.329914928696824,-1.9891856026123094,-1.6845542554555117,-0.3505656311705557,-2.0351198866260676,-2.465385021,0.11866295,-2.346722072,1513.0,exact
Louis King,2020-21,1.0,-33.900001525878906,-27.799999237060547,-61.70000076293945,-3.805154046788863,2.5452051724149682,-1.2599488743738947,-0.14140969810319085,-4.619347956345431,3.3574733204374274,-1.2618746359080033,2.605469124,1.7785887399999998,4.384057864,85.0,exact
Anthony Lamb,2020-21,231.0,-2.0,-1.0,-3.0999999046325684,-2.504967250071047,-2.435891419244277,-4.940858669315324,-3.165875429338612,-0.7964796485810335,-1.5243878906869683,-2.3208675392680016,-3.033135297,-2.491037189,-5.524172487,415.0,exact
Romeo Langford,2020-21,216.0,-5.699999809265137,2.799999952316284,-2.9000000953674316,-6.111036469615683,2.522596202897326,-3.5884402667183566,-3.832498796101016,-2.419040483750573,1.7073323930499718,-0.711708090700601,-4.415568858,-1.62417015,-6.039739008,283.0,exact
Jalen Lecque,2020-21,12.0,0.5,2.700000047683716,3.200000047683716,-5.447915292407405,6.3996784458496885,0.9517631534422835,-4.59247532888469,9.0203223900507,3.057602324888574,12.077924714939273,-10.38611152,-4.526847068,-14.91295858,12.0,exact
Thon Maker,2020-21,76.0,0.20000000298023224,-3.5,-3.299999952316284,-1.2170618276800445,-0.3821727766242693,-1.5992346043043137,-2.5043916385664216,2.5628375787234443,0.7973286371914362,3.3601662159148806,-0.9101187599999999,-1.087741732,-1.9978604930000001,76.0,exact
E'Twaun Moore,2020-21,356.0,-3.5999999046325684,0.8999999761581421,-2.700000047683716,-1.6665163578122215,0.9089570952083098,-0.7575592626039117,-1.3571412256741062,-0.4002518736173377,0.16922690008639338,-0.23102497353094434,-1.735316484,-0.261166501,-1.9964829850000003,389.0,exact
Jaylen Nowell,2020-21,714.0,-1.0,-1.7000000476837158,-2.700000047683716,-0.4015983555220453,-0.09886642537699249,-0.5004647808990378,-1.6672411244901257,0.33795215385142086,-0.10276519454761165,0.2351869593038092,-0.489119625,-1.39655404,-1.8856736639999998,759.0,exact
Daniel Oturu,2020-21,107.0,-1.5,-1.5,-3.0,-4.437349340069917,3.3140010040096954,-1.1233483360602219,-2.881633545326757,-1.1153461465633898,2.767573925107402,1.652227778544012,-4.153010738,-0.431943262,-4.584954001,161.0,exact
Jahmi'us Ramsey,2020-21,35.0,0.10000000149011612,-3.4000000953674316,-3.299999952316284,-3.364756081535474,1.7614026584742994,-1.6033534230611743,-4.633732243901364,-0.04211388159505128,2.274716167809015,2.2326022862139636,-1.184265371,-0.776512339,-1.96077771,94.0,exact
Cam Reddish,2020-21,750.0,-2.700000047683716,-0.10000000149011612,-2.700000047683716,-2.1309389512260464,-1.8444803965938528,-3.975419347819899,-3.5661723035026878,-0.6691271714207101,-2.0293221510639956,-2.6984493224847057,-2.194368519,-0.160791138,-2.355159657,750.0,exact
Iman Shumpert,2020-21,11.0,-14.199999809265137,13.399999618530273,-0.800000011920929,-7.785299631289367,5.9532502775698495,-1.8320493537195173,0.7890723560684609,-4.024145767182051,27.86415761129174,23.84001184410969,-8.381890275,1.226496117,-7.155394157999999,11.0,exact
Chris Silva,2020-21,92.0,-3.4000000953674316,1.0,-2.299999952316284,-2.5878048338784008,0.3610924233001642,-2.2267124105782363,-4.7429235262146205,-0.2226991035667254,1.1477039901248225,0.9250048865580971,-4.9437723358369565,0.6440656541413042,-4.299706682380434,92.0,exact
Anfernee Simons,2020-21,979.0,1.2000000476837158,-4.0,-2.799999952316284,0.8106902731676362,-2.8243057354825036,-2.0136154623148674,-1.3897030395913774,0.44280966230431473,-1.847000587659517,-1.4041909253552023,0.69969972,-2.061313706,-1.361613986,1104.0,exact
Sindarius Thornwell,2020-21,94.0,-4.300000190734863,1.600000023841858,-2.700000047683716,-4.424023992951675,3.5995415135293087,-0.824482479422366,-1.928264675691838,-0.7646492489239132,1.041422427470999,0.2767731785470857,-2.7020522456359446,1.8647178563364057,-0.8373343892995392,217.0,exact
Killian Tillie,2020-21,129.0,-3.0999999046325684,1.0,-2.200000047683716,-3.429559695856985,3.6254474047169065,0.19588770885992135,-0.9484017434834402,-0.866708441912158,2.8293363195764183,1.9626278776642603,-3.636416696,0.695745599,-2.940671097,182.0,exact
Anthony Tolliver,2020-21,67.0,-5.300000190734863,2.299999952316284,-3.0,-4.315221740961168,1.7014798340498152,-2.613741906911353,-5.046849066190592,-1.5367809405627324,3.968641523919392,2.4318605833566598,-4.266661646,1.243639992,-3.0230216550000004,99.0,exact
Gary Trent Jr.,2020-21,1735.0,0.0,-2.799999952316284,-2.799999952316284,0.43557277290051183,-1.9838447367134089,-1.548271963812897,-1.1607603799526136,0.5254846486193256,-1.9786119756820548,-1.4531273270627292,0.6723639757713652,-1.3075446887946727,-0.6351807130233074,1802.0,exact
Tremont Waters,2020-21,165.0,0.30000001192092896,-3.4000000953674316,-3.0999999046325684,-0.038618250174707415,1.5725684984160626,1.5339502482413552,1.2418812964624257,3.033447184206024,0.11159137226362334,3.1450385564696473,-0.510629241,-0.5825061739999999,-1.093135414,238.0,exact
Robert Woodard II,2020-21,29.0,0.0,-1.7999999523162842,-1.7000000476837158,-1.5895457306749012,2.2295480848857157,0.6400023542108144,-1.5833968739498185,1.8458336972525444,-2.64089832117147,-0.7950646239189254,-3.812438027,0.5484351,-3.264002927,45.0,exact
Jaylen Adams,2020-21,18.0,-16.5,-1.7000000476837158,-18.200000762939453,-10.885818934870528,-2.6135466293223906,-13.499365564192919,-8.488229047897326,-2.566453982858294,-9.5684445328201,-12.134898515678394,-13.95873441,-5.972707502,-19.93144191,18.0,exact
Ty-Shon Alexander,2020-21,41.0,-6.599999904632568,-1.600000023841858,-8.199999809265137,-6.657975445575448,2.0841210847514784,-4.57385436082397,-4.4184926482109415,-0.007172461148755832,0.7119091577969194,0.7047366966481636,-6.460601053,-1.777587592,-8.238188644,47.0,exact
Brian Bowen II,2020-21,15.0,-7.599999904632568,-4.699999809265137,-12.300000190734863,-6.880630943983335,1.5827886252367733,-5.297842318746562,-5.463661489528682,-0.8127591164475108,-5.162948020739943,-5.975707137187454,-7.076685976000001,-1.747889599,-8.824575575,15.0,exact
Ignas Brazdeikis,2020-21,77.0,-0.8999999761581421,-4.699999809265137,-5.599999904632568,-2.229959067347844,-0.7593335883761245,-2.9892926557239687,-4.878119658418542,-0.6648020463322923,-1.0427327769709827,-1.707534823303275,-2.422110969759036,-0.8759080660200803,-3.29801903584739,249.0,exact
Charlie Brown Jr.,2020-21,64.0,-7.099999904632568,0.800000011920929,-6.400000095367432,-5.37207418592737,-2.7017081901766993,-8.07378237610407,-6.20465905786486,-1.3011694228650543,-2.156997652305425,-3.458167075170479,-4.996177749,-0.43192692,-5.428104669,152.0,exact
Quinn Cook,2020-21,157.0,-0.699999988079071,-3.5999999046325684,-4.300000190734863,0.7034578581585502,-0.17224521678994442,0.5312126413686058,-0.9477465572706043,0.7565593716841981,1.6839324758093046,2.4404918474935027,-1.575681793433121,-1.2833738394585987,-2.85905563289172,157.0,exact
Nate Darling,2020-21,26.0,-6.199999809265137,-7.300000190734863,-13.5,-4.6180781463795935,-8.640923784829154,-13.259001931208747,-12.779008961512654,2.3511664385187085,-3.457798884927176,-1.1066324464084674,-6.025667268,-9.7782543,-15.80392157,26.0,exact
Tim Frazier,2020-21,33.0,-11.100000381469727,3.5999999046325684,-7.5,-5.119302535452936,4.58458217284523,-0.5347203626077057,-3.873433123685927,2.762971095881312,4.804071643454006,7.567042739335318,-8.888114262,0.882536642,-8.00557762,62.0,exact
Harry Giles III,2020-21,335.0,-2.9000000953674316,-0.5,-3.4000000953674316,-3.6551877152113215,-0.48210699847335864,-4.13729471368468,-3.0207637227566555,-0.31023480770811096,0.3475818659444122,0.037347058236301245,-4.575520676,-1.056268766,-5.631789442,348.0,exact
Josh Green,2020-21,364.0,-3.5999999046325684,0.10000000149011612,-3.5,-3.712976523823509,0.20967481028519744,-3.5033017135383115,-1.6749310319215966,-2.5333251911279593,-0.19745308261547334,-2.7307782737434327,-2.109413257,0.346709158,-1.762704099,445.0,exact
Kyle Guy,2020-21,195.0,-0.30000001192092896,-3.700000047683716,-3.9000000953674316,-1.7351503916113142,-0.6356002351767708,-2.370750626788085,-3.2996389353697153,1.4473702596489642,-1.2680356986584538,0.17933456099051037,-3.829154105,-2.763463139,-6.592617244,235.0,exact
Jared Harper,2020-21,15.0,-12.399999618530273,-1.600000023841858,-13.899999618530273,-8.831995064371723,-7.142349361981477,-15.9743444263532,-9.709297081790837,-1.357966067629919,-9.244972049657147,-10.602938117287065,-17.31062929,-2.567261295,-19.87789058,16.0,exact
Nate Hinton,2020-21,58.0,-5.699999809265137,-1.7000000476837158,-7.400000095367432,-3.2073348697294954,-2.9940441430977836,-6.201379012827279,-6.892926224634512,2.4777578069110575,-1.7637018672001776,0.7140559397108799,-3.96548584,-1.283237032,-5.248722872,93.0,exact
Rondae Hollis-Jefferson,2020-21,92.0,0.800000011920929,-4.599999904632568,-3.9000000953674316,-0.660332181954868,-0.6083127217550405,-1.2686449037099083,-2.0353732712390102,1.6919805542127302,-1.694285064476371,-0.0023045102636407577,0.221140137,-0.963179889,-0.742039752,107.0,exact
Kevin Knox II,2020-21,462.0,-3.0,-0.10000000149011612,-3.0999999046325684,-2.1844872772797714,-0.6999625998716024,-2.884449877151374,-2.165698088009064,-0.902432633652054,-0.18024194222334386,-1.0826745758753977,-2.412136007,-0.639782725,-3.051918732,464.0,exact
Rodions Kurucs,2020-21,125.0,-5.099999904632568,0.0,-5.099999904632568,-5.372189688049757,3.6102067751463314,-1.761982912903426,-2.2528959022977637,-1.5852678137111331,3.2257880982813063,1.6405202845701732,-5.874524832896,2.282504882544,-3.5920199515520004,125.0,exact
Jake Layman,2020-21,602.0,-4.0,1.100000023841858,-3.0,-3.2357702310172676,0.9125406331791487,-2.323229597838119,-1.4850354426647285,-1.8960670277581175,-0.21480063351074175,-2.110867661268859,-1.748056322,-0.584974227,-2.333030549,627.0,exact
Meyers Leonard,2020-21,29.0,-3.299999952316284,-5.099999904632568,-8.399999618530273,-2.1987224149245903,-0.8984087761646334,-3.0971311910892236,-2.465535228693603,3.0579702586721016,-11.447425682592586,-8.389455423920484,-5.311481657,-2.325637796,-7.637119453,29.0,exact
Dakota Mathias,2020-21,123.0,-2.0999999046325684,-1.899999976158142,-4.099999904632568,-2.2009368211596194,-1.4428851711566575,-3.643821992316277,-2.5950915587545147,1.7128483429612371,0.9728278517327629,2.685676194694,-1.635546139,-2.982441136,-4.617987275,123.0,exact
Patrick McCaw,2020-21,33.0,-0.20000000298023224,-8.5,-8.600000381469727,-0.7181803343056438,-3.1538736157311242,-3.872053950036768,-4.756376109186635,0.5920976377107249,-3.76398037967874,-3.171882741968015,-0.15777145,-2.824385026,-2.982156476,33.0,exact
Jaden McDaniels,2020-21,1413.0,-1.7000000476837158,-1.2000000476837158,-2.9000000953674316,-1.215530112941985,0.12655290728350174,-1.0889772056584834,-1.891197135494046,-1.6615587288881934,0.2899896424094839,-1.3715690864787096,-2.558856151,-0.028935108,-2.587791259,1511.0,exact
Markieff Morris,2020-21,1162.0,-2.5999999046325684,-0.30000001192092896,-2.9000000953674316,-1.6804528450838678,-0.42186088648354164,-2.1023137315674094,-2.171845818802352,-0.40345072279850314,0.7191769082876613,0.3157261854891582,-3.124853688,0.534954677,-2.589899011,1200.0,exact
Justin James,2020-21,37.0,-0.4000000059604645,-9.5,-9.899999618530273,-4.172471802357572,0.3042772241842953,-3.8681945781732767,-4.611551991434934,-1.0830494220068623,-1.0331695596575243,-2.1162189816643866,-1.086950781,-3.381005612,-4.467956393,310.0,exact
Jabari Parker,2020-21,111.0,-5.599999904632568,1.899999976158142,-3.799999952316284,-3.526330648562762,2.824506482236211,-0.701824166326551,-2.510928253358364,-0.6878263301836716,2.4644677738917693,1.7766414437080977,-1.4170667157454546,-1.991804864490909,-3.4088715794181814,165.0,exact
Jontay Porter,2020-21,27.0,-13.800000190734863,4.300000190734863,-9.600000381469727,-5.320061895444797,4.602190956393846,-0.7178709390509512,0.745931672802302,-0.9054932317875058,2.938445305626926,2.0329520738394202,-4.882172695,1.06606037,-3.816112325,54.0,exact
Ray Spalding,2020-21,19.0,-11.0,-2.0999999046325684,-13.199999809265137,-6.889423643656833,-1.1844053732389848,-8.073829016895818,-6.572742521805529,-5.10258944698207,-9.17395066127286,-14.276540108254931,-13.891230399999998,-2.618714162,-16.50994456,19.0,exact
Cassius Stanley,2020-21,78.0,-3.4000000953674316,-1.0,-4.300000190734863,-4.675174542866959,1.2556178183076752,-3.4195567245592837,-2.327813077295932,-1.236114752684947,2.390243015697528,1.154128263012581,-4.895397817,-0.515408247,-5.410806064,93.0,exact
Isaiah Thomas,2020-21,48.0,-8.600000381469727,1.2999999523162842,-7.300000190734863,-6.14946639679647,2.9021959601522056,-3.247270436644264,-3.578028963938189,0.4336342500936614,3.12984710132025,3.563481351413911,-7.54233876,-1.752786528,-9.295125288,48.0,exact
Gabe Vincent,2020-21,614.0,-2.200000047683716,-0.800000011920929,-3.0,-1.7122021234094895,-0.6583229286665355,-2.370525052076025,-4.110180222034178,0.09694861725188975,0.8756213547377326,0.9725699719896224,-4.070141677,-1.396759059,-5.466900735,655.0,exact
T.J. Warren,2020-21,117.0,-2.700000047683716,-1.899999976158142,-4.599999904632568,-2.0886488971327624,-1.0725165443241755,-3.161165441456938,-3.604665664859173,-0.7166789350616081,-1.774453722426823,-2.491132657488431,-0.261288392,-1.895759978,-2.15704837,117.0,exact
Greg Whittington,2020-21,12.0,-10.899999618530273,-1.5,-12.399999618530273,-4.538040982646342,0.5572014513843603,-3.9808395312619815,-2.8506675910560535,-4.499618181379629,8.480810973949879,3.9811927925702495,-9.484573876,0.821118771,-8.663455105,12.0,exact
D.J. Wilson,2020-21,433.0,-3.5999999046325684,0.4000000059604645,-3.200000047683716,-2.8161033441794125,-0.2301195415702891,-3.046222885749702,-2.3175605384438973,-0.9237695225382814,0.16800379291762313,-0.7557657296206582,-3.6704748782655883,-0.6554939984272516,-4.325968877450347,433.0,exact
Jordan Bell,2020-21,67.0,-7.699999809265137,0.0,-7.800000190734863,-7.632197794938417,0.4019531330078923,-7.2302446619305245,-6.329039550117081,-1.1591556928838078,-0.319500278004024,-1.4786559708878317,-7.5000958671463405,0.0942828612439024,-7.405813006634145,82.0,exact
Keljin Blevins,2020-21,68.0,-8.300000190734863,-1.5,-9.800000190734863,-7.922183678293986,0.6887505753281671,-7.233433102965819,-5.889223769727045,-1.860299928055656,-0.8611186634150874,-2.7214185914707434,-8.292594119,-4.036505415,-12.32909953,75.0,exact
Amir Coffey,2020-21,394.0,-2.9000000953674316,-0.699999988079071,-3.5,-2.8795597051186337,1.116014231932739,-1.7635454731858946,-2.6895028128215652,-0.6136788781740181,1.1637960719111449,0.5501171937371268,-1.147651296,-1.689818519,-2.837469815,394.0,exact
Carsen Edwards,2020-21,219.0,-0.6000000238418579,-3.5,-4.099999904632568,-2.0558180006676525,-0.9175687525529405,-2.973386753220593,-2.843214131735092,0.27938633818535097,-0.7293098547793788,-0.44992351659402785,-0.931027684,-1.940871147,-2.871898832,276.0,exact
Trent Forrest,2020-21,202.0,-0.699999988079071,-4.099999904632568,-4.800000190734863,-1.71957502564434,-2.5540898726513706,-4.273664898295711,-4.837105627589291,-1.0679006920119642,-2.225066136493163,-3.2929668285051275,-2.921487055,-1.422977269,-4.344464324,302.0,exact
Jaylen Hoard,2020-21,214.0,-3.4000000953674316,-1.399999976158142,-4.800000190734863,-2.084402266290383,0.6920898087908509,-1.392312457499532,-1.3767641475947974,-1.7692668456482246,0.16872744439888568,-1.6005394012493388,-1.450713065,0.042406587,-1.408306478,320.0,exact
Elijah Hughes,2020-21,62.0,-5.400000095367432,-5.0,-10.399999618530273,-2.796666441035794,-3.462537319521902,-6.259203760557696,-10.434912151996453,3.1123348991142263,-2.6575204007069106,0.4548144984073157,-5.029108555,-4.90441969,-9.933528245,64.0,exact
Jaren Jackson Jr.,2020-21,154.0,-1.7999999523162842,-3.4000000953674316,-5.199999809265137,-0.6512437593699607,-0.6817082239691411,-1.3329519833391017,-0.4408427533605095,1.2742477217641863,-1.4814500517668998,-0.2072023300027135,-2.240117722,0.079383312,-2.16073441,258.0,exact
Mike James,2020-21,128.0,-1.5,-3.799999952316284,-5.300000190734863,-0.4204722241169718,-0.01691958159763367,-0.4373918057146055,-0.8779816626193254,1.8210769864187435,-1.4485353083534998,0.37254167806524374,-1.659034893,-1.5008014909999998,-3.159836384,236.0,exact
Nico Mannion,2020-21,320.0,-2.4000000953674316,-1.7000000476837158,-4.099999904632568,-3.2864354447089568,-1.526080804084405,-4.8125162487933615,-4.94841473950441,0.07448003040934909,-1.6827504844148518,-1.6082704540055026,-4.033162028,-1.05655403,-5.089716058,364.0,exact
Kenyon Martin Jr.,2020-21,843.0,-1.100000023841858,-2.0999999046325684,-3.200000047683716,-1.5167675187616967,-0.4719380697071635,-1.9887055884688603,-3.053325184204445,-1.5587863611568433,-1.304988395945375,-2.8637747571022185,-1.324325756,-0.657485927,-1.9818116830000003,1068.0,exact
Doug McDermott,2020-21,1462.0,0.4000000059604645,-3.4000000953674316,-3.0,0.6925591388384339,-2.4466863964311183,-1.7541272575926845,-2.1940502528836987,-0.2743147032101534,-1.1798444596694488,-1.4541591628796022,1.8100054360000002,-2.821823487,-1.011818051,1619.0,exact
Adam Mokoka,2020-21,54.0,-7.400000095367432,-0.800000011920929,-8.199999809265137,-5.5968069204095885,1.1886107614432309,-4.408196158966358,-3.396003930441559,-0.0474463935368713,3.402137133492111,3.3546907399552395,-7.088065565,-0.233071058,-7.321136623,56.0,exact
Svi Mykhailiuk,2020-21,1226.0,-1.7000000476837158,-1.399999976158142,-3.0999999046325684,-1.1800480478699888,-0.6216876330714937,-1.8017356809414826,-2.886058299551969,0.34270548976722676,-1.1991657848458503,-0.8564602950786235,-1.905455852081571,-0.49789058429909366,-2.4033464363806645,1324.0,exact
Cedi Osman,2020-21,1415.0,-1.2999999523162842,-1.7000000476837158,-3.0,-0.5894313363161711,-0.7837335290617694,-1.3731648653779405,-2.450459652323693,0.7867696021033928,-1.2405200805147003,-0.45375047841130756,-1.968168793,-1.135696047,-3.1038648400000004,1510.0,exact
Anzejs Pasecniks,2020-21,6.0,-43.400001525878906,-20.899999618530273,-64.30000305175781,-14.27300593578718,-8.70160948956559,-22.97461542535277,-19.17897603558952,-30.754244192138085,-35.85923473195453,-66.61347892409262,-44.6441154,-16.51196562,-61.15608102000001,6.0,fuzzy
Reggie Perry,2020-21,203.0,-2.5999999046325684,-2.0,-4.599999904632568,-3.986939836647007,-1.611028269808471,-5.597968106455478,-4.62901724169633,-0.8204588767589588,-0.3044642412382619,-1.1249231179972208,-4.149757158,-0.981190162,-5.13094732,211.0,exact
Vincent Poirier,2020-21,39.0,-11.199999809265137,-3.700000047683716,-15.0,-6.047997449303058,1.473152523120173,-4.574844926182886,-7.445063681629239,2.1338706372594425,-2.8464316669916006,-0.7125610297321581,-13.3963121,-2.552010423,-15.948322519999998,39.0,exact
Andre Roberson,2020-21,63.0,-7.900000095367432,-0.30000001192092896,-8.199999809265137,-6.047031456763077,0.5310926627514383,-5.515938794011639,-5.641874342463338,-0.277347933639953,0.3346582113587443,0.05731027771879127,-6.173848713,-0.489775845,-6.663624558,63.0,exact
Deividas Sirvydis,2020-21,49.0,-9.300000190734863,-1.2999999523162842,-10.699999809265137,-5.5719387796419,-0.31668086373294635,-5.888619643374846,-4.9984945911816006,-1.1253775051637123,-1.252211971040942,-2.3775894762046543,-4.944965565,-0.9772775629999999,-5.922243129,133.0,exact
Alen Smailagic,2020-21,55.0,-5.099999904632568,-4.599999904632568,-9.699999809265137,-5.29654756043817,-1.073163878500348,-6.369711438938518,-8.325469133124239,0.07345929637474835,-0.2682337356703457,-0.19477443929559735,-5.600193791,-0.549008676,-6.149202466999999,84.0,fuzzy
Noah Vonleh,2020-21,11.0,-22.399999618530273,-16.799999237060547,-39.20000076293945,-7.549443032624228,-8.024793233768639,-15.574236266392866,-13.095317804812689,-6.6588019748085205,-16.43800033122592,-23.09680230603444,-23.2259712,-11.56488201,-34.79085321,11.0,exact
Paul Watson,2020-21,297.0,0.699999988079071,-4.699999809265137,-4.099999904632568,0.7307094184687606,-2.2030459181000452,-1.4723364996312847,-2.2239783907415234,-0.3833268216404846,-0.7121804898813237,-1.0955073115218084,-0.842834539,-1.546188054,-2.389022593,297.0,exact
Grant Williams,2020-21,1022.0,-3.4000000953674316,0.20000000298023224,-3.0999999046325684,-2.692033163918462,1.0662239211256228,-1.625809242792839,-2.1323330109484773,-1.4106885832269553,0.9585242229118364,-0.452164360315119,-2.988192303,-0.342107125,-3.330299428,1138.0,exact
LaMarcus Aldridge,2020-21,674.0,-2.5,-1.2999999523162842,-3.700000047683716,-1.4231656256917533,-0.43005161796688696,-1.8532172436586403,-2.8858511934520354,-0.9012711185318376,0.869527183500303,-0.03174393503153461,-1.0607117750445105,-0.943997297587537,-2.0047090728249257,674.0,exact
Udoka Azubuike,2020-21,49.0,-11.600000381469727,-4.900000095367432,-16.600000381469727,-6.9794289680416055,-3.442606315025417,-10.422035283067022,-11.060659900866005,-2.285712226420501,-1.9980352750442376,-4.283747501464739,-7.828077865,-5.264034975,-13.09211284,57.0,exact
Tyler Bey,2020-21,49.0,-8.800000190734863,-7.199999809265137,-16.0,-6.977373791091449,-2.4162040740613833,-9.393577865152832,-9.869894482287547,-1.5247851892060766,-2.5559250529704403,-4.080710242176517,-6.697426681,-5.250011493,-11.94743817,71.0,exact
Troy Brown Jr.,2020-21,524.0,-1.5,-2.5,-4.099999904632568,-2.2833650682183033,-1.213962067288637,-3.49732713550694,-3.5175569013689008,-1.3672118093044223,-0.4241412694057722,-1.7913530787101946,-2.684809638022901,-0.11552840934732825,-2.800338047370229,524.0,exact
Matthew Dellavedova,2020-21,224.0,-1.399999976158142,-4.5,-5.800000190734863,-0.3371228588844752,-2.3398009867395055,-2.6769238456239806,-3.84197934804911,0.8264191155233465,-1.5921463256527444,-0.7657272101293979,-3.089204632,-1.053881303,-4.143085935,224.0,exact
Eric Gordon,2020-21,789.0,0.5,-4.0,-3.5,0.6870482011355749,-1.7861478430454367,-1.099099641909862,-1.601400851917214,-0.051659978055587336,-0.7352151957371363,-0.7868751737927236,0.7888220060000001,-1.657256232,-0.868434227,789.0,exact
Kyle Kuzma,2020-21,1808.0,-2.799999952316284,-0.30000001192092896,-3.0999999046325684,-1.6122310453283502,-0.12007354048937043,-1.7323045858177206,-1.688412641733618,0.3089616202752982,0.20855173118481063,0.5175133514601089,-1.577747457,-0.063579992,-1.641327449,1954.0,exact
Kevin Love,2020-21,562.0,-0.4000000059604645,-3.4000000953674316,-3.799999952316284,0.8973360912501313,-1.0883830779241548,-0.19104698667402353,-0.11140946555973129,1.1967700820385028,-0.7572287890645396,0.43954129297396316,-0.778408458,0.239174506,-0.539233952,622.0,exact
Jeremiah Martin,2020-21,23.0,-14.0,-14.899999618530273,-28.799999237060547,-4.299327799841684,-1.4752921455052512,-5.774619945346935,-5.625776537501696,-1.5372067077669658,0.8510377497792665,-0.6861689579876993,-10.82142353,-0.369900368,-11.1913239,75.0,exact
Sean McDermott,2020-21,158.0,-5.699999809265137,-0.699999988079071,-6.300000190734863,-3.8832408264307,-1.7255144897786776,-5.608755316209377,-7.430898302437529,-1.3852089846452031,0.09977020472654474,-1.2854387799186584,-4.263674114,-3.632143137,-7.895817251,158.0,exact
Ben McLemore,2020-21,799.0,-1.0,-2.5999999046325684,-3.5999999046325684,-1.177346726431728,-0.4407401616892194,-1.6180868881209476,-2.2057800435441677,0.9119826672288043,-0.4958841441198868,0.4160985231089175,-2.4344094081348064,-0.8443343039060773,-3.2787437120408844,905.0,exact
Chimezie Metu,2020-21,332.0,-1.7000000476837158,-2.700000047683716,-4.400000095367432,-2.369276470672169,-1.412951369576179,-3.782227840248348,-3.526960948227179,-1.1770546201239174,-0.7959619922654373,-1.9730166123893547,-2.216174772,-1.668178002,-3.884352774,488.0,exact
Nick Richards,2020-21,63.0,-6.400000095367432,-4.5,-11.0,-4.5349910090903265,-2.376836590884396,-6.911827599974723,-9.471349268209456,0.8902112215933244,-0.5225181228977843,0.3676930986955401,-4.977191088,-4.148117482,-9.12530857,63.0,exact
Justin Robinson,2020-21,88.0,-2.0,-8.5,-10.5,-5.762491166429887,-3.5572247593165933,-9.319715925746479,-7.564600857328318,-0.27374143527766226,-2.196860803552496,-2.4706022388301583,-5.000110969,-2.901117287,-7.901228256,88.0,exact
Lamar Stevens,2020-21,499.0,-3.799999952316284,-0.20000000298023224,-4.0,-2.464817133257618,0.09662091315027033,-2.3681962201073476,-3.9057784440495205,-1.8591902526727537,0.4046981959287635,-1.4544920567439903,-3.3760310829999995,-0.089768048,-3.465799132,499.0,exact
Jarrett Culver,2020-21,499.0,-5.300000190734863,1.2000000476837158,-4.099999904632568,-3.8377556797077266,0.6522179529511625,-3.1855377267565643,-4.2312734185197876,-1.651305679349796,0.4051536234619499,-1.246152055887846,-3.951376988,-1.12620097,-5.077577957,499.0,exact
Ed Davis,2020-21,293.0,-3.0999999046325684,-2.299999952316284,-5.400000095367432,-4.097793629605952,2.4566141132196235,-1.641179516386328,-2.120905841639729,-1.0004176949830073,1.5259205057698981,0.5255028107868909,-3.485572104,0.641192903,-2.844379202,299.0,exact
Kris Dunn,2020-21,45.0,-14.300000190734863,-5.900000095367432,-20.200000762939453,-10.214988756349276,-1.176502217746828,-11.391490974096104,-10.682983636078204,-3.8835960751117837,-2.750413357406898,-6.634009432518681,-14.709034969999998,-1.604643436,-16.31367841,45.0,exact
Terrance Ferguson,2020-21,49.0,-10.699999809265137,-7.199999809265137,-17.899999618530273,-7.906641642191765,-2.9209961005232503,-10.827637742715016,-10.00399447262127,-2.9300173328366275,-2.606275748541206,-5.536293081377833,-11.06921354,-3.146473212,-14.21568675,49.0,exact
Justin Jackson,2020-21,544.0,-3.0,-1.399999976158142,-4.300000190734863,-1.078786847806822,-0.12027367854292552,-1.1990605263497476,-1.6274694245811159,-0.3443616901716688,0.2616746617736871,-0.0826870283979817,-1.5129122378578856,-0.9001415558908146,-2.4130537927487,577.0,exact
Saben Lee,2020-21,662.0,-2.0999999046325684,-2.0,-4.099999904632568,-0.5932315745095539,-0.24535150565229916,-0.838583080161853,-1.3066203509335623,-0.14880457564598626,-0.07545492505300608,-0.22425950069899234,-1.086187848,-0.117202038,-1.203389886,781.0,exact
Trey Lyles,2020-21,358.0,-3.799999952316284,-1.0,-4.800000190734863,-2.797665065356258,-0.33671008006021913,-3.134375145416477,-3.976996272152725,-1.4435589150635881,0.3024055188537581,-1.14115339620983,-2.266963021,-1.797916456,-4.064879477,358.0,exact
Karim Mane,2020-21,88.0,-6.099999904632568,-5.099999904632568,-11.199999809265137,-8.804187234637949,-2.3482652900817573,-11.152452524719706,-7.92115347614327,-2.9336245398483425,-2.8569453522064396,-5.790569892054782,-8.64080484,-1.721672273,-10.36247711,88.0,exact
Juwan Morgan,2020-21,137.0,-3.5999999046325684,-5.400000095367432,-9.0,-5.200362318150872,-2.8953367294437253,-8.095699047594596,-9.279869502235647,-0.8712475645833089,-3.3996390489771744,-4.270886613560483,-3.878167178,-4.200110304,-8.078277483,147.0,exact
Jahlil Okafor,2020-21,267.0,-3.0999999046325684,-2.299999952316284,-5.400000095367432,-2.988406708268266,0.014290197743617233,-2.9741165105246488,-4.051305811220683,-1.6619634503648746,1.1594539190894892,-0.5025095312753853,-2.106311726,-2.569272489,-4.675584215,347.0,exact
Justin Patton,2020-21,247.0,-4.300000190734863,-2.0,-6.300000190734863,-3.987544168116992,0.40921575824304,-3.578328409873952,-3.904271903430598,-0.979341258108829,-0.33277896792081313,-1.312120226029642,-3.895240094,0.43443435399999997,-3.46080574,247.0,exact
Theo Pinson,2020-21,34.0,-14.5,-9.399999618530273,-24.0,-8.064469284467735,-1.509304673221199,-9.573773957688935,-8.235118698155832,-1.4846248093208805,-0.3416878162849436,-1.8263126256058242,-12.0908084,-1.699373835,-13.79018223,34.0,exact
Jordan Poole,2020-21,857.0,-0.5,-3.0999999046325684,-3.5999999046325684,0.3851317128070515,-1.1103296645253056,-0.7251979517182541,-0.028138256919114535,0.8459846514347085,-0.3685082932775062,0.47747635815720224,1.486676883,-1.050467982,0.436208901,988.0,exact
Jalen Smith,2020-21,103.0,-5.900000095367432,-4.400000095367432,-10.300000190734863,-5.710669931814643,-1.361954319231633,-7.0726242510462765,-5.801130867871902,-1.6810792752166042,-1.6392793237467425,-3.3203585989633466,-4.929842597,-1.285484018,-6.215326615,156.0,exact
Brad Wanamaker,2020-21,1009.0,-3.0,-0.5,-3.5,-2.4448253973232745,0.7376305004274705,-1.7071948968958042,-2.454786474835254,-1.241717853595534,0.47560069837288693,-0.7661171552226471,-3.499211578998101,-0.5300252701823363,-4.029236849180436,1053.0,exact
Hassan Whiteside,2020-21,546.0,-4.800000190734863,0.5,-4.300000190734863,-3.3708734518268755,-0.45778672704287443,-3.82866017886975,-2.1568902443482165,-1.2431256741484826,1.0043787374953086,-0.23874693665317404,-3.299996563,-0.54763482,-3.8476313829999995,546.0,exact
Justise Winslow,2020-21,464.0,-7.300000190734863,2.5999999046325684,-4.599999904632568,-4.3143290344612035,0.7445007436815186,-3.569828290779685,-5.030513963846625,-1.0490634595646433,0.7872283037146963,-0.261835155849947,-6.309484128,-0.138566859,-6.448050987,507.0,exact
Bol Bol,2020-21,136.0,-7.199999809265137,-2.5,-9.699999809265137,-4.853240384004188,-3.8840301666268537,-8.737270550631042,-8.978860491177791,-1.5994255249589906,-2.8180498989865015,-4.417475423945492,-6.184209422,-2.756907225,-8.941116646,160.0,exact
Vlatko Cancar,2020-21,192.0,-5.800000190734863,-2.4000000953674316,-8.199999809265137,-4.51855683182516,-2.6513706489851416,-7.169927480810301,-7.861890015754142,-1.2500078109877235,-2.2685198729323273,-3.518527683920051,-3.487913658,-2.41290984,-5.900823498,281.0,fuzzy
Terence Davis,2020-21,893.0,-1.600000023841858,-2.200000047683716,-3.799999952316284,-0.9238282049617684,0.21307771046714583,-0.7107504944946226,-0.9293208798114181,0.24179639375328274,-1.0659184371200157,-0.8241220433667329,-0.5713582742290503,-0.4267596843119181,-0.9981179585409684,1074.0,exact
Rui Hachimura,2020-21,1636.0,-2.799999952316284,-0.6000000238418579,-3.4000000953674316,-2.3141230942121767,-0.5274142555529558,-2.8415373497651326,-2.6728298304714357,-1.7274969397382653,-0.5943407457090707,-2.321837685447336,-0.827663471,-0.362334438,-1.18999791,1797.0,exact
Maurice Harkless,2020-21,637.0,-3.299999952316284,-0.8999999761581421,-4.199999809265137,-1.9131027538906629,0.7123624002094854,-1.2007403536811774,-1.2083786668611325,-2.2551832829544005,-0.4618631737671011,-2.717046456721502,-2.3607481196010363,0.25812806713471503,-2.102620052466321,772.0,exact
Chandler Hutchison,2020-21,262.0,-3.799999952316284,-2.700000047683716,-6.5,-4.097291208584715,-0.8925866474381587,-4.989877856022874,-4.461032155965207,-2.8457971181389192,-1.173284511269647,-4.019081629408566,-5.043382245630058,0.353269492283237,-4.6901127533468205,346.0,exact
Damian Jones,2020-21,394.0,-3.4000000953674316,-2.0,-5.400000095367432,-2.980420671313414,0.49099725436917624,-2.4894234169442377,-2.325616855747485,-2.5136894464654422,0.5263112616080922,-1.98737818485735,-2.0824559449396705,-0.8950766890420475,-2.9775326336051187,547.0,exact
Mfiondu Kabengele,2020-21,183.0,-6.900000095367432,-0.800000011920929,-7.699999809265137,-5.1233367146715025,0.5541633344143626,-4.56917338025714,-4.851632100047143,-0.8431716861361678,1.697023971647038,0.8538522855108703,-5.021524244099999,-0.5250554601428572,-5.546579704907143,280.0,exact
Luke Kennard,2020-21,1153.0,0.699999988079071,-4.199999809265137,-3.5999999046325684,0.11380657667238377,-3.512639940814431,-3.398833364142047,-2.622841103373123,-0.12535106651166836,-2.2094113486311646,-2.334762415142833,0.306374129,-1.117025327,-0.810651198,1232.0,exact
Nassir Little,2020-21,616.0,-0.5,-3.9000000953674316,-4.300000190734863,-1.1777961567816158,-3.5445164522277453,-4.722312609009361,-3.937123479468287,-1.1499136930470364,-2.771179715136422,-3.9210934081834585,-1.207517565,-2.426568811,-3.634086376,640.0,exact
Jordan Bone,2020-21,196.0,-3.0,-5.5,-8.5,-3.642799250519593,-1.946529867178623,-5.589329117698217,-5.289175681307896,0.4659648245569733,-1.3865015668575225,-0.9205367423005492,-3.2039187739999995,-3.047616539,-6.251535313,196.0,exact
Brandon Goodwin,2020-21,612.0,-2.700000047683716,-1.899999976158142,-4.599999904632568,-1.7485568460634369,0.005087610838688463,-1.7434692352247485,-2.3721807790998626,0.7646503570558509,0.28412668781931816,1.0487770448751692,-2.936486734,-2.028237804,-4.964724538,620.0,exact
DeAndre Jordan,2020-21,1241.0,-3.0,-0.6000000238418579,-3.700000047683716,-1.7971576566601761,-0.5778858216361417,-2.375043478296318,-2.7307859804631662,-1.4949116511523446,1.2976777070934982,-0.19723394405884642,-1.644205735,-0.414184343,-2.058390078,1246.0,exact
Frank Mason,2020-21,79.0,-6.900000095367432,-10.399999618530273,-17.299999237060547,-4.153699048535143,-0.8150643648575092,-4.968763413392652,-3.58289865992757,-0.5628064913120541,-1.4374087475637394,-2.0002152388757937,-4.449342177,-2.982904535,-7.432246712,79.0,exact
Tyrese Maxey,2020-21,809.0,-0.5,-3.700000047683716,-4.300000190734863,0.07529014251326054,-1.548339949892877,-1.4730498073796163,-2.374374001781493,-0.3758205315032491,-0.4122284555973469,-0.788048987100596,0.187438337,-1.148313065,-0.960874728,935.0,exact
Eric Paschall,2020-21,676.0,-3.200000047683716,-1.2999999523162842,-4.5,-2.2978650671732894,-1.1129013554033544,-3.4107664225766436,-3.649352253203214,-1.1229770000180976,0.7388545987566961,-0.3841224012614015,-1.271947229,-1.978182882,-3.25013011,695.0,exact
Glenn Robinson III,2020-21,369.0,-2.9000000953674316,-3.200000047683716,-6.099999904632568,-2.3297291314680995,-2.719554041169608,-5.049283172637708,-4.856414839806855,-1.2903188805883627,-2.86767050947652,-4.157989390064882,-2.213603503,-4.299005283,-6.512608786,369.0,exact
Quinndary Weatherspoon,2020-21,76.0,-11.399999618530273,-6.300000190734863,-17.700000762939453,-5.002219601030498,-3.04416338229748,-8.046382983327977,-5.344551482192055,-2.011665624477256,-2.4514326878104935,-4.46309831228775,-4.11893623,-1.307509451,-5.426445681,121.0,exact
Cassius Winston,2020-21,97.0,-3.5,-11.100000381469727,-14.600000381469727,-3.4497161937073435,-3.428015028231411,-6.877731221938754,-4.694803337037142,1.1656005262396696,-2.0673529493582756,-0.901752423118606,-3.072196596,-4.175597445,-7.24779404,98.0,exact
Gary Clark,2020-21,641.0,-2.799999952316284,-2.200000047683716,-4.900000095367432,-2.5616275675019966,-0.8709792280195577,-3.4326067955215542,-4.471515643693465,-1.515005006586861,-0.930513483175027,-2.445518489761888,-4.0423848521146795,-0.864476775030581,-4.906861627151375,654.0,exact
Markelle Fultz,2020-21,215.0,-2.0,-7.099999904632568,-9.0,-0.7904753981889537,-1.2770134832739124,-2.0674888814628662,-1.3447596426230426,0.667533133718663,-1.8806708202132763,-1.2131376864946133,-2.599474082,-0.46326489,-3.062738972,215.0,exact
Wes Iwundu,2020-21,480.0,-5.5,0.0,-5.5,-4.364724831517367,-0.05921084402172694,-4.423935675539093,-5.312952762584545,-2.5049727823989896,-0.39572353554975603,-2.9006963179487455,-5.1316209651892395,-1.045504050083488,-6.177125015272727,539.0,exact
James Johnson,2020-21,893.0,-3.5,-0.8999999761581421,-4.400000095367432,-2.3082775494467094,0.495125500408735,-1.8131520490379744,-1.9510031598902235,-1.607505164647233,-0.20953775726230942,-1.8170429219095423,-2.367606777966443,0.6132903036308723,-1.7543164738523491,1043.0,exact
Zeke Nnaji,2020-21,363.0,-2.9000000953674316,-3.5999999046325684,-6.599999904632568,-2.61653012000118,-2.4030966347925897,-5.019626754793769,-5.5819516681685855,-1.3277656537990303,-0.9648588336931666,-2.292624487492197,-1.277807331,-2.410399693,-3.688207024,397.0,exact
Jerome Robinson,2020-21,305.0,-5.900000095367432,-1.5,-7.400000095367432,-4.935529654963861,-0.37159246507939275,-5.307122120043253,-5.222574510662802,-1.2623883311233923,-1.3098777856605899,-2.5722661167839824,-5.862509266,-0.461605234,-6.3241145,305.0,exact
Nemanja Bjelica,2020-21,537.0,-2.0,-3.5,-5.599999904632568,-1.1112316371754771,-1.117088845586129,-2.228320482761606,-2.6757662976231873,0.6875324173466449,-0.9185703669089957,-0.2310379495623508,-0.9129070171075631,-1.755144934692437,-2.6680519518,595.0,exact
Tyler Cook,2020-21,322.0,-3.700000047683716,-4.099999904632568,-7.900000095367432,-1.339178270674248,-1.6224735800264536,-2.9616518507007017,-3.1184401204018517,-2.9253471663467527,-0.5863404159838876,-3.5116875823306404,-0.8525132290388128,-1.2661304013652968,-2.11864363040411,438.0,exact
Mason Jones,2020-21,334.0,-1.899999976158142,-5.400000095367432,-7.300000190734863,-1.9903768225912348,-0.5945765443421606,-2.5849533669333953,-2.5032430187698154,0.24598341231122173,-0.6778041667709294,-0.43182075445970763,-1.8742092774910182,-2.5473959724281436,-4.421605249919161,334.0,exact
Jalen McDaniels,2020-21,734.0,-2.799999952316284,-2.0,-4.900000095367432,-2.040264953685798,-0.48318041936145634,-2.523445373047254,-2.363622004655182,-1.2642568657770399,-0.8775668465367593,-2.141823712313799,-2.301064204,-1.03733328,-3.338397484,904.0,exact
KZ Okpala,2020-21,409.0,-6.199999809265137,-0.4000000059604645,-6.599999904632568,-4.688987600008649,-0.05315244422484955,-4.742140044233499,-6.035801234323593,-2.008625374743956,0.74139567282376,-1.2672297019201961,-5.318399271,-0.749072264,-6.067471534,447.0,exact
Kevin Porter Jr.,2020-21,835.0,-0.4000000059604645,-4.199999809265137,-4.599999904632568,0.584506874503706,-2.3607978850500815,-1.7762910105463754,-3.126052774787477,1.544648033343561,-2.1359903814793686,-0.5913423481358075,-1.150023747,-2.169120679,-3.319144426,835.0,exact
Matt Thomas,2020-21,297.0,-2.9000000953674316,-5.0,-7.900000095367432,-1.998687231337963,-2.9307678145738105,-4.929455045911774,-4.70460141771571,0.6986467807545096,-1.5149696261747811,-0.8163228454202716,-2.455002630411043,-3.151648593871166,-5.606651224282208,326.0,exact
Avery Bradley,2020-21,602.0,-3.5,-2.0,-5.5,-2.3068336584347144,-2.926947999660856,-5.2337816580955705,-6.451615099964019,-1.2832976272254624,-2.135530264355595,-3.4188278915810573,-3.4156137296212625,-0.6869500779601329,-4.1025638075813955,602.0,exact
Armoni Brooks,2020-21,322.0,-4.400000095367432,-3.5999999046325684,-8.0,-1.1660019512849333,-2.0870371649296593,-3.253039116214593,-2.7877686869086187,0.782588789631642,-1.6009924642769289,-0.8184036746452868,-1.464726154,-1.668339682,-3.133065837,520.0,exact
Damyean Dotson,2020-21,785.0,-3.0999999046325684,-1.899999976158142,-5.0,-2.4362953389645257,-1.1404415153038816,-3.5767368542684075,-3.7975157555391896,-0.6302249094286211,-0.00032253573816443115,-0.6305474451667855,-2.785285588,-1.846524113,-4.631809701,907.0,exact
Bruno Fernando,2020-21,201.0,-9.100000381469727,-2.4000000953674316,-11.5,-5.742540694491686,0.16483908612548098,-5.577701608366206,-6.381092601549965,-2.8207808077474277,0.6970417313038598,-2.123739076443568,-7.677209179,-1.165957421,-8.843166601,226.0,exact
Stanley Johnson,2020-21,851.0,-3.700000047683716,-1.100000023841858,-4.800000190734863,-2.881424551681992,0.607555858228307,-2.273868693453685,-3.3272213087943676,-1.253286810263447,-0.03168507161319084,-1.2849718818766378,-3.132140398,0.303919833,-2.8282205649999996,1006.0,exact
Aron Baynes,2020-21,912.0,-5.5,0.5,-5.0,-3.431608341724111,0.9989598413700088,-2.432648500354102,-3.8296427420760515,-1.121766554596997,2.4330296846276425,1.3112631300306454,-4.267258231,-1.466239048,-5.733497279000001,980.0,exact
Markus Howard,2020-21,105.0,-13.399999618530273,-7.5,-20.899999618530273,-4.565389478104115,-2.788319946686053,-7.353709424790168,-8.348201074166846,1.9004477551137373,-1.5464869986141496,0.3539607564995877,-4.941719718,-3.9317422689999995,-8.873461986,205.0,exact
Tre Jones,2020-21,203.0,-5.0,-7.400000095367432,-12.300000190734863,-3.352811028185643,-1.469380127604543,-4.822191155790186,-5.025884941564137,-1.3675737793670604,-0.5980428371714019,-1.9656166165384623,-2.186910743,-3.584708932,-5.771619675,269.0,exact
Patrick Williams,2020-21,1830.0,-3.5,-0.4000000059604645,-3.799999952316284,-2.6171820832317585,-0.6289465092342021,-3.2461285924659604,-2.7961560731535546,-1.6842629370765108,-1.3274558940077887,-3.0117188310842993,-2.637759314,0.140399638,-2.497359676,1983.0,exact
Cole Anthony,2020-21,1107.0,-2.299999952316284,-2.5,-4.699999809265137,-0.5693264283142124,-1.7336127784277835,-2.302939206741996,-3.768106355912239,0.8049475903775594,-1.4643621676561152,-0.6594145772785558,-3.4704231679999995,-1.461959949,-4.932383117,1273.0,exact
Josh Hall,2020-21,251.0,-7.699999809265137,-3.200000047683716,-10.899999618530273,-4.948281859640598,-2.303716673274741,-7.251998532915339,-7.464121632334859,-1.586275152498935,-1.7329498415259368,-3.3192249940248715,-7.807385995,-1.684939274,-9.492325269,336.0,exact
Bismack Biyombo,2020-21,1244.0,-5.599999904632568,1.0,-4.599999904632568,-3.5821205303942896,0.421176436320928,-3.1609440940733617,-3.342864155601141,-1.6588154528336059,1.2629375892333774,-0.3958778636002285,-4.33929398,-0.997721257,-5.337015237,1349.0,exact
Sekou Doumbouya,2020-21,793.0,-4.0,-2.0,-6.0,-3.119123276861211,-1.355354310968927,-4.474477587830138,-4.563657615301378,-1.6184627578425674,-0.5676818816363657,-2.186144639478933,-4.059936143,-0.709995687,-4.769931831,869.0,exact
Killian Hayes,2020-21,506.0,-6.900000095367432,-0.800000011920929,-7.699999809265137,-3.5995897393664236,0.20645780895214397,-3.3931319304142797,-4.374678235325266,0.19926535502977324,0.2021886445111781,0.40145399954095135,-6.279711618,-0.094455746,-6.374167364000001,670.0,exact
Anthony Edwards,2020-21,2098.0,-1.2000000476837158,-2.799999952316284,-4.0,0.9906658592373251,-1.4116047992812497,-0.4209389400439246,-1.3053244256548904,0.729735581950687,-1.2272377895737598,-0.49750220762307285,-0.251088429,-0.672019449,-0.923107877,2314.0,exact
Rodney Hood,2020-21,929.0,-4.199999809265137,-1.600000023841858,-5.699999809265137,-3.4766392649480857,-2.303741150743652,-5.780380415691738,-5.736362293795495,-1.33925509991632,-1.593075501273511,-2.9323306011898307,-3.6847709889490448,-2.299256329458599,-5.984027318407643,942.0,exact
Danuel House Jr.,2020-21,885.0,-3.5,-2.4000000953674316,-5.900000095367432,-1.8514398061223378,-0.4716961956343619,-2.3231360017566995,-3.219752918232022,-0.8017725337499496,-0.9218989529208546,-1.723671486670804,-2.647622988,-1.525593792,-4.173216779,932.0,exact
Isaiah Roby,2020-21,1319.0,-3.700000047683716,-1.2999999523162842,-5.0,-2.7670311129862477,-0.40026071345031716,-3.167291826436565,-3.8365566365371855,-1.3915436782552644,-0.8962669067829474,-2.287810585038212,-3.195465278,0.09608288999999999,-3.099382388,1425.0,exact
Dwayne Bacon,2020-21,1702.0,-2.9000000953674316,-1.7000000476837158,-4.599999904632568,-1.685959011426281,-1.3479935796623836,-3.0339525910886644,-4.152752903117376,-1.102777464173037,-0.7863193581826751,-1.889096822355712,-1.904463655,-1.168169777,-3.072633432,1853.0,exact
R.J. Hampton,2020-21,743.0,-2.5,-4.5,-7.0,-1.8083567264070108,-2.2173330832270346,-4.025689809634045,-4.906565441429922,-0.6932943684582942,-2.045598410082796,-2.73889277854109,-2.6983724612646394,-1.193719730778153,-3.8920921920427927,888.0,exact
Isaac Okoro,2020-21,1954.0,-2.799999952316284,-1.600000023841858,-4.5,-1.8862425076025016,-1.0477452281714248,-2.9339877357739264,-3.253566775752846,-1.6113116147087623,-0.8992883504035954,-2.5105999651123576,-2.469438119,-0.501349278,-2.970787396,2173.0,exact
P.J. Tucker,2020-21,1254.0,-4.599999904632568,-0.8999999761581421,-5.5,-3.6515447333227926,0.728116368352209,-2.9234283649705834,-3.9751894967138006,-2.369428321758776,-0.34673284654948855,-2.7161611683082647,-3.7215789046172567,-0.06310194082079645,-3.784680845438053,1356.0,exact
Darius Bazley,2020-21,1592.0,-4.199999809265137,-0.800000011920929,-5.0,-2.6136877510717427,-0.5913720444239696,-3.2050597954957123,-5.129525642053243,-0.8116942106469136,-0.311729343552846,-1.1234235541997597,-4.029025238,-0.664443745,-4.693468984,1714.0,exact
Lonnie Walker IV,2020-21,1330.0,-1.7000000476837158,-3.5999999046325684,-5.400000095367432,-0.9481557885798302,-2.550880263392589,-3.499036051972419,-4.304966895464205,-0.617984540861974,-1.7811690486954952,-2.399153589557469,-1.812829988,-1.39833973,-3.211169718,1522.0,exact
Chasson Randle,2020-21,694.0,-4.400000095367432,-3.700000047683716,-8.199999809265137,-3.0453400800564547,-1.2097277343112929,-4.255067814367748,-5.250891750006005,-1.3485931576410672,-0.5981009498199263,-1.9466941074609936,-4.556922213,-1.841467427,-6.3983896399999995,837.0,exact
James Wiseman,2020-21,836.0,-6.900000095367432,-1.399999976158142,-8.399999618530273,-4.509222683798684,-0.6162839956040885,-5.125506679402772,-6.127734728471218,-2.3593655361978003,0.6922221794531812,-1.667143356744619,-4.339561537,-1.501838448,-5.841399983999999,836.0,exact
Aleksej Pokusevski,2020-21,959.0,-6.5,-2.5999999046325684,-9.100000381469727,-4.701831230907081,-0.8118266738991422,-5.513657904806223,-7.194584158328432,-0.7322445943513154,-0.9285847708318005,-1.6608293651831159,-6.695161813,-0.622068526,-7.317230339,1090.0,exact
Theo Maledon,2020-21,1685.0,-4.900000095367432,-2.700000047683716,-7.599999904632568,-3.4543911944632684,-1.7939972177626184,-5.248388412225887,-6.168656785440889,-0.1258971936708015,-1.6744729271822063,-1.8003701208530078,-4.802276293,-1.535017173,-6.337293465,1778.0,exact
Nikola Jokic,2021-22,2476.0,9.0,5.900000095367432,14.899999618530273,7.081885003374009,3.5239507030015482,10.605835706375558,9.66209299420124,5.997372705184216,2.797085777781871,8.794458482966087,6.526880506,1.970154961,8.497035467,2476.0,fuzzy
Jayson Tatum,2021-22,2705.0,4.800000190734863,1.7000000476837158,6.599999904632568,4.200308289546671,1.2222597036755893,5.42256799322226,5.6820684474662775,3.4421414208866827,1.0072562670428524,4.449397687929535,3.9954767660000003,1.40945067,5.404927437,2731.0,exact
Joel Embiid,2021-22,2297.0,4.300000190734863,3.5999999046325684,7.900000095367432,3.6738197569448077,3.4185190919441024,7.09233884888891,6.638857454862617,2.785337097545164,2.6997272984115472,5.485064395956711,4.540679343,1.207417363,5.748096706,2297.0,exact
Giannis Antetokounmpo,2021-22,2204.0,5.699999809265137,2.0999999046325684,7.800000190734863,4.908729166908196,2.26810046482902,7.176829631737216,6.987344512053305,1.6442064199819202,0.8833214433051074,2.5275278632870277,6.286117738,1.324225961,7.610343699,2204.0,exact
Luka Doncic,2021-22,2272.0,5.800000190734863,0.30000001192092896,6.099999904632568,5.383292404096782,-0.8897975025431232,4.4934949015536585,4.212598090096226,6.5814742496661465,-0.22805643747248525,6.353417812193661,2.957185939,0.554488063,3.511674003,2301.0,fuzzy
Rudy Gobert,2021-22,2091.0,0.20000000298023224,6.900000095367432,7.0,0.4298432985353203,4.249798058451376,4.679641356986696,5.348222908878564,0.3864894430873447,4.648895273723963,5.035384716811308,1.101578739,2.940633117,4.042211856,2120.0,exact
Stephen Curry,2021-22,2211.0,5.699999809265137,0.5,6.199999809265137,5.853542823559706,0.7181347502558252,6.571677573815531,6.875694203404912,4.261789057070369,0.6296918381742226,4.891480895244592,3.584863835,0.843276147,4.428139982,2211.0,exact
Fred VanVleet,2021-22,2462.0,3.5,1.7000000476837158,5.300000190734863,2.406588063181714,1.179622318277281,3.5862103814589945,4.07445696086186,3.6006190558537474,0.048546222948115614,3.649165278801863,1.8499345759999999,0.571157746,2.421092322,2462.0,exact
Trae Young,2021-22,2618.0,7.599999904632568,-3.0,4.599999904632568,7.413186515816304,-2.1245910163834183,5.288595499432885,5.263443539630954,7.590295570487008,-2.054589901089254,5.535705669397754,6.003577887,-2.665185159,3.338392727,2652.0,exact
Jrue Holiday,2021-22,2207.0,4.0,1.5,5.5,3.767874573862611,1.2967391688762067,5.064613742738818,4.883637190961582,1.9461580146238369,0.5997488733105325,2.545906887934369,3.354266107,1.127628924,4.481895032,2207.0,exact
Devin Booker,2021-22,2345.0,4.300000190734863,0.4000000059604645,4.699999809265137,3.967685305480042,-0.30822861253257355,3.6594566929474683,3.610181927308444,3.941637308469578,0.32893758519055266,4.270574893660131,4.06187973,0.45754443999999994,4.51942417,2345.0,exact
Kevin Durant,2021-22,2007.0,5.0,0.699999988079071,5.699999809265137,5.2761426038211665,0.5955227733221511,5.871665377143318,5.694649676869989,4.7030105029588745,0.3251713383082537,5.028181841267128,5.389657079,-0.074661458,5.314995621,2047.0,exact
Darius Garland,2021-22,2407.0,4.5,-0.30000001192092896,4.300000190734863,4.406896946665342,-0.03934988700212006,4.367547059663222,3.987938039077729,3.9090517888305474,-0.2541929555449921,3.654858833285555,3.127514616,0.178507519,3.306022135,2430.0,exact
Mikal Bridges,2021-22,2848.0,1.7999999523162842,0.8999999761581421,2.799999952316284,0.784743455819279,0.5207870395049795,1.3055304953242586,2.5229717871689306,-0.3797818653581352,0.14857388102138164,-0.23120798433675355,2.058974239,1.423116952,3.482091191,2854.0,exact
LeBron James,2021-22,2084.0,4.599999904632568,0.0,4.599999904632568,4.2373505642199065,-0.037963803811099366,4.1993867604088075,2.484003401736044,2.497953052364739,-0.48809629248853603,2.009856759876203,3.9982784129999995,-0.487434283,3.510844131,2084.0,exact
Derrick White,2021-22,2180.0,0.800000011920929,3.200000047683716,3.9000000953674316,0.1920175756508479,2.383569258648315,2.5755868342991626,2.519288245618614,0.9182527120970448,1.990120821071993,2.908373533169038,1.127891554636198,0.7476528047021372,1.8755443583383355,2199.0,exact
Terry Rozier,2021-22,2427.0,2.700000047683716,0.30000001192092896,3.0,2.309253880393906,0.1892844498044476,2.498538330198354,2.673060169117892,2.682847759409195,-0.910160458950142,1.7726873004590529,2.985158331,-0.445779609,2.539378722,2458.0,exact
Marcus Smart,2021-22,2270.0,1.2999999523162842,2.0,3.299999952316284,0.9779605947153717,1.8714662635196626,2.8494268582350344,3.3397593755614197,1.6904476361004794,0.6012427244935306,2.2916903605940098,0.38149549,2.121819801,2.503315291,2296.0,exact
Desmond Bane,2021-22,2266.0,2.700000047683716,0.5,3.200000047683716,2.092948709911038,0.18683551530237175,2.27978422521341,2.5082078034975304,0.7419766711585081,0.48714869937817945,1.2291253705366876,2.843767727,0.571206809,3.414974536,2266.0,exact
Mike Conley,2021-22,2033.0,2.700000047683716,1.2000000476837158,3.9000000953674316,1.8101987145209335,1.9643525970780737,3.7745513115990073,3.84032030124909,2.4654673711722075,0.438534063310243,2.9040014344824505,2.705822667,0.577194594,3.283017262,2058.0,exact
Dejounte Murray,2021-22,2334.0,3.0999999046325684,-0.10000000149011612,3.0,3.0615059924722714,0.6317916421227086,3.69329763459498,2.674955619839251,3.6878068622693783,-0.7812719723574164,2.9065348899119616,2.923973994,1.509399325,4.433373318,2366.0,exact
Chris Paul,2021-22,2139.0,4.099999904632568,-0.5,3.5999999046325684,3.0927072635802464,0.6669348281205191,3.7596420917007656,4.523609669180626,5.199358511711363,-0.18429373834043483,5.015064773370929,4.074857421,2.103792175,6.178649597,2139.0,exact
Jakob Poeltl,2021-22,1941.0,1.7000000476837158,2.5,4.199999809265137,1.4602738764537586,1.4806428361495456,2.940916712603304,2.6396911723897802,0.38415725938343837,2.254782662859398,2.6389399222428365,0.248356845,0.767303224,1.015660069,1970.0,exact
Domantas Sabonis,2021-22,2136.0,1.2999999523162842,2.299999952316284,3.5999999046325684,0.2890860028183739,1.3715445347779627,1.6606305375963366,1.676383734707813,0.5863971465464985,0.8305186161924583,1.4169157627389568,2.4468234809101124,-0.29286875425842696,2.153954726887641,2136.0,exact
Jimmy Butler,2021-22,1931.0,3.299999952316284,0.800000011920929,4.099999904632568,2.9122871002490682,1.0098118794740563,3.9220989797231245,4.484140275126674,1.739779248263406,-0.6115796262748665,1.1281996219885395,5.184967768,1.290457873,6.475425641,1931.0,exact
Jarrett Allen,2021-22,1809.0,0.20000000298023224,4.199999809265137,4.400000095367432,-0.5364349638343843,3.0524309127730107,2.5159959489386265,2.596766186410844,-1.2336885218991875,2.9015355841059205,1.667847062206733,1.499017686,1.466726777,2.965744463,1809.0,exact
Miles Bridges,2021-22,2809.0,1.899999976158142,-0.10000000149011612,1.7999999523162842,1.5862527451795048,0.12114775262878731,1.7074004978082922,1.7864493132478112,0.44972449662949976,-0.10814557266281462,0.34157892396668516,1.5815694979999997,-0.332990804,1.248578694,2837.0,exact
Al Horford,2021-22,1981.0,-0.20000000298023224,3.799999952316284,3.700000047683716,-0.12858557427547443,2.888849473127342,2.7602638988518677,2.5054530612641512,-0.03636028387897616,2.904064554008017,2.867704270129041,-0.410929276,2.374486752,1.963557477,2005.0,exact
Jaylen Brown,2021-22,2197.0,1.600000023841858,1.2000000476837158,2.799999952316284,1.4072111335830497,0.9568700685503794,2.364081202133429,3.3232741709136793,1.6667284394558837,0.9487291388643071,2.615457578320191,2.790873015,0.788277258,3.579150273,2220.0,exact
Tyrese Haliburton,2021-22,2655.0,2.799999952316284,-0.8999999761581421,1.899999976158142,1.7433224433657566,-0.42487049619686995,1.3184519471688867,0.5094665822163381,1.7220771906842556,-1.687045787560165,0.03503140312409059,2.920284147264935,0.08619471975584418,3.006478867020779,2695.0,exact
Kyle Lowry,2021-22,2133.0,2.200000047683716,0.800000011920929,2.9000000953674316,2.237409894074601,0.8707667229783035,3.1081766170529046,2.9583375425319445,2.791615322422717,0.23162208382165783,3.023237406244375,1.051067498,0.709153983,1.760221481,2133.0,exact
Karl-Anthony Towns,2021-22,2476.0,3.4000000953674316,-1.2999999523162842,2.0999999046325684,3.7287915508887415,0.39641331803803564,4.125204868926777,4.342657625415814,1.4992330817846444,0.39311090051732234,1.8923439823019668,2.950120369,-0.058449125,2.891671244,2476.0,exact
DeMar DeRozan,2021-22,2743.0,3.9000000953674316,-2.299999952316284,1.600000023841858,3.5043448683073763,-1.4865499755818652,2.017794892725511,3.0158158334825225,2.254330183420179,-1.4080242553939457,0.8463059280262333,4.262088654,-1.554766585,2.707322069,2743.0,exact
Bam Adebayo,2021-22,1825.0,-0.20000000298023224,3.9000000953674316,3.700000047683716,-0.07831860362931596,2.928558763396923,2.850240159767607,3.061292010409519,-0.6999667984479875,1.3297073423807046,0.6297405439327172,1.087049022,2.250844735,3.337893757,1825.0,exact
Anthony Edwards,2021-22,2448.0,1.7999999523162842,0.20000000298023224,2.0,1.8059617940298962,-0.41503287068614675,1.3909289233437494,1.3300939505581133,1.3031654571653268,-0.6400873549990393,0.6630781021662875,1.8216376639999998,0.46793448900000006,2.289572153,2466.0,exact
LaMelo Ball,2021-22,2393.0,2.5999999046325684,-0.699999988079071,2.0,2.905937463013995,0.08717688565553798,2.993114348669533,3.3237261767197634,3.213619574595141,-1.1557126085716285,2.0579069660235123,1.7650100900000003,-0.090628466,1.674381624,2422.0,exact
Alec Burks,2021-22,2278.0,1.100000023841858,1.2999999523162842,2.4000000953674316,0.9057810298503816,0.8494339786767652,1.7552150085271467,1.8210211686779878,0.2677259517168862,0.1483578742009278,0.416083825917814,0.838948407,1.568351162,2.407299569,2318.0,exact
James Harden,2021-22,2419.0,3.5,-1.600000023841858,2.0,3.935404238884177,-0.6829514209779642,3.252452817906213,2.2821170160655453,3.9553725704060425,-0.6941031915129734,3.2612693788930693,2.4359252601198844,0.21928556129226953,2.655210821412154,2419.0,exact
Immanuel Quickley,2021-22,1761.0,2.0999999046325684,1.600000023841858,3.700000047683716,2.4971382498351486,0.9366011911957602,3.433739441030909,3.6655878153937578,2.0388639871845537,1.1649726540238965,3.2038366412084502,1.035918323,0.36858654700000004,1.4045048700000002,1802.0,exact
Jalen Brunson,2021-22,2499.0,2.299999952316284,-0.5,1.7999999523162842,2.1004284011141774,-0.873828225829531,1.2266001752846463,2.3090848730779476,1.456122864746874,-0.6847726044834446,0.7713502602634295,2.85109084,0.058388081,2.909478921,2524.0,exact
CJ McCollum,2021-22,2140.0,3.299999952316284,-0.800000011920929,2.4000000953674316,2.711781510455333,-0.6195821180324851,2.092199392422848,1.1409243537775413,2.62871208931088,-0.7861295713979147,1.8425825179129656,3.094057116586014,-0.7984834577086246,2.295573658877389,2145.0,exact
Ja Morant,2021-22,1889.0,4.599999904632568,-1.600000023841858,3.0,4.140099224680959,-0.8716286996013881,3.268470525079571,2.3248605532997266,3.0269444901810774,-0.41211544290595414,2.614829047275123,4.018735723,-1.279773679,2.738962044,1889.0,exact
Mitchell Robinson,2021-22,1848.0,0.5,2.5999999046325684,3.0999999046325684,0.5010296399055206,1.38506923475294,1.8860988746584608,1.6451161096499873,-0.03277024950311311,1.016731429321318,0.983961179818205,-0.171105321,1.5692879739999999,1.3981826529999999,1848.0,exact
Donovan Mitchell,2021-22,2266.0,4.599999904632568,-2.700000047683716,1.899999976158142,4.853436455696684,-1.4737454847883387,3.379690970908346,3.506368791468135,4.48565582189292,-1.8043563376674214,2.681299484225499,4.617142401,-0.22298918,4.394153221,2266.0,exact
Royce O'Neale,2021-22,2379.0,0.5,1.2000000476837158,1.7000000476837158,-0.46810822155002835,1.0479213725590057,0.5798131510089775,1.311346435958925,-1.5072600384660182,-0.22906881833796316,-1.7363288568039814,-0.114724551,1.178147235,1.063422684,2406.0,exact
Clint Capela,2021-22,2018.0,0.5,1.7999999523162842,2.4000000953674316,0.29417865335277005,1.2496398526274903,1.5438185059802603,2.3638288869951465,-0.41684541750546,0.6638093001157135,0.24696388261025348,0.279559109,1.294792731,1.57435184,2042.0,exact
Robert Williams III,2021-22,1804.0,0.30000001192092896,2.700000047683716,3.0,0.44953375069430007,3.1327735095302596,3.58230726022456,3.3790810343437965,-0.7866808007929874,2.844706078692203,2.0580252778992154,1.065533677,3.164147506,4.229681183,1804.0,exact
Josh Hart,2021-22,2335.0,-1.100000023841858,2.700000047683716,1.600000023841858,-0.10972414066475833,-0.7646366054441386,-0.8743607461088969,-0.5539040688149663,-0.6417887441774075,-0.425370897498183,-1.0671596416755906,0.9721548292830822,-0.09644411213065328,0.875710717152429,1791.0,exact
Pascal Siakam,2021-22,2578.0,1.7000000476837158,-0.5,1.2000000476837158,2.129564592440703,0.3134100746708038,2.442974667111507,2.7069654585503997,1.6685239261998543,0.4108013085076403,2.0793252347074946,2.318174466,0.41816912500000003,2.736343591,2578.0,exact
Gary Payton II,2021-22,1230.0,1.0,4.300000190734863,5.400000095367432,0.21286906605447606,2.94124520766059,3.154114273715066,3.0860063857247098,-1.8678324427202637,1.2259820589241577,-0.641850383796106,2.019142744,3.9733597179999998,5.992502462,1247.0,exact
Steven Adams,2021-22,1999.0,1.7000000476837158,0.5,2.200000047683716,1.1679410358746134,1.1127901694045967,2.28073120527921,2.352518684118485,1.3866638413001888,0.7602532515456425,2.146917092845831,-0.409815136,0.891401504,0.481586368,1999.0,exact
Patrick Beverley,2021-22,1461.0,2.0999999046325684,1.899999976158142,4.0,1.585019045811874,1.3576271848261892,2.942646230638063,2.9123282026047654,1.674364227861987,0.2059562737477938,1.8803205016097808,0.275372469,1.202598169,1.4779706390000003,1476.0,exact
Jordan Clarkson,2021-22,2112.0,2.4000000953674316,-0.5,2.0,2.3337233968239732,9.235732577865067e-06,2.333732632556551,1.9583160849791046,2.9600893653740825,0.010329301754949172,2.9704186671290316,1.497242221,-0.136602942,1.360639278,2141.0,exact
Cameron Johnson,2021-22,1707.0,1.0,2.0,3.0,0.46107554289687647,1.452516429534432,1.9135919724313084,1.5607872806216072,-0.3052279552588713,0.9014598041154797,0.5962318488566083,1.105502347,0.44155506,1.547057407,1730.0,exact
Garrison Mathews,2021-22,1680.0,1.0,2.0,3.0,0.7161544463148193,-0.2077458678386975,0.5084085784761218,0.30419294228497673,-0.1442359733558617,-1.3733813303956204,-1.5176173037514822,-0.031995543,-0.424021399,-0.456016942,1712.0,exact
Jonas Valanciunas,2021-22,2240.0,0.8999999761581421,0.800000011920929,1.600000023841858,0.4240407610425066,1.2828143703525383,1.7068551313950449,1.3666803278578665,1.0116446215205062,1.530246695751038,2.5418913172715443,0.285938549,-0.18817934,0.097759208,2240.0,fuzzy
Moritz Wagner,2021-22,2429.0,0.6000000238418579,0.699999988079071,1.2999999523162842,0.558131782296268,-1.5150481332297556,-0.9569163509334876,-0.6932666465788125,-0.23440012106134367,0.5914845368966782,0.35708441583533457,-0.032638598,-1.338823454,-1.3714620520000003,960.0,exact
Andrew Wiggins,2021-22,2329.0,-0.30000001192092896,1.7000000476837158,1.5,-0.08378809580897549,1.599380083414987,1.5155919876060115,1.2091744004003728,0.006463113403119336,1.2551674829312915,1.261630596334411,0.887850961,0.782752659,1.67060362,2329.0,exact
Jarred Vanderbilt,2021-22,1866.0,0.4000000059604645,2.0,2.4000000953674316,-0.2440855263023746,2.057768927361003,1.8136834010586282,1.93592134646869,-1.9130533214695296,0.003928124403743585,-1.9091251970657859,-0.343012837,2.369203541,2.026190703,1880.0,exact
Dorian Finney-Smith,2021-22,2616.0,0.5,0.4000000059604645,0.8999999761581421,0.20924761265064262,0.5133733910147679,0.7226210036654105,1.0469168983542356,-0.5913603368414854,0.05264129012795521,-0.5387190467135301,0.128479919,1.084558426,1.213038345,2644.0,exact
De'Anthony Melton,2021-22,1633.0,0.699999988079071,2.200000047683716,2.9000000953674316,0.4027155536600624,1.6649514929562568,2.067667046616319,2.150584255696986,1.2040878308987282,0.41884614678215426,1.6229339776808824,0.162407644,2.30486887,2.467276514,1657.0,exact
Jusuf Nurkic,2021-22,1579.0,-0.30000001192092896,3.4000000953674316,3.0999999046325684,-0.13982005449075718,2.571782500348942,2.431962445858185,3.206290395358336,0.00600795209920468,1.1396677924235705,1.1456757445227752,-0.642024045,0.816430158,0.174406113,1579.0,fuzzy
D'Angelo Russell,2021-22,2077.0,2.799999952316284,-1.100000023841858,1.7000000476837158,2.7441408193468106,-1.1688809078608784,1.5752599114859323,0.7113340409671727,3.85067336064947,-0.3046977758198582,3.5459755848296117,1.875527406,-0.949269311,0.926258095,2077.0,exact
Jaren Jackson Jr.,2021-22,2126.0,-0.30000001192092896,1.899999976158142,1.600000023841858,-0.1012677258604035,2.4282329197684405,2.326965193908037,2.490663037760505,-0.09754569007490207,1.7395472336487916,1.6420015435738895,-1.339667808,2.123068689,0.783400881,2126.0,exact
Khris Middleton,2021-22,2141.0,2.200000047683716,-0.699999988079071,1.5,2.7743665199777343,-0.06593922809093405,2.7084272918868004,3.497386066929432,2.7160719387939585,-0.40954024339318645,2.306531695400772,2.704377649,0.121308939,2.825686588,2141.0,exact
Gary Trent Jr.,2021-22,2417.0,1.600000023841858,-0.6000000238418579,1.100000023841858,1.496309663713495,0.044574549210454346,1.5408842129239493,2.4586449177856236,1.0885311382955603,-1.5649228928429215,-0.47639175454736127,1.785477759,0.823770713,2.609248472,2448.0,exact
Robert Covington,2021-22,1927.0,-0.800000011920929,2.700000047683716,1.899999976158142,-1.218728293460192,2.5024508435398256,1.2837225500796337,1.6929545041651162,-1.1865977085468202,0.48551974864973313,-0.7010779598970871,-1.9266762004680416,2.9883082002407217,1.0616319995103096,1940.0,exact
Shai Gilgeous-Alexander,2021-22,1942.0,2.799999952316284,-0.8999999761581421,1.899999976158142,3.0838193914423315,-0.782749972271266,2.3010694191710654,1.4394417265034336,2.097879136453291,-0.7489362576424832,1.348942878810808,1.823486263,-0.34817796600000006,1.475308297,1942.0,exact
Bobby Portis,2021-22,2028.0,0.800000011920929,1.0,1.7999999523162842,0.8768646137982105,1.4312675682658014,2.308132182064012,2.36594255773896,0.7444772043547243,1.0819865335022683,1.8264637378569926,-0.204718861,0.792456214,0.587737353,2028.0,exact
Alex Caruso,2021-22,1147.0,0.30000001192092896,4.699999809265137,4.900000095367432,-0.8778577623251688,2.9815575833868913,2.1036998210617224,2.8783464342454863,-0.5005518089262588,1.0349189848938427,0.5343671759675839,-0.020509273,2.454808819,2.434299546,1147.0,exact
Tyler Herro,2021-22,2151.0,2.0999999046325684,-0.800000011920929,1.2999999523162842,1.7654800924601843,-1.106919862601347,0.6585602298588373,0.289574666611443,2.6185438063594946,-0.22966694590711634,2.3888768604523785,1.44909618,-0.12025251000000002,1.328843671,2151.0,exact
Keldon Johnson,2021-22,2358.0,1.2999999523162842,-0.30000001192092896,1.0,0.6384565051475216,-0.3230180399460201,0.31543846520150154,1.182031623211681,-0.07220853607454158,-0.532992485183754,-0.6052010212582956,1.303473401,-0.294506203,1.008967198,2392.0,exact
Harrison Barnes,2021-22,2596.0,0.0,0.6000000238418579,0.6000000238418579,0.18544666692841902,-1.8457494935053491,-1.6603028265769302,-1.9117141642796736,-0.2741277435303201,-1.9066631840494253,-2.1807909275797455,1.079138201,-1.763060006,-0.683921805,2587.0,exact
Montrezl Harrell,2021-22,1618.0,2.0,0.6000000238418579,2.5999999046325684,0.8460054246593947,1.5063479850696042,2.352353409728999,2.683025959282091,-0.4489074817610708,2.0163145000475255,1.5674070182864548,2.9860245919561246,-1.174794491981109,1.8112300999750155,1641.0,exact
Bogdan Bogdanovic,2021-22,1821.0,2.5,-0.6000000238418579,1.899999976158142,2.2330181842360814,-0.05293619755010096,2.1800819866859804,1.7941623960338215,2.1999138864949193,-0.4397997457716694,1.76011414072325,2.197873409,0.09609876100000002,2.29397217,1848.0,fuzzy
Paul George,2021-22,1077.0,1.100000023841858,3.9000000953674316,4.900000095367432,1.1667947174681892,2.628600012796316,3.7953947302645052,4.264510495225313,3.2608958058291355,1.4889934222022996,4.749889228031435,0.609388982,2.237075728,2.84646471,1077.0,exact
Jordan Poole,2021-22,2255.0,1.899999976158142,-1.0,0.8999999761581421,1.593199857470675,-0.979463254713893,0.613736602756782,1.6138326415930024,1.8375659568085998,-0.5295527382355381,1.3080132185730617,1.734779302,-0.085349463,1.649429838,2283.0,exact
Jae Crowder,2021-22,1886.0,-0.30000001192092896,1.899999976158142,1.600000023841858,-0.5607650267704457,1.487141131452013,0.9263761046815674,1.9471503237615428,-0.5908154379719253,0.7955895843420697,0.20477414637014446,-1.321867643,3.00097205,1.679104406,1886.0,exact
Spencer Dinwiddie,2021-22,1962.0,1.7000000476837158,-0.20000000298023224,1.5,0.743982541850511,-0.69069146274073,0.05329107910978104,-0.2672470831637231,1.8431116493869817,-0.21147935952756458,1.631632289859417,0.6662806919747475,-0.9956365428080809,-0.32935585083333324,1980.0,exact
Otto Porter Jr.,2021-22,1396.0,0.699999988079071,2.299999952316284,3.0,-0.2868051566739727,2.12017259609188,1.8333674394179074,2.6097236535270856,-0.8804947167879916,0.6208063681274757,-0.25968834866051593,-0.020480097,2.550243219,2.529763122,1396.0,exact
Matisse Thybulle,2021-22,1650.0,-2.0999999046325684,4.199999809265137,2.0999999046325684,-2.9982191066832264,3.32534982132085,0.32713071463762367,1.6965217502498655,-2.8910529089251713,0.8101897756866889,-2.0808631332384824,-0.9180904509999999,3.50957541,2.5914849580000006,1685.0,exact
P.J. Tucker,2021-22,1981.0,-0.800000011920929,2.200000047683716,1.2999999523162842,-0.90359963814161,1.5567402071310552,0.6531405689894452,0.9391324400493813,-0.9203803390440889,1.1068550096913752,0.1864746706472863,-0.856431467,1.111124427,0.254692961,1981.0,exact
Deni Avdija,2021-22,1953.0,-0.8999999761581421,2.0999999046325684,1.100000023841858,-1.0425451337291574,1.1990185634081951,0.15647342967903777,-0.886488639436417,-0.5041860486348436,1.1857366763553459,0.6815506277205022,-1.350328901,0.9557376749999998,-0.394591226,1984.0,exact
Kevin Love,2021-22,1650.0,1.600000023841858,0.20000000298023224,1.7999999523162842,1.53758004887245,0.739054410125156,2.276634458997606,1.7207762633893695,2.7310862260861555,1.9266766406238667,4.657762866710022,0.346250014,-0.379709233,-0.033459219,1665.0,exact
Wendell Carter Jr.,2021-22,1852.0,-0.4000000059604645,1.600000023841858,1.2000000476837158,-0.5382681159247332,2.2066902707041365,1.6684221547794031,0.23126189452846405,-0.10736757783949559,1.8318713966404396,1.724503818800944,0.05335593,0.951979189,1.00533512,1852.0,exact
Buddy Hield,2021-22,2463.0,1.2999999523162842,-1.0,0.30000001192092896,0.703399212421575,-1.1852946957308852,-0.4818954833093102,-0.8090083681379893,1.2751595319346076,-0.7678026813148652,0.5073568506197424,0.1974889022468987,-0.823640621492197,-0.6261517192452983,2499.0,exact
Draymond Green,2021-22,1304.0,-1.7000000476837158,4.300000190734863,2.700000047683716,-1.0944117524481187,3.5723909273972523,2.477979174949134,1.7642377894308747,-0.37055237259871443,2.9421294724758917,2.571577099877177,-1.741044336,3.341295505,1.600251169,1329.0,exact
Kyrie Irving,2021-22,1052.0,4.900000095367432,-0.800000011920929,4.099999904632568,4.898736897796597,-0.9783806054536012,3.9203562923429955,2.943993430517399,3.050423334291401,-1.195728225567317,1.8546951087240842,4.126560334,-0.176007388,3.950552946,1091.0,exact
Anthony Davis,2021-22,1404.0,-0.5,2.700000047683716,2.200000047683716,-0.9591384356979704,2.477104306648307,1.5179658709503365,1.4605932790984635,-0.004345521784861181,1.4865713470270214,1.4822258252421603,1.101506138,0.949758119,2.051264257,1404.0,exact
Terance Mann,2021-22,2292.0,-0.10000000149011612,0.4000000059604645,0.30000001192092896,-0.34148403459923427,1.0223892325751445,0.6809051979759102,0.9525407736469536,-1.2587182599814841,0.5203733626160323,-0.7383448973654518,0.471740747,0.280589101,0.752329848,2317.0,exact
Cody Martin,2021-22,1842.0,0.30000001192092896,0.8999999761581421,1.100000023841858,-0.46142257401363224,0.9085191930690478,0.4470966190554156,0.6782849475761458,-1.246804732232007,-0.34960942027040937,-1.5964141525024165,0.140185962,0.512654842,0.6528408039999999,1866.0,exact
Lonzo Ball,2021-22,1212.0,0.10000000149011612,2.700000047683716,2.799999952316284,-0.15918365452690822,2.552208272372376,2.3930246178454677,1.9808519122301307,0.8479656631025917,1.1188589114876253,1.966824574590217,-0.22878063899999998,1.820822167,1.592041528,1212.0,exact
Brandon Clarke,2021-22,1246.0,1.600000023841858,1.100000023841858,2.700000047683716,0.7353644254968442,1.8735210584444992,2.6088854839413433,2.2649989095094956,-0.42237170284079817,1.5685727346704033,1.1462010318296052,3.386319585,0.794963931,4.181283515,1246.0,exact
John Collins,2021-22,1663.0,0.699999988079071,0.699999988079071,1.399999976158142,-0.06832126463316089,1.0469078775127796,0.9785866128796187,1.163143826447129,-0.4213595245689493,0.5748230469459542,0.1534635223770049,1.168093345,-0.409059697,0.7590336480000001,1663.0,exact
Andre Drummond,2021-22,1417.0,-0.5,2.5,2.0,-1.0898232357091553,2.1004657534000035,1.0106425176908482,1.1255952413852828,0.5170893817309066,1.6586750653609377,2.1757644470918445,-1.6708880840424494,2.8279743270250517,1.1570862429826025,1437.0,exact
Aaron Gordon,2021-22,2376.0,0.6000000238418579,-0.4000000059604645,0.20000000298023224,0.5052805358343925,0.11231775919036985,0.6175982950247623,1.5982560632607588,-0.2895931251009607,-0.2957603492490244,-0.5853534743499851,0.779157331,-0.179033524,0.600123807,2376.0,exact
Javonte Green,2021-22,1479.0,0.5,1.399999976158142,1.899999976158142,-0.4449627328235459,1.3968964868953149,0.951933754071769,1.5372148664182619,-2.45005968998933,-0.5394368232344291,-2.9894965132237594,0.575710222,1.045940831,1.621651054,1519.0,exact
Luke Kennard,2021-22,1891.0,1.5,-0.6000000238418579,0.8999999761581421,1.3753727076188589,-0.5766937760236632,0.7986789315951957,1.5088723807626714,0.04479218001030389,0.005463769886504544,0.050255949896808434,1.377493868,0.100797429,1.478291297,1919.0,exact
Zach LaVine,2021-22,2328.0,2.799999952316284,-2.5999999046325684,0.20000000298023224,2.5272432029640854,-1.9972408551245202,0.5300023478395652,-0.15276531963837636,1.9965785313275197,-1.0260229334755273,0.9705555978519924,3.294114189,-1.663268757,1.630845431,2328.0,exact
Caleb Martin,2021-22,1372.0,0.10000000149011612,2.200000047683716,2.299999952316284,-0.369051128612856,1.9033390666155101,1.5342879380026542,1.1953970183804676,-1.726851153319796,1.1680340984589213,-0.5588170548608749,0.860885017,1.800377875,2.661262892,1372.0,exact
Tyrese Maxey,2021-22,2627.0,1.2999999523162842,-1.5,-0.10000000149011612,0.9053987677666347,-1.2590466780949758,-0.3536479103283411,0.24838475366376053,-0.09349558181758,-0.3652946874446976,-0.4587902692622776,1.920785548,-0.948949162,0.971836386,2650.0,exact
Malik Monk,2021-22,2103.0,1.7000000476837158,-1.100000023841858,0.5,1.4615021887293242,-1.1950407707002297,0.2664614180290945,0.9586952905745841,0.23283658342607547,-1.2302991386878772,-0.9974625552618017,1.269005587,-0.323704533,0.945301054,2139.0,exact
Kristaps Porzingis,2021-22,1481.0,1.399999976158142,0.4000000059604645,1.7999999523162842,0.3801856450873933,2.0527512458514616,2.432936890938855,2.6757767780287804,1.555567994095698,1.2232607457862243,2.7788287398819222,1.842131411655638,0.9344899084807562,2.7766213208129638,1481.0,fuzzy
Ricky Rubio,2021-22,970.0,0.5,3.700000047683716,4.300000190734863,-0.4833714129625632,2.1813873071461383,1.698015894183575,1.8206842285691816,2.026380224285544,2.034610727758937,4.060990952044481,-0.477164038,2.084462845,1.607298807,970.0,exact
Max Strus,2021-22,1587.0,2.200000047683716,-0.699999988079071,1.5,1.135765990701801,-0.3252874202827217,0.8104785704190793,0.3394361874655581,0.939402526573753,0.3951554914939426,1.3345580180676957,0.861308205,-0.243149023,0.618159182,1587.0,exact
Hassan Whiteside,2021-22,1148.0,1.0,2.299999952316284,3.299999952316284,0.9086912689617604,1.5127680158296304,2.421459284791391,2.1997916617472657,-0.6401735790818325,2.4229786619217646,1.782805082839932,-0.328101895,2.573156434,2.245054539,1162.0,exact
Bradley Beal,2021-22,1439.0,1.100000023841858,0.699999988079071,1.7999999523162842,0.2189920916969853,-0.6236081803771055,-0.4046160886801202,-0.949957545235225,2.681650556485932,-0.30045715584917776,2.381193400636754,1.7876264610000003,-1.328841644,0.458784817,1439.0,exact
Seth Curry,2021-22,2135.0,1.100000023841858,-0.800000011920929,0.30000001192092896,0.6882705594462516,-0.5631176715837957,0.12515288786245593,-0.23726018047351286,0.47094319029813503,-0.38220259228343934,0.08874059801469569,1.5786604453395785,-0.48758893488103044,1.0910715104585478,2135.0,exact
Isaiah Hartenstein,2021-22,1191.0,1.0,1.600000023841858,2.5999999046325684,1.5530973400940138,2.452089267066278,4.005186607160292,3.6491045340865482,-0.2772987908116882,3.898515983080646,3.6212171922689578,0.925236319,2.389692445,3.314928764,1216.0,exact
Kevon Looney,2021-22,1717.0,-0.5,1.399999976158142,0.8999999761581421,-0.7759172511911746,2.065741737983215,1.2898244867920403,1.3490020130402616,-1.284175515736149,2.2728818306862366,0.9887063149500877,-1.7205047979999997,1.5513425719999998,-0.169162226,1732.0,exact
Delon Wright,2021-22,1430.0,-0.800000011920929,2.5,1.7000000476837158,-0.5126833182081537,2.113784248341613,1.6011009301334593,2.028321471035327,-1.437285292499713,-0.16811358765032783,-1.605398880150041,0.8654823989999999,1.8226788270000003,2.688161225,1452.0,exact
Chris Boucher,2021-22,1658.0,-0.30000001192092896,1.2999999523162842,1.0,-0.20676062419115962,2.016236765507322,1.8094761413161624,2.003858861617748,-0.5218877761868659,1.8530720538666343,1.3311842776797684,0.617560674,1.31740144,1.934962115,1690.0,exact
Dillon Brooks,2021-22,885.0,1.2999999523162842,2.799999952316284,4.099999904632568,0.6930616142335864,1.6299706881120575,2.323032302345644,1.295889504902737,0.5027121664548363,1.2622646091814982,1.7649767756363346,1.800626481,0.095500802,1.896127283,885.0,exact
Bruce Brown,2021-22,1736.0,0.30000001192092896,0.30000001192092896,0.6000000238418579,-0.7435906059009073,0.8556303543187328,0.11203974841782549,-0.5285460099415769,-1.6957551071563213,0.13439287729735166,-1.5613622298589696,0.7069946909999999,1.026603855,1.733598546,1774.0,exact
JaVale McGee,2021-22,1149.0,-0.20000000298023224,2.5,2.299999952316284,-0.4682081516108488,2.287212156661383,1.819004005050534,1.3130174749124974,0.49150429096650883,3.811147041224517,4.302651332191026,-1.554903212,0.976522397,-0.578380815,1172.0,exact
Grayson Allen,2021-22,1805.0,0.5,-0.10000000149011612,0.4000000059604645,-0.04462430101827968,0.2939695950592514,0.24934529404097172,1.0927141625322079,-1.0324734396367123,0.1833411312031065,-0.8491323084336059,1.126301214,0.140238578,1.266539792,1805.0,exact
Damian Lillard,2021-22,1056.0,4.199999809265137,-1.600000023841858,2.5999999046325684,4.104645190134511,-2.239661920085521,1.8649832700489903,0.4849021531007032,4.438010202820592,-1.4895542818419771,2.9484559209786143,2.223547419,-2.152562941,0.070984478,1056.0,exact
Lauri Markkanen,2021-22,1857.0,1.399999976158142,-1.100000023841858,0.4000000059604645,0.7286567060103998,-0.14123324438186236,0.5874234616285374,1.11054408354442,-0.1680001877235307,0.1787520150178476,0.010751827294316896,0.968988547,0.895013876,1.864002423,1878.0,exact
Monte Morris,2021-22,2239.0,1.399999976158142,-1.5,-0.20000000298023224,1.5233500251080667,-0.9801835210301245,0.5431665040779422,2.024333674222045,0.5017984964965573,-1.3077671718917225,-0.8059686753951653,1.672970108,-0.28800548,1.384964628,2239.0,exact
Kevin Porter Jr.,2021-22,1867.0,0.20000000298023224,0.10000000149011612,0.30000001192092896,0.5399110737084815,-0.7592156768751005,-0.21930460316661904,-0.587742231568495,1.7207303077474418,-1.8458585910457712,-0.12512828329832937,-0.67301703,-0.933565266,-1.606582296,1907.0,exact
Kenrich Williams,2021-22,1072.0,-1.2000000476837158,3.799999952316284,2.5999999046325684,-1.259727628759649,2.676943921966847,1.4172162932071979,2.7350626785298147,-0.9602183902803919,2.172884273362398,1.212665883082006,0.198342628,1.215099088,1.413441716,1072.0,exact
Reggie Bullock,2021-22,1875.0,-0.30000001192092896,0.5,0.20000000298023224,-0.5862885078868145,-0.3156218011637908,-0.9019103090506053,0.6201472653887791,-0.92355712816303,-0.036942842155448324,-0.9604999703184783,-0.572640447,0.89554425,0.322903804,1902.0,exact
Pat Connaughton,2021-22,1691.0,0.6000000238418579,-0.10000000149011612,0.5,-0.012290072934132404,-0.43307975292583195,-0.4453698258599644,0.06834633044758288,-0.7090362223822675,-0.9454696445216183,-1.654505866903886,0.878545984,-0.151904212,0.726641772,1691.0,exact
Kevin Huerter,2021-22,2158.0,0.4000000059604645,-0.6000000238418579,-0.20000000298023224,0.525000569931671,-0.8176913644699965,-0.29269079453832547,-0.16469660157089183,0.18150688199985915,-0.742503717576129,-0.5609968355762698,0.677736975,-0.62109467,0.056642305,2188.0,exact
Tre Jones,2021-22,1127.0,0.30000001192092896,1.7999999523162842,2.0999999046325684,-0.03153047228365118,0.44828564093494655,0.41675516865129536,-0.31300014889195915,-0.16477101647494286,-0.06294580342035788,-0.22771681989530074,0.463448493,-0.586783792,-0.12333529800000001,1148.0,exact
Tyus Jones,2021-22,1549.0,1.600000023841858,-0.699999988079071,0.800000011920929,1.3623069582406326,0.016181270854819796,1.3784882290954523,1.6430369069753683,1.2396378411897555,-0.1535630872312676,1.0860747539584878,2.495867106,0.10183239599999999,2.597699503,1549.0,exact
Austin Rivers,2021-22,1376.0,-0.20000000298023224,1.5,1.2999999523162842,-1.427502595200748,-1.0763455675070686,-2.5038481627078166,-1.961213164590167,-1.6655529025266804,-1.1644176248260425,-2.8299705273527227,-1.770842773,0.147137961,-1.623704812,1480.0,exact
Deandre Ayton,2021-22,1713.0,-0.699999988079071,1.100000023841858,0.4000000059604645,-0.7000159694963103,1.6500647965672695,0.9500488270709592,0.041936462425057795,-0.8376368639760633,2.335841960486838,1.4982050965107745,1.185517443,1.048161806,2.233679249,1713.0,exact
Malcolm Brogdon,2021-22,1206.0,2.299999952316284,-0.6000000238418579,1.7000000476837158,1.5176121787417258,-0.4742547092314653,1.0433574695102605,1.0778637636769475,1.4027302960744772,-0.28773418049031074,1.1149961155841663,2.035514786,-1.397317777,0.638197008,1206.0,exact
Danny Green,2021-22,1334.0,-0.20000000298023224,1.399999976158142,1.2000000476837158,-1.208720548025325,1.128819269462264,-0.07990127856306084,0.11401110090235976,-0.6068718216665072,0.1569955948769457,-0.4498762267895615,-1.5488818649999998,1.215329932,-0.333551933,1353.0,exact
Derrick Rose,2021-22,636.0,2.0999999046325684,3.5999999046325684,5.699999809265137,0.9531738065536811,1.735664731554747,2.688838538108428,1.1264495555300684,1.297819163438781,2.0993866418910194,3.3972058053298007,1.336700782,0.48927268300000004,1.825973465,636.0,exact
Nikola Vucevic,2021-22,2418.0,-2.0,1.399999976158142,-0.6000000238418579,-1.5266368272026156,1.3151405763208368,-0.2114962508817788,-0.7424965311742855,0.4709690151933487,1.4441323334142315,1.9151013486075803,-1.366717347,0.57452553,-0.792191817,2418.0,fuzzy
Brandon Ingram,2021-22,1869.0,1.2999999523162842,-1.2999999523162842,0.0,1.6944461565519495,-0.8934226662427495,0.8010234903092001,2.4058994206940083,2.368726970095108,-0.5393599119302895,1.8293670581648183,2.618406102,-0.787530859,1.830875243,1869.0,exact
John Konchar,2021-22,1252.0,0.4000000059604645,0.8999999761581421,1.2999999523162842,-0.45323286527543893,1.0739426719556115,0.6207098066801726,0.8207930930971861,-1.4590757129055754,0.6772827204176013,-0.7817929924879741,0.129430015,0.901163619,1.030593634,1292.0,exact
Ivica Zubac,2021-22,1829.0,-0.800000011920929,0.800000011920929,0.10000000149011612,-0.7726628281600596,1.0333985288531073,0.26073570069304774,-0.26749170045472986,-0.6243204225604411,2.259208226393687,1.634887803833246,-1.252231446,0.045986751,-1.206244694,1852.0,exact
Tobias Harris,2021-22,2519.0,0.699999988079071,-1.5,-0.800000011920929,0.50280755678811,-0.7727220817708377,-0.2699145249827277,0.03004138896481948,0.34149729937718787,-0.4195037499037307,-0.07800645052654281,0.649500739,-0.297688537,0.351812202,2543.0,exact
Mike Muscala,2021-22,592.0,2.5,3.0999999046325684,5.599999904632568,1.1418564993294782,1.6172042180159967,2.759060717345475,2.9333897305660526,-0.7408369841987931,2.6365684904534423,1.8957315062546494,0.8754458250000001,0.812616141,1.688061967,592.0,exact
Duncan Robinson,2021-22,2022.0,0.4000000059604645,-0.800000011920929,-0.4000000059604645,-0.2168457915830584,-0.4609921791955158,-0.6778379707785742,-0.8326877433380995,1.550447439248682,-0.19527434603489582,1.3551730932137862,-0.104020023,-0.310078578,-0.414098601,2043.0,exact
Myles Turner,2021-22,1235.0,-1.2000000476837158,2.4000000953674316,1.2000000476837158,-1.306996857834999,2.7482458595210475,1.4412490016860484,0.7770833967027335,-1.171161295741843,1.4617902180951146,0.29062892235327165,-1.741370758,1.728587334,-0.012783424,1235.0,exact
LaMarcus Aldridge,2021-22,1050.0,-0.20000000298023224,1.899999976158142,1.7000000476837158,-0.8949482870675435,0.9365983214357145,0.04165003436817105,-0.7485778959225703,-1.022732884136371,1.663971520069238,0.641238635932867,0.235397755,-0.88094322,-0.645545465,1050.0,exact
Andre Iguodala,2021-22,603.0,-0.30000001192092896,5.300000190734863,5.0,-1.5983724123232903,3.720855277166278,2.122482864842988,2.8362609211636403,-0.19496439049590233,3.0072976378811482,2.812333247385246,-0.704909687,3.080137024,2.375227337,603.0,exact
Cameron Payne,2021-22,1278.0,0.20000000298023224,0.800000011920929,1.0,-0.10968615899473544,-0.00419560023706797,-0.11388175923180341,-0.3611854749579755,1.5947831755748103,0.33569592329715303,1.9304790988719633,-0.976044375,-0.072741342,-1.048785717,1278.0,exact
Gabe Vincent,2021-22,1576.0,-0.8999999761581421,1.100000023841858,0.20000000298023224,-0.5369474886715362,0.7900407502659937,0.25309326159445755,0.3805862161053582,0.5546479239423966,0.30422008574453624,0.8588680096869328,-1.329814227,0.23353563,-1.096278597,1589.0,exact
Precious Achiuwa,2021-22,1698.0,-2.5,2.4000000953674316,-0.10000000149011612,-1.95340165586882,2.222215787731026,0.26881413186220593,-0.596877663520439,-0.9636384089357822,2.2007735020317645,1.2371350930959824,-3.227773474,-0.24369713600000004,-3.47147061,1725.0,exact
Marquese Chriss,2021-22,1541.0,-0.800000011920929,1.0,0.20000000298023224,-2.305464265688255,0.1238651185123449,-2.1815991471759104,-1.9251420507540207,-0.900874770763007,0.9716869130711896,0.07081214230818256,-2.763979879,0.656328741,-2.107651139,346.0,exact
De'Aaron Fox,2021-22,2083.0,1.899999976158142,-2.5,-0.6000000238418579,1.8650060715540828,-1.9084764279114725,-0.04347035635738972,-0.724209868208721,1.3052197557135963,-1.6688887377102406,-0.3636689819966443,1.151418052,-1.286762301,-0.13534425,2083.0,exact
Blake Griffin,2021-22,958.0,-1.2999999523162842,3.200000047683716,1.899999976158142,-1.3195033817984365,0.9583005672671838,-0.3612028145312527,-0.9229852823783551,0.15706014493615775,2.4319081293774056,2.5889682743135634,-1.597474503,-1.214368763,-2.811843266,958.0,exact
George Hill,2021-22,1253.0,-0.8999999761581421,1.7999999523162842,0.800000011920929,-0.9307899709187598,1.3616036696334899,0.4308136987147301,1.663648369848293,-1.5170526959242634,1.7176225737395199,0.20056987781525648,-0.794756955,0.849972802,0.055215847,1253.0,exact
Nassir Little,2021-22,1088.0,0.0,1.399999976158142,1.399999976158142,-0.5317992020389744,0.9784067424046302,0.44660754036565586,0.34533109816298646,-1.5933751764803483,0.6805912044106347,-0.9127839720697136,-0.515508258,0.256726377,-0.258781881,1088.0,exact
Onyeka Okongwu,2021-22,969.0,0.10000000149011612,1.7999999523162842,1.899999976158142,-0.09595927233804986,1.7639185710232521,1.6679592986852023,1.316387613603519,-1.3592249588904368,2.203359913435778,0.8441349545453412,0.283301476,0.756947442,1.040248918,992.0,exact
Jae'Sean Tate,2021-22,2026.0,-1.2999999523162842,0.699999988079071,-0.5,-1.7441473399151668,0.7015276899342657,-1.042619649980901,-1.6143548623925474,-0.8520649807416493,-0.30787033609067915,-1.1599353168323283,-0.582113153,-1.011298161,-1.593411314,2056.0,exact
Hamidou Diallo,2021-22,1269.0,-0.800000011920929,1.399999976158142,0.6000000238418579,-1.2830989498237182,1.2832704442887994,0.00017149446508124555,-0.2787468443303289,-1.3703008540194046,-0.3823713346405544,-1.752672188659959,-0.182273272,1.041437627,0.859164355,1269.0,exact
Luguentz Dort,2021-22,1665.0,-1.2999999523162842,1.2000000476837158,-0.10000000149011612,-1.1490018567896136,0.18602743662150864,-0.962974420168105,-0.5706491624559742,-0.09155416054205924,-0.40224857081775983,-0.49380273135981906,-0.864156007,-0.6441194670000001,-1.508275475,1665.0,exact
Evan Fournier,2021-22,2326.0,0.8999999761581421,-1.7999999523162842,-0.8999999761581421,0.37617785561825495,-1.52345133583827,-1.147273480220015,-1.2069907259640684,0.8592924074764474,-1.6126830504915795,-0.753390643015132,0.34177344,-0.328487725,0.013285715,2358.0,exact
Devonte' Graham,2021-22,2162.0,1.0,-1.7999999523162842,-0.699999988079071,0.9407778122671618,-0.6098014433403021,0.3309763689268598,0.09522765986821331,2.364089671293552,-0.8911299268618974,1.472959744431655,-0.141048899,-0.882142602,-1.023191501,2162.0,exact
Reggie Jackson,2021-22,2337.0,-0.8999999761581421,0.0,-0.8999999761581421,-0.09449457848820413,-0.45095896932299473,-0.5454535478111988,-1.457580648463386,2.2264999352487362,0.17650253868816884,2.403002473936905,-0.800821794,-0.724533657,-1.525355452,2337.0,exact
Anfernee Simons,2021-22,1681.0,2.0999999046325684,-2.299999952316284,-0.20000000298023224,2.030582421282219,-2.5453146918958,-0.5147322706135808,-0.4874909586728462,2.2094816290575663,-1.3434630854423923,0.8660185436151739,2.140945081,-2.193279169,-0.05233408800000001,1681.0,exact
OG Anunoby,2021-22,1703.0,0.30000001192092896,-0.699999988079071,-0.4000000059604645,0.2840222174695659,1.2038185810240993,1.4878407984936652,1.262632057416921,0.5272377919952537,-0.07275575328767139,0.4544820387075823,1.178489917,0.742655956,1.921145873,1728.0,exact
Nicolas Batum,2021-22,1462.0,-1.600000023841858,1.600000023841858,0.0,-1.1091949813142874,0.9052999594244143,-0.20389502188987307,-0.6190824634677882,-0.6559945780257341,-0.2592023781286133,-0.9151969561543474,-1.009356056,0.9768102520000002,-0.032545804,1462.0,exact
Kentavious Caldwell-Pope,2021-22,2329.0,-1.0,-0.10000000149011612,-1.0,-0.637201079851582,-0.4304671887826019,-1.0676682686341838,-1.3283605307862254,0.10616428838661074,-1.569686183985163,-1.4635218955985523,0.000978446,-0.275120354,-0.274141908,2329.0,exact
Tim Hardaway Jr.,2021-22,1245.0,0.0,0.5,0.5,-0.8241308868349267,-0.5312932770402957,-1.3554241638752225,-0.7555375745481233,1.1525228771574867,-0.42285332748484855,0.7296695496726382,0.18524398,0.378470597,0.563714577,1245.0,exact
Devin Vassell,2021-22,1905.0,-0.10000000149011612,-0.5,-0.6000000238418579,-0.07724215754319695,0.2710792372870087,0.19383707974381176,0.19136427687395577,-0.05327618174655532,-0.777380486655811,-0.8306566684023664,0.064801111,0.81532123,0.880122341,1937.0,exact
Wesley Matthews,2021-22,1002.0,-1.5,2.5999999046325684,1.100000023841858,-1.1051582582807573,1.1672733125984351,0.06211505431767783,-0.04857070823040266,-2.234016046285525,0.6062609917990995,-1.6277550544864257,-1.428255444,0.094878332,-1.333377112,1002.0,exact
Dwight Powell,2021-22,1773.0,0.30000001192092896,-0.800000011920929,-0.5,-0.21683256293634232,0.17368451710481791,-0.0431480458315244,0.6721002013033642,-1.5242681889933938,0.8716453936949806,-0.6526227952984132,0.814117642,-0.515235285,0.298882357,1798.0,exact
Cory Joseph,2021-22,1600.0,-0.4000000059604645,0.0,-0.4000000059604645,-0.3824746776810442,-0.26870677487798117,-0.6511814525590254,-0.94827738340382,-0.78220015367454,-0.31999153406922165,-1.1021916877437616,-1.088408556,-0.9012360000000001,-1.989644556,1600.0,exact
Maxi Kleber,2021-22,1450.0,-3.0,2.799999952316284,-0.20000000298023224,-2.1344525711335938,2.750484019223998,0.6160314480904043,0.25791011652845797,-1.5519017519239726,2.7171759940817495,1.1652742421577769,-2.941124804,1.84599002,-1.095134783,1450.0,exact
RJ Barrett,2021-22,2417.0,-0.6000000238418579,-0.699999988079071,-1.2999999523162842,-0.17885060498007108,-1.329559196317632,-1.5084098012977032,-2.3120184842863893,0.5875215140657051,-0.5238333449069776,0.06368816915872744,-0.313893695,-1.128995907,-1.442889602,2417.0,exact
Eric Bledsoe,2021-22,1361.0,-2.200000047683716,2.0,-0.20000000298023224,-1.543603540515794,1.6051328754496161,0.06152933493382218,-0.4295502656366319,-0.5162688473867524,0.5070817128650267,-0.009187134521725704,-2.038528655,0.9327986109999999,-1.105730045,1361.0,exact
Daniel Gafford,2021-22,1416.0,0.4000000059604645,-0.699999988079071,-0.30000001192092896,-0.6365582985622625,-0.19878632073143399,-0.8353446192936965,-0.8180978016755486,-1.3356418629599653,0.5754385973161784,-0.7602032656437869,0.189219739,-0.411678689,-0.22245895,1444.0,exact
Jaden McDaniels,2021-22,1785.0,-2.700000047683716,1.899999976158142,-0.800000011920929,-2.6748318174266803,1.9680694016789404,-0.7067624157477399,-1.4350877636820991,-1.653455142028963,0.9170065595336827,-0.7364485824952802,-2.092825122,-0.204487637,-2.297312759,1803.0,exact
Isaac Okoro,2021-22,1963.0,-1.2000000476837158,0.20000000298023224,-0.8999999761581421,-1.0275463384340957,0.3335091920806818,-0.6940371463534138,0.22237462959780674,-2.275157653306126,-0.20517613322131206,-2.480333786527438,-0.155136806,0.528242285,0.373105479,1981.0,exact
Kelly Olynyk,2021-22,764.0,0.5,1.2000000476837158,1.7000000476837158,0.5826007272057656,-0.24541296444486818,0.33718776276089746,0.29803483044067636,1.1090523797226608,0.6600939520086917,1.7691463317313525,-0.79342849,-0.124059655,-0.917488145,764.0,exact
Kelly Oubre Jr.,2021-22,1983.0,0.20000000298023224,-1.100000023841858,-1.0,0.358548583617071,-0.398618326555001,-0.04006974293793003,-0.0177139669560966,0.9249857766524736,-0.9265619842198232,-0.0015762075673495524,0.985358366,-0.792207601,0.193150765,1999.0,exact
Nemanja Bjelica,2021-22,1120.0,-1.2000000476837158,1.399999976158142,0.20000000298023224,-1.0576610970837033,1.06612037743676,0.008459280353056764,-0.3029101987041492,0.25637871638243237,2.9051815176103544,3.1615602339927866,-2.386584253,1.093889903,-1.29269435,1142.0,exact
Rudy Gay,2021-22,1020.0,0.0,0.6000000238418579,0.5,-0.28364593066561855,0.9293247992333784,0.6456788685677599,-0.014231573395864875,0.18088767729050997,1.180301054870113,1.3611887321606229,-0.941287739,0.419631126,-0.521656614,1038.0,exact
Frank Ntilikina,2021-22,685.0,-1.7000000476837158,3.799999952316284,2.0999999046325684,-1.1828081343213834,2.1380302446295407,0.9552221103081573,0.05074064803352298,-0.3884584956394215,1.6910227080534015,1.30256421241398,-1.36627089,0.951749852,-0.414521038,685.0,exact
Dean Wade,2021-22,980.0,-1.100000023841858,1.7000000476837158,0.6000000238418579,-1.5456783016214761,2.1351748020601318,0.5894965004386556,0.2481250863857188,-1.7430947891595945,1.5967611933049786,-0.14633359585461592,-1.281972791,0.497378462,-0.78459433,980.0,exact
DeMarcus Cousins,2021-22,694.0,-0.4000000059604645,2.0999999046325684,1.600000023841858,-0.06966137093810386,0.8408498328278519,0.771188461889748,1.9406563779643164,0.735805265231781,0.5979402350999357,1.3337455003317167,-2.405071205149025,1.0571403024428971,-1.3479309027061281,718.0,exact
Danilo Gallinari,2021-22,1641.0,1.100000023841858,-2.0,-0.8999999761581421,0.6291984639048073,-1.6379279390757624,-1.0087294751709552,-0.4075640027007939,-0.2044796285530501,-1.2208888465144656,-1.4253684750675157,0.594889236,-1.24471972,-0.649830484,1672.0,exact
Patty Mills,2021-22,2315.0,0.20000000298023224,-1.600000023841858,-1.399999976158142,0.5372095266690841,-0.673240876857882,-0.13603135018879797,-0.1814909443036922,0.7833255254397645,-1.2663187279091663,-0.4829932024694018,0.383787303,-0.9664052639999999,-0.582617961,2346.0,exact
Payton Pritchard,2021-22,986.0,1.100000023841858,-0.6000000238418579,0.5,0.7586405686079957,-1.251277697864472,-0.4926371292564763,-0.5089928406050351,0.9185019076891976,0.13659089113598163,1.0550927988251793,0.806239579,-1.002074181,-0.195834602,1001.0,exact
Malik Beasley,2021-22,1960.0,0.800000011920929,-2.0999999046325684,-1.2999999523162842,0.5067788543361122,-1.5005502946613094,-0.9937714403251972,-1.1465123168088571,1.266543779606319,-1.2808816186626752,-0.014337839056356216,0.650800039,-1.177545535,-0.526745495,1976.0,exact
Josh Green,2021-22,1022.0,-2.0999999046325684,2.200000047683716,0.0,-1.6323651044307794,2.1282454961115866,0.4958803916808072,0.6645479352899164,-1.8195796900219223,0.41657689903302336,-1.403002790988899,-0.806159811,1.323813245,0.517653434,1039.0,exact
Mason Plumlee,2021-22,1771.0,-2.0,0.8999999761581421,-1.100000023841858,-1.6967165125972319,2.1370904980592775,0.44037398546204565,0.24047010389028092,-0.8799448783125005,1.7401814530826565,0.860236574770156,-1.946645357,0.500670162,-1.445975195,1793.0,exact
Landry Shamet,2021-22,1405.0,-0.8999999761581421,0.20000000298023224,-0.6000000238418579,-0.5548680977641715,0.3762314745160515,-0.17863662324811996,-0.9060739765362152,-0.09349531996415726,0.8752077742723394,0.7817124543081821,-0.656511601,-0.642999149,-1.29951075,1437.0,exact
Xavier Tillman,2021-22,665.0,-2.299999952316284,3.9000000953674316,1.600000023841858,-2.7677049717850473,2.007069718157104,-0.7606352536279433,-2.087828903125554,-0.7392068896676165,1.468526743826298,0.7293198541586816,-0.942524184,1.089259145,0.146734961,701.0,exact
Grant Williams,2021-22,1855.0,-1.2000000476837158,0.0,-1.100000023841858,-0.6942022686720897,0.7259617902279117,0.03175952155582207,-0.3052199237922331,-1.4858099328220253,0.9113885664769554,-0.5744213663450699,-1.388815398,0.414132964,-0.9746824340000001,1875.0,exact
Kyle Anderson,2021-22,1458.0,-1.600000023841858,0.699999988079071,-0.8999999761581421,-1.5681147867633367,0.8366395107426793,-0.7314752760206574,-0.18904808926041836,-0.4085192965554751,-0.0377916247213414,-0.4463109212768165,-1.287825958,1.802404247,0.514578289,1484.0,exact
Will Barton,2021-22,2277.0,-0.6000000238418579,-0.8999999761581421,-1.5,-0.19604834913508454,-0.8654695266048473,-1.061517875739932,-0.5619965818919137,0.9620605737052172,-1.1454390525862639,-0.18337847888104664,0.27968763,-0.033800561,0.24588706999999999,2277.0,exact
DeAndre' Bembry,2021-22,1026.0,-0.699999988079071,0.699999988079071,0.0,-2.2404668316592207,1.4012489676458488,-0.8392178640133718,-0.30298954867234446,-2.9265473649921785,-0.03415618076653503,-2.9607035457587134,-0.4284464206744639,1.2106223252183235,0.7821759045438598,1026.0,exact
Amir Coffey,2021-22,1525.0,0.0,-0.8999999761581421,-0.8999999761581421,0.032960243384425554,-0.8066388047784554,-0.7736785613940298,-1.2055379369608443,-1.0789108930081561,-0.8098155905574829,-1.888726483565639,0.38741631,-0.18646945700000003,0.200946854,1567.0,exact
Terence Davis,2021-22,536.0,1.899999976158142,0.4000000059604645,2.4000000953674316,1.044698187197374,1.408901438651606,2.4535996258489803,3.0366324493065258,0.5141801307252041,0.328846728624248,0.8430268593494521,0.184898735,1.479052857,1.663951591,536.0,exact
Stanley Johnson,2021-22,1048.0,-0.699999988079071,0.30000001192092896,-0.4000000059604645,-0.6055421149634882,-1.0820377557703622,-1.6875798707338503,-1.1277498974720386,-2.0464146256743483,-1.1120744977459553,-3.1584891234203036,-1.235110603,0.24402770400000004,-0.991082899,1094.0,exact
Derrick Jones Jr.,2021-22,871.0,-0.30000001192092896,0.6000000238418579,0.20000000298023224,-0.6333352744461028,0.9203312116724499,0.2869959372263471,-0.009599947949853018,-1.973122516042182,0.16990433301598004,-1.803218183026202,-1.3588919820000003,0.188470792,-1.17042119,899.0,exact
Jeremy Lamb,2021-22,920.0,0.8999999761581421,-0.800000011920929,0.10000000149011612,0.21606702037153325,-0.17075124505192893,0.04531577531960432,0.4730226658791903,1.0233608294055494,-0.5037911272500646,0.5195697021554848,-0.20485919270053476,-0.021801410652406417,-0.2266606030417112,935.0,exact
Jordan McLaughlin,2021-22,883.0,0.30000001192092896,-0.10000000149011612,0.20000000298023224,-0.32545488373842885,0.8628059049396747,0.5373510212012458,0.6772707844665863,-0.13385405244776008,-0.7306192731830843,-0.8644733256308443,0.432106714,0.83828069,1.2703874040000003,902.0,exact
Georges Niang,2021-22,1736.0,0.20000000298023224,-1.399999976158142,-1.2999999523162842,-0.3774261618539359,-1.0899569697797402,-1.467383131633676,-1.718461308996992,-0.6906310279000532,-0.07019471389493899,-0.7608257417949922,-0.820057821,-1.5016363850000003,-2.321694206,1736.0,exact
P.J. Washington,2021-22,1743.0,0.0,-1.2999999523162842,-1.2999999523162842,-0.0013123073166562405,0.25730080736304156,0.25598850004638535,1.1120758314834494,-0.7475377544682298,0.015340911057433418,-0.7321968434107964,-1.519094192,0.1899155,-1.329178692,1768.0,exact
Justise Winslow,2021-22,774.0,-1.2999999523162842,1.899999976158142,0.6000000238418579,-2.264877266207734,2.4238665041118472,0.15898923790411335,0.45864074027614404,-0.9848048175600523,1.8316630969101566,0.8468582793501043,-2.6828909949534885,1.9775305768152456,-0.7053604177571059,774.0,exact
Jerami Grant,2021-22,1500.0,-0.5,-0.800000011920929,-1.2000000476837158,-0.28496275745177785,-0.066506235261074,-0.35146899271285187,-0.6355439280258183,0.11714076301200613,-0.6485061202636077,-0.5313653572516015,0.072617084,-0.546472957,-0.473855873,1500.0,exact
Caris LeVert,2021-22,1752.0,0.8999999761581421,-2.200000047683716,-1.2999999523162842,0.7753624899419999,-1.0270933171475938,-0.2517308272055939,-0.5111873360851991,0.7445990572857467,-1.3405034444652053,-0.5959043871794586,1.1168731706148232,-0.8860923667057832,0.23078080359067935,1781.0,exact
Raul Neto,2021-22,1350.0,-0.5,-0.6000000238418579,-1.100000023841858,-0.38473500107222164,-0.8938480731693511,-1.2785830742415727,-1.4208562081836889,-0.07682308122630199,-0.6680741982540714,-0.7448972794803734,-0.662453507,-0.690366163,-1.352819669,1372.0,exact
Jaylen Nowell,2021-22,954.0,2.799999952316284,-3.0999999046325684,-0.30000001192092896,1.5840892682422358,-1.982078467831439,-0.3979891995892031,0.035978389239472185,0.4064617765072478,-1.4156468121106545,-1.0091850356034067,2.793527091,-1.12732138,1.66620571,975.0,exact
Taurean Prince,2021-22,1177.0,-0.699999988079071,-0.10000000149011612,-0.800000011920929,-0.8617964689283997,-0.5556771966923699,-1.4174736656207696,-0.9904171590834641,-0.9746275502769142,-0.9082357422159437,-1.8828632924928579,-0.777348538,-0.282724946,-1.060073483,1177.0,exact
Kemba Walker,2021-22,948.0,-0.30000001192092896,0.0,-0.20000000298023224,-0.5344015345018506,-1.8031718622220965,-2.337573396723947,-2.6156176233515205,1.0893386271027954,-0.6760037909904718,0.4133348361123236,-0.431876834,-1.714485393,-2.146362227,948.0,exact
Facundo Campazzo,2021-22,1175.0,-2.5,1.600000023841858,-0.8999999761581421,-3.9568233417262584,1.3900391536731458,-2.566784188053113,-3.6890245013072636,0.3734894133506321,-0.29777518401745523,0.0757142293331769,-2.080647815,-0.211111611,-2.291759427,1184.0,exact
Gary Harris,2021-22,1730.0,-1.100000023841858,-0.4000000059604645,-1.5,-0.6431144854107241,-0.1927043449283604,-0.8358188303390846,-1.204117945356887,-0.7994330161507198,-0.7481496996873858,-1.5475827158381055,-0.137140284,-0.185996852,-0.323137136,1730.0,exact
Josh Okogie,2021-22,494.0,-4.400000095367432,6.199999809265137,1.7000000476837158,-4.232420481335736,3.307182427482214,-0.9252380538535219,1.0282138436416128,-2.936686785716542,2.337872390602974,-0.598814395113568,-2.17120967,0.861904189,-1.309305482,516.0,exact
Josh Richardson,2021-22,1572.0,-0.30000001192092896,-1.100000023841858,-1.399999976158142,-0.47843727742451714,-0.09449810183075215,-0.5729353792552693,0.01842968499574255,-0.7370029300980772,-0.36067388348157936,-1.0976768135796564,0.088347823035,0.70649024800625,0.7948380717206249,1600.0,exact
Marvin Bagley III,2021-22,1146.0,-0.8999999761581421,-0.10000000149011612,-1.0,-0.6875101029958152,-0.5117649803546978,-1.1992750833505128,-1.8231301548512588,-1.3758903938950833,0.1442631869718357,-1.2316272069232475,-0.6532942242338569,-0.9502602449371728,-1.6035544691710295,1146.0,exact
Taj Gibson,2021-22,929.0,-1.5,0.8999999761581421,-0.6000000238418579,-1.1956658181860655,1.4770083492918145,0.2813425311057489,0.6597623633316267,-1.71505434683069,1.4670127772326065,-0.24804156959808354,-2.625469771,1.086007666,-1.539462104,946.0,exact
Willy Hernangomez,2021-22,819.0,1.600000023841858,-2.0,-0.4000000059604645,0.2900069371961455,-1.3098351717982084,-1.0198282346020628,-0.887302434598794,1.0881083278444759,0.057360856258837745,1.1454691841033136,0.52094454,-1.221147982,-0.700203441,839.0,exact
Rodney McGruder,2021-22,729.0,0.10000000149011612,-0.30000001192092896,-0.20000000298023224,-0.19319517680364284,-0.21867718294981367,-0.4118723597534565,-1.151272829388374,-0.12939825315737083,0.008616538629754644,-0.12078171452761619,-0.374685823,-0.424509557,-0.79919538,754.0,exact
David Nwaba,2021-22,596.0,0.6000000238418579,-0.20000000298023224,0.5,-0.30915704820877893,-0.28424696711306247,-0.5934040153218414,-0.5982513702808842,-1.7509099373705066,-1.1570049896195433,-2.90791492699005,-0.382793786,0.428260355,0.045466569,609.0,exact
Jalen Smith,2021-22,1307.0,-4.099999904632568,2.9000000953674316,-1.2000000476837158,-0.29025449438464457,-0.02704233789749766,-0.3172968322821422,0.4676836854646502,-0.932569118998651,0.16602507793833754,-0.7665440410603135,-0.302342493345946,-0.0856750119221621,-0.38801750526810797,925.0,exact
Quinndary Weatherspoon,2021-22,465.0,0.699999988079071,0.699999988079071,1.399999976158142,0.6661557348077937,-4.1845674422531225,-3.518411707445329,-3.741204011714739,-0.4304591722131089,-3.711683800011682,-4.142142972224791,-1.797796678,-1.582016465,-3.379813143,73.0,exact
Thaddeus Young,2021-22,825.0,-0.6000000238418579,0.20000000298023224,-0.4000000059604645,-0.5371807364012618,2.095864005956283,1.5586832695550212,1.599522091395104,0.18708053425913676,1.2767529527690462,1.463833487028183,0.10193053495266273,1.5620433443076924,1.6639738786982246,845.0,exact
Cole Anthony,2021-22,2059.0,0.0,-1.899999976158142,-1.899999976158142,0.7425690249355665,-0.9642369745371591,-0.22166794960159253,-1.029611256543825,1.73276189364426,-0.40403931983317104,1.3287225738110888,-1.249592246,-0.469291057,-1.718883304,2059.0,exact
Trent Forrest,2021-22,765.0,-0.8999999761581421,0.4000000059604645,-0.5,-0.5276721955869853,-0.4237242009647518,-0.9513963965517371,-0.17186706777265212,-1.2840895884664187,0.14535349054846858,-1.1387360979179502,-1.54696736,0.18250548500000002,-1.3644618749999997,765.0,exact
Aaron Holiday,2021-22,988.0,-1.0,0.0,-1.0,-0.9726887866406617,0.19062375456531602,-0.7820650320753457,-0.5120546611914413,-0.2747917722680242,-0.1660522839823629,-0.44084405625038714,-1.356764223303624,-0.5742749764926541,-1.9310391994456417,1021.0,exact
Ty Jerome,2021-22,801.0,-0.8999999761581421,0.4000000059604645,-0.5,-1.8909911944715787,0.5488685321511676,-1.3421226623204112,-1.476089730804561,0.9746788202953602,0.9545828126773588,1.929261632972719,-0.572951628,-0.201975161,-0.774926789,801.0,exact
Frank Kaminsky,2021-22,181.0,-2.299999952316284,9.0,6.699999809265137,-0.22368645254172423,3.9482824040961977,3.7245959515544733,3.0023788936916653,-0.18532927252579917,6.366264637856532,6.180935365330733,1.6119717160000002,1.679153744,3.291125461,181.0,exact
T.J. McConnell,2021-22,621.0,-0.5,0.699999988079071,0.20000000298023224,-0.5865961062950434,0.06597256066695804,-0.5206235456280854,-0.7324171552473023,0.04411152616567332,-0.9583459080242959,-0.9142343818586225,0.698958075,-0.40789476799999996,0.291063307,652.0,exact
Norman Powell,2021-22,1458.0,1.2999999523162842,-2.799999952316284,-1.5,0.987448504398616,-2.1485364164345078,-1.161087912035892,-0.4674726330276709,0.002872491958497453,-2.6328215228988636,-2.629949030940366,1.9271858725658435,-1.7053852355466392,0.22180063701920433,1458.0,exact
Damion Lee,2021-22,638.0,-0.20000000298023224,0.30000001192092896,0.10000000149011612,-1.805702778037153,0.2682549882337499,-1.5374477898034031,-1.2405628467002676,-1.499714652626547,0.04705521211914841,-1.4526594405073987,-1.362122331,0.574457291,-0.787665039,1256.0,exact
Obi Toppin,2021-22,1190.0,-0.699999988079071,-0.6000000238418579,-1.2999999523162842,-0.13142337146340266,0.7728940001973853,0.6414706287339826,0.7338875329238723,-1.3239306676681724,0.9755574826007045,-0.34837318506746784,1.508822632,0.332770213,1.841592846,1230.0,exact
Carmelo Anthony,2021-22,1793.0,0.10000000149011612,-1.899999976158142,-1.899999976158142,0.3811658153549706,-0.675939787925964,-0.29477397257099336,-0.4784734681148722,0.5035816153263276,-0.5111148775214915,-0.007533262195163926,0.019694185,-0.5811150630000002,-0.561420878,1793.0,exact
Kent Bazemore,2021-22,545.0,-3.5999999046325684,3.5999999046325684,0.0,-4.321145694922476,1.2068765860607547,-3.1142691088617207,-4.04780556308819,-1.7395132749798357,1.1167142346594698,-0.6227990403203658,-3.7971941669999993,-0.147488363,-3.9446825300000006,545.0,exact
Tony Bradley,2021-22,534.0,-2.9000000953674316,3.200000047683716,0.30000001192092896,-1.949714207925827,2.798932867547302,0.8492186596214752,0.37626304612281314,-1.7863205894751406,5.0492841488421565,3.262963559367016,-3.507349168,1.103681801,-2.403667368,549.0,exact
Donte DiVincenzo,2021-22,978.0,-2.200000047683716,0.8999999761581421,-1.2999999523162842,-1.075097705221759,0.7869234244918921,-0.28817428072986684,-0.5530732748777222,0.8303373931604595,-0.7430508695322671,0.08728652362819245,-1.3665131749642148,0.2639168244612326,-1.102596350502982,1006.0,exact
Markelle Fultz,2021-22,330.0,0.10000000149011612,1.899999976158142,2.0,-0.029445271447064814,0.21102651132818448,0.18158123988111965,-1.9106765754204698,1.6224650439062143,0.02144587326129055,1.6439109171675048,0.17206478,0.813967086,0.9860318659999999,360.0,exact
Danuel House Jr.,2021-22,700.0,-1.2000000476837158,0.5,-0.699999988079071,-1.550329085352347,0.31778164536650827,-1.2325474399858387,-1.3418929386219685,-1.1045804449106387,0.0742277342227951,-1.0303527106878436,-1.1236946329298485,0.32204129482393395,-0.8016533384429163,727.0,exact
Brook Lopez,2021-22,298.0,-1.899999976158142,4.400000095367432,2.5,-1.5343151192363582,0.22190585421211695,-1.3124092650242414,-2.083315078893224,-0.10894309817683379,2.1862150487431267,2.077271950566293,-1.275862103,-0.650861449,-1.9267235519999997,298.0,exact
Naji Marshall,2021-22,703.0,-2.0999999046325684,1.5,-0.6000000238418579,-1.6619079648107855,0.7981072248659743,-0.8638007399448112,-0.9494273286083761,-0.94586570355092,-0.1194899570795312,-1.0653556606304513,-1.554387142,-0.12476148799999999,-1.67914863,735.0,exact
Larry Nance Jr.,2021-22,1019.0,-0.5,-0.800000011920929,-1.2000000476837158,-0.7604406134224683,0.6733876799594795,-0.08705293346298881,0.38156846952282625,-1.665970627450853,-0.41927476928568214,-2.085245396736535,-1.05535781935,0.45402476235,-0.6013330570000001,1040.0,exact
Juan Toscano-Anderson,2021-22,970.0,-2.0,0.8999999761581421,-1.2000000476837158,-1.4804928338555328,0.8824378528625935,-0.5980549809929393,-0.297407350517998,-1.3318700511219275,0.7395080350411588,-0.5923620160807687,-1.879989189,1.804606303,-0.075382886,994.0,exact
Christian Wood,2021-22,2094.0,-0.699999988079071,-1.2999999523162842,-2.0,-0.13277627634202696,0.41425675526937855,0.2814804789273516,-0.37235276201917333,0.7329918651349848,-0.08542054141241084,0.647571323722574,-0.40823057,-0.329589491,-0.737820061,2094.0,exact
Lamar Stevens,2021-22,671.0,-1.899999976158142,1.399999976158142,-0.5,-2.4519419937003164,-0.3247871905281399,-2.7767291842284565,-3.0714604781079946,-2.2337580994314687,0.4216338018385183,-1.8121242975929506,-2.247614462,-0.050055527,-2.297669989,1015.0,exact
Torrey Craig,2021-22,1570.0,-2.299999952316284,0.4000000059604645,-1.899999976158142,-1.7170788004003068,0.09762062281347746,-1.6194581775868293,-1.9694492063022222,-1.1125329747422477,-0.24242758109930684,-1.3549605558415545,-1.6482082348333333,-0.5201620804097743,-2.168370315243108,1596.0,exact
Joe Ingles,2021-22,1122.0,-0.30000001192092896,-1.100000023841858,-1.5,-0.6365128182200901,-0.564446290862506,-1.200959109082596,-0.6838394663728903,0.4215901144746898,-0.12742651754931866,0.29416359692537114,0.539518865,-0.133498107,0.406020758,1122.0,exact
Jalen McDaniels,2021-22,875.0,-1.399999976158142,0.30000001192092896,-1.100000023841858,-1.519671087430999,0.5633258598319603,-0.9563452275990388,-0.4686735621195183,-1.941135838860166,0.7757422668866532,-1.165393571973513,-0.674269204,-0.192671803,-0.866941007,895.0,exact
Trey Burke,2021-22,837.0,-0.4000000059604645,-0.699999988079071,-1.100000023841858,-1.0065464091626837,-0.695644533119791,-1.7021909422824746,-2.131888383471393,1.5996337910768192,0.367946946076579,1.9675807371533982,-2.616422645,-1.7686949120000002,-4.385117557,441.0,exact
Cedi Osman,2021-22,1434.0,-0.699999988079071,-1.100000023841858,-1.7999999523162842,-0.25284455828341895,-0.9153741393674363,-1.1682186976508553,-1.1068030272567622,0.4319108607536682,-1.0108986478039244,-0.5789877870502562,0.622270472,-0.480509934,0.141760538,1462.0,exact
Saben Lee,2021-22,1455.0,-1.0,-0.800000011920929,-1.7999999523162842,-1.6678715619771347,-0.1789884622095386,-1.8468600241866733,-0.9306942870243727,-0.6680156729955519,-0.938890163472108,-1.6069058364676598,-1.335701737,0.8834986269999999,-0.45220311,604.0,exact
Coby White,2021-22,1675.0,0.699999988079071,-2.5999999046325684,-1.899999976158142,0.497183111917733,-1.9564395392629275,-1.4592564273451945,-2.045077218502366,-0.0009978186930967095,-0.9277222831782782,-0.9287201018713749,-0.45057439000000005,-1.739650519,-2.190224909,1675.0,exact
Mo Bamba,2021-22,1796.0,-2.4000000953674316,0.30000001192092896,-2.0999999046325684,-1.8105811274309869,1.0629896268916323,-0.7475915005393545,-1.658792072241879,-0.6502067755269247,1.4486564578993013,0.7984496823723766,-2.764759246,1.096465524,-1.668293722,1824.0,exact
Keita Bates-Diop,2021-22,943.0,-2.5999999046325684,1.100000023841858,-1.5,-2.0242730277326317,0.5227083128082545,-1.5015647149243772,-1.1021505868201438,-2.362050056524518,0.8335503228013015,-1.5284997337232165,-1.482315108,0.169781523,-1.312533585,956.0,exact
Dewayne Dedmon,2021-22,1065.0,-2.4000000953674316,0.699999988079071,-1.7000000476837158,-1.6195596823973244,1.2466894889879359,-0.37287019340938854,-0.030008583800761424,-1.3721673299111141,1.980958149331342,0.6087908194202278,-2.980129335,1.247718576,-1.732410759,1065.0,exact
Malachi Flynn,2021-22,509.0,0.4000000059604645,-0.699999988079071,-0.30000001192092896,-0.6367452820452327,-1.415923172871053,-2.0526684549162857,-3.086509829836441,0.5247352626659064,-0.7899603861636488,-0.2652251234977424,-1.256509735,-0.903473546,-2.159983281,537.0,exact
Isaiah Joe,2021-22,509.0,-1.100000023841858,0.699999988079071,-0.4000000059604645,-1.4183589703175554,-0.8736264160559832,-2.291985386373539,-2.7507791703375566,-0.23903325958207952,0.737233229496026,0.49819996991394644,-2.134588674,-1.040417721,-3.175006395,609.0,exact
Michael Porter Jr.,2021-22,265.0,-4.300000190734863,5.699999809265137,1.399999976158142,-4.0794070324036715,1.414195079728767,-2.6652119526749045,-0.9201588729595955,-0.6667674148784435,1.7288717594524405,1.062104344573997,-3.23949016,2.205131045,-1.034359115,265.0,exact
Naz Reid,2021-22,1194.0,-2.299999952316284,0.6000000238418579,-1.7999999523162842,-2.560221828935496,1.1973683931377954,-1.3628534357977007,-2.5508475210814083,-1.2080870346491122,1.2367850923099952,0.02869805766088307,-1.731760093,-0.4915680780000001,-2.223328171,1215.0,exact
Dylan Windler,2021-22,440.0,-1.5,1.600000023841858,0.10000000149011612,-2.60910344073992,0.7696349854396697,-1.83946845530025,-1.8271858289854395,-1.3936620071831498,1.6910446241112294,0.29738261692807955,-2.4594778499999994,0.31732728799999993,-2.142150562,459.0,exact
Bojan Bogdanovic,2021-22,2131.0,0.30000001192092896,-2.5,-2.299999952316284,0.974160056062944,-1.6352948832784289,-0.6611348272154849,-0.39450560237390625,1.0761417507437008,-1.1926792911345552,-0.1165375403908544,1.636751996,-1.75122231,-0.114470315,2131.0,fuzzy
Anthony Gill,2021-22,444.0,0.4000000059604645,-0.800000011920929,-0.30000001192092896,0.8909123290552864,0.12611775457342497,1.0170300836287114,0.5386723831972587,-1.8299635109220882,0.7876890809207884,-1.0422744300012998,0.594249859,-0.825341755,-0.231091896,463.0,exact
Gordon Hayward,2021-22,1564.0,-0.800000011920929,-1.2999999523162842,-2.0999999046325684,-0.6408715705773617,-0.1901069308617566,-0.8309785014391182,-0.9674227054725629,-0.48491847693102874,-0.8921885767691957,-1.3771070537002243,1.156083184,-0.8904240759999998,0.265659108,1564.0,exact
Dwight Howard,2021-22,971.0,-0.10000000149011612,-1.600000023841858,-1.7000000476837158,-0.6217892796383746,-0.3395751596319361,-0.9613644392703107,-0.1539732556225656,-1.1423098566238485,-0.09628362018069969,-1.2385934768045481,-1.526065137,0.177618193,-1.348446944,971.0,exact
Trey Lyles,2021-22,1518.0,-0.30000001192092896,-1.7999999523162842,-2.0999999046325684,-0.38334227587689806,-1.1182971675772222,-1.5016394434541203,-1.1336949309370323,-1.0908378364605789,-0.715742910150778,-1.8065807466113568,-0.30545970521210153,-1.2214952126161354,-1.526954917828237,1537.0,exact
Matt Thomas,2021-22,459.0,-0.8999999761581421,0.20000000298023224,-0.699999988079071,-1.5789622212202425,-0.021926298058006655,-1.6008885192782492,-2.135748751687903,-0.8354669366345766,0.6870694422330063,-0.14839749440157035,-0.951771195,-1.04472177,-1.9964929659999997,459.0,exact
Tristan Thompson,2021-22,882.0,-1.0,-0.800000011920929,-1.7000000476837158,-1.18661248024275,-0.932654471726568,-2.119266951969318,-1.9018215331274686,-0.9011603187605747,-0.1923647600779495,-1.0935250788385242,-1.8010422219654403,-0.8636950003823858,-2.6647372219286507,897.0,exact
Saddiq Bey,2021-22,2691.0,0.10000000149011612,-2.5999999046325684,-2.5,0.07650446960854046,-1.1407571348165864,-1.064252665208046,-1.8296764059179782,1.2823603984475729,-1.7317570382093312,-0.44939663976175837,0.616699507,-1.150104193,-0.533404686,2704.0,exact
Khem Birch,2021-22,972.0,-1.2999999523162842,-0.699999988079071,-2.0,-0.7745386717764347,-0.14191157928789544,-0.9164502510643301,-1.1691117536970694,-1.5312946530825624,-0.17452061760886184,-1.7058152706914242,-2.122112587,-0.556763075,-2.678875661,991.0,exact
Devontae Cacok,2021-22,117.0,1.7000000476837158,2.799999952316284,4.5,-1.522409086135599,1.2234173932706718,-0.2989916928649272,1.356793857232473,-1.2451193074946107,0.34511083124676034,-0.9000084762478504,-0.435527855,3.488984964,3.053457108,121.0,exact
Gorgui Dieng,2021-22,371.0,-1.899999976158142,1.2000000476837158,-0.699999988079071,-1.9090833812588042,0.188297615375125,-1.7207857658836792,-2.4724484840651098,-0.5188778213768548,1.4759618149388047,0.95708399356195,-1.604307072,-1.345686406,-2.9499934769999996,371.0,exact
Goran Dragic,2021-22,498.0,-1.399999976158142,0.20000000298023224,-1.2000000476837158,-0.7420409794288473,-0.9051697653255629,-1.6472107447544102,-2.45837909319001,0.37956767996151114,-0.8878208576983582,-0.5082531777368471,-2.238422409192771,-0.24509220720481925,-2.4835146163975903,498.0,fuzzy
Brandon Goodwin,2021-22,494.0,-1.100000023841858,0.10000000149011612,-1.0,-0.7300319351278439,-1.3391418774018211,-2.069173812529665,-2.1318231402029686,-0.18691082455230817,-0.6474484134953944,-0.8343592380477025,-2.023233097,-0.068467186,-2.091700283,502.0,exact
Jared Harper,2021-22,23.0,20.700000762939453,6.5,27.200000762939453,8.337676770415628,-2.5527759645051176,5.78490080591051,2.8661391016866045,9.212395410339116,-2.2471878398157217,6.965207570523395,13.138234160000001,0.371482222,13.509716379999999,43.0,exact
Sam Merrill,2021-22,148.0,2.799999952316284,-0.20000000298023224,2.5999999046325684,-1.9815438944222687,-3.525363196347456,-5.506907090769725,-5.338648415715864,2.1671512290557735,-1.4244590931626098,0.7426921358931637,-2.92537645,-4.409246299,-7.334622748999999,58.0,exact
Jaxson Hayes,2021-22,1381.0,-0.8999999761581421,-1.2999999523162842,-2.200000047683716,-0.5165359700460731,0.41254005898030116,-0.10399591106577194,0.5292583498032849,-1.9454368502754231,0.7148252160283719,-1.2306116342470512,0.367916839,-0.537134574,-0.169217735,1398.0,exact
Markus Howard,2021-22,152.0,3.299999952316284,-1.100000023841858,2.200000047683716,0.28015781546632623,-3.272807450646751,-2.992649635180425,-4.109515242604967,4.1705205952972575,-1.5370602503926065,2.633460344904651,1.888100542,-1.764250622,0.12384992,176.0,exact
De'Andre Hunter,2021-22,1545.0,-2.0,-0.30000001192092896,-2.299999952316284,-1.2840617549540043,-0.3811311012488361,-1.6651928562028404,-1.3214648108350797,-1.424229676604176,-0.555674054599781,-1.9799037312039571,-0.790118991,-1.226018416,-2.016137407,1577.0,exact
Furkan Korkmaz,2021-22,1381.0,-1.2000000476837158,-1.0,-2.0999999046325684,-0.9834359218101637,-0.6927461632151846,-1.6761820850253484,-1.5984561063070155,-0.32799945760035465,-0.34216353498114904,-0.6701629925815037,-1.256611573,-0.735187548,-1.991799121,1414.0,exact
Luke Kornet,2021-22,90.0,1.7000000476837158,5.099999904632568,6.800000190734863,-1.901762520650469,-0.517741062929005,-2.419503583579474,-4.815581367901899,-0.3006205082046,2.212665363011442,1.912044854806842,-0.2791671462135923,0.7048428250000001,0.425675677669903,103.0,exact
Romeo Langford,2021-22,771.0,-2.299999952316284,0.6000000238418579,-1.7000000476837158,-2.2520956784847104,1.3424233528290228,-0.9096723256556876,-1.1723684557752578,-2.252813443946717,1.5551005736405918,-0.697712870306125,-2.2205151110531776,0.5140541654111543,-1.7064609455862516,771.0,exact
Paul Millsap,2021-22,376.0,-2.299999952316284,1.5,-0.8999999761581421,-4.777713874547076,1.4823562582716354,-3.2953576162754405,-5.393040095532854,-0.5438359260252987,2.686794160414393,2.142958234389094,-4.801307693824468,-0.6140568675744681,-5.415364560680851,376.0,exact
Darius Bazley,2021-22,168.0,-2.200000047683716,2.5999999046325684,0.30000001192092896,-3.071477403610275,-1.208108046890759,-4.279585450501035,-3.4219938216273404,-2.1858175852421042,-0.435582737716282,-2.621400322958386,-3.234655561,0.452193865,-2.782461696,1924.0,exact
Bismack Biyombo,2021-22,480.0,-2.299999952316284,0.8999999761581421,-1.399999976158142,-1.341002704808561,0.8205168182518673,-0.5204858865566938,-0.15242971209817674,-0.612194907553427,1.921490898456116,1.309295990902689,-2.255354305,0.65364935,-1.601704955,506.0,exact
Troy Brown Jr.,2021-22,1015.0,-1.7000000476837158,-0.5,-2.200000047683716,-2.02436186713305,-0.15520230192522141,-2.1795641690582714,-1.8012589867605044,-1.8833935841748297,-0.24860144943878582,-2.1319950336136158,-1.542992978,-0.09612409,-1.639117068,1055.0,exact
Gary Clark,2021-22,350.0,-1.5,0.30000001192092896,-1.100000023841858,-1.6367180762402682,-0.9913381148904868,-2.628056191130755,-1.735806506202664,-0.9733235080851358,-0.7956520874931954,-1.7689755955783313,-2.060388667,0.332868858,-1.7275198090000001,378.0,exact
Jarrett Culver,2021-22,307.0,-2.5,1.399999976158142,-1.100000023841858,-3.548373509178006,-0.21138991687511766,-3.759763426053124,-2.450616852865439,-0.337851694314787,-0.06828125578580191,-0.4061329501005889,-3.488431195,0.245082408,-3.243348787,338.0,exact
Wayne Ellington,2021-22,780.0,-1.5,-0.5,-2.0,-0.5555722776638092,-1.2411268838175835,-1.7966991614813927,-1.37035948202922,-0.18256678792516423,-1.1918053958679313,-1.3743721837930956,-0.568724119,-0.951604498,-1.520328617,810.0,exact
Derrick Favors,2021-22,653.0,-3.5999999046325684,1.7999999523162842,-1.7999999523162842,-3.8496940567479427,2.015540548363101,-1.834153508384842,-2.6735008185789133,-2.0587833838521417,1.8681345006722774,-0.19064888317986428,-2.582965347,-0.483398199,-3.066363546,653.0,exact
Solomon Hill,2021-22,139.0,-2.4000000953674316,4.0,1.5,-4.669354463900845,0.7239497990963287,-3.9454046648045162,-1.4418141995458897,-1.6745022970929166,2.530127029838386,0.8556247327454696,-3.662869109,1.619790372,-2.043078737,139.0,exact
Talen Horton-Tucker,2021-22,1498.0,-2.5999999046325684,0.20000000298023224,-2.4000000953674316,-2.0541055301590476,0.17466933415340033,-1.8794361960056474,-2.174107734199889,-1.2537484101040157,-0.27023176269024773,-1.5239801727942635,-1.344522463,0.320240795,-1.024281668,1511.0,exact
Nathan Knight,2021-22,251.0,-1.7999999523162842,1.2000000476837158,-0.699999988079071,-2.1067698558587025,1.055134143131309,-1.0516357127273934,-1.217077412527409,-0.2996911877931452,2.743056042147364,2.443364854354219,0.423088718,-0.661739356,-0.238650637,267.0,exact
Kyle Kuzma,2021-22,2204.0,-1.7999999523162842,-0.699999988079071,-2.5,-0.9592992008352849,-0.5774699769975155,-1.5367691778328003,-2.66798623321575,0.5148227752076802,-0.2495803400479652,0.26524243515971496,-1.492610614,-0.391017372,-1.883627986,2204.0,exact
Aaron Nesmith,2021-22,558.0,-2.4000000953674316,0.800000011920929,-1.600000023841858,-2.743392262403635,0.16363515017351127,-2.5797571122301237,-1.1234483952538967,-1.7701013448920122,0.7824721342844208,-0.9876292106075915,-3.330227526,0.539894514,-2.790333012,574.0,exact
Chuma Okeke,2021-22,1720.0,-3.700000047683716,1.2000000476837158,-2.4000000953674316,-2.3831344263373033,1.5735355606850956,-0.8095988656522077,-0.5638640444669029,-0.7918182751982583,0.041519555958442755,-0.7502987192398156,-2.278453036,1.959944839,-0.31850819699999994,1749.0,exact
Victor Oladipo,2021-22,138.0,-2.9000000953674316,3.700000047683716,0.800000011920929,0.6475349619315062,0.75067524218401,1.3982102041155162,-2.4473694898926226,2.7141226895055914,1.9510972702612674,4.665219959766858,1.5877282669999997,-0.923288498,0.66443977,173.0,exact
Isaiah Stewart,2021-22,1802.0,-3.299999952316284,0.800000011920929,-2.4000000953674316,-3.165295128290108,1.0956892098999746,-2.069605918390133,-2.401072225085487,-1.2108964104194,1.5775681580324372,0.3666717476130372,-3.525297428,-0.56165597,-4.086953399,1816.0,exact
Goga Bitadze,2021-22,729.0,0.5,-2.700000047683716,-2.299999952316284,0.2542717939943227,-0.6197651105206542,-0.3654933165263315,-0.23758444198821005,-0.18194715151672436,-0.5352312053009288,-0.7171783568176532,-0.812850099,-0.8422426180000001,-1.6550927169999998,729.0,exact
Armoni Brooks,2021-22,826.0,-0.5,-1.7000000476837158,-2.200000047683716,-0.6533906051404849,-1.1358009102566076,-1.7891915153970923,-2.1941833764310945,0.7372132738506987,-1.7992174326021497,-1.062004158751451,-2.1601302616445497,-0.6849794858436018,-2.845109747305687,844.0,exact
Sterling Brown,2021-22,628.0,-3.0999999046325684,0.8999999761581421,-2.200000047683716,-2.501833196556223,0.1573521260370159,-2.344481070519207,-1.9327277121511077,-1.1724407853253576,0.7891507529546044,-0.3832900323707532,-3.5425101169999995,0.9047719850000001,-2.637738132,628.0,exact
Charlie Brown Jr.,2021-22,177.0,-4.5,4.0,-0.4000000059604645,-5.64817146116821,2.160382538332667,-3.4877889228355428,-2.315792157459071,-2.235397547046826,1.8649139298097615,-0.37048361723706447,-4.7937264846440675,1.5286342193050846,-3.265092264508475,177.0,exact
Sekou Doumbouya,2021-22,16.0,3.700000047683716,22.700000762939453,26.399999618530273,0.031164462683130223,9.399381502575013,9.430545965258142,6.670336252101047,10.50187120981259,11.869022612686411,22.370893822499,8.777174228,17.41994792,26.19712215,16.0,exact
Kris Dunn,2021-22,336.0,-1.2000000476837158,-0.20000000298023224,-1.399999976158142,-2.624832350783781,-1.8100840149123407,-4.434916365696122,-6.260068615878637,0.5693778244186739,-2.0092501450303124,-1.4398723206116384,-2.193190229,0.139267633,-2.053922596,336.0,exact
Eric Gordon,2021-22,1669.0,0.10000000149011612,-2.5999999046325684,-2.5999999046325684,-0.04042465783747906,-1.5731486943399478,-1.613573352177427,-2.7678861671876245,-1.247301877723878,-1.6337456188147974,-2.8810474965386756,0.595625417,-1.910865639,-1.315240222,1669.0,exact
Isaiah Roby,2021-22,930.0,-0.8999999761581421,-1.5,-2.4000000953674316,-0.7819540868128719,-0.589719894475284,-1.371673981288156,-1.3521977143613757,-1.1310121743861097,-0.4519221954253616,-1.5829343698114713,0.395844538,0.049858245,0.445702783,948.0,exact
Ryan Arcidiacono,2021-22,53.0,-4.199999809265137,5.0,0.8999999761581421,-5.196217045579093,0.23233827048448072,-4.963878775094613,-6.29912747535963,-2.298414170034211,3.353333781953419,1.0549196119192081,-3.867073534,-2.134063488,-6.001137021,76.0,exact
Udoka Azubuike,2021-22,195.0,-4.900000095367432,3.299999952316284,-1.600000023841858,-2.5111987332545267,1.0313403260853273,-1.4798584071691994,-2.585722668097659,-1.2554783216834515,3.318434766213597,2.0629564445301454,-2.545374055,-0.350242975,-2.895617029,195.0,exact
Davis Bertans,2021-22,794.0,-1.100000023841858,-1.5,-2.5999999046325684,-0.9663506974736422,-1.2215213690837385,-2.1878720665573805,-2.5697608971285644,0.7968866149465399,-0.5560545077543545,0.2408321071921854,-2.134605156055762,-0.44300458193680287,-2.577609737992565,807.0,fuzzy
Isaac Bonga,2021-22,69.0,-4.699999809265137,3.5,-1.2000000476837158,-8.757346549031658,1.1216501446602622,-7.635696404371395,-9.340912465094748,-1.5934269031803123,2.041601086681982,0.4481741835016697,-3.9116013470000004,2.081286676,-1.83031467,69.0,exact
Devon Dotson,2021-22,85.0,0.4000000059604645,-1.7000000476837158,-1.2999999523162842,-2.079340549524758,-3.668517145059963,-5.747857694584721,-7.044794963672771,0.5296732625735818,-2.35997170326572,-1.8302984406921383,-1.9561352360000002,-2.562305526,-4.518440762,85.0,exact
Tacko Fall,2021-22,59.0,-3.700000047683716,3.9000000953674316,0.20000000298023224,-5.1157293252911265,1.828592721815017,-3.2871366034761094,-2.197351123554649,-0.441678229126119,3.086063307334322,2.6443850782082032,-8.174823864,1.899369814,-6.27545405,59.0,exact
Bruno Fernando,2021-22,152.0,-2.9000000953674316,1.7000000476837158,-1.2000000476837158,-1.4589830162601831,0.5763543938472104,-0.8826286224129727,-3.593636351043489,-0.12349147569882998,3.4287134343020638,3.3052219586032336,-1.9117064495789473,-1.50239619275,-3.4141026429473675,152.0,exact
Juancho Hernangomez,2021-22,414.0,-0.800000011920929,-1.399999976158142,-2.200000047683716,-0.31092325456197645,-1.1675611649729367,-1.4784844195349132,-0.8946341819639372,-1.1511499421234597,-0.7715557398608308,-1.9227056819842905,-2.1004555388898876,0.27267510533033706,-1.8277804335595507,445.0,exact
Jaylen Hoard,2021-22,20.0,-13.100000381469727,23.299999237060547,10.100000381469727,-2.0039580118041327,-3.374233825819149,-5.378191837623282,-5.688166573977566,0.3903477589941275,-2.335180732777252,-1.9448329737831245,0.14687021400000003,-0.756102767,-0.609232554,240.0,exact
James Johnson,2021-22,1191.0,-1.7999999523162842,-0.699999988079071,-2.5,-1.797554527106313,0.3851216524315675,-1.4124328746747454,-2.705126562070855,-1.567320256151986,0.3828713227828853,-1.1844489333691006,-2.266886319,-0.23298727299999997,-2.499873593,1191.0,exact
Damian Jones,2021-22,987.0,-1.2000000476837158,-1.399999976158142,-2.5999999046325684,-1.4070577225771244,-0.1766718080222405,-1.5837295305993648,-1.6672323921340706,-1.5426180687367426,0.512690391967895,-1.0299276767688474,-0.582609612,-1.01587181,-1.598481421,1017.0,exact
Mason Jones,2021-22,27.0,3.4000000953674316,2.4000000953674316,5.800000190734863,2.768448866633463,2.5121350275668655,5.280583894200328,1.128175185958418,4.956001734845258,0.711318356796479,5.667320091641737,3.317469888,1.95787211,5.275341998,51.0,exact
Louis King,2021-22,104.0,-1.399999976158142,-0.4000000059604645,-1.7999999523162842,-2.1299093400982247,-3.1879961622837527,-5.3179055023819775,-7.0537985956117675,1.3082441630358317,-0.42779905377092114,0.8804451092649106,-2.292272422,-2.696789678,-4.989062099,104.0,exact
Julius Randle,2021-22,584.0,-0.699999988079071,-1.899999976158142,-2.5999999046325684,-1.0003608092552054,-0.4331240192142291,-1.4334848284694346,-2.7875180232695183,1.671463773314223,-0.3592208739515927,1.3122428993626303,-1.531443846,-0.241784822,-1.773228667,2544.0,exact
Boban Marjanovic,2021-22,120.0,-2.799999952316284,1.7000000476837158,-1.100000023841858,-2.5576721196322345,1.9068695086885228,-0.6508026109437117,-0.32884903999969217,-1.0044476211947186,4.958227089689671,3.953779468494952,-1.872332557,-0.709695563,-2.58202812,128.0,fuzzy
Kelan Martin,2021-22,450.0,-2.9000000953674316,0.4000000059604645,-2.4000000953674316,-3.0544396174392556,-0.8403821694979016,-3.894821786937157,-3.9098054190301923,-0.9343886123641982,-0.13348029480753038,-1.0678689071717287,-1.8664248586933334,-1.5365615779600001,-3.4029864365866667,450.0,exact
Cameron Oliver,2021-22,46.0,6.099999904632568,-3.700000047683716,2.299999952316284,1.335952037111306,-2.957686618792487,-1.6217345816811808,-4.3996288465653945,1.4511440367533093,-2.901437530230564,-1.4502934934772547,5.463855631,-1.326704284,4.137151347,43.0,exact
Abdel Nader,2021-22,145.0,-7.5,5.699999809265137,-1.7999999523162842,-6.341339357115121,2.383821669395117,-3.9575176877200042,-1.4829176112690636,-2.6630083379503153,2.115985281364344,-0.5470230565859713,-6.596198003,1.8519741609999998,-4.744223842,145.0,exact
Zeke Nnaji,2021-22,671.0,-0.6000000238418579,-1.7999999523162842,-2.299999952316284,-1.089974752521174,-1.2085323634619585,-2.2985071159831323,-2.4212908326750244,-1.219000334992699,-0.620579895342277,-1.839580230334976,-0.849678351,-1.361383313,-2.211061664,698.0,exact
Paul Reed,2021-22,282.0,-1.600000023841858,-0.20000000298023224,-1.899999976158142,-2.136281474758188,-0.14606257011354348,-2.282344044871732,-1.6031010756236312,-1.2382831148667903,-1.2796015453923948,-2.517884660259185,-0.172592492,3.5060527469999996,3.333460256,302.0,exact
Dennis Smith Jr.,2021-22,638.0,-2.5999999046325684,0.20000000298023224,-2.4000000953674316,-3.138535208669412,0.9979087746199612,-2.1406264340494507,-2.275812226437023,-0.6250463101562214,-0.7082788577282214,-1.3333251678844427,-1.9798843540000002,0.638600518,-1.341283836,638.0,exact
Rayjon Tucker,2021-22,31.0,4.599999904632568,-2.9000000953674316,1.7000000476837158,0.2790563129188579,-3.1708270029854155,-2.891770690066558,-3.4344377503917625,1.996833924880675,-1.9466860304487126,0.050147894431962436,4.101771064676057,-0.1802886788450704,3.921482385830986,71.0,exact
Denzel Valentine,2021-22,222.0,-2.5,0.5,-2.0,-2.817086378521772,-0.3524939549501445,-3.1695803334719166,-4.525820719276957,-1.2640873545737117,0.5132214723922166,-0.7508658821814951,-3.437028305216216,-0.16723017121621622,-3.6042584773513515,222.0,exact
Lou Williams,2021-22,799.0,-1.399999976158142,-1.100000023841858,-2.5,-1.0904383080887585,-0.8151354551596445,-1.905573763248403,-2.0285354553499095,0.8844743359450312,-0.7379050072092059,0.1465693287358253,-1.270528073,-1.6497441440000002,-2.9202722180000005,799.0,exact
Patrick Williams,2021-22,381.0,-1.7000000476837158,-0.6000000238418579,-2.299999952316284,-1.6345550762409078,-1.3587268571982,-2.993281933439108,-3.557410167425227,-2.5422427703167867,-1.1182372566112386,-3.6604800269280253,-1.341984914,-1.50191949,-2.843904404,422.0,exact
D.J. Wilson,2021-22,54.0,1.7000000476837158,0.20000000298023224,1.899999976158142,-1.2542212100681807,0.21351057362530865,-1.040710636442872,-6.040564679109121,4.247094273641033,-0.025578553431856887,4.221515720209176,4.212246815,2.2190117,6.431258515,54.0,exact
Jordan Bell,2021-22,2.0,28.799999237060547,-35.099998474121094,-6.400000095367432,-3.178906906890837,-1.2399298052261063,-4.418836712116944,-0.4853826344581747,-7.554441512361125,-7.601255020556706,-15.15569653291783,7.716458233,25.70373948,33.42019771,2.0,exact
Shaquille Harrison,2021-22,10.0,-5.199999809265137,-2.0999999046325684,-7.199999809265137,-6.58991403747833,0.8924839161394506,-5.697430121338879,-7.533496745874025,-1.1429948199407105,0.8502825225020962,-0.29271229743861427,-7.016825515,0.45469344599999995,-6.562132069,23.0,exact
Vlatko Cancar,2021-22,152.0,-2.700000047683716,-0.30000001192092896,-3.0,-3.7686014909389804,-0.46230044221229977,-4.23090193315128,-5.926980951255381,-1.582388578033877,0.8790910003328343,-0.7032975777010426,-0.8585163219999999,-1.723742844,-2.582259166,176.0,fuzzy
Ed Davis,2021-22,201.0,-4.199999809265137,1.0,-3.200000047683716,-2.9881087763114045,1.302377255308181,-1.6857315210032235,-1.5901365985830813,-1.3555015093749123,3.880871388050574,2.5253698786756615,-5.476094323,1.6375115489999998,-3.8385827740000003,201.0,exact
DeAndre Jordan,2021-22,3.0,13.0,2.4000000953674316,15.300000190734863,-7.320013817892209,-13.965640649796422,-21.28565446768863,-6.661456861934855,-5.5070286002629105,1.1878342540849958,-4.319194346177914,-3.726884588440514,-0.20721350106752412,-3.934098090163987,622.0,exact
Mamadi Diakite,2021-22,188.0,-4.800000190734863,1.7000000476837158,-3.0999999046325684,-5.1889553703536855,0.7040011496483038,-4.484954220705381,-2.641711162647251,-3.059700642141018,2.668664546722616,-0.3910360954184018,-4.261022128,1.282132435,-2.978889692,188.0,exact
Damyean Dotson,2021-22,21.0,0.0,-7.199999809265137,-7.199999809265137,-3.115400920790726,-1.40835750966432,-4.523758430455046,-5.217893572287136,-1.597013203273494,-4.0821208730385505,-5.679134076312044,-1.8338785169999998,-0.631100297,-2.464978814,21.0,exact
Carsen Edwards,2021-22,54.0,-0.4000000059604645,-0.6000000238418579,-1.0,-4.770582775498282,-4.731281558028768,-9.501864333527049,-11.889187322133205,1.7833415583298395,-2.6824140296388888,-0.8990724713090492,-3.457938895,-1.623624079,-5.081562974,79.0,exact
James Ennis III,2021-22,56.0,-0.20000000298023224,-2.5,-2.700000047683716,3.0037733544372514,-2.131776209767797,0.8719971446694545,-0.7979986425642686,4.225011244565774,0.33542039296203496,4.56043163752781,0.878953093,-0.00803053900000017,0.8709225524999997,56.0,exact
Wenyen Gabriel,2021-22,320.0,0.8999999761581421,-3.700000047683716,-2.799999952316284,0.6979340608262886,-1.802970101776408,-1.1050360409501194,0.00538803418771087,-0.574449339497864,-0.2369188065265334,-0.8113681460243974,-2.011726757251396,-0.45899322901675976,-2.4707199862793296,358.0,exact
Freddie Gillespie,2021-22,119.0,-6.400000095367432,3.0999999046325684,-3.299999952316284,-4.45835228936135,1.1971859908857763,-3.2611662984755734,-3.0741870392324873,-2.570203832894737,3.7045191583531314,1.1343153254583944,-6.237109376,1.607833594,-4.629275781,119.0,exact
Nate Hinton,2021-22,2.0,-13.699999809265137,9.5,-4.199999809265137,-13.824300137413411,3.2366227495177746,-10.587677387895637,-3.691221378429635,-75.44895847501097,-16.83631798671256,-92.28527646172353,-34.12590943,6.775826635,-27.35008279,2.0,exact
Justin Jackson,2021-22,37.0,-5.199999809265137,0.699999988079071,-4.400000095367432,-7.863344717715482,0.19439750771817757,-7.668947209997305,-11.572458272659317,-1.5467233372690727,1.0406176397007032,-0.5061056975683695,-4.478074691162162,-4.780195636351352,-9.258270327297298,37.0,exact
DaQuan Jeffries,2021-22,9.0,-1.5,1.7000000476837158,0.20000000298023224,-10.310645292937657,0.36388098071438124,-9.946764312223277,-15.737171527649487,1.982886808286529,-4.013711341794398,-2.030824533507869,-3.778443143,-4.699424625,-8.477867768,9.0,exact
Alize Johnson,2021-22,2.0,-4.199999809265137,11.800000190734863,7.599999904632568,-7.776875945418989,-8.782584819812337,-16.559460765231325,-11.22479802746826,-3.3748829743611903,-2.428311097045627,-5.803194071406818,-4.557559941742515,-2.1514388449041917,-6.708998786491017,167.0,exact
Tyler Johnson,2021-22,91.0,-3.4000000953674316,0.5,-2.799999952316284,-4.294725894771822,-4.818317084647251,-9.113042979419074,-9.209118666320661,-1.356830274187159,-2.396429735527405,-3.7532600097145643,-4.597922491813187,-0.12332607850549453,-4.721248570901098,91.0,exact
Anthony Lamb,2021-22,8.0,-6.599999904632568,4.099999904632568,-2.5,-9.213842585959078,2.0533217347099906,-7.160520851249087,-13.755020788554647,6.670876905775019,5.460713147719796,12.131590053494815,-4.935177394,1.417292024,-3.517885371,8.0,exact
CJ Elleby,2021-22,2.0,-8.5,-40.29999923706055,-48.900001525878906,-7.1342409831818285,-30.85891314837528,-37.993154131557105,-7.571934618596409,-17.432293183325342,-7.981372008888911,-25.413665192214253,-3.158951565,-1.743337567,-4.902289132,1174.0,exact
Shake Milton,2021-22,1146.0,-1.5,-1.2999999523162842,-2.799999952316284,-0.7237157101299059,-0.8877899936052978,-1.6115057037352036,-2.784486091322087,-0.24603649633644195,-0.5326730242741047,-0.7787095206105467,-0.589527974,-0.9839896980000001,-1.573517672,1179.0,exact
Nerlens Noel,2021-22,562.0,-2.9000000953674316,0.20000000298023224,-2.700000047683716,-3.504287261354699,1.936281173653983,-1.568006087700716,-1.755468196079865,-2.156052756468059,0.6790693956423258,-1.4769833608257334,-3.9465808399999998,2.809691412,-1.136889428,562.0,exact
Eric Paschall,2021-22,731.0,0.10000000149011612,-2.799999952316284,-2.799999952316284,-1.0629492742139135,-2.5209962944468582,-3.5839455686607717,-4.546154288474494,-0.8518413743691724,-0.874138787079102,-1.7259801614482744,0.185260588,-2.853228195,-2.667967607,736.0,exact
Theo Pinson,2021-22,135.0,-5.099999904632568,2.4000000953674316,-2.700000047683716,-3.978646206038464,-1.192905376541092,-5.171551582579556,-4.847942061954742,0.5857059537155667,-0.2536861645053651,0.3320197892102016,-1.165742223,-0.990403745,-2.156145968,148.0,exact
Dennis Schroder,2021-22,1837.0,-1.899999976158142,-0.800000011920929,-2.799999952316284,-0.6590684027411874,-0.5855091760676884,-1.2445775788088758,-1.2174404423825267,0.6375999740954446,0.04157950228281193,0.6791794763782565,-0.8184534686412629,-1.0661931571546,-1.8846466250157865,1837.0,exact
Jevon Carter,2021-22,11.0,-6.599999904632568,8.300000190734863,1.7000000476837158,-4.890117052614503,-4.5726234493724505,-9.462740501986953,-5.3086741625184715,-4.71701759421235,-1.5660031293315528,-6.283020723543903,-2.293453993080663,-0.9874972801823204,-3.2809512732629837,905.0,exact
Deividas Sirvydis,2021-22,27.0,-11.800000190734863,10.5,-1.2999999523162842,-10.468260074372074,-0.32500081516965595,-10.79326088954173,-10.832264255577323,-2.1069209128733957,-0.6251319575101226,-2.7320528703835185,-11.50316293,2.66996006,-8.833202867,27.0,exact
Cassius Stanley,2021-22,155.0,-2.700000047683716,0.10000000149011612,-2.5999999046325684,-3.3124346772247466,-0.04820169429809914,-3.3606363715228458,-2.887979731283844,-2.153315177909706,0.7088800820363581,-1.444435095873348,-2.833894032,-0.071140268,-2.9050343,155.0,exact
Tyrell Terry,2021-22,3.0,7.5,-23.299999237060547,-15.800000190734863,-1.8020315826418207,-3.3590910997779546,-5.161122682419776,-9.42851788855346,1.4650415199608247,-7.670708651606178,-6.205667131645353,4.272376355,-8.096952336,-3.8245759820000003,3.0,exact
Isaiah Thomas,2021-22,321.0,-0.699999988079071,-2.0999999046325684,-2.700000047683716,0.5533528203589967,-1.2690328181894566,-0.7156799978304599,-3.299434944191496,1.5130076737080893,-0.27824345904491427,1.234764214663175,-1.4118770570330335,-2.4695282550330333,-3.881405312066066,333.0,exact
Killian Tillie,2021-22,461.0,-3.4000000953674316,0.800000011920929,-2.5999999046325684,-3.7990100382529715,1.4983516064673104,-2.300658431785661,-1.6603658064057092,-1.5255331174525308,1.2301989503798871,-0.2953341670726437,-4.276528343,0.54949839,-3.7270299529999997,461.0,exact
Cassius Winston,2021-22,35.0,0.4000000059604645,-3.0,-2.5999999046325684,-3.574813095026786,-4.409323986906055,-7.984137081932841,-8.548488926758209,3.3466121963811926,-2.392056819973644,0.9545553764075487,-3.5982756509999994,-5.27276594,-8.87104159,39.0,exact
Robert Woodard II,2021-22,42.0,-4.800000190734863,1.600000023841858,-3.200000047683716,-4.892454010810853,1.0582994006173205,-3.834154610193533,-0.40603197156468224,-1.036730893477436,2.5829377077735143,1.5462068142960783,-6.724971949,1.312062079,-5.41290987,42.0,exact
Bol Bol,2021-22,81.0,-4.900000095367432,-0.30000001192092896,-5.199999809265137,-5.95995152147702,-1.6014725133903027,-7.561424034867323,-4.849104196544362,-2.918677225844363,1.0220389337895712,-1.8966382920547917,-2.134486274,-0.910300264,-3.044786538,81.0,exact
Gabriel Deck,2021-22,56.0,-2.0999999046325684,-3.0,-5.099999904632568,-0.4294393516890951,-2.733533485734951,-3.162972837424046,-2.0290998391184547,-1.2683028116448534,-0.41993136473862047,-1.6882341763834738,-1.046323137,-2.7546414989999994,-3.800964636,56.0,exact
Langston Galloway,2021-22,107.0,-7.800000190734863,2.4000000953674316,-5.400000095367432,-5.824686785373672,1.65578578979488,-4.168900995578792,-2.100733740595273,-0.9071367859144577,3.066415654101994,2.1592788681875366,-6.66348659628972,-1.3754327932990653,-8.03891939142056,107.0,exact
Kyle Guy,2021-22,186.0,-2.5999999046325684,-0.699999988079071,-3.4000000953674316,-4.400833801502022,-2.16882737287343,-6.569661174375452,-7.18964558577278,0.5360950325176095,-1.0027448237862349,-0.4666497912686254,-2.729663144,-1.864000753,-4.593663897,186.0,exact
Timothe Luwawu-Cabarrot,2021-22,677.0,-2.0999999046325684,-1.100000023841858,-3.200000047683716,-1.46135667071068,-0.7262509479792044,-2.1876076186898845,-1.813371720157577,-1.184816329508119,-0.5780413855472737,-1.7628577150553928,-1.248523049,-1.8042613280000002,-3.0527843770000005,685.0,exact
Kenyon Martin Jr.,2021-22,1638.0,-0.10000000149011612,-2.700000047683716,-2.9000000953674316,0.2221163481231574,-1.8308451628362448,-1.6087288147130874,-2.132370968498513,-2.1333720250450745,-1.8666642025384017,-4.000036227583476,0.496230439,-1.24516265,-0.748932211,1656.0,exact
Dakota Mathias,2021-22,16.0,-5.300000190734863,-3.700000047683716,-9.0,-11.003042623409,-1.1882796387964532,-12.191322262205453,-15.207993864950922,-0.7496192307521368,-2.388834258783119,-3.138453489535256,-2.292068343,-3.573793414,-5.865861758,16.0,exact
Markieff Morris,2021-22,298.0,-1.2000000476837158,-1.899999976158142,-3.200000047683716,-1.7472761303117352,-2.145183104933076,-3.892459235244811,-3.965738852116988,-0.29337856990357575,-0.6295749477975732,-0.922953517701149,-1.670863271,-1.16437489,-2.835238161,298.0,exact
Daniel Oturu,2021-22,27.0,-3.5,-5.599999904632568,-9.0,-5.4368179089490924,-3.933106930996432,-9.369924839945524,-13.797912296008326,0.2691442380430645,-3.4551464026341465,-3.186002164591082,-5.664041988,-5.244794095,-10.90883608,27.0,exact
Aleksej Pokusevski,2021-22,1233.0,-2.799999952316284,-0.10000000149011612,-3.0,-1.72462592184835,1.0386932567222789,-0.6859326651260711,-1.3186222364509284,-0.258015639233414,0.9320367592661355,0.6740211200327215,-3.402677645,1.046397649,-2.356279996,1233.0,exact
Rajon Rondo,2021-22,673.0,-3.799999952316284,0.699999988079071,-3.200000047683716,-2.5942533665653693,-0.3120807512135406,-2.90633411777891,-3.2551956998545926,0.3433111011161567,0.1560887677153147,0.4993998688314714,-2.7185771142439026,-0.2519400357317073,-2.9705171495609757,697.0,exact
Jay Scrubb,2021-22,121.0,-4.599999904632568,0.5,-4.099999904632568,-2.2052787083555017,-0.18258045734185877,-2.3878591656973605,-3.2966371164332258,0.44410246191491154,2.121097134730129,2.5651995966450407,-3.209564966,1.041520275,-2.168044691,121.0,exact
Collin Sexton,2021-22,316.0,-2.9000000953674316,-0.30000001192092896,-3.200000047683716,-3.598146367111162,-1.161683209381431,-4.759829576492593,-6.118713594318901,-0.8314534552339469,0.092886652487784,-0.7385668027461629,-2.122532975,-1.43694925,-3.559482225,316.0,exact
Brodric Thomas,2021-22,52.0,-1.5,-3.700000047683716,-5.199999809265137,-6.349066247533487,-2.8239298657000664,-9.172996113233554,-9.95701892649683,0.9818288593820799,-2.1231166472809573,-1.1412877878988774,-2.764746645,-0.764574896,-3.529321542,60.0,exact
Nickeil Alexander-Walker,2021-22,1460.0,-1.899999976158142,-1.100000023841858,-3.0,-1.4556649496167455,-1.4121736152771953,-2.867838564893941,-2.909038602906238,0.6857276971529089,-0.8222962293683228,-0.13656853221541387,-1.9823099886541609,-0.77890670856412,-2.7612166964215556,1466.0,exact
Thanasis Antetokounmpo,2021-22,433.0,-3.4000000953674316,-0.4000000059604645,-3.799999952316284,-3.6629958632718314,-0.9539705959344706,-4.616966459206302,-4.810367200808925,-2.240956212465787,-0.470453026389293,-2.71140923885508,-2.104289482,-1.597020887,-3.701310369,473.0,exact
Vernon Carey Jr.,2021-22,26.0,-10.0,-4.0,-14.0,-4.618410637570688,-2.7660458333252804,-7.384456470895968,-7.642560631349105,6.228196183849073,1.49648820092641,7.724684384775483,-4.665320223,-6.720284846181817,-11.385605073181818,44.0,exact
Jeff Green,2021-22,108.0,-5.900000095367432,-0.6000000238418579,-6.5,-2.242750653784846,-0.9533903010183614,-3.1961409548032074,-1.2532703609638391,-2.4161776642138615,-0.7345227626007816,-3.1507004268146432,-0.351889445,-1.169404886,-1.521294331,1849.0,exact
Tim Frazier,2021-22,208.0,-6.099999904632568,1.100000023841858,-5.0,-4.81025018053001,-2.2399016652908634,-7.050151845820874,-7.103176610878379,-0.42324564187671354,-0.851405180333519,-1.2746508222102326,-6.114563702307692,-2.7914170913461542,-8.905980793653846,208.0,exact
JaMychal Green,2021-22,1063.0,-2.4000000953674316,-0.699999988079071,-3.0999999046325684,-2.204556274982922,0.041411380019323464,-2.1631448949635983,-1.0863570873123267,-1.1533349772550856,-0.5270671114163319,-1.6804020886714175,-1.715460885,0.231442828,-1.484018057,1085.0,exact
Maurice Harkless,2021-22,863.0,-3.200000047683716,0.10000000149011612,-3.0999999046325684,-3.546601838441241,-0.2919344229525794,-3.8385362613938208,-2.686511265837751,-3.002794412568202,-0.4958744714818002,-3.4986688840500024,-2.882052432,0.316407546,-2.565644886,863.0,exact
Richaun Holmes,2021-22,1074.0,-1.7000000476837158,-1.2999999523162842,-3.0,-1.822461935404613,-0.12496421319342021,-1.947426148598033,-1.727483999590465,-2.03880071306146,0.19026897196962037,-1.8485317410918394,-0.825961347,-0.88999374,-1.715955087,1074.0,exact
Chandler Hutchison,2021-22,22.0,-8.699999809265137,-7.699999809265137,-16.399999618530273,-5.917037358953948,-0.8462830662900783,-6.763320425244026,-1.5954598894888494,-4.843183305388902,-0.6132223792087164,-5.456405684597619,-7.991499233,1.7637439730000002,-6.22775526,22.0,exact
Wes Iwundu,2021-22,82.0,-2.0999999046325684,-5.699999809265137,-7.800000190734863,-2.663342492568781,-4.109364620423609,-6.772707112992389,-4.770190343383342,-2.6826560489411237,-3.6122149798130496,-6.294871028754173,-1.838189223,-1.50860394,-3.346793164,82.0,exact
Josh Jackson,2021-22,812.0,-2.4000000953674316,-0.8999999761581421,-3.299999952316284,-2.086563302527035,-0.641543519486818,-2.728106822013853,-3.6009626283208127,-0.8586965889377418,-0.3969709164227383,-1.25566750536048,-3.3065195513746986,-0.24037367966867468,-3.5468932310433736,830.0,exact
Jake Layman,2021-22,214.0,-4.800000190734863,0.30000001192092896,-4.5,-3.352796124921594,-1.1968309839088416,-4.549627108830435,-4.807471699334278,-2.027459161181288,-0.03507883339129883,-2.0625379945725872,-2.881637617,-0.8281021639999999,-3.709739781,231.0,exact
Kira Lewis Jr.,2021-22,341.0,-3.5999999046325684,-0.4000000059604645,-4.0,-4.0594354238818635,-2.186830223596587,-6.246265647478451,-6.199938635333884,-0.07508938323329264,-0.7026306876768238,-0.7777200709101164,-3.721905183,-3.086956264,-6.808861447000001,341.0,exact
Juwan Morgan,2021-22,31.0,-1.7999999523162842,-16.0,-17.799999237060547,-6.382470396329754,-6.218168546636981,-12.600638942966736,-13.767767990675589,-1.6703377832627913,-7.209690329262234,-8.880028112525025,-2.161124869516129,-5.5516813572258075,-7.712806226,31.0,exact
Jabari Parker,2021-22,112.0,-3.0,-3.0999999046325684,-6.099999904632568,-1.1795338761054373,-0.6006156847132879,-1.780149560818725,-2.616454977469113,0.40738247169711905,0.44504219487051516,0.8524246665676343,-1.315455025,-0.175486313,-1.490941337,112.0,exact
Chris Silva,2021-22,91.0,-2.9000000953674316,-3.299999952316284,-6.199999809265137,-4.095387533243206,-3.3219629000399284,-7.417350433283135,-7.5296065078650685,-0.8985407715216895,-2.354433341538246,-3.2529741130599357,-4.557819855362638,-2.814752297362637,-7.372572152593407,91.0,exact
Yuta Watanabe,2021-22,434.0,-2.700000047683716,-0.800000011920929,-3.5,-2.4823375776571894,0.02008608544856137,-2.4622514922086283,-3.8972672908089483,-1.2151033620649443,0.22529758837721575,-0.9898057736877286,-2.721061294,-0.417315769,-3.138377063,445.0,exact
Cody Zeller,2021-22,355.0,-0.30000001192092896,-3.299999952316284,-3.5999999046325684,-0.6568447233991856,-1.0156528550781723,-1.672497578477358,-2.1653711099311486,0.06478393402946198,-0.49197404907992187,-0.4271901150504599,-1.084315888,-1.444206072,-2.528521961,355.0,exact
Moses Brown,2021-22,335.0,-4.199999809265137,0.0,-4.199999809265137,-2.0140083456177615,-0.3695663346429872,-2.383574680260749,-2.6214604127015115,-1.6746984807724994,1.5381294354174946,-0.1365690453550048,-3.1544758493130436,-0.08914510120000001,-3.243620951002899,345.0,exact
Devin Cannady,2021-22,111.0,-1.7999999523162842,-6.900000095367432,-8.699999809265137,-0.8306621560676382,-2.547051705956578,-3.377713862024216,-3.243073860864284,0.6169121742442951,-0.6328141088931074,-0.015901934648812288,-2.078063908,0.373880288,-1.70418362,145.0,exact
Ish Smith,2021-22,123.0,-4.5,-3.0,-7.5,-0.7373072310660804,-1.3586787726475817,-2.095986003713662,-2.594824441684242,-0.05358406166992338,-1.563417844229332,-1.6170019058992555,-1.9526026455417407,-0.8023059021500888,-2.7549085471456483,1126.0,exact
Justin Holiday,2021-22,2026.0,-1.2999999523162842,-1.7999999523162842,-3.0999999046325684,-1.0570510340314974,-0.05537805862681009,-1.1124290926583074,-1.303464027316054,-0.08523438748214783,-1.189660125293911,-1.2748945127760587,-0.7175466584117646,-0.9807137310763248,-1.6982603894880892,2057.0,exact
Rodney Hood,2021-22,689.0,-2.700000047683716,-1.100000023841858,-3.700000047683716,-3.1693196605544625,-1.140585901316024,-4.309905561870487,-4.200688507456106,-2.077095263185368,0.01684900628548036,-2.060246256899888,-2.5763453312665727,-1.0357328706290552,-3.6120782018956272,709.0,exact
Skylar Mays,2021-22,218.0,-1.7999999523162842,-3.4000000953674316,-5.199999809265137,-1.6894959828137415,-3.652975227547884,-5.342471210361626,-5.1938247791086996,-1.682740328791672,-1.8371295655581132,-3.5198698943497853,-1.023080275,-2.983463734,-4.00654401,220.0,exact
Miye Oni,2021-22,44.0,-4.5,-9.399999618530273,-13.899999618530273,-9.320280320618217,-4.9358722603222125,-14.25615258094043,-16.360428035686805,-1.4084714795474367,-4.199110080278046,-5.607581559825483,-7.228709221,-5.073466551,-12.302175769999998,44.0,exact
Kevin Knox II,2021-22,166.0,-4.699999809265137,-2.0999999046325684,-6.900000095367432,-2.690071439963418,-3.5525077347755336,-6.242579174738951,-5.424119880863554,-0.3499490414817527,-2.4069029782574236,-2.7568520197391764,-2.3923878855000003,-3.391160698,-5.783548582999999,222.0,exact
Norvel Pelle,2021-22,19.0,-17.399999618530273,-15.800000190734863,-33.099998474121094,-13.318647279353861,-3.845927121290116,-17.16457440064398,-17.549677689749462,-1.9739070410489779,-5.818855025081391,-7.792762066130369,-8.387503045,-8.335723568,-16.72322661,19.0,exact
Justin Robinson,2021-22,304.0,-6.300000190734863,1.399999976158142,-4.900000095367432,-7.076095584730613,-1.7006321478742557,-8.776727732604868,-8.662317983611306,-0.5099622658807325,0.08881266445159852,-0.42114960142913394,-5.9970203140197365,-3.1046280960690793,-9.101648410236843,304.0,exact
Tony Snell,2021-22,797.0,-2.5,-1.0,-3.4000000953674316,-2.90683844396772,-1.5851519919201322,-4.491990435887852,-4.112166573651671,-1.8845534620250408,-0.5523037706916805,-2.4368572327167213,-3.165847301347509,-1.3600408759732685,-4.525888177320777,823.0,exact
Garrett Temple,2021-22,1074.0,-3.0,-0.30000001192092896,-3.299999952316284,-3.1410314478814563,-0.8876235296347722,-4.028654977516228,-3.971325414798283,-1.3275229426397206,-0.8529163874037514,-2.180439330043472,-3.242824672,-0.9134221,-4.156246772,1098.0,exact
Lonnie Walker IV,2021-22,1612.0,-1.2999999523162842,-1.7999999523162842,-3.0999999046325684,-0.8211194150476421,-1.615834844103422,-2.4369542591510642,-3.3361901467281463,0.02644042561179367,-0.7916119037239603,-0.7651714781121666,-0.648992274,-0.928077874,-1.577070148,1612.0,exact
Tremont Waters,2021-22,50.0,-6.400000095367432,-6.599999904632568,-13.0,-5.153813511225232,-3.9874133970798398,-9.141226908305072,-9.711446596444718,0.9114246363394658,-5.923053946441764,-5.011629310102299,-5.89074142412,1.2377918113200002,-4.6529496128,50.0,exact
Trevor Ariza,2021-22,462.0,-4.099999904632568,-0.4000000059604645,-4.599999904632568,-2.2620786243399666,-1.4759143073735776,-3.7379929317135443,-3.0621524580259774,-1.6885992796486657,-1.4740219281993052,-3.162621207847971,-3.161011149,0.030958892,-3.1300522569999996,462.0,exact
Tyler Cook,2021-22,196.0,-4.599999904632568,-2.0,-6.599999904632568,-2.131209669987632,-2.101987710855362,-4.233197380842994,-4.929558830477264,-2.5987121618580584,-0.5607035253679122,-3.1594156872259704,-2.411057188,-1.644715916,-4.055773104,200.0,exact
Joe Harris,2021-22,423.0,-3.0,-1.7999999523162842,-4.800000190734863,-2.9295043647366774,-0.4546110405214852,-3.3841154052581626,-3.1680025992827816,-0.9065952044994691,0.12543455633902384,-0.7811606481604452,-0.368829445,-0.82502806,-1.193857505,423.0,exact
Didi Louzada,2021-22,111.0,-5.900000095367432,-3.9000000953674316,-9.699999809265137,-6.228940627959827,-3.9476065519520938,-10.176547179911921,-10.994306839812497,-1.3640200156776021,-1.6788691884766398,-3.0428892041542417,-4.775141487348837,-4.61729428744186,-9.392435773953487,129.0,exact
KZ Okpala,2021-22,244.0,-2.799999952316284,-3.4000000953674316,-6.199999809265137,-1.733067578846254,-0.03158570667933432,-1.7646532855255883,-0.826646371102227,-1.1292093953794187,0.7127432157246915,-0.4164661796547272,-2.253154365,0.10068374,-2.152470625,244.0,exact
Reggie Perry,2021-22,154.0,-4.300000190734863,-3.5999999046325684,-7.900000095367432,-3.4918194550111537,-2.7624035732550793,-6.254223028266233,-7.246178162767251,-0.666373391257072,-1.346001792713255,-2.012375183970327,-2.215949691641711,-1.3806207580748662,-3.596570449716578,187.0,exact
Jahmi'us Ramsey,2021-22,134.0,-1.100000023841858,-7.300000190734863,-8.5,-1.0318228945070407,-4.853282543993729,-5.88510543850077,-5.604382556925979,-1.2926996185074948,-2.811766406706869,-4.104466025214364,-3.031943925,-3.473188846,-6.505132772,134.0,exact
Cam Reddish,2021-22,1012.0,-2.700000047683716,-0.800000011920929,-3.5,-2.372821067863904,-0.9861251539273459,-3.35894622179125,-3.0988361229486703,-1.040921329931417,-1.1035666865793556,-2.1444880165107727,-0.8176322204841896,-1.4361240361847827,-2.2537562566689724,1012.0,exact
Nick Richards,2021-22,367.0,-4.099999904632568,-0.800000011920929,-4.900000095367432,-3.1338549264058617,-0.9387285170772172,-4.0725834434830785,-4.255482887845932,-2.028380814526261,0.21849378883133802,-1.8098870256949229,-3.119545296,-2.35410156,-5.473646856,367.0,exact
Ignas Brazdeikis,2021-22,511.0,-2.0,-2.799999952316284,-4.800000190734863,-2.036362396497703,-2.6019502577400413,-4.638312654237744,-5.087845062014497,-0.662462902612281,-1.566650154472255,-2.229113057084536,-1.760583486,-2.548836016,-4.309419502,536.0,exact
Willie Cauley-Stein,2021-22,183.0,-4.599999904632568,-3.700000047683716,-8.199999809265137,-4.704353332614675,0.7158645403255425,-3.9884887922891323,-1.6593691945072375,-3.0439457219040387,1.7776323090589816,-1.266313412845057,-4.5312324779508195,1.027240056147541,-3.503992422770492,183.0,exact
Svi Mykhailiuk,2021-22,708.0,-2.700000047683716,-1.5,-4.199999809265137,-2.537523215520492,-0.5888261300649623,-3.1263493455854543,-3.231272242439766,-0.8634953716172561,-0.7733222282570793,-1.6368175998743353,-2.171282488,-1.433675709,-3.604958197,716.0,exact
Daniel Theis,2021-22,951.0,-4.099999904632568,0.30000001192092896,-3.700000047683716,-5.16576625607769,0.9477190523489979,-4.218047203728692,-4.53285545724449,-1.966969473283034,1.3103385902761677,-0.6566308830068663,-2.3883206046724665,-0.5073178145373594,-2.8956384190143294,977.0,exact
Brad Wanamaker,2021-22,320.0,-3.299999952316284,-2.299999952316284,-5.5,-4.043673551478341,-1.7327470822965714,-5.776420633774912,-6.400628344380775,-0.7196810970221339,-0.39582811490012276,-1.1155092119222567,-3.8291190299312503,-1.5506291638124998,-5.37974819308125,320.0,exact
Chris Chiozza,2021-22,372.0,-4.400000095367432,-1.600000023841858,-6.0,-4.762443187087753,-1.3199543840493362,-6.082397571137089,-5.3514740952826125,-0.7937203890398963,0.09097253104352675,-0.7027478579963695,-5.826029033999999,-1.384690821,-7.210719855,372.0,exact
Bryn Forbes,2021-22,1250.0,-0.5,-3.200000047683716,-3.700000047683716,-0.3432958842029565,-2.438710062112586,-2.7820059463155427,-2.6527075051176037,-0.10605036065886628,-0.988389130814249,-1.0944394914731153,-0.017799550382581675,-1.8464187439533435,-1.8642182943359256,1286.0,exact
Theo Maledon,2021-22,908.0,-2.9000000953674316,-1.2000000476837158,-4.099999904632568,-2.3468335938544733,-1.3339265333572623,-3.6807601272117356,-3.5806366998643924,-0.9055504864194527,-0.7667834628528054,-1.6723339492722582,-3.51184059,-1.01295465,-4.52479524,908.0,exact
Mychal Mulder,2021-22,197.0,-7.0,-1.600000023841858,-8.699999809265137,-4.322774236279412,-2.619808217669663,-6.9425824539490755,-6.7534463900285004,-1.265034044945442,-0.7864700053898179,-2.05150405033526,-6.1789137641841005,-1.7040019136359834,-7.882915678635983,239.0,exact
Elfrid Payton,2021-22,537.0,-5.699999809265137,0.800000011920929,-4.900000095367432,-4.899333595750109,0.012675785644101023,-4.8866578101060085,-4.32461491153732,-0.9119443565392178,1.0625439085003225,0.15059955196110475,-5.385821573,-0.108813904,-5.494635478,549.0,exact
Avery Bradley,2021-22,1406.0,-2.799999952316284,-0.8999999761581421,-3.799999952316284,-2.3571199616942793,-0.6310525216690396,-2.9881724833633188,-2.4428418325385834,-2.19609580740187,-1.4319987396066294,-3.6280945470084993,-1.834441639,-0.288836549,-2.123278187,1406.0,exact
Rui Hachimura,2021-22,911.0,-1.0,-3.4000000953674316,-4.400000095367432,-0.8461895481421124,-1.8905366627922306,-2.736726210934343,-2.7535524079755063,-1.5290266940124335,-1.4741341515657949,-3.003160845578228,0.0817653,-1.477864911,-1.396099611,943.0,exact
Serge Ibaka,2021-22,877.0,-3.5,-0.800000011920929,-4.300000190734863,-2.71076352663669,0.04175765066122864,-2.6690058759754614,-2.6010985005103042,-1.3648513585435837,2.3646635870581036,0.9998122285145199,-2.8478347942884836,-0.5642291123751425,-3.4120639066636254,877.0,exact
Frank Jackson,2021-22,1142.0,-1.600000023841858,-2.299999952316284,-3.9000000953674316,-1.0829749181201114,-1.3938231997551498,-2.476798117875261,-2.8332145364577244,-0.5491443937513419,-1.0404019672080054,-1.5895463609593472,-1.620920969,-1.876060887,-3.496981856,1164.0,exact
Chimezie Metu,2021-22,1249.0,-3.5,-0.30000001192092896,-3.9000000953674316,-2.745896805607348,0.5823266931968807,-2.1635701124104676,-1.9424996026823553,-1.8581560642721502,-0.1824530440139065,-2.0406091082860565,-2.980254959,0.663949296,-2.316305664,1279.0,exact
Paul Watson,2021-22,156.0,-4.900000095367432,-6.099999904632568,-11.0,-5.187006202944537,-4.580208933956385,-9.767215136900923,-8.773260241257601,-1.522124399608335,-4.0694556178482735,-5.591580017456608,-4.937459103,-1.163174891,-6.100633994,156.0,exact
Russell Westbrook,2021-22,2678.0,-1.2000000476837158,-2.0999999046325684,-3.299999952316284,-0.3216447536532558,-1.654458530116569,-1.976103283769825,-2.6087161075227,1.4408947594404216,-1.3961126239479609,0.044782135492460684,-1.345122218,-0.9636271219999999,-2.30874934,2678.0,exact
Thomas Bryant,2021-22,439.0,-2.799999952316284,-3.700000047683716,-6.5,-2.4394860671139225,-1.065624082110122,-3.5051101492240444,-3.1273384729742,-1.3844772789191389,0.566813613921218,-0.8176636649979209,-1.914526817,-1.369275148,-3.283801965,439.0,exact
Drew Eubanks,2021-22,1245.0,-2.5,-1.600000023841858,-4.099999904632568,-1.4089920580892725,-1.145825924534096,-2.5548179826233683,-2.3771587260755136,-1.1142678259559398,-0.45454282831326265,-1.5688106542692024,-1.646123411666667,-1.7945344668353416,-3.4406578789799194,1245.0,exact
Alex Len,2021-22,620.0,-4.099999904632568,-1.2999999523162842,-5.400000095367432,-2.7366765311403114,-0.0008799367500223106,-2.7375564678903337,-3.098954195745683,-1.3536953177346736,1.3840660919719032,0.03037077423722967,-3.3258978499999996,-0.860431751,-4.186329601,620.0,exact
Robin Lopez,2021-22,602.0,-2.9000000953674316,-2.5999999046325684,-5.599999904632568,-2.3460533999100366,-0.6134879875003661,-2.9595413874104026,-3.8186067924963267,-0.2526903710479513,1.6635108003524464,1.410820429304495,-2.411882913,-2.414417824,-4.826300737,612.0,exact
Alfonzo McKinnie,2021-22,206.0,-3.4000000953674316,-8.199999809265137,-11.600000381469727,-4.459460345093035,-4.116535385347524,-8.57599573044056,-9.243852201578367,-1.9845765071142418,-3.8075188697496696,-5.792095376863911,-4.640003944,-3.183202755,-7.823206698999999,206.0,exact
Marcus Morris Sr.,2021-22,1564.0,0.0,-3.9000000953674316,-3.9000000953674316,0.12255195021018506,-2.510536740498462,-2.387984790288277,-2.57730695436125,1.1476123143460626,-1.6695656990379706,-0.521953384691908,-0.7861031230000001,-1.315655766,-2.101758889,1564.0,exact
Oshae Brissett,2021-22,1528.0,-1.2000000476837158,-2.799999952316284,-4.0,-0.8833609917569728,-1.4465339956962835,-2.3298949874532564,-2.2634757794121323,-1.1075270998327487,-2.080927142160403,-3.188454241993152,-0.692198753,-0.891037958,-1.583236711,1564.0,exact
Sandro Mamukelashvili,2021-22,364.0,-1.7999999523162842,-6.599999904632568,-8.300000190734863,-1.916179179570573,-3.7055756687704573,-5.6217548483410305,-4.790478818163202,-1.0292848707691031,-2.6977377146202044,-3.7270225853893075,-1.179202536,-3.5655218790000003,-4.744724415,407.0,exact
Tomas Satoransky,2021-22,886.0,-2.9000000953674316,-2.0,-4.900000095367432,-3.95537669582961,-1.7023807270078903,-5.6577574228375,-5.733558477405193,-0.9525373027938273,-1.3333105100027034,-2.285847812796531,-1.7046342107295804,-1.1098326579194262,-2.8144668681898457,906.0,fuzzy
Killian Hayes,2021-22,1637.0,-3.700000047683716,-0.5,-4.199999809265137,-2.8101827008162577,0.31513127800767593,-2.4950514228085816,-2.962209128773633,-0.35983590877699595,-0.8779919664384204,-1.2378278752154164,-3.441739529,0.407414385,-3.0343251450000004,1647.0,exact
Doug McDermott,2021-22,1223.0,-0.10000000149011612,-4.5,-4.599999904632568,-0.18841735821926572,-2.950888491168751,-3.1393058493880166,-2.968251987604281,-0.7770774381053903,-2.0352763884716683,-2.8123538265770587,-0.52935951,-2.580560028,-3.109919538,1223.0,exact
Jordan Nwora,2021-22,1141.0,-2.799999952316284,-2.0999999046325684,-4.900000095367432,-1.7977675548293437,-2.339095941442332,-4.136863496271676,-4.2242702173556985,-1.3407239461617644,-1.4259872931611381,-2.7667112393229027,-2.480748573,-1.109117165,-3.589865739,1185.0,exact
Ben McLemore,2021-22,1260.0,-1.7999999523162842,-3.0999999046325684,-4.900000095367432,-0.8172780053919079,-2.5888017283190083,-3.406079733710916,-3.486879754444113,1.472442673370532,-2.2471833099031815,-0.7747406365326495,-0.673903955,-2.689119838,-3.363023794,1285.0,exact
Elijah Hughes,2021-22,414.0,-4.800000190734863,-5.199999809265137,-10.0,-5.998132874918007,-2.914630777341555,-8.912763652259562,-8.901213217162768,-1.10454496022541,-3.237712665688963,-4.342257625914373,-5.634836449354839,-2.5812264304838712,-8.216062879580644,434.0,exact
Semi Ojeleye,2021-22,406.0,-5.5,-5.0,-10.5,-6.099395284100471,-3.49922391567704,-9.598619199777511,-9.01698911292884,-2.154273473077608,-1.6812183694967413,-3.835491842574349,-4.934226463482759,-2.8445493182758623,-7.77877578175862,406.0,exact
D.J. Augustin,2021-22,868.0,-1.2999999523162842,-5.400000095367432,-6.699999809265137,-0.4672651549434346,-4.250366963039581,-4.717632117983015,-4.699079687489804,-0.522491957144745,-3.88350006566624,-4.4059920228109855,-1.8176047074767836,-3.154941241938845,-4.972545949260476,883.0,exact
Keljin Blevins,2021-22,327.0,-5.900000095367432,-6.800000190734863,-12.699999809265137,-5.707767668758315,-4.321163291637219,-10.028930960395535,-9.583890597228839,-0.8299424360394634,-4.213281140367245,-5.043223576406708,-5.526257103,-3.785668471,-9.311925574,349.0,exact
Terrence Ross,2021-22,1448.0,-1.600000023841858,-3.5,-5.099999904632568,-1.1858472323125007,-3.020061657773649,-4.20590889008615,-4.619080216261392,0.448119638392766,-1.724589969559658,-1.2764703311668921,-2.234284638,-1.577788692,-3.812073329,1448.0,exact
R.J. Hampton,2021-22,1369.0,-4.0,-1.7999999523162842,-5.800000190734863,-2.695665959274965,-2.0462175288436373,-4.741883488118603,-4.85518285867582,-1.5310020356338037,-1.4746630640171672,-3.0056650996509706,-3.38591879,-0.763745705,-4.149664495,1402.0,exact
Nikola Jokic,2022-23,2323.0,10.0,4.099999904632568,14.100000381469727,7.444589358778132,2.1475596269124617,9.592148985690594,8.690526053291755,4.65304291866737,1.6093780618038511,6.262420980471221,7.596778757,1.609821997,9.206600754,2323.0,fuzzy
Luka Doncic,2022-23,2391.0,8.300000190734863,-0.4000000059604645,7.800000190734863,7.2148479268193215,-0.9878675953260759,6.2269803314932455,6.645253532369931,5.457577093796989,-0.9520352247748828,4.505541869022107,5.335589711,-0.095860739,5.239728972,2391.0,fuzzy
Joel Embiid,2022-23,2284.0,4.5,3.700000047683716,8.199999809265137,4.034002969745474,2.6938499889139944,6.727852958659469,7.1798530236374924,1.307073847317671,2.318347264893694,3.625421112211365,5.465410462,0.818925601,6.284336063,2284.0,exact
Damian Lillard,2022-23,2107.0,9.300000190734863,-1.5,7.800000190734863,7.718921492969424,-2.3612791052362385,5.357642387733186,5.560171736191204,5.67667987268324,-1.7341170587288057,3.9425628139544346,6.43242323,-2.14783113,4.2845921,2107.0,exact
Jimmy Butler,2022-23,2138.0,6.099999904632568,0.5,6.599999904632568,4.903028433780251,0.06531653053016935,4.96834496431042,5.570608861812229,1.8751443912893673,-1.120975589738215,0.7541688015511523,7.135126834,0.822964524,7.958091359,2138.0,exact
Kyrie Irving,2022-23,2241.0,5.599999904632568,0.4000000059604645,6.0,4.207013744576341,0.0067327557896203205,4.2137465003659615,4.0992534438170525,2.5486124560240437,0.33700303249419383,2.8856154885182375,4.207289881984829,-0.27408640816644353,3.933203473818385,2241.0,exact
Fred VanVleet,2022-23,2535.0,3.799999952316284,1.2000000476837158,5.0,3.539141788858164,0.7045807747225804,4.243722563580745,3.220707364025733,3.2882435386898616,-0.1319244467825118,3.15631909190735,1.171426644,0.511310727,1.682737371,2535.0,exact
Shai Gilgeous-Alexander,2022-23,2416.0,5.0,0.20000000298023224,5.199999809265137,4.114433090473898,0.6261494900869476,4.7405825805608455,5.157839337861872,1.0949571506334794,-0.19240578571065392,0.9025513649228255,5.054703277,0.144853976,5.199557253,2416.0,exact
Anthony Davis,2022-23,1904.0,2.700000047683716,4.599999904632568,7.300000190734863,1.92585992612101,3.8002295346407684,5.726089460761779,6.312126663963828,0.5890687516394286,2.5423656247375086,3.1314343763769372,3.25689421,1.959624578,5.216518788,1904.0,exact
Donovan Mitchell,2022-23,2432.0,5.900000095367432,-1.0,4.900000095367432,5.440799628073435,-0.7615653062531272,4.679234321820308,5.257246576885843,4.205356929013172,-0.9076133129210467,3.2977436160921254,4.916286524,0.531747996,5.44803452,2432.0,exact
Giannis Antetokounmpo,2022-23,2024.0,3.799999952316284,2.299999952316284,6.099999904632568,3.5339319782583445,1.9791718377875593,5.513103816045904,6.232700668302376,-0.0760439585906573,1.655177874555342,1.5791339159646847,5.103794362,1.14864066,6.252435022,2024.0,exact
Stephen Curry,2022-23,1941.0,7.5,-1.0,6.5,6.576474529448852,-0.49358688722150995,6.082887642227342,6.009974935279068,3.6062176696321693,-0.3924629638559959,3.2137547057761733,4.982653914,-0.59962375,4.383030164,1941.0,exact
Jrue Holiday,2022-23,2183.0,3.5,2.0,5.599999904632568,4.080710485026863,1.7076562271341489,5.788366712161012,5.115438028868652,2.3762869932659028,1.194080358593706,3.570367351859609,2.507938324,1.014066405,3.52200473,2183.0,exact
James Harden,2022-23,2135.0,5.5,0.30000001192092896,5.800000190734863,5.178843182716026,-1.2574131388357774,3.9214300438802487,4.383346506964382,3.654138979094132,-0.7981578598048489,2.855981119289283,3.275922649,0.233635297,3.509557946,2135.0,exact
Derrick White,2022-23,2319.0,1.899999976158142,3.0999999046325684,5.0,1.3707738202238462,2.2779627776405573,3.6487365978644037,4.05938290125317,0.28774562196799425,2.1651347715007523,2.4528803934687464,1.8414059170000001,1.702178222,3.543584139,2319.0,exact
Trae Young,2022-23,2541.0,5.199999809265137,-1.100000023841858,4.099999904632568,5.107939443799721,-1.7850685177984522,3.3228709260012694,2.6131663797870526,5.644030225281725,-1.6027366274981047,4.0412935977836195,3.582719807,-2.219429885,1.363289922,2541.0,exact
Darius Garland,2022-23,2447.0,3.799999952316284,0.699999988079071,4.5,4.137503049951878,-0.10840806758126477,4.029094982370613,4.114377238146087,2.923008952787398,0.2722474597178291,3.1952564125052274,2.637902342,0.00958434,2.647486682,2447.0,exact
Jayson Tatum,2022-23,2732.0,4.400000095367432,-0.699999988079071,3.700000047683716,4.710660469240414,-0.5323570809125457,4.178303388327869,5.647348592645642,3.1382964506429554,-0.44991876259465235,2.688377688048303,4.64295829,1.051296278,5.694254568,2732.0,exact
Brook Lopez,2022-23,2373.0,-0.6000000238418579,5.0,4.400000095367432,0.022713961363818813,3.4170616789739525,3.4397756403377713,3.1630269516155205,-0.3582356612868942,5.383261415092155,5.025025753805261,0.064215217,2.110438492,2.174653709,2373.0,exact
Domantas Sabonis,2022-23,2736.0,3.299999952316284,0.20000000298023224,3.5,2.95732777430023,-0.7714982486977374,2.1858295256024927,2.0762087788564476,1.1891738555822213,-0.28674300197490266,0.9024308536073187,3.257697156,-0.21294885199999997,3.0447483039999996,2736.0,exact
Kawhi Leonard,2022-23,1748.0,4.699999809265137,2.0999999046325684,6.800000190734863,4.490001149959971,1.0707316211535645,5.5607327711135355,5.591413951217189,1.8331302702205574,0.48436971103387094,2.3174999812544286,5.484793988,1.120026813,6.604820802,1748.0,exact
Lauri Markkanen,2022-23,2273.0,3.5,1.0,4.5,3.1137483785359614,0.8220119343718975,3.935760312907859,4.5128265075195175,1.9918442527104614,0.536429497437105,2.5282737501475663,4.442757649,-0.26699159,4.17576606,2273.0,exact
Ja Morant,2022-23,1948.0,4.699999809265137,1.0,5.599999904632568,4.386138926304079,0.717810643439658,5.103949569743737,4.743997360023587,2.957150266969208,1.0952510795327262,4.052401346501934,3.261730718,-0.195743451,3.065987267,1948.0,exact
Tyrese Haliburton,2022-23,1883.0,6.900000095367432,-1.0,5.900000095367432,5.6348843772934645,-2.1377838592154705,3.497100518077994,2.27398320831255,2.6495800361732904,-2.1430787158959648,0.5065013202773256,5.517578114,-0.58065438,4.936923733,1883.0,exact
Jalen Brunson,2022-23,2379.0,5.0,-0.8999999761581421,4.099999904632568,4.989175241199065,-2.3129766952549855,2.676198545944079,2.5132076747724548,2.809772794232827,-1.5002162556953722,1.309556538537455,3.811869247,-1.547134623,2.264734624,2379.0,exact
Kristaps Porzingis,2022-23,2120.0,3.0999999046325684,1.7000000476837158,4.800000190734863,2.7710272538586858,1.5516603814580485,4.3226876353167345,3.7212451627745238,2.192977927951119,2.0476037931598308,4.240581721110949,2.259290966,0.548095992,2.807386958,2120.0,fuzzy
Paul George,2022-23,1939.0,3.0999999046325684,1.7000000476837158,4.800000190734863,3.140068556643064,0.701896810731934,3.841965367374998,4.421882991055458,2.3570305070004074,-0.23072823003041798,2.1263022769699895,2.957021068,0.744462234,3.701483301,1939.0,exact
DeMar DeRozan,2022-23,2682.0,2.200000047683716,0.4000000059604645,2.700000047683716,1.739648545122405,-0.4644717283170559,1.2751768168053492,2.0021154247832773,0.8908598052530892,-0.4656298718788565,0.42522993337423265,3.390320136,-0.13469738,3.255622757,2682.0,exact
Josh Hart,2022-23,2454.0,1.399999976158142,1.7999999523162842,3.0999999046325684,0.7800596356288443,1.4415605499209512,2.2216201855497957,2.872175324132073,-1.4637189787099374,0.1772558586458976,-1.2864631200640397,0.8791892985623473,1.5410139774425429,2.4202032763105135,2454.0,exact
Immanuel Quickley,2022-23,2344.0,1.2000000476837158,2.200000047683716,3.4000000953674316,1.0972515567080754,1.9251227518234664,3.0223743085315418,3.2096019673393097,1.078080114373565,1.7051740604948709,2.7832541748684356,2.707333322,0.720180839,3.427514162,2344.0,exact
De'Aaron Fox,2022-23,2435.0,4.5,-1.5,3.0,4.767399484976089,-2.5285158011165847,2.238883683859504,2.5733768679015476,2.2054720526003724,-1.9658967567262513,0.23957529587412107,3.48142813,-1.149032446,2.332395684,2435.0,exact
LeBron James,2022-23,1954.0,4.400000095367432,0.10000000149011612,4.5,4.258379714210625,-0.11507154886434062,4.143308165346284,4.980809648670131,2.3250388347413344,-0.20816915857722665,2.1168696761641077,4.539936448,0.413309536,4.953245984,1954.0,exact
Moritz Wagner,2022-23,2609.0,0.800000011920929,1.7999999523162842,2.700000047683716,-0.5156682095570684,0.2796614244012125,-0.23600678515585588,0.10811938314733989,-1.1122001804585289,1.1068433714442356,-0.005356809014293251,0.24603178,-0.39537407,-0.14934229,1109.0,exact
Kevin Durant,2022-23,1672.0,4.800000190734863,0.699999988079071,5.5,4.199148128342828,1.6291923797405132,5.8283405080833415,5.337441394879863,2.9880594610425506,2.01390391035563,5.001963371398181,5.235751786166866,0.527674490138756,5.763426276305622,1672.0,exact
Alex Caruso,2022-23,1575.0,-0.10000000149011612,6.099999904632568,6.0,-0.12227138790047885,3.67190509323779,3.5496337053373113,3.758557360744602,-1.4932017270540028,2.433062323108625,0.939860596054622,-2.496192512,3.151581724,0.655389212,1575.0,exact
Devin Booker,2022-23,1835.0,5.300000190734863,-0.8999999761581421,4.400000095367432,5.206380777630473,-1.655203652010701,3.5511771256197724,4.065746677104729,3.3426537800960014,-0.9456846954605012,2.3969690846355003,4.969370347,-0.22799936,4.741370987,1835.0,exact
Mikal Bridges,2022-23,2963.0,1.399999976158142,0.4000000059604645,1.7000000476837158,0.8922571400210092,0.02420852015991104,0.9164656601809202,0.9779747255923015,1.1737305938488254,-1.8066042709581112,-0.6328736771092858,2.1054623310901115,0.16597120688491399,2.2714335379750255,2963.0,exact
Anthony Edwards,2022-23,2842.0,1.2999999523162842,0.4000000059604645,1.600000023841858,1.8097467497188091,0.26257666596977886,2.072323415688588,2.8590676220157056,1.2198344990924703,-0.030562335156732345,1.189272163935738,0.997526657,1.070152503,2.067679161,2842.0,exact
Austin Rivers,2022-23,1843.0,2.5,1.600000023841858,4.099999904632568,-1.5479060419294157,-2.2633838523429595,-3.811289894272375,-3.9919084952720656,-1.763989772305554,-1.7866065968056744,-3.5505963691112283,-2.351854256,-0.821651906,-3.173506162,1016.0,exact
Desmond Bane,2022-23,1841.0,3.5,0.30000001192092896,3.799999952316284,2.913479535214119,0.6849191005553656,3.5983986357694846,4.106068037001466,1.1193351422023068,1.1118474857061174,2.2311826279084244,3.429180618,0.796750178,4.225930796,1841.0,exact
Draymond Green,2022-23,2297.0,-1.100000023841858,3.5,2.4000000953674316,-0.6813184659712425,3.255422580940992,2.5741041149697494,2.7057946565980604,-1.2906602840937207,2.352868076090113,1.0622077919963921,-0.910940938,2.587609804,1.676668866,2297.0,exact
Jaren Jackson Jr.,2022-23,1787.0,1.100000023841858,2.799999952316284,3.9000000953674316,0.6159019540643308,3.4850474809981855,4.100949435062517,4.814248065658061,-0.7294983005873426,3.215008031452901,2.4855097308655583,0.109591958,3.69149815,3.801090107,1787.0,exact
Kevon Looney,2022-23,1958.0,1.5,1.899999976158142,3.4000000953674316,1.3625938683654304,1.6077120068431334,2.970305875208564,2.4575555528870066,0.28650764769863607,2.004840963176345,2.291348610874981,0.302564278,1.314925069,1.617489347,1958.0,exact
Aaron Gordon,2022-23,2055.0,2.0,0.8999999761581421,2.9000000953674316,2.2903999002204487,1.0465924271787292,3.336992327399178,4.105921358869228,0.34351099021145004,0.2883133429401602,0.6318243331516102,3.129230217,1.081320504,4.210550721,2055.0,exact
Tim Hardaway Jr.,2022-23,2152.0,1.100000023841858,1.7000000476837158,2.700000047683716,0.8158765913833923,-0.35227740443283667,0.46359918695055563,1.043092045741303,0.9815854889683162,-0.2697396105571116,0.7118458784112046,0.691697845,-0.208951742,0.482746103,2152.0,exact
Kentavious Caldwell-Pope,2022-23,2381.0,0.699999988079071,1.2999999523162842,2.0,0.6253569850859866,1.4775575426288636,2.10291452771485,3.201773425652639,-0.8632558209750776,-1.1506684850560605,-2.013924306031138,0.34683344,2.297263937,2.644097378,2381.0,exact
Bam Adebayo,2022-23,2598.0,-1.100000023841858,2.700000047683716,1.600000023841858,-0.1803855588095502,1.7310719125024907,1.5506863536929405,1.8303559696457734,-0.06337222462500336,0.9606737477738327,0.8973015231488294,0.43731291,0.840960084,1.278272994,2598.0,exact
Buddy Hield,2022-23,2482.0,1.7999999523162842,-0.10000000149011612,1.7000000476837158,1.4707300773810932,-0.7762418340025836,0.6944882433785096,0.6948664107345346,1.1879501167413582,-0.557465224441372,0.6304848922999862,1.782259137,-0.430644139,1.351614997,2482.0,exact
Julius Randle,2022-23,2737.0,2.5999999046325684,-1.2999999523162842,1.2999999523162842,3.420695961553124,-1.7956084962687247,1.6250874652843994,2.5677026328676447,3.155962900043294,-0.6562235647310027,2.499739335312291,2.528125142,-0.429024783,2.099100358,2737.0,exact
Zach LaVine,2022-23,2768.0,2.299999952316284,-1.100000023841858,1.2000000476837158,1.7699487187540548,-1.475447076402076,0.29450164235197884,0.6425674269099559,1.261644929806717,-0.13396813711697167,1.1276767926897453,2.567459694,-0.7443307730000001,1.8231289219999998,2768.0,exact
Harrison Barnes,2022-23,2662.0,0.800000011920929,0.4000000059604645,1.2000000476837158,0.6931357844971231,-0.5366832313433261,0.15645255315379702,1.8803325464863583,-0.35027412264024904,-0.5224030226722264,-0.8726771453124754,1.512343486,-0.671537724,0.840805762,2662.0,exact
Mike Conley,2022-23,2029.0,2.5999999046325684,-0.30000001192092896,2.4000000953674316,1.913264274493762,-0.957818220686495,0.955446053807267,1.1234620809042728,0.789160127317273,-1.3046015917331681,-0.5154414644158951,1.3250184319176934,-0.3487202959443076,0.976298135973386,2029.0,exact
Donte DiVincenzo,2022-23,1894.0,-0.10000000149011612,2.700000047683716,2.700000047683716,0.1412989119014004,1.8761055377184874,2.017404449619888,2.1914126334458897,-0.19784269305254643,0.10737399676797157,-0.09046869628457485,0.229624424,1.684094282,1.913718706,1894.0,exact
Rudy Gobert,2022-23,2148.0,-2.0,4.099999904632568,2.0999999046325684,-1.0258359469159384,2.4356183876572306,1.4097824407412922,1.2441653939366122,-1.001812541454343,3.084110018574905,2.0822974771205622,-1.090653475,1.232093291,0.141439815,2148.0,exact
Kemba Walker,2022-23,1703.0,0.30000001192092896,3.0999999046325684,3.4000000953674316,0.41972390465531206,-3.3502290638785444,-2.930505159223232,-3.3418059117965826,3.8791757126090207,-1.3698190114330444,2.5093567011759763,-0.3289246,-2.454668246,-2.783592846,144.0,exact
Luguentz Dort,2022-23,2272.0,-0.800000011920929,2.5,1.7000000476837158,-0.45631142119344065,0.8549423463640075,0.3986309251705668,0.8733544765103529,-0.17417205650481626,-0.5707919195677391,-0.7449639760725554,-0.660344863,-0.06051012099999999,-0.720854984,2272.0,exact
Saben Lee,2022-23,2171.0,0.6000000238418579,1.2999999523162842,1.899999976158142,-2.470622279767958,1.2108035583410282,-1.2598187214269296,-0.8931063755807532,0.3633725658028606,2.1321858805192164,2.495558446322077,-1.4337163935656834,-0.23652927916085792,-1.6702456736997322,373.0,exact
Clint Capela,2022-23,1730.0,0.699999988079071,2.200000047683716,3.0,0.2536259991193621,0.5151198284070576,0.7687458275264197,0.5300998392339381,-0.7803773110624512,0.6793059560044111,-0.1010713550580401,0.639509015,0.5968087,1.236317716,1730.0,exact
Caris LeVert,2022-23,2237.0,-0.4000000059604645,1.899999976158142,1.5,-0.2058704604416853,0.8015609565813188,0.5956904961396334,0.5055242933809884,0.06957910086347063,1.0531083194541913,1.122687420317662,-0.343573175,1.058238901,0.714665726,2237.0,exact
Mitchell Robinson,2022-23,1591.0,1.0,2.200000047683716,3.0999999046325684,1.1911067289748198,1.7122013180378903,2.90330804701271,2.7845118560483115,-0.696740666345256,0.8931523840682909,0.1964117177230349,-0.141818864,2.540446906,2.398628041,1591.0,exact
Spencer Dinwiddie,2022-23,2725.0,1.7000000476837158,-1.100000023841858,0.6000000238418579,1.3858499828780044,-1.194188757490041,0.19166122538796349,0.25183806082158317,1.2115042000896574,-1.4863325718288243,-0.27482837173916685,1.9589325256451375,-0.8109426887280733,1.1479898369170642,2725.0,exact
Tre Jones,2022-23,1984.0,1.2000000476837158,0.699999988079071,1.7999999523162842,0.6096491483986551,-0.595344758281186,0.01430439011746909,-0.5838205289755145,0.4258870411631918,-1.7989429702895225,-1.3730559291263307,0.60963181,-0.654155089,-0.044523279,1984.0,exact
Jarrett Allen,2022-23,2220.0,-0.5,1.7999999523162842,1.2999999523162842,0.06400934430094248,2.4061472888761304,2.470156633177073,2.517760909446048,-1.075365586069103,2.534800480234387,1.4594348941652842,0.593795005,1.737015605,2.33081061,2220.0,exact
Josh Okogie,2022-23,1350.0,0.0,3.700000047683716,3.700000047683716,-0.5072159427635082,2.1103453772977385,1.6031294345342304,1.5951457406937888,-0.463231069031716,1.2172606209277204,0.7540295518960043,-0.635595825,1.5612440769999998,0.925648252,1350.0,exact
Pascal Siakam,2022-23,2652.0,2.299999952316284,-1.7000000476837158,0.6000000238418579,2.2417047044177045,-1.237609557879341,1.0040951465383636,1.4876430162783674,2.304870924331409,-0.8101071578596364,1.4947637664717726,2.883659193,-0.657459139,2.226200054,2652.0,exact
Delon Wright,2022-23,1221.0,1.0,3.5,4.5,0.4908174102210456,1.9725539460592056,2.463371356280251,3.252768806977262,-0.5153687339499757,0.39035768288402417,-0.12501105106595156,0.782719493,2.543083454,3.325802946,1221.0,exact
Kyle Anderson,2022-23,1957.0,0.4000000059604645,1.2000000476837158,1.7000000476837158,-0.08105921477766533,1.0365534661384612,0.9554942513607959,1.6059100097711105,-0.5165990099549873,-0.03801251522145466,-0.554611525176442,0.233606385,1.821655045,2.05526143,1957.0,exact
Chris Paul,2022-23,1889.0,2.200000047683716,-0.30000001192092896,1.899999976158142,2.911476366455256,0.3482033248074809,3.2596796912627366,2.262683879362449,3.428450104253474,-0.352597216305985,3.075852887947489,1.936283925,1.142227061,3.078510986,1889.0,exact
Jamal Murray,2022-23,2133.0,2.5999999046325684,-1.399999976158142,1.2000000476837158,3.946817938772313,-0.8835710419331765,3.0632468968391366,2.9629064961159735,2.9324060626182993,-1.0645893564646634,1.867816706153636,1.835374384,-0.522596825,1.312777559,2133.0,exact
Kevin Porter Jr.,2022-23,2024.0,1.7999999523162842,-0.5,1.2999999523162842,1.0407606644237353,-2.6799653838693325,-1.6392047194455972,-2.1754055222605344,1.65423831445284,-2.1647339483634966,-0.5104956339106566,0.118324002,-1.232973547,-1.114649545,2024.0,exact
Anfernee Simons,2022-23,2171.0,1.7999999523162842,-0.699999988079071,1.100000023841858,1.9544966241735249,-1.9621280476535066,-0.007631423479981692,-0.46659146974475146,2.0572871350331665,-0.9509498772954514,1.106337257737715,1.9476796120000002,-1.756969945,0.190709667,2171.0,exact
Jaylen Brown,2022-23,2405.0,0.20000000298023224,0.30000001192092896,0.5,1.0297707681987147,-0.42946574884511607,0.6003050193535986,1.1911506646928236,1.1321565299791105,0.043406446780268865,1.1755629767593794,2.306311852,0.23016622699999997,2.53647808,2405.0,exact
Isaiah Joe,2022-23,1395.0,2.700000047683716,0.30000001192092896,3.0,2.685277164149262,-0.10316715549141202,2.5821100086578497,2.1782845729661426,0.699890727041508,0.13594270372351464,0.8358334307650226,1.673347313,0.283711021,1.9570583340000003,1395.0,exact
Cameron Johnson,2022-23,1199.0,1.2999999523162842,2.700000047683716,4.0,1.6292443969843322,0.9718102653156354,2.6010546622999677,2.7436952334181233,0.22023253926797498,0.8838726727569257,1.1041052120249006,2.53534667840367,1.1565821938990826,3.6919288723027517,1199.0,exact
De'Anthony Melton,2022-23,2150.0,-0.20000000298023224,1.100000023841858,1.0,-0.1658279485159463,1.115721303362881,0.9498933548469347,1.740975173534444,-0.1161648011309454,-0.1632445880158101,-0.2794093891467555,-0.618661877,2.124385855,1.505723978,2150.0,exact
D'Angelo Russell,2022-23,2304.0,2.200000047683716,-1.600000023841858,0.699999988079071,1.8569222795361249,-1.0746666596002417,0.7822556199358832,1.1550015326047818,1.9952458785595835,-0.5293605487384021,1.4658853298211814,0.9375734700355903,-0.7508120484270834,0.186761421608507,2304.0,exact
Malcolm Brogdon,2022-23,1744.0,2.200000047683716,-0.4000000059604645,1.7999999523162842,1.54693965345494,-0.05930897311039798,1.487630680344542,2.0959694540326015,0.3770067025227479,0.13437429831390196,0.51138100083665,1.425536946,-0.288471412,1.137065534,1744.0,exact
Al Horford,2022-23,1922.0,0.20000000298023224,1.100000023841858,1.2999999523162842,0.25576672006389156,1.2360538844050228,1.4918206044689144,1.1094613176839079,-0.49019184315327996,1.9313081220031678,1.441116278849888,-0.17395749999999996,1.126251022,0.952293522,1922.0,exact
John Konchar,2022-23,1494.0,-0.800000011920929,3.299999952316284,2.5,-0.35903940966615533,2.4986432009880217,2.1396037913218664,2.010291002762322,-1.9468321299542706,1.8034125821916815,-0.14341954776258903,-1.245770374,2.940673595,1.694903221,1494.0,exact
Tyrese Maxey,2022-23,2016.0,2.299999952316284,-1.100000023841858,1.2000000476837158,1.970854549098542,-1.831162368624379,0.1396921804741631,1.264613754537046,0.24485485534173143,-1.3775592953991336,-1.1327044400574022,3.199081224,-0.713018006,2.486063217,2016.0,exact
Steven Adams,2022-23,1133.0,0.4000000059604645,3.5,3.9000000953674316,1.1407423488677946,3.4508147916779586,4.591557140545753,3.0259686206556573,0.9548712510317332,3.4720852099444346,4.426956460976168,-1.39524072,2.228517181,0.833276462,1133.0,exact
T.J. McConnell,2022-23,1526.0,0.4000000059604645,1.899999976158142,2.200000047683716,0.37798299619800474,0.8219606088578587,1.1999436050558634,0.42301176335367,-0.4248326862105944,-0.18661226090283783,-0.6114449471134322,0.549663873,-0.274584115,0.275079759,1526.0,exact
Jaden McDaniels,2022-23,2416.0,-1.0,1.2999999523162842,0.30000001192092896,-0.24367900617605684,1.4880951187080838,1.244416112532027,1.1084133268163872,-0.9559388863319143,0.6966932144169349,-0.2592456719149794,-0.498244971,0.672888925,0.174643954,2416.0,exact
Bradley Beal,2022-23,2715.0,-1.2999999523162842,1.2999999523162842,0.0,2.9533077826940315,-1.6376570894706273,1.3156506932234042,1.967563885006988,1.2113104520395674,-0.7977853169233468,0.4135251351162207,3.1166754,-0.664615288,2.452060112,1673.0,exact
Kyle Lowry,2022-23,1718.0,0.5,1.0,1.5,0.6817266571548402,0.5761301705226736,1.2578568276775137,1.828025674642035,1.043766647905914,0.022938332715473075,1.066704980621387,-1.460845587,0.547239414,-0.913606173,1718.0,exact
Marcus Smart,2022-23,1957.0,0.20000000298023224,0.699999988079071,0.8999999761581421,0.9342106198696954,0.6436995764045609,1.5779101962742563,1.8963388371004986,0.8536834918204962,-0.891294621733173,-0.03761112991267679,-1.036903284,1.285135222,0.248231938,1957.0,exact
CJ McCollum,2022-23,2649.0,1.2999999523162842,-1.399999976158142,-0.10000000149011612,2.252571180415127,-1.9950820055130076,0.2574891749021193,0.6470550200126977,2.3228100447674294,-1.1694166218617612,1.1533934229056682,1.142094884,-0.152686873,0.9894080109999999,2649.0,exact
Jalen Smith,2022-23,1246.0,-0.30000001192092896,3.200000047683716,2.9000000953674316,-1.6688655416894627,-0.21192950170527322,-1.8807950433947358,-1.583522281015709,-0.82858645473136,0.38289868246858244,-0.4456877722627775,-2.121957954,-1.070169518,-3.192127471,1279.0,exact
Coby White,2022-23,1730.0,1.100000023841858,0.20000000298023224,1.2999999523162842,0.7661969831419807,-0.20648458018649898,0.5597124029554817,0.0003408228157623742,-0.4351071976846987,0.34418510028355814,-0.09092209740114054,0.014399974000000001,0.586342519,0.600742493,1730.0,exact
Royce O'Neale,2022-23,2409.0,-0.699999988079071,0.800000011920929,0.10000000149011612,-0.8706133856785989,1.5024052064620577,0.6317918207834587,0.1260981168887201,-0.3823998764550363,0.8110763503333736,0.42867647387833724,-1.70785907,0.939144528,-0.768714542,2409.0,exact
Onyeka Okongwu,2022-23,1849.0,-0.30000001192092896,1.2999999523162842,1.0,-0.5034337145703208,1.6953305665943528,1.191896852024032,1.2515512222347829,-1.368560606919826,1.5793215057537469,0.2107608988339209,-0.094856313,0.9662950380000002,0.871438726,1849.0,exact
Kelly Olynyk,2022-23,1942.0,0.20000000298023224,0.5,0.699999988079071,0.55501812258202,0.054953740211218426,0.6099718627932385,1.1104715259605416,-0.0653318063699131,0.1632758404112563,0.0979440340413432,-0.56776547,-0.003093118,-0.570858587,1942.0,exact
Cole Anthony,2022-23,1552.0,2.0,-0.5,1.600000023841858,1.2180671393705624,-0.8987124190193891,0.3193547203511733,-0.1131181701961788,0.474296420956112,-0.19587334316254137,0.2784230777935707,-0.482588553,-0.014549763,-0.497138316,1552.0,exact
Bogdan Bogdanovic,2022-23,1508.0,2.5999999046325684,-0.8999999761581421,1.7000000476837158,1.7694361740178879,-1.626742505568547,0.14269366844934095,0.30249542072485036,1.3270451512037558,-0.8134441065901714,0.5136010446135844,1.252995434,-0.3558937870000001,0.897101647,1508.0,fuzzy
Alec Burks,2022-23,1122.0,3.0,0.10000000149011612,3.0999999046325684,2.8819306571692778,-0.658783182226161,2.223147474943117,2.4030457200160966,1.5915556351515003,-1.2594501327284082,0.3321055024230921,2.286029362,-0.040299874,2.245729488,1122.0,exact
Isaiah Hartenstein,2022-23,1626.0,-1.2999999523162842,2.5999999046325684,1.2999999523162842,-1.0352080303177555,2.078355357217663,1.0431473268999076,1.2508254791276767,-0.8017646005130297,1.7445277164557869,0.9427631159427572,-2.097792312,1.455669169,-0.642123143,1626.0,exact
Kevin Huerter,2022-23,2203.0,2.299999952316284,-1.899999976158142,0.30000001192092896,2.284150237181455,-1.382251383206439,0.9018988539750159,1.032451457765051,1.0359157023301306,-1.4114686389965794,-0.37555293666644873,2.095991539,0.079594095,2.175585633,2203.0,exact
Jakob Poeltl,2022-23,1906.0,0.5,0.30000001192092896,0.800000011920929,0.07559549902836057,0.5671557680429836,0.6427512670713442,1.4599869832958223,-0.24096730154136572,0.5135424189282616,0.2725751173868959,0.29523558989244486,0.5214103613672613,0.8166459502597062,1906.0,exact
Sam Merrill,2022-23,1290.0,1.100000023841858,1.2000000476837158,2.200000047683716,-5.143680725400663,1.6607362415024625,-3.4829444838982004,-4.730191233434173,3.551701915861372,4.093174102799149,7.644876018660521,0.837639268,2.008818593,2.846457861,59.0,exact
Larry Nance Jr.,2022-23,1381.0,-0.6000000238418579,2.5999999046325684,2.0,0.11541287141467094,1.5207602319522762,1.636173103366947,1.334630351266756,-1.3737120056741736,0.7625535499077776,-0.611158455766396,-0.119124935,2.067817695,1.9486927599999997,1381.0,exact
Tobias Harris,2022-23,2436.0,0.0,-0.10000000149011612,-0.20000000298023224,0.24753610967398376,-0.19266012570691374,0.054875983967070024,0.9586243856122799,-0.2643376228905312,-0.3757751251647,-0.6401127480552312,0.9321788500000001,0.699942261,1.632121111,2436.0,exact
Mason Plumlee,2022-23,2054.0,0.8999999761581421,-0.699999988079071,0.30000001192092896,0.49113523340477894,-1.4066633220705889,-0.9155280886658099,-1.4536882019985178,-0.008778419509932675,-0.443223031548631,-0.4520014510585637,0.4134790826592016,-0.5522257856037001,-0.13874670294449853,2054.0,exact
Kenrich Williams,2022-23,1206.0,-0.5,2.9000000953674316,2.4000000953674316,-0.40590324073663336,1.0567140109409197,0.6508107702042862,1.4372694428516943,-0.6532628649880663,1.2979274186263239,0.6446645536382576,0.836231946,0.8986015579999999,1.734833504,1206.0,exact
Tyler Herro,2022-23,2337.0,1.2000000476837158,-1.2999999523162842,-0.10000000149011612,1.9137866265050711,-1.009507761478396,0.9042788650266751,1.4256167569442992,1.8450505169846683,-0.2764605281183786,1.5685899888662895,0.772614316,0.294421353,1.067035669,2337.0,exact
Dejounte Murray,2022-23,2693.0,0.5,-1.0,-0.5,0.6770342510964301,-1.2402774778335266,-0.5632432267370965,-0.3176460140470084,2.1847849852025036,-1.694509482805435,0.49027550239706863,1.8554755169999997,0.083062549,1.938538066,2693.0,exact
Cedi Osman,2022-23,1548.0,0.5,0.699999988079071,1.2000000476837158,0.35546809206247826,-0.11057211587592959,0.24489597618654868,0.20596198624353254,-0.4560248131156874,0.614979616952639,0.15895480383695165,0.076815935,0.10198539500000002,0.178801331,1548.0,exact
Zion Williamson,2022-23,956.0,3.200000047683716,0.4000000059604645,3.5999999046325684,2.3492235029798434,0.33103154524355527,2.6802550482233984,3.5644096726826375,-1.6223799977249045,0.6680679842959433,-0.9543120134289612,4.942706832,0.290245058,5.23295189,956.0,exact
Dillon Brooks,2022-23,2214.0,-2.0,1.899999976158142,-0.10000000149011612,-1.0081131300906134,1.0678896784661553,0.059776548375541916,-0.34008667669504833,0.18658329938670237,1.1328489406733038,1.319432240060006,-1.255515927,0.241105362,-1.014410565,2214.0,exact
Grayson Allen,2022-23,1972.0,-0.10000000149011612,0.20000000298023224,0.10000000149011612,0.19850860485514368,0.880014591332734,1.0785231961878776,1.277222651041785,-0.9402236548186272,0.022690512538991903,-0.9175331422796353,0.742574589,1.036919355,1.779493944,1972.0,exact
Monte Morris,2022-23,1695.0,1.899999976158142,-1.2000000476837158,0.699999988079071,1.168252814981071,-2.398886220566765,-1.230633405585694,-1.3839546046122482,0.684214717108592,-1.7428807852164572,-1.0586660681078652,0.766872592,-0.630857914,0.136014678,1695.0,exact
Brandon Ingram,2022-23,1538.0,1.7999999523162842,-1.0,0.800000011920929,2.543219044076815,-1.1884230283757347,1.3547960157010805,1.4592972765863867,1.6787848539241086,-0.7079457887052159,0.9708390652188927,2.466058452,-0.595735208,1.870323244,1538.0,exact
Michael Porter Jr.,2022-23,1798.0,1.600000023841858,-1.2999999523162842,0.30000001192092896,2.102691256859931,-0.8640340831661645,1.2386571736937668,1.8998461110115004,0.8676399989071439,-0.6542397165692372,0.21340028233790675,2.213545328,0.417607981,2.63115331,1798.0,exact
Terry Rozier,2022-23,2221.0,0.699999988079071,-0.8999999761581421,-0.20000000298023224,1.3675579728430771,-1.8884498349494294,-0.5208918621063523,-0.9258422114583812,2.1404214381534503,-1.8030704972865075,0.33735094086694284,0.529881434,-0.625063695,-0.095182261,2221.0,exact
Jerami Grant,2022-23,2246.0,0.5,-0.8999999761581421,-0.4000000059604645,0.44031458234902293,-0.7816528020988147,-0.3413382197497918,-0.49649500323919815,-0.4660004237084383,-1.138949431367998,-1.6049498550764363,1.500795088,-0.81061176,0.690183328,2246.0,exact
Tyus Jones,2022-23,1940.0,1.600000023841858,-1.600000023841858,0.0,1.886368407452414,-1.170721313916775,0.7156470935356392,0.18924675825069692,2.0500390131859625,-1.1007996902503905,0.949239322935572,1.196275998,-0.023116078,1.17315992,1940.0,exact
LaMelo Ball,2022-23,1268.0,2.200000047683716,-0.8999999761581421,1.2999999523162842,3.018234695677563,-2.7152649348958224,0.30296976078174076,-0.8316550670833385,3.1210982960203006,-2.1820216391163454,0.9390766569039553,0.449052686,-0.682331989,-0.233279303,1268.0,exact
Wendell Carter Jr.,2022-23,1690.0,-1.2000000476837158,1.5,0.30000001192092896,-0.6103046017507311,0.6088352554098525,-0.0014693463408785856,0.09403337457087058,0.2307468428252602,1.2859835529318,1.5167303957570601,-0.305979193,-0.175331228,-0.481310421,1690.0,exact
Kyle Kuzma,2022-23,2239.0,-1.0,0.5,-0.5,-0.3881128671889528,0.09178397613338642,-0.2963288910555664,-1.7089943978064899,0.8139286466793164,0.3239357104973537,1.13786435717667,-0.51591461,-0.48424121499999995,-1.000155825,2239.0,exact
Jusuf Nurkic,2022-23,1391.0,-1.100000023841858,2.0,0.8999999761581421,-0.11086715711153945,1.5995376028226762,1.4886704457111368,1.8021688656889363,-0.3157799139324252,1.7483321516568373,1.432552237724412,-1.408451605,0.419360416,-0.989091189,1391.0,fuzzy
Dwight Powell,2022-23,1458.0,-0.5,1.2000000476837158,0.699999988079071,0.638862606108808,1.1435246706561217,1.7823872767649296,1.5532901980728113,-0.910829716920836,1.0940972548600445,0.18326753793920847,0.22042745299999997,0.002456883,0.222884335,1458.0,exact
Gary Trent Jr.,2022-23,2118.0,0.4000000059604645,-0.699999988079071,-0.30000001192092896,0.545813573605045,-0.7709023483734793,-0.22508877476843425,-0.5574400239231642,0.7757604239541811,-1.3854531397286018,-0.6096927157744207,1.1786768,-0.136019824,1.042656976,2118.0,exact
Nicolas Batum,2022-23,1709.0,-0.800000011920929,0.8999999761581421,0.10000000149011612,-0.17455240552288254,0.8285943686060322,0.6540419630831497,1.246093354070836,-0.902346935852941,0.620173286940959,-0.28217364891198204,-0.994774959,1.574671419,0.579896459,1709.0,exact
Saddiq Bey,2022-23,2129.0,1.7000000476837158,-2.0999999046325684,-0.4000000059604645,0.286496437145262,-2.554016250522332,-2.26751981337707,-2.3918860974404526,-0.39458678705821854,-2.304408569740063,-2.6989953567982816,1.106792556708314,-0.4601227253710662,0.6466698313372475,2129.0,exact
Nickeil Alexander-Walker,2022-23,884.0,-0.4000000059604645,2.9000000953674316,2.5,-1.1479224965946353,1.5000450938175334,0.35212259722289807,-0.506706183694711,-0.3286426128814024,1.2905765417239816,0.9619339288425792,-1.0364622371583712,-0.0016340343167420943,-1.0380962710723982,884.0,exact
Hamidou Diallo,2022-23,996.0,-1.2999999523162842,3.200000047683716,1.899999976158142,-1.0807358733404915,2.506601438226728,1.4258655648862366,0.6699739278774022,-2.3307248887757814,0.7807037634873739,-1.5500211252884075,0.435496413,1.096173499,1.531669911,996.0,exact
Pat Connaughton,2022-23,1443.0,-0.6000000238418579,1.0,0.4000000059604645,0.08116401819958506,1.0217732120471539,1.1029372302467388,0.610596455931966,-0.28137474080042246,1.0320125843418406,0.7506378435414182,-1.190955179,1.158761787,-0.032193392,1443.0,exact
Daniel Gafford,2022-23,1604.0,0.4000000059604645,-0.30000001192092896,0.0,-0.36223992094069657,0.139126265031309,-0.22311365590938756,0.09647646008301264,-0.6826051325052699,1.4204286346995767,0.7378235021943068,-0.024159747,-0.042287331,-0.066447077,1604.0,exact
Anthony Lamb,2022-23,1195.0,-0.8999999761581421,1.899999976158142,0.8999999761581421,-1.3326101352502462,0.8066385119852294,-0.5259716232650168,-1.292688596291441,-1.041020081798055,1.6295155717293652,0.5884954899313102,-1.1324694,-0.114123043,-1.246592442,1195.0,exact
Kevin Love,2022-23,1240.0,-0.699999988079071,1.600000023841858,0.8999999761581421,0.026273306670423862,-0.5105291012438556,-0.48425579457343176,-0.17308600668808127,1.3025442986212588,2.2554201925579407,3.5579644911791997,-2.184226678120161,0.7718484341459677,-1.4123782439741934,1240.0,exact
Isaac Okoro,2022-23,1652.0,-0.800000011920929,0.699999988079071,-0.10000000149011612,-1.0529347106902482,0.9799861387248318,-0.07294857196541649,0.11173019306242377,-2.143856564421386,0.9512543599740351,-1.192602204447351,-0.838215127,1.240135301,0.401920173,1652.0,exact
Kelly Oubre Jr.,2022-23,1548.0,-0.20000000298023224,0.30000001192092896,0.10000000149011612,0.13685487026245852,-0.4711693514663198,-0.33431448120386126,-0.2859027029022513,0.8167235716914869,-1.706824120493788,-0.890100548802301,0.001628032,-0.206165933,-0.2045379,1548.0,exact
Dennis Smith Jr.,2022-23,1390.0,-3.0,3.5,0.5,-2.926748221771162,2.380715673631235,-0.5460325481399266,-0.3033253144941947,-0.9541325557819691,1.9138416535306275,0.9597090977486584,-2.417948749,1.412673544,-1.005275205,1390.0,exact
Jordan Clarkson,2022-23,1988.0,2.200000047683716,-2.799999952316284,-0.6000000238418579,2.5303403269451423,-2.305129489907699,0.2252108370374435,0.09360948178797152,2.598079976910888,-1.1171520890906188,1.4809278878202692,1.211187649,-1.606570902,-0.395383253,1988.0,exact
John Collins,2022-23,1441.0,-1.5,1.7000000476837158,0.20000000298023224,-1.8384698601057543,-0.2684417775361172,-2.1069116376418715,-1.9423030084496942,-1.847963200017449,-0.30788538515703046,-2.1558485851744793,-1.051204158,0.370096853,-0.681107306,2130.0,exact
Blake Griffin,2022-23,569.0,-1.0,5.800000190734863,4.900000095367432,-1.2109757710244335,1.2560924209786513,0.045116649954217714,0.14300857748076748,-0.6120486326583844,3.399764065138503,2.7877154324801183,-1.404040027,0.696378584,-0.707661443,569.0,exact
Khris Middleton,2022-23,801.0,1.899999976158142,0.699999988079071,2.5999999046325684,2.329592523722569,0.2481332923658822,2.5777258160884515,1.231911852348718,2.8295196471253314,0.9303102344367034,3.759829881562035,2.207602103,0.10953293,2.317135033,801.0,exact
Paul Reed,2022-23,755.0,-0.5,3.5,3.0,-1.5230109788200583,1.8384221644906173,0.31541118567055904,0.10132872502194172,-1.313614308874438,1.6230707336696129,0.30945642479517477,-2.181419078,2.466691197,0.285272119,755.0,exact
Myles Turner,2022-23,1825.0,-0.20000000298023224,-0.10000000149011612,-0.30000001192092896,-0.46215415529844756,0.22631710347698056,-0.235837051821467,-0.060140010312989024,-0.8523191079149489,1.1792186526460922,0.32689954473114324,0.103786347,0.558895571,0.662681918,1825.0,exact
Josh Green,2022-23,1539.0,-1.100000023841858,1.0,-0.10000000149011612,-0.07754994147783535,-0.14626274093020578,-0.22381268240804114,-0.32929570270084385,-1.4875001463730673,-1.1184110689722424,-2.6059112153453095,-0.170797571,-0.286529916,-0.457327486,1539.0,exact
Malik Monk,2022-23,1719.0,1.100000023841858,-1.5,-0.4000000059604645,0.7301027198011405,-0.9613632021388012,-0.23126048233766072,0.08879453965772192,1.6120801309648911,-0.6410537324710599,0.9710263984938312,1.777051096,-1.1990367000000002,0.578014396,1719.0,exact
Andrew Wiggins,2022-23,1190.0,-0.699999988079071,1.399999976158142,0.699999988079071,-1.2645116146871225,0.657448689978036,-0.6070629247090865,-0.3740163457695269,-0.19249844728665913,0.47363406394936725,0.28113561666270814,1.243442311,1.068203115,2.311645427,1190.0,exact
Ivica Zubac,2022-23,2170.0,-2.0,1.2000000476837158,-0.800000011920929,-1.6749518357407238,1.5336001146359515,-0.14135172110477234,-0.14994005771808924,-1.3533366350345244,2.821734262195002,1.4683976271604775,-1.9719042479999997,0.415353751,-1.556550497,2170.0,exact
Chris Boucher,2022-23,1523.0,-0.30000001192092896,0.10000000149011612,-0.20000000298023224,-0.4328645906291795,0.4723379640398297,0.039473373410650214,-0.2234711657028375,0.2606927757257243,0.48503338749514835,0.7457261632208727,0.00303923,0.23186355899999997,0.234902789,1523.0,exact
Garrison Mathews,2022-23,686.0,-0.699999988079071,3.700000047683716,3.0,-1.797406427737477,1.0743819392145617,-0.7230244885229153,0.11366442499967755,0.23581125160107852,1.0824796919417647,1.3182909435428432,-1.0016036089795919,-0.791535254020408,-1.7931388629999998,686.0,exact
Christian Wood,2022-23,1738.0,0.30000001192092896,-0.800000011920929,-0.4000000059604645,0.26105386913294254,-0.9472593835289106,-0.686205514395968,-1.46862314238452,0.05579910898133583,-0.3535052142554045,-0.29770610527406866,0.141145363,-0.445127198,-0.303981835,1738.0,exact
Dorian Finney-Smith,2022-23,2009.0,-2.0999999046325684,1.2000000476837158,-0.8999999761581421,-1.5299981889245775,0.48733987759568037,-1.0426583113288972,-1.4504635387125207,-1.165255746078858,0.14978451156430417,-1.0154712345145538,-1.988634184076655,0.2546710201707317,-1.7339631632648083,2009.0,exact
Markelle Fultz,2022-23,1778.0,-0.30000001192092896,-0.4000000059604645,-0.699999988079071,-0.0373602877662547,-0.6797486830612535,-0.7171089708275081,-0.11316055883264718,-0.0007344912402762124,-1.572113697880277,-1.5728481891205532,0.005201921,0.25832347,0.263525391,1778.0,exact
Damion Lee,2022-23,1506.0,-1.100000023841858,0.800000011920929,-0.30000001192092896,-1.1946265648912726,0.10760462831446775,-1.0870219365768048,-0.5987539226755497,-0.615147892689181,0.6013404384367436,-0.013807454252437457,-1.116913095,-0.326788,-1.4437010959999999,1506.0,exact
Terance Mann,2022-23,1872.0,-0.10000000149011612,-0.6000000238418579,-0.699999988079071,0.059093256395567305,-0.6449839944777954,-0.5858907380822281,-0.3852733690316541,-1.4593715221890275,-0.6171596503804957,-2.0765311725695232,0.385029922,-0.256637294,0.128392628,1872.0,exact
Caleb Martin,2022-23,2077.0,-2.200000047683716,1.2000000476837158,-1.0,-1.6843398611492895,0.8155842093046551,-0.8687556518446343,-0.2966236755578953,-1.2018881498695992,0.4541722319423342,-0.747715917927265,-1.262821011,1.123033638,-0.139787373,2077.0,exact
Nikola Vucevic,2022-23,2746.0,-0.699999988079071,-0.699999988079071,-1.399999976158142,-0.18823499719287828,-0.26854884586528455,-0.45678384305816283,0.3364047135455192,0.5558541296765412,-0.2342997752263993,0.3215543544501419,-0.425111175,0.37998990299999996,-0.045121272,2746.0,fuzzy
Deni Avdija,2022-23,2020.0,-1.7999999523162842,0.800000011920929,-1.0,-1.342762141858521,0.45632591062685673,-0.8864362312316643,-1.440844366831885,-0.9630483347379246,0.7099084715322784,-0.2531398632056462,-1.996166343,1.010926014,-0.985240329,2020.0,exact
Jeff Green,2022-23,2602.0,1.5,-2.9000000953674316,-1.399999976158142,-3.192908116923865,-2.1552376699991727,-5.3481457869230375,-4.819740512320681,-1.6938050323190939,-0.5220609418355314,-2.2158659741546254,-2.112812946,-2.296772079,-4.409585025,1091.0,exact
Alize Johnson,2022-23,1042.0,-0.6000000238418579,1.2000000476837158,0.6000000238418579,-3.309920393674799,2.859759348821912,-0.45016104485288677,1.4134729684074587,-1.480522063516612,10.328190171847611,8.847668108331,-6.874091184,3.539149506,-3.334941678,30.0,exact
Luke Kennard,2022-23,1315.0,0.8999999761581421,-0.8999999761581421,0.0,0.5610601579255043,-0.12065565437965342,0.4404045035458509,0.7346413592637301,-0.47863162090197003,0.6939166297475579,0.21528500884558782,1.177998269022814,0.3026597661064639,1.4806580351292777,1315.0,exact
Dennis Schroder,2022-23,1986.0,-0.5,-0.5,-1.0,0.16048699936722563,-0.40316712025596696,-0.24268012088874133,-0.0739953745827815,0.33214114184637156,-0.18074838184508324,0.15139276000128832,-1.092227942,-0.384392211,-1.476620153,1986.0,exact
Matisse Thybulle,2022-23,1200.0,-2.200000047683716,2.5,0.20000000298023224,-2.3243881853739037,1.7938987579590882,-0.5304894274148155,-0.6312232802034096,-2.1588829784187022,-0.4240753640740346,-2.582958342492737,-1.4129366792849998,2.6404364663875,1.2274997871025002,1200.0,exact
Xavier Tillman,2022-23,1180.0,-1.2999999523162842,1.5,0.20000000298023224,-0.7228150842269407,1.648816133319378,0.9260010490924373,0.7035169370499775,-1.1316837815198801,1.7167515157415083,0.5850677342216282,-0.199966297,0.750506969,0.550540671,1180.0,exact
Grant Williams,2022-23,2045.0,-1.0,0.0,-1.0,-1.0373502500495297,0.2851049154549518,-0.7522453345945779,-0.10102801403670568,-0.776149066838522,0.30390443626145114,-0.4722446305770709,-1.398976803,0.599094934,-0.799881869,2045.0,exact
Bruce Brown,2022-23,2280.0,-1.7000000476837158,0.4000000059604645,-1.2999999523162842,-1.0441270465107542,-0.05587388369358357,-1.1000009302043376,-0.5411439498126228,-0.24227753473609803,-0.34097103095409675,-0.5832485656901948,-0.393642726,0.525355029,0.131712303,2280.0,exact
Andre Drummond,2022-23,849.0,-1.7000000476837158,2.799999952316284,1.100000023841858,-1.3697479894819307,2.8805461091689124,1.5107981196869817,2.2017966815405856,-0.7395411235388307,2.4721028728167465,1.7325617492779157,-2.551292613,2.844630005,0.293337392,849.0,exact
Aaron Holiday,2022-23,845.0,-1.399999976158142,2.5999999046325684,1.2000000476837158,-1.4693828771645714,0.8604270381064273,-0.6089558390581441,-1.0234081887918303,-1.8307566560458708,0.39747451865205563,-1.4332821373938152,-2.747588875,-0.144513185,-2.8921020609999997,845.0,exact
Derrick Jones Jr.,2022-23,893.0,-0.4000000059604645,1.5,1.100000023841858,-0.340293333309095,1.2961924734884442,0.9558991401793493,-0.43437793312577666,-1.6421227011365767,1.9679301061529917,0.32580740501641503,-0.931730495,1.550628846,0.618898352,893.0,exact
Luke Kornet,2022-23,804.0,-0.6000000238418579,2.0999999046325684,1.5,-0.9311274149767353,1.4480290743801403,0.5169016594034049,0.12082299716554246,-1.4369676199380261,3.568836454570439,2.131868834632413,-0.814715215,0.128517727,-0.686197488,804.0,exact
Jalen McDaniels,2022-23,1913.0,-1.2999999523162842,0.30000001192092896,-1.0,-0.8401228528522658,0.5913981896610213,-0.24872466319124453,-0.5193780628660303,-1.5254764979084836,-0.36153747560600735,-1.8870139735144908,-1.5629320546581285,1.0121309727569263,-0.5508010809012024,1913.0,exact
Bobby Portis,2022-23,1818.0,-0.20000000298023224,-0.699999988079071,-0.8999999761581421,0.056320032821490784,-0.2976537019703408,-0.24133366914885002,-0.19406969208554656,0.44958469399324796,0.3893947528596914,0.8389794468529393,0.285269244,0.38219459899999997,0.667463843,1818.0,exact
Karl-Anthony Towns,2022-23,957.0,0.20000000298023224,0.5,0.699999988079071,0.5348880358634921,1.1111224920247862,1.6460105278882784,1.2382430811314376,1.4780664254075069,1.6955942301359956,3.1736606555435025,1.657178528,-0.247235527,1.409943001,957.0,exact
Troy Brown Jr.,2022-23,1860.0,-1.600000023841858,0.6000000238418579,-1.0,-1.3833049352705526,-0.09680150850192515,-1.4801064437724778,-1.2789020602636925,-1.4256971031591488,-0.42815270006739287,-1.8538498032265416,-1.500071666,0.549954574,-0.950117092,1860.0,exact
Landry Shamet,2022-23,807.0,-0.10000000149011612,1.2999999523162842,1.2000000476837158,-0.5989107195049644,0.8216953447094646,0.22278462520450015,0.38229222338772484,1.0653182272006274,0.7642617191828555,1.829579946383483,-0.288236596,-0.058075297,-0.34631189300000004,807.0,exact
Devin Vassell,2022-23,1178.0,0.4000000059604645,-0.5,-0.10000000149011612,-0.1249480635848579,-2.102874405838977,-2.227822469423835,-2.54771751894025,0.620713676873511,-2.286514908570723,-1.6658012316972122,0.727692198,-0.867881662,-0.140189464,1178.0,exact
Wenyen Gabriel,2022-23,1024.0,-1.100000023841858,1.2999999523162842,0.20000000298023224,-1.068880436592614,0.9252932771268988,-0.1435871594657151,-0.06443410964349695,-1.2331861465597254,1.6850218911451647,0.4518357445854393,-1.970508321,0.054225161,-1.91628316,1024.0,exact
Devonte' Graham,2022-23,1338.0,0.699999988079071,-1.2000000476837158,-0.6000000238418579,0.21215110680623053,-1.633836373012258,-1.4216852662060275,-1.3566107925420017,1.739292769558034,-0.9888954294164065,0.7503973401416275,-1.2019272033729447,-1.111524678894619,-2.3134518822675636,1338.0,exact
Javonte Green,2022-23,480.0,-0.4000000059604645,3.700000047683716,3.299999952316284,-0.5359698883303768,2.8868332840927877,2.3508633957624108,2.2649898855553636,-2.449580843061253,2.710068481131459,0.2604876380702059,-0.783347125,2.754087383,1.970740258,480.0,exact
Robert Williams III,2022-23,824.0,-0.699999988079071,1.5,0.8999999761581421,0.31083621406731293,2.828252498108597,3.13908871217591,2.9832010437040544,-1.7245104644096036,3.0882364909682036,1.3637260265586,0.099953511,2.610157358,2.710110869,824.0,exact
Bojan Bogdanovic,2022-23,1893.0,2.0,-3.299999952316284,-1.2999999523162842,1.7142922443673347,-3.3522632587837937,-1.637971014416459,-1.8635692098275347,1.5425569390701872,-2.640807418204682,-1.098250479134495,2.418856757,-2.378543464,0.040313293,1893.0,fuzzy
Jevon Carter,2022-23,1810.0,-1.600000023841858,0.4000000059604645,-1.2000000476837158,-1.2007394289933964,0.5826557970426433,-0.6180836319507531,0.18615532427260387,-0.8680674310015876,0.7191350633084996,-0.14893236769308793,-1.862102329,0.793500894,-1.068601435,1810.0,exact
Brandon Clarke,2022-23,1090.0,-0.800000011920929,0.6000000238418579,-0.20000000298023224,-1.2808558369511494,1.1864521582832894,-0.09440367866785992,-0.19511975125562242,-1.072473757190615,1.8211089579075224,0.7486352007169073,1.370189448,0.72479083,2.094980278,1090.0,exact
Robert Covington,2022-23,779.0,-0.4000000059604645,1.100000023841858,0.699999988079071,-0.8723115001456702,1.6989836465338666,0.8266721463881964,0.8523068018223734,-1.0909036104252452,0.9356828627653349,-0.15522074765991034,-1.159694077,2.245212174,1.085518097,779.0,exact
Montrezl Harrell,2022-23,681.0,-1.2000000476837158,2.5999999046325684,1.399999976158142,-0.6072108593696087,0.2752828279777907,-0.33192803139181803,-0.320071489169041,-1.0465833680241323,2.229704930778855,1.1831215627547225,-0.724011425,-0.909564865,-1.6335762899999997,681.0,exact
Isaiah Stewart,2022-23,915.0,-0.800000011920929,1.0,0.20000000298023224,-1.7518398491160376,-0.27088462233811605,-2.0227244714541537,-2.8952081168470216,-0.8708932322326094,-0.0306837060756866,-0.901576938308296,-2.357932444,-0.959462011,-3.317394455,1414.0,exact
Russell Westbrook,2022-23,2126.0,0.5,-2.0,-1.5,0.6356281119252859,-1.8700032988282025,-1.2343751869029167,-1.5554722281130713,1.0593923324490184,-1.3511706636845657,-0.2917783312355473,-1.2157586553894637,0.011343921617121354,-1.2044147337723428,2126.0,exact
Malik Beasley,2022-23,2093.0,0.0,-1.600000023841858,-1.600000023841858,0.31602254458909235,-1.3437536057816966,-1.0277310611926043,-1.276696251329726,1.595687542436013,-1.5665032691503087,0.029184273285704387,-0.7756784795604396,-0.35909119574725273,-1.1347696746043956,2093.0,exact
Joe Ingles,2022-23,1044.0,0.699999988079071,-1.100000023841858,-0.4000000059604645,0.8787336206118003,-0.9602299030779026,-0.0814962824661023,0.3609662850757216,-0.37927826325085945,-0.9761579715116818,-1.3554362347625413,-0.045036908,0.609016765,0.563979856,1044.0,exact
Mike Muscala,2022-23,945.0,0.8999999761581421,-1.0,-0.10000000149011612,0.19787989623613175,0.4053670934161427,0.6032469896522744,0.17647041519898762,-0.8568296487906196,1.9554282963111318,1.0985986475205123,-1.088714992253968,0.3464730914835979,-0.7422419007703704,945.0,exact
Naz Reid,2022-23,1251.0,-1.100000023841858,0.4000000059604645,-0.699999988079071,-1.2332313751455855,-0.03762963790828634,-1.2708610130538718,-1.4650153290963963,-0.7464663742772817,1.3827640812608608,0.6362977069835791,-1.045958423,-0.245261702,-1.291220125,1251.0,exact
Collin Sexton,2022-23,1145.0,1.0,-1.600000023841858,-0.6000000238418579,1.0010525306963913,-2.0232757046273684,-1.022223173930977,-1.0592179228138374,-0.09955038277446271,-1.7379311510841493,-1.837481533858612,0.974463239,-2.249806285,-1.275343047,1145.0,exact
Keita Bates-Diop,2022-23,1452.0,-1.2999999523162842,0.10000000149011612,-1.2000000476837158,-0.5935982105288302,-0.8747045479851558,-1.468302758513986,-2.5361363695277137,-1.7826549781744219,-0.3413544206694974,-2.1240093988439193,0.39856984,-0.7602300130000001,-0.36166017300000003,1452.0,exact
Jordan McLaughlin,2022-23,678.0,0.0,0.699999988079071,0.699999988079071,-0.4623834402443118,1.2172475166558419,0.75486407641153,1.5820321495407388,-0.16903027683708538,0.9682457571995916,0.7992154803625062,-0.810684442,0.865926937,0.055242495,678.0,exact
Cameron Payne,2022-23,968.0,0.8999999761581421,-1.2999999523162842,-0.4000000059604645,0.9985568447613818,-0.836623923532987,0.16193292122839487,0.10754283025308875,0.8107433186931172,-1.0338112808560393,-0.22306796216292213,-1.059825079,-0.383996933,-1.443822012,968.0,exact
Ben Simmons,2022-23,1105.0,-1.600000023841858,0.8999999761581421,-0.699999988079071,-0.7611674804603258,1.2410242281229549,0.4798567476626291,1.4581306321962841,-1.2630639501825158,0.3388946500717242,-0.9241693001107916,-2.488165728,2.138125994,-0.350039734,1105.0,exact
Goga Bitadze,2022-23,457.0,-0.20000000298023224,2.200000047683716,2.0,-0.2602890398996289,3.6951363582015055,3.434847318301877,3.904238163449026,-0.042016190755946536,3.0685326891029714,3.026516498347025,-1.2127802678118162,1.0513014358884027,-0.16147883136542673,457.0,exact
Torrey Craig,2022-23,1948.0,-1.399999976158142,-0.10000000149011612,-1.600000023841858,-1.468703116488097,-0.05489601445622897,-1.523599130944326,-2.0071201480386476,-0.6099291416963901,-0.39089787177195945,-1.0008270134683497,-2.053314279,0.456630608,-1.596683671,1948.0,exact
Gary Harris,2022-23,1184.0,0.10000000149011612,-1.100000023841858,-1.0,0.06659121399386654,-1.2730345781906276,-1.2064433641967611,-1.2457819602978148,-1.1685882254983306,-1.7154565239180437,-2.8840447494163746,-0.423757484,0.414562162,-0.009195322,1184.0,exact
Naji Marshall,2022-23,1792.0,-0.8999999761581421,-0.6000000238418579,-1.5,-1.3014193769145679,-0.8145744209754797,-2.115993797890048,-1.7523910594722836,-0.8179467545180643,-0.5087535341178067,-1.326700288635871,-1.1825466,0.145177665,-1.037368935,1792.0,exact
Svi Mykhailiuk,2022-23,468.0,0.800000011920929,1.100000023841858,1.899999976158142,0.9285410254206611,0.034688492675650745,0.9632295180963119,1.74099649399197,1.3084168878861604,0.3932465217224251,1.7016634096085854,1.1286247652649573,-0.35807776235897437,0.7705470029059829,468.0,exact
Ricky Rubio,2022-23,566.0,-2.9000000953674316,4.0,1.100000023841858,-2.2258484822270668,2.145881334398195,-0.07996714782887171,0.9349591314786849,0.11838917866223864,2.0842698308004506,2.202659009462689,-3.101664813,1.188909888,-1.9127549250000002,566.0,exact
Moses Brown,2022-23,294.0,1.2000000476837158,2.5999999046325684,3.799999952316284,1.270024863370348,1.6736499486327787,2.9436748120031266,3.025281985952135,2.804462956443371,4.43970213962593,7.244165096069301,-0.5413910882040817,-0.056151986469387745,-0.5975430757142857,294.0,exact
Drew Eubanks,2022-23,1584.0,-1.600000023841858,0.10000000149011612,-1.600000023841858,-1.0280115290280707,-0.8186203636348859,-1.8466318926629566,-3.042501277891674,-1.5281822257042974,0.9103492229510373,-0.6178330027532601,-1.833624137,0.4298185950000001,-1.403805542,1584.0,exact
George Hill,2022-23,834.0,-1.399999976158142,0.8999999761581421,-0.4000000059604645,-1.2642567188754283,1.717673973442242,0.4534172545668136,1.0848088693969575,-1.0913231364741276,1.7134151987465238,0.6220920622723962,-1.342972115968825,0.019631529681055162,-1.3233405862877696,834.0,exact
Talen Horton-Tucker,2022-23,1313.0,-1.100000023841858,-0.10000000149011612,-1.2000000476837158,-0.6653520716960079,0.12512158540497123,-0.5402304862910366,-0.6606475149133519,0.1874506271868934,0.1977960144966897,0.38524664168358314,-0.63650829,-0.15180829,-0.7883165799999999,1313.0,exact
Cory Joseph,2022-23,1227.0,0.30000001192092896,-1.5,-1.2000000476837158,0.5565738649956948,-1.5776315441401174,-1.0210576791444226,-1.0086854850267817,0.23909401444239034,-1.2236013368344776,-0.9845073223920873,-0.539694483,-1.290045637,-1.8297401199999999,1227.0,exact
Victor Oladipo,2022-23,1106.0,-2.0,1.0,-1.0,-0.8321747253930957,0.06373150245218524,-0.7684432229409104,-1.0876831943824106,-0.1596786271193365,0.33026519356730005,0.17058656644796355,-2.212138172,1.399743908,-0.812394265,1106.0,exact
Jae Crowder,2022-23,340.0,0.6000000238418579,2.0999999046325684,2.700000047683716,1.0554738028658208,0.39661238426493345,1.4520861871307542,2.1839763185093464,-0.1704101668572359,0.8685637014629767,0.6981535346057408,0.688481631,1.005480315,1.693961946,340.0,exact
Terence Davis,2022-23,841.0,-0.6000000238418579,0.0,-0.699999988079071,-0.16782853586213312,0.4864116605282705,0.31858312466613736,0.9566467335303482,0.2980695264957087,-0.4747002762126016,-0.17663074971689285,-0.691609985,0.943144182,0.251534197,841.0,exact
Gordon Hayward,2022-23,1577.0,-1.899999976158142,0.30000001192092896,-1.600000023841858,-1.246803568232047,-0.7268694609310687,-1.9736730291631157,-1.7945001061000525,-0.5721855266127291,-0.08181546410050239,-0.6540009907132316,0.175254837,-0.434521962,-0.259267125,1577.0,exact
Trey Lyles,2022-23,1247.0,-0.30000001192092896,-1.0,-1.2999999523162842,0.6395293209138709,0.06701164230689675,0.7065409632207676,0.8849422245458097,-0.5351557654884475,0.21331358534131092,-0.3218421801471365,-0.656457214,-0.011829018,-0.668286232,1247.0,exact
Rodney McGruder,2022-23,524.0,0.8999999761581421,-0.30000001192092896,0.6000000238418579,0.1882659950789909,-1.0009492841144283,-0.8126832890354374,-0.5188604097104231,-0.10398298997454383,-1.6196614818047264,-1.7236444717792703,-0.449365805,-0.529019218,-0.9783850229999999,524.0,exact
Raul Neto,2022-23,505.0,0.20000000298023224,0.5,0.699999988079071,-0.15167898641222008,-0.33230824648859075,-0.4839872329008108,-0.2546924000433128,-0.5475579514505907,1.000019123645736,0.45246117219514537,-1.308910974,-0.336643536,-1.64555451,505.0,exact
Gabe Vincent,2022-23,1759.0,-1.600000023841858,-0.20000000298023224,-1.7999999523162842,-0.8076981138695762,-0.2896711424767951,-1.0973692563463713,-1.3612909842902121,0.19233164754510723,0.1520730626790255,0.34440471022413277,-3.124780489,-0.190382013,-3.315162502,1759.0,exact
Yuta Watanabe,2022-23,928.0,-1.100000023841858,0.30000001192092896,-0.800000011920929,-0.6252870193263964,-0.31878189320633465,-0.9440689125327311,-1.0688991549104239,-1.701270228731951,0.3600390035228466,-1.3412312252091043,-0.578172361,-0.458319726,-1.036492087,928.0,exact
Killian Hayes,2022-23,2154.0,-2.4000000953674316,0.4000000059604645,-2.0,-2.2971370982688453,-1.2131578443838118,-3.5102949426526573,-4.997220115917563,0.8207505896802338,-1.4401156402396298,-0.619365050559396,-3.079912975,-0.383575533,-3.463488508,2154.0,exact
Keldon Johnson,2022-23,2063.0,0.8999999761581421,-2.799999952316284,-2.0,0.596901451122028,-3.2819205477795084,-2.6850190966574803,-2.8376712806179234,0.3027390127666816,-2.8829103677028987,-2.5801713549362173,0.522187368,-2.213546805,-1.691359437,2063.0,exact
Josh Richardson,2022-23,1530.0,-0.800000011920929,-1.0,-1.7999999523162842,-0.13178115988983974,-0.24910992741249952,-0.3808910873023392,-0.41963553680477816,0.3118558753379196,-1.1791145907850065,-0.8672587154470869,-0.4932800084444444,0.27496003504052285,-0.2183199730555555,1530.0,exact
Dario Saric,2022-23,806.0,-0.699999988079071,0.10000000149011612,-0.699999988079071,-1.0777034533569336,-0.7115861692514241,-1.7892896226083579,-1.122821956710423,-0.4272441105941076,-0.3798208817280714,-0.807064992322179,-1.3991854011774192,-0.4097864143064516,-1.8089718148225806,806.0,fuzzy
Jae'Sean Tate,2022-23,677.0,-1.600000023841858,1.100000023841858,-0.5,-1.2711076486000603,-0.5112668667766586,-1.782374515376719,-1.811362311170167,-1.0972472957545225,0.4187159662544086,-0.6785313295001139,-0.44422403200000005,-1.294748682,-1.7389727139999998,677.0,exact
Jarred Vanderbilt,2022-23,1879.0,-1.5,-0.4000000059604645,-1.899999976158142,-0.7934469170831896,-0.6790211816244142,-1.4724680987076038,-1.4359832024652608,-1.186221845729139,-1.5993779896671372,-2.785599835396276,-0.12053405796381057,1.3458495157094197,1.2253154577456093,1879.0,exact
Dean Wade,2022-23,891.0,-2.799999952316284,1.7999999523162842,-1.0,-2.0082640468348543,2.5327848479461097,0.5245208011112554,0.7109214636433668,-1.901392651863766,2.8209842195782517,0.9195915677144857,-2.85795017,2.2803158,-0.577634371,891.0,exact
Marvin Bagley III,2022-23,990.0,-1.899999976158142,0.5,-1.399999976158142,-2.004539608238995,-0.9771055397183289,-2.981645147957324,-2.7528162342646016,-1.0896100179471833,-0.4459791252168407,-1.535589143164024,-0.858836119,-1.596063403,-2.454899521,990.0,exact
De'Andre Hunter,2022-23,2126.0,-1.5,-0.699999988079071,-2.0999999046325684,-1.2697002000935063,-0.5303213495190078,-1.800021549612514,-2.095623706155723,-0.8008105027986672,-0.9367326585641893,-1.7375431613628565,-0.469186856,-1.218520498,-1.687707354,2126.0,exact
Chimezie Metu,2022-23,689.0,-1.7999999523162842,1.2000000476837158,-0.6000000238418579,-0.8539939017526533,1.9100191651381078,1.0560252633854543,1.4481355757815961,-2.0219626163261473,2.075659635274076,0.053697018947928665,0.330143232,1.112361635,1.442504868,689.0,exact
Norman Powell,2022-23,1567.0,-0.30000001192092896,-1.600000023841858,-1.899999976158142,-0.21063087325721888,-1.6249868149330873,-1.8356176881903061,-1.3783756135950125,0.38639792757315256,-1.0980433025463086,-0.7116453749731559,1.5293351959999997,-0.998493781,0.530841415,1567.0,exact
Obi Toppin,2022-23,1050.0,-0.8999999761581421,-0.6000000238418579,-1.5,-0.5871208055758609,-0.48856096698302975,-1.0756817725588905,-0.7705884042866641,-0.4889214920647792,-0.17848255824527964,-0.6674040503100589,0.081231517,-0.509370364,-0.428138847,1050.0,exact
Justise Winslow,2022-23,776.0,-2.5999999046325684,1.5,-1.100000023841858,-2.9118419593503098,0.9028774864542618,-2.008964472896048,-3.1064869922202707,-1.2861115283705422,0.3112913288007435,-0.9748201995697987,-2.404802233,0.331375198,-2.073427035,776.0,exact
Darius Bazley,2022-23,616.0,-3.799999952316284,3.0,-0.699999988079071,-3.0101941709582025,1.7608725106514136,-1.249321660306789,-0.8832877233775345,-2.444252210332735,2.2351929720898047,-0.20905923824293016,-3.5195086694788964,0.8834683848652598,-2.6360402845146105,616.0,exact
JaMychal Green,2022-23,240.0,1.100000023841858,1.0,2.0999999046325684,-1.682974910952986,-1.8759818024578958,-3.5589567134108817,-3.90005921745072,-1.0088009239001898,-1.6566254696502312,-2.6654263935504208,-0.910206395,-0.8185586369999999,-1.728765032,797.0,exact
Kris Dunn,2022-23,568.0,2.200000047683716,-2.799999952316284,-0.6000000238418579,0.10043839839943326,-1.3345618302290603,-1.234123431829627,-1.54936068481061,-0.2618765558623466,-0.6155912746501631,-0.8774678305125097,1.734699172,-0.001100134,1.733599038,568.0,exact
Willy Hernangomez,2022-23,458.0,-1.7000000476837158,1.5,-0.20000000298023224,-1.6406401245705542,0.8149033182112732,-0.825736806359281,0.5181496305172231,0.17280952324699717,0.4485414699341636,0.6213509931811607,-0.807420536,0.660246213,-0.147174323,458.0,exact
Romeo Langford,2022-23,844.0,-2.0999999046325684,0.6000000238418579,-1.399999976158142,-2.0449641818640076,-0.45632126338894624,-2.501285445252954,-2.543295498292275,-1.7110863344559135,-1.2057329493299453,-2.916819283785859,-1.8024793219999997,-1.120139983,-2.922619305,844.0,exact
Jaylen Nowell,2022-23,1252.0,0.20000000298023224,-2.0,-1.7999999523162842,0.0876862213809871,-1.3803291947200818,-1.2926429733390947,-1.8390640217394896,0.49749959743141176,-1.2715168666475098,-0.774017269216098,-0.149605483,-0.677508784,-0.827114266,1252.0,exact
Gary Payton II,2022-23,367.0,1.2999999523162842,-0.800000011920929,0.6000000238418579,1.8196796957596195,-2.0539985369527654,-0.23431884119314583,1.3274355996153224,-1.4487062105823096,-2.5871440868215774,-4.035850297403887,0.11780265771389647,2.1384183053596733,2.2562209627683925,367.0,exact
Payton Pritchard,2022-23,643.0,-1.399999976158142,0.4000000059604645,-0.8999999761581421,-2.0659324529122336,-0.13422090074495532,-2.200153353657189,-4.434334694971178,-0.2591813056591849,1.7035342388210482,1.4443529331618632,-2.932918048,-1.532249108,-4.465167156,643.0,exact
Patrick Williams,2022-23,828.0,-2.4000000953674316,1.2000000476837158,-1.2000000476837158,-2.6698901418889136,0.42368650932063345,-2.24620363256828,-2.4677659073106155,-1.8462851470015882,-0.11078019041286705,-1.9570653374144553,-2.306157866,0.58448543,-1.721672436,2323.0,exact
Mo Bamba,2022-23,769.0,-0.800000011920929,-0.699999988079071,-1.5,-0.5629692938347161,-0.33780549528924647,-0.9007747891239626,-0.7433502028472385,-0.7160357146526461,0.912905076357625,0.19686936170497882,-1.8430150650975294,0.9574658569232769,-0.885549208059818,769.0,exact
Bruno Fernando,2022-23,405.0,-2.299999952316284,1.7000000476837158,-0.5,-2.605643533036472,0.38254627711886363,-2.2230972559176085,-3.2377652241012203,-0.3403209781493823,1.5761513103448304,1.235830332195448,-3.072472564676543,-0.32071275155061724,-3.393185316227161,405.0,exact
Rui Hachimura,2022-23,1466.0,-2.200000047683716,0.10000000149011612,-2.0,-1.4063073705236524,0.42270172842521236,-0.98360564209844,-1.8762325456716828,-1.4979263441454873,1.167701398990498,-0.33022494515498924,-0.9891799759877218,-0.7150366800518417,-1.7042166560395635,1466.0,exact
Boban Marjanovic,2022-23,171.0,0.8999999761581421,1.7000000476837158,2.5,3.3386027338275484,1.375331507672308,4.713934241499857,5.910840790504495,1.3957335243858835,3.581750764861355,4.977484289247238,2.962103659,0.495097656,3.457201315,171.0,fuzzy
Shake Milton,2022-23,1567.0,-0.20000000298023224,-1.899999976158142,-2.0999999046325684,-0.6062639720049339,-1.8165671498911546,-2.4228311218960883,-2.296358265537011,-0.545938456709964,-0.6662498115759539,-1.2121882682859177,-0.081836342,-1.064190253,-1.146026595,1567.0,exact
KZ Okpala,2022-23,248.0,-3.9000000953674316,4.800000190734863,0.8999999761581421,-4.025163282192576,1.8322463218052454,-2.192916960387331,-1.6560440210440268,-2.414213163829997,2.5787535294399557,0.16454036560995888,-3.706656435,0.437019476,-3.269636959,248.0,exact
Jonas Valanciunas,2022-23,1968.0,-0.699999988079071,-1.5,-2.200000047683716,-0.1450553578466565,-0.5755926842016348,-0.7206480420482912,-0.20084187669414263,0.25263415498643516,0.34522380932350377,0.5978579643099389,-1.329954482,-0.483931457,-1.813885938,1968.0,fuzzy
Precious Achiuwa,2022-23,1140.0,-1.7999999523162842,-0.20000000298023224,-2.0,-0.8688915465380925,-0.8616143270845328,-1.7305058736226253,-1.60084188806096,-1.108655327203001,0.00331719831070873,-1.1053381288922923,-2.468429437,-0.679801862,-3.148231298,1140.0,exact
Deandre Ayton,2022-23,2035.0,-2.299999952316284,-0.10000000149011612,-2.4000000953674316,-1.2800908219308769,0.109888787569975,-1.1702020343609019,-0.9236999019829394,-0.468458075641641,1.2106143525128792,0.7421562768712382,0.081864803,-0.282276676,-0.200411873,2035.0,exact
Davis Bertans,2022-23,492.0,-0.30000001192092896,-0.8999999761581421,-1.2000000476837158,0.10166561179742946,-1.560628705856695,-1.4589630940592655,-2.0249523403522165,0.9516852663389443,-0.36595207256954454,0.5857331937693998,-0.267923337,-1.541070612,-1.808993949,492.0,fuzzy
Shaquille Harrison,2022-23,120.0,2.5999999046325684,1.2000000476837158,3.799999952316284,1.1562004488568516,1.4890716326705984,2.64527208152745,5.226545576564674,0.38865888752402267,0.07010127950194324,0.4587601670259659,2.300827907,4.487690465,6.788518372,120.0,exact
Stanley Johnson,2022-23,469.0,1.100000023841858,-2.0999999046325684,-0.8999999761581421,0.43941940596487195,-2.0361384846289243,-1.5967190786640524,-2.5890408282707367,0.07779149597351764,-1.2688806688832057,-1.1910891729096882,-0.44457392,-0.519137162,-0.963711082,469.0,exact
Damian Jones,2022-23,477.0,-3.200000047683716,2.0,-1.2000000476837158,-2.6862061083749342,0.679368408499358,-2.006837699875576,-2.567066096532932,-2.575941680733206,1.971589453182106,-0.6043522275511,-3.016200142995807,-1.22936386581761,-4.2455640088134174,477.0,exact
Aaron Nesmith,2022-23,1816.0,-0.8999999761581421,-1.399999976158142,-2.299999952316284,-1.137441706481933,-1.485778516067284,-2.623220222549217,-2.74251344991834,-1.0516292373484792,-1.7628840510847443,-2.814513288433224,-1.392375793,-0.784308636,-2.176684429,1816.0,exact
Nick Richards,2022-23,1217.0,-0.800000011920929,-1.399999976158142,-2.0999999046325684,-0.8721985000601266,-0.0423171776050364,-0.914515677665163,-0.908127344373049,-0.9743281798713953,1.2413820493275745,0.26705386945617915,-1.602969323,-0.20348053,-1.8064498529999997,1217.0,exact
Patrick Beverley,2022-23,1816.0,-2.700000047683716,0.20000000298023224,-2.4000000953674316,-1.9019247490458184,-0.10085791440075124,-2.0027826634465695,-1.7563721317898107,-1.087965846263579,-0.7461327765953443,-1.8340986228589233,-2.563411662466409,1.2565981496613439,-1.306813512805066,1816.0,exact
Jarrell Brantley,2022-23,39.0,4.699999809265137,5.300000190734863,10.0,0.6085736269063456,2.799616821580006,3.408190448486352,-1.8410608928814838,2.8141079522307404,6.6450856524385244,9.459193604669265,3.221613759,0.40003291,3.6216466689999995,39.0,exact
Luka Samanic,2022-23,970.0,-2.5999999046325684,0.5,-2.0999999046325684,-1.2960943676589602,0.1881855598399734,-1.107908807818987,0.48800857890680777,0.01666301841100537,0.3226314482669118,0.3392944666779172,-1.575238547,0.847528336,-0.727710211,161.0,fuzzy
Seth Curry,2022-23,2093.0,-0.4000000059604645,-2.0999999046325684,-2.5,-0.486194643466783,-1.859714382127903,-2.345909025594686,-1.9227544250492417,0.07947751640755066,-1.2524600251173104,-1.1729825087097596,-0.172185443,-1.370574253,-1.542759696,1211.0,exact
Kira Lewis Jr.,2022-23,235.0,0.699999988079071,-0.699999988079071,0.10000000149011612,0.9442555694662467,0.49999393143784426,1.444249500904091,1.685666664773702,-0.2269786029613157,0.4620392774824845,0.23506067452116883,-0.475215063,1.014146322,0.538931259,235.0,exact
Isaiah Roby,2022-23,84.0,-0.5,5.300000190734863,4.800000190734863,-3.614352876061177,0.15563690732912008,-3.458715968732057,-3.299592543882076,-2.1786773929126233,-0.5461259789067994,-2.724803371819423,-4.090159688,-0.406783924,-4.496943612,474.0,exact
Terrence Ross,2022-23,1330.0,-0.5,-1.899999976158142,-2.299999952316284,-0.2920062354039273,-2.1964921155197636,-2.488498350923691,-2.6671643158685114,0.36942643004522013,-1.39808806257247,-1.02866163252725,-1.2180142188736842,-0.3058424127383459,-1.52385663161203,1330.0,exact
Thaddeus Young,2022-23,795.0,-2.0,0.10000000149011612,-1.899999976158142,-0.6864867872180679,-0.27318426693876624,-0.9596710541568341,-2.1724471791711712,-0.6224108340248402,-1.1784322750975473,-1.8008431091223875,-0.872455482,0.450748976,-0.421706506,795.0,exact
Bismack Biyombo,2022-23,874.0,-3.799999952316284,1.5,-2.299999952316284,-2.8073901932333136,2.368840252100188,-0.43854994113312573,-0.16808487845370026,-1.5670420645605616,3.372758084554921,1.8057160199943594,-4.436203322,2.606162972,-1.830040349,874.0,exact
Thomas Bryant,2022-23,1081.0,-0.699999988079071,-1.7000000476837158,-2.4000000953674316,-0.49184242320064914,-1.3521922395371,-1.844034662737749,-1.833809309732878,-1.7460835062826172,-0.8031151412343497,-2.549198647516967,0.3240923949250692,-0.9517636948473635,-0.6276713001119333,1081.0,exact
Facundo Campazzo,2022-23,52.0,-7.699999809265137,11.800000190734863,4.099999904632568,-4.303966734379622,4.8519449613338965,0.5479782269542746,4.9940459653970874,-1.4287352210938942,10.763485837922488,9.334750616828593,-3.206351366,4.660799113,1.454447747,52.0,exact
Vlatko Cancar,2022-23,889.0,-1.5,-0.800000011920929,-2.299999952316284,-2.1354515236580185,-1.4878010240275117,-3.62325254768553,-2.6488934601949103,-1.326472006198098,-1.3530666164120195,-2.679538622610117,-1.7463762150000002,-1.098542166,-2.8449183809999994,889.0,fuzzy
Matthew Dellavedova,2022-23,213.0,-4.099999904632568,3.5999999046325684,-0.5,-4.811464710053216,0.9166779584449215,-3.8947867516082946,-5.991137469766734,-0.3710850309291983,2.2668322100551808,1.8957471791259826,-3.912733841,-2.368573015,-6.281306856,213.0,exact
Mamadi Diakite,2022-23,195.0,-1.600000023841858,0.4000000059604645,-1.2000000476837158,-4.100443643107032,-0.5015114913802639,-4.601955134487296,-3.254262012389922,-2.326310721171896,1.8819507551978418,-0.444359965974054,-5.714271623,0.281507946,-5.432763677,176.0,exact
Ish Smith,2022-23,969.0,-4.300000190734863,2.0,-2.299999952316284,-5.097603623975412,-1.6177226846843926,-6.7153263086598045,-6.792351417604228,0.17269702385048108,0.04686238782883151,0.2195594116793126,-6.630045684,-1.657093607,-8.287139291,398.0,exact
Andre Iguodala,2022-23,113.0,-1.7999999523162842,1.7999999523162842,-0.10000000149011612,-2.693805985291936,1.8967623996642555,-0.7970435856276803,0.34079287798195934,-1.37121571393831,2.045528635151052,0.6743129212127421,-3.1550901699999994,2.671117617,-0.483972553,113.0,exact
Alex Len,2022-23,161.0,-5.199999809265137,4.800000190734863,-0.5,-5.556447632536684,3.4277372063068725,-2.1287104262298113,-2.139106319201439,-0.9370491214775722,5.018145115188761,4.081095993711189,-5.261178691,1.184272904,-4.076905786,161.0,exact
Duncan Robinson,2022-23,425.0,-1.2000000476837158,-0.4000000059604645,-1.7000000476837158,-1.2299614588518157,-2.1767392973820825,-3.4067007562338985,-3.7935557791799,0.7538556863756811,-1.2554449983159413,-0.5015893119402601,-2.507078466,-1.533873102,-4.040951568,691.0,exact
Lamar Stevens,2022-23,1120.0,-3.200000047683716,0.699999988079071,-2.5,-2.7517103526859983,0.3644634017063273,-2.387246950979671,-2.8166347270756305,-2.44634010846268,1.5985127137292707,-0.8478273947334092,-2.895252993,0.603289162,-2.29196383,1120.0,exact
Max Strus,2022-23,2272.0,-0.6000000238418579,-2.0999999046325684,-2.5999999046325684,-0.6970300748705786,-1.3042623225863086,-2.0012923974568873,-2.3767125150698543,1.4297397525312558,-0.5907826771030225,0.8389570754282334,-0.881496853,-1.21264054,-2.094137393,2272.0,exact
Edmond Sumner,2022-23,736.0,-1.2999999523162842,-1.0,-2.299999952316284,-1.36134266588191,0.1758455615117498,-1.1854971043701603,0.16263610428828668,-2.111238738771654,-0.6751400446484115,-2.7863787834200653,-0.150461511,0.085901637,-0.064559875,736.0,exact
Oshae Brissett,2022-23,1083.0,-1.600000023841858,-1.0,-2.5999999046325684,-1.344906554733776,-0.29631254158870546,-1.6412190963224815,-1.2853558471097584,-1.5901988917447385,-0.18657323058879194,-1.7767721223335304,-1.748359819,-0.258279478,-2.006639298,1083.0,exact
Jarrett Culver,2022-23,137.0,-2.9000000953674316,1.600000023841858,-1.2999999523162842,-2.793175574695202,-0.20691741593768065,-3.0000929906328824,-0.6936505339860238,-1.6019061237264314,-0.23763297340274736,-1.8395390971291787,-4.305610784,0.317872101,-3.987738683,137.0,exact
Dewayne Dedmon,2022-23,426.0,-3.0999999046325684,0.6000000238418579,-2.4000000953674316,-3.7934793918612506,0.638185236411385,-3.1552941554498655,-2.9093197798927997,-1.0569883646659983,1.9873772441833126,0.9303888795173143,-3.6952382379389674,-0.729822417910798,-4.425060655849765,426.0,exact
Devon Dotson,2022-23,53.0,-4.800000190734863,5.400000095367432,0.6000000238418579,-5.085285681244476,2.347077826177229,-2.738207855067247,1.0344704495600032,-1.9343954906721397,4.65972374373381,2.7253282530616705,-6.114758948,2.522762946,-3.5919960030000007,53.0,exact
PJ Dozier,2022-23,79.0,-8.300000190734863,7.800000190734863,-0.5,-6.138748922182767,3.127346810570939,-3.011402111611828,-2.4884397986066653,-0.9284094633061802,4.442682806204259,3.514273342898079,-6.670006168,0.8394449070000001,-5.830561261,79.0,exact
Danuel House Jr.,2022-23,228.0,-2.799999952316284,1.2000000476837158,-1.600000023841858,-2.263618498757543,-1.4831855201330164,-3.7468040188905594,-3.81403707786389,-2.1513003331917857,-1.1801727515396974,-3.331473084731483,-1.840916105,-1.191882189,-3.032798294,807.0,exact
Danny Green,2022-23,345.0,0.800000011920929,-2.799999952316284,-2.0,-0.317562157542553,-1.297830638484754,-1.6153927960273071,2.1332982702857595,-0.161432693276499,-0.8359057043451843,-0.9973383976216833,-2.393268030275362,-0.1177819917028985,-2.511050021978261,138.0,exact
Justin Jackson,2022-23,135.0,-2.5,1.2999999523162842,-1.2000000476837158,-8.541467098970571,0.11361163437494604,-8.427855464595625,-11.530900340304237,-0.9874696317064613,1.2986925434242491,0.3112229117177878,-6.405671015,-1.660803095,-8.066474111,107.0,exact
Wesley Matthews,2022-23,820.0,-2.5,-0.10000000149011612,-2.5999999046325684,-1.8816195687221036,0.24772876158348742,-1.6338908071386162,-1.2630238868976662,-1.8415468705394076,0.6547484718602686,-1.186798398679139,-2.563567449,0.7461418739999999,-1.817425575,820.0,exact
Marcus Morris Sr.,2022-23,1825.0,-1.5,-1.2000000476837158,-2.5999999046325684,-0.5128844427843634,-1.4332275022658127,-1.946111945050176,-1.9269729295657523,0.21397842219303054,-0.9053993858066158,-0.6914209636135853,-1.313150822,-0.176836363,-1.489987185,1825.0,exact
Georges Niang,2022-23,1512.0,-0.6000000238418579,-2.0999999046325684,-2.5999999046325684,-0.16834092405064996,-1.8919716601709862,-2.060312584221636,-1.2026075963634983,-0.31846256079320795,-0.5364290911333094,-0.8548916519265173,-0.9028771329999999,-1.076911555,-1.9797886879999997,1512.0,exact
Aleksej Pokusevski,2022-23,701.0,-2.5,0.0,-2.5,-2.9750620318287084,-1.1456098225619085,-4.120671854390617,-4.115941784589894,-0.8903910240392052,0.044189191869184796,-0.8462018321700204,-3.226819606,-0.130128923,-3.356948529,701.0,exact
Garrett Temple,2022-23,162.0,-2.299999952316284,0.6000000238418579,-1.7000000476837158,-1.8431613433059948,2.236252672469039,0.39309132916304423,0.2567775844215996,-0.9408677055337157,2.7454990131897015,1.8046313076559857,-1.465582804,0.772036875,-0.693545929,162.0,exact
P.J. Washington,2022-23,394.0,-0.5,-1.7000000476837158,-2.200000047683716,-1.0356502699628989,-0.4634871671428922,-1.499137437105791,-2.3749617115560966,-0.3188361434063011,-0.6816479708818867,-1.0004841142881877,-1.348382154,-0.00992596,-1.358308114,2380.0,exact
Dylan Windler,2022-23,10.0,2.200000047683716,5.800000190734863,8.0,-5.032490698198409,2.8662939505325675,-2.166196747665842,0.3964988949551335,-6.448061268443594,17.229647045740588,10.781585777296995,2.706778186,0.22259128499999997,2.929369471,10.0,exact
Sterling Brown,2022-23,24.0,-5.300000190734863,5.300000190734863,0.0,-5.249068747816972,2.5627578271405924,-2.6863109206763798,-0.47454240129472347,-1.8438695948372874,3.4904915708643824,1.646621976027095,-4.722221731,5.912864838,1.190643107,24.0,exact
Vernon Carey Jr.,2022-23,28.0,-11.399999618530273,5.5,-6.0,-8.281975178605967,3.4323207852346314,-4.849654393371335,-6.292647694308163,0.6638729602767,6.313202744575435,6.977075704852135,-8.556884756,2.525181598,-6.031703158,28.0,exact
Joe Harris,2022-23,1527.0,-0.6000000238418579,-2.200000047683716,-2.799999952316284,-0.35834515924538146,-1.3837482505451957,-1.7420934097905771,-1.9637159942780338,-0.08561356337054371,-0.3549992353199053,-0.440612798690449,-0.441990736,-1.210331428,-1.652322163,1527.0,exact
Frank Jackson,2022-23,5.0,-22.399999618530273,0.8999999761581421,-21.399999618530273,-8.001414193946212,-5.157149999838254,-13.158564193784468,-10.5027244236451,-18.05568143392926,-15.42056232815179,-33.47624376208105,-16.38979168,-5.38993687,-21.77972855,5.0,exact
Louis King,2022-23,29.0,5.300000190734863,-8.399999618530273,-3.0999999046325684,6.645444013442884,-3.3239698172851058,3.321474196157778,-2.078819245634259,2.499772110222708,0.4014458534576246,2.901217963680333,5.500724645,-1.434216462,4.066508183,29.0,exact
Furkan Korkmaz,2022-23,353.0,-3.0,0.30000001192092896,-2.700000047683716,-2.8183767465739797,-0.37759335212170625,-3.195970098695686,-2.922347166387025,-1.5201587051011147,0.8869787780990177,-0.633179927002097,-3.034404239,-0.8710252970000001,-3.9054295349999997,353.0,exact
Theo Maledon,2022-23,854.0,-1.2000000476837158,-1.5,-2.5999999046325684,-1.364369408450299,-1.4904073233808879,-2.854776731831187,-2.144088081228511,-0.7309278139384081,-1.3083232105592826,-2.0392510244976907,-3.158810637,-0.08904069799999999,-3.247851335,854.0,exact
Cody Martin,2022-23,134.0,-0.4000000059604645,-2.299999952316284,-2.700000047683716,-2.7831424698736114,-4.059679038369061,-6.842821508242672,-5.558427373595304,-0.3505605972316872,-3.120522934464841,-3.471083531696528,-2.500436796,-0.501773856,-3.002210652,134.0,exact
Skylar Mays,2022-23,189.0,2.0,-4.699999809265137,-2.700000047683716,-1.1440174468388353,-4.083342099556561,-5.227359546395396,-4.546308899678638,1.7247613087615083,-3.9681071503109617,-2.2433458415494534,2.788498557,-3.0649711029999995,-0.276472547,189.0,exact
Otto Porter Jr.,2022-23,146.0,-2.0,-0.6000000238418579,-2.5999999046325684,-1.066763999959677,-2.668431460755283,-3.7351954607149596,-3.283713009210332,-0.9141241475770471,-0.9373458837248503,-1.8514700313018975,0.307623942,0.300407325,0.608031268,146.0,exact
Taurean Prince,2022-23,1192.0,-2.0,-0.699999988079071,-2.700000047683716,-1.1478545604820547,-0.6182295541090509,-1.7660841145911057,-1.6409366243254204,-1.2471017998435583,0.12653474446813406,-1.1205670553754241,-1.543748311,-0.482799633,-2.026547943,1192.0,exact
Jay Scrubb,2022-23,30.0,1.399999976158142,-5.5,-4.099999904632568,-3.6006971086670467,-2.657656509415806,-6.258353618082852,-4.428215496815739,-2.3355432842520556,-2.5486794965385298,-4.884222780790585,-2.359467611,-0.766266182,-3.125733793,30.0,exact
Chris Silva,2022-23,3.0,-13.800000190734863,10.699999809265137,-3.0999999046325684,-8.250186808595664,0.3588720751934633,-7.891314733402201,-10.390010827212224,-8.951834150755579,-29.945589146765098,-38.897423297520675,-9.387021603,-4.062907695,-13.4499293,3.0,exact
T.J. Warren,2022-23,687.0,-1.600000023841858,-1.0,-2.5999999046325684,-1.3617321656274666,-0.6491931935017544,-2.010925359129221,-1.6695966961852478,-0.9775342639627389,-0.1498642941526427,-1.1273985581153816,-0.43700508959388645,0.40688047316593884,-0.030124616427947584,687.0,exact
James Wiseman,2022-23,50.0,-7.300000190734863,4.699999809265137,-2.5999999046325684,-5.132565541253634,-2.7266944108093427,-7.859259952062978,-5.928559974900669,-2.9167170276558547,-2.795429467526912,-5.7121464951827665,-2.74487158728143,-2.632508176088812,-5.377379763370242,867.0,exact
Tony Bradley,2022-23,33.0,-1.0,-5.0,-6.0,2.757701235916502,-0.4017324998840626,2.3559687360324393,2.1663586541772735,6.276484003884134,2.5511453494388587,8.827629353322992,0.956743134,2.154693056,3.11143619,33.0,exact
Rudy Gay,2022-23,816.0,-3.0,-0.10000000149011612,-3.0999999046325684,-1.9114249469136464,0.8750654858322618,-1.0363594610813847,-0.1777388995517343,-0.7085341432436474,0.9518394362142739,0.24330529297062653,-2.823217197,0.41084816899999993,-2.412369028,816.0,exact
Taj Gibson,2022-23,480.0,-2.799999952316284,-0.5,-3.299999952316284,-2.560849445989881,-0.24549503718209553,-2.806344483171977,-2.2849896775825704,-1.3525995901647185,-0.35149144655574016,-1.7040910367204587,-2.874284183,-0.68760795,-3.561892133,480.0,exact
Jacob Gilyard,2022-23,41.0,-3.4000000953674316,-3.0999999046325684,-6.5,-4.859392977386463,-2.06450300829149,-6.923895985677953,-4.540243060158284,-3.153858701917382,-0.4130823454442303,-3.5669410473616123,-3.5770236740000003,1.7776054739999998,-1.7994182,41.0,exact
Reggie Jackson,2022-23,1657.0,-2.5,-0.4000000059604645,-2.9000000953674316,-1.2375461788750584,-0.4226828082406626,-1.660228987115721,-2.1518243298302298,0.22064532013413746,0.4940252251755436,0.7146705453096811,-2.773880949045866,-1.466617955476765,-4.240498904522632,1657.0,exact
Chuma Okeke,2022-23,8.0,-17.399999618530273,-11.199999809265137,-28.5,-5.593301507590797,-2.3122137995942027,-7.905515307185,-5.752175441014259,-6.469395411928208,-4.367275598811265,-10.836671010739472,-3.014747197,0.212208295,-2.802538902,518.0,exact
Ryan Arcidiacono,2022-23,172.0,-8.399999618530273,3.700000047683716,-4.699999809265137,-7.361486441355178,1.087322936738663,-6.274163504616515,-6.4101825295471855,-1.7151695661642536,2.4669838357940135,0.7518142696297598,-6.323887325872093,-1.9022490236627905,-8.226136349534885,172.0,exact
Goran Dragic,2022-23,870.0,-1.100000023841858,-2.200000047683716,-3.299999952316284,-0.52215157598677,-1.8735085321340623,-2.395660108120832,-3.2312929197049507,0.04227999001278304,-0.45425431373021563,-0.4119743237174326,-2.8977958652,-2.0017777136781607,-4.899573577973563,870.0,fuzzy
R.J. Hampton,2022-23,750.0,-1.399999976158142,-1.7000000476837158,-3.0999999046325684,-1.9558336570185222,-2.439956867869468,-4.39579052488799,-4.379144747706562,-1.6177929445732828,-2.013569977516139,-3.631362922089422,-1.748758982356,-0.6539144520506667,-2.4026734344066667,750.0,exact
Jaxson Hayes,2022-23,610.0,-3.9000000953674316,0.699999988079071,-3.200000047683716,-2.4400953183434146,0.13332279946701878,-2.3067725188763957,-2.1459232359397844,-1.6791431336438845,0.19610890072437798,-1.4830342329195065,-2.734931906,-0.419181235,-3.154113141,610.0,exact
Juancho Hernangomez,2022-23,614.0,-2.4000000953674316,-1.0,-3.4000000953674316,-1.1729950385660957,-1.062884251774688,-2.2358792903407836,-1.993438680715838,-1.9781542526946898,-0.9107494828659681,-2.8889037355606577,-3.632405711,-0.126052823,-3.7584585339999994,614.0,exact
Serge Ibaka,2022-23,185.0,-5.0,0.4000000059604645,-4.599999904632568,-3.1450033078230955,-0.48581771109152516,-3.6308210189146206,-3.499472334730752,-0.6812975029575359,2.145378725342563,1.464081222385027,-5.168145487,-1.654962351,-6.823107838,185.0,exact
Ty Jerome,2022-23,816.0,0.0,-3.200000047683716,-3.200000047683716,-0.6165543856167314,-3.18326462762631,-3.799819013243041,-3.369014124227588,-1.1210041445098005,-1.6364923161341387,-2.757496460643939,0.46756822,-1.169921228,-0.702353009,816.0,exact
Mfiondu Kabengele,2022-23,36.0,-4.0,-7.099999904632568,-11.100000381469727,-5.7720929685250715,-2.001241103229526,-7.773334071754597,-6.738902593135804,2.759572577525388,0.552863646361496,3.312436223886884,-4.787010616,0.041853596,-4.74515702,36.0,exact
Maxi Kleber,2022-23,930.0,-3.0,-0.10000000149011612,-3.0999999046325684,-3.3061228384449457,-0.6718612956161915,-3.977984134061137,-3.4267057882312852,-2.3683683588992674,0.6057394055925633,-1.762628953306704,-2.636994732,-0.361751746,-2.9987464779999997,930.0,exact
Nathan Knight,2022-23,291.0,-2.0,-2.0,-4.0,-0.9145808641760342,-0.4307015816218498,-1.345282445797884,-1.3168544789915742,-1.0300613365712503,1.0963236273933035,0.06626229082205315,-1.737031429,-1.440191648,-3.177223077,291.0,exact
Theo Pinson,2022-23,323.0,-0.800000011920929,-3.200000047683716,-4.0,-1.6614700495456969,-2.659855085252135,-4.321325134797831,-4.6308562826567075,-0.018371607220093122,-1.9431913887621213,-1.9615629959822143,-1.9592948880000003,-1.273340125,-3.2326350129999994,323.0,exact
Khem Birch,2022-23,162.0,-6.0,-0.30000001192092896,-6.300000190734863,-3.014384446936161,-0.010863558922684655,-3.025248005858846,-1.4226895066305236,-2.285549321356335,2.0742031627340243,-0.21134615862231065,-3.899762844,-0.35492448,-4.254687324,162.0,exact
Michael Carter-Williams,2022-23,44.0,-2.200000047683716,-11.899999618530273,-14.100000381469727,-3.0442528718364272,-5.0409843414374205,-8.085237213273848,-6.3634220847261505,3.4266195912485657,-9.199817772918644,-5.773198181670079,-6.091825634,-4.209782694,-10.30160833,44.0,exact
Frank Kaminsky,2022-23,235.0,-1.5,-3.9000000953674316,-5.300000190734863,-1.3787140351742178,-1.5837920641033658,-2.962506099277584,-1.9016181429520511,-0.21326372962092807,-0.012075180616161564,-0.22533891023708963,-0.28817828691914893,-1.0535319052765957,-1.3417101929446806,235.0,exact
Meyers Leonard,2022-23,114.0,-0.8999999761581421,-7.800000190734863,-8.699999809265137,-0.793765735028305,-2.8828541003055386,-3.6766198353338435,-2.7034377144191866,-0.1779451864688443,-1.3240158175115488,-1.5019610039803932,-3.062546466,-2.433530749,-5.496077215,114.0,exact
Kenyon Martin Jr.,2022-23,176.0,-0.20000000298023224,-6.0,-6.199999809265137,-1.4185294298822546,-2.148669600060489,-3.5671990299427434,-3.78984180493663,-2.2381683877851195,-2.5022813050116692,-4.740449692796789,1.236719732,-1.655330145,-0.418610414,2292.0,exact
Zeke Nnaji,2022-23,728.0,-3.5999999046325684,0.0,-3.5999999046325684,-4.889471842828256,0.44465226272371955,-4.444819580104537,-4.139069290159001,-0.7114364137316983,1.6387938800959345,0.9273574663642362,-2.041067723,-1.449806783,-3.4908745070000005,728.0,exact
Derrick Rose,2022-23,338.0,-3.799999952316284,-0.4000000059604645,-4.300000190734863,-3.2416800367179106,-0.5565062308012544,-3.798186267519165,-5.408971389861598,0.7452418834568626,1.5650702562469359,2.3103121397037985,-3.7022059150000004,-1.9687672299999999,-5.670973145,338.0,exact
Daniel Theis,2022-23,109.0,-2.700000047683716,-5.400000095367432,-8.100000381469727,-2.1968655279388254,-2.1839870027732995,-4.380852530712125,-2.273776784536233,-0.6642643131548811,-1.7490849512776243,-2.4133492644325054,-2.415805853,-1.557241697,-3.97304755,109.0,exact
Udoka Azubuike,2022-23,359.0,-5.5,0.699999988079071,-4.800000190734863,-4.146998891965244,0.7750920086330861,-3.3719068833321577,-4.271014853424056,-2.731809896156794,1.8422040154745367,-0.8896058806822571,-2.191603595,-1.18418887,-3.3757924649999995,359.0,exact
Trent Forrest,2022-23,277.0,-3.700000047683716,-1.899999976158142,-5.599999904632568,-4.750349015437388,-1.5712376969279511,-6.321586712365339,-6.829030330106946,-2.2383749277954745,0.30777137873143073,-1.9306035490640439,-4.332167432,-1.292565565,-5.624732997,277.0,exact
Anthony Gill,2022-23,624.0,-1.2000000476837158,-2.799999952316284,-3.9000000953674316,-1.7967287552104692,-0.8834470151169195,-2.6801757703273887,-3.1615674654073445,-1.263763859233157,0.2790341406790331,-0.984729718554124,-1.203404439,-1.317159503,-2.520563942,624.0,exact
Jordan Poole,2022-23,2458.0,-1.2999999523162842,-1.7999999523162842,-3.0999999046325684,-0.32322935965005367,-1.1064194724719483,-1.429648832122002,-0.9099836127254429,1.4099273588288728,-0.7481207663608395,0.6618065924680333,-0.694501853,-1.8493021299999999,-2.543803984,2458.0,exact
Amir Coffey,2022-23,451.0,-1.899999976158142,-2.5,-4.400000095367432,-3.4053155698022124,-1.4340320682571663,-4.839347638059379,-5.98718618041073,-1.946517272859408,-0.2970023193899126,-2.2435195922493207,-2.968179484,-2.757203814,-5.725383297,625.0,exact
P.J. Tucker,2022-23,1920.0,-2.9000000953674316,-0.30000001192092896,-3.200000047683716,-2.6079778156820104,-0.46048394668582393,-3.0684617623678343,-3.1797990803735225,-1.9496958889824487,-0.45306673289613625,-2.402762621878585,-3.39741992,0.107730812,-3.289689108,1920.0,exact
Noah Vonleh,2022-23,171.0,-4.900000095367432,-2.4000000953674316,-7.199999809265137,-2.8322001751391723,-1.0946955842535324,-3.9268957593927047,-2.866627300856546,-1.5164862877832308,0.585576466411249,-0.9309098213719817,-7.453211881,-0.22634553999999998,-7.679557421,171.0,exact
Evan Fournier,2022-23,459.0,-2.9000000953674316,-2.0,-4.900000095367432,-2.3738256606374737,-1.4668537665609882,-3.840679427198462,-4.183440141214813,0.8885024900753702,-1.4338184439003556,-0.5453159538249854,-3.256466315,-0.542551726,-3.799018041,459.0,exact
James Johnson,2022-23,162.0,-7.0,-2.299999952316284,-9.300000190734863,-3.619867371865745,-0.3797489581090503,-3.9996163299747955,-2.747864588355375,-1.3551110490650742,0.2171387393158586,-1.1379723097492156,-3.83797616,1.273484463,-2.564491697,162.0,exact
Patty Mills,2022-23,567.0,-0.8999999761581421,-3.5,-4.400000095367432,-0.7151078389499741,-3.467327855369424,-4.182435694319398,-3.7635338806119076,0.4388450004192161,-2.8167402964758868,-2.377895296056671,-2.713449457,-2.59781898,-5.311268437,567.0,exact
Nerlens Noel,2022-23,195.0,-7.900000095367432,0.6000000238418579,-7.300000190734863,-5.766067226001975,0.40480959893729124,-5.361257627064684,-6.750607377019196,-3.4673921569679047,1.033114898487075,-2.4342772584808294,-7.215829137107692,2.803835551661539,-4.411993585446154,195.0,exact
Frank Ntilikina,2022-23,607.0,-4.0,-0.30000001192092896,-4.300000190734863,-3.196169158547401,0.22717952472967762,-2.9689896338177233,-2.2975104847429417,-2.130768148107745,0.7715740376271961,-1.3591941104805487,-3.81672573,0.506359681,-3.310366049,607.0,exact
Kendrick Nunn,2022-23,964.0,-1.399999976158142,-2.299999952316284,-3.700000047683716,-1.031597361408044,-1.6151836512263025,-2.6467810126343467,-2.8058605490815602,-0.182024318296981,-0.8012155538268378,-0.9832398721238189,-1.6109560876763487,-1.0474652199294605,-2.6584213081535273,964.0,exact
Cody Zeller,2022-23,217.0,-1.399999976158142,-5.800000190734863,-7.199999809265137,-0.7975249375549476,-3.953978198667747,-4.751503136222695,-3.5144738602640184,0.15752406440964611,-3.714429049581339,-3.556904985171693,-2.149073274,-2.622065109,-4.771138383,217.0,exact
Malachi Flynn,2022-23,691.0,-1.7000000476837158,-2.9000000953674316,-4.599999904632568,-1.2239033304732272,-1.9373660005608044,-3.1612693310340316,-3.6712565947043116,0.32030883586889813,-1.2162432765638156,-0.8959344406949175,-3.7691842980000003,-1.68340765,-5.452591948,691.0,exact
Robin Lopez,2022-23,299.0,-3.799999952316284,-2.5,-6.400000095367432,-4.708233606134458,-1.38347372948724,-6.091707335621698,-6.695716964653943,-2.327428234103832,2.768846894600137,0.44141866049630485,-3.9737082129999997,-3.258256823,-7.231965036,299.0,exact
JaVale McGee,2022-23,355.0,-5.099999904632568,-0.699999988079071,-5.900000095367432,-3.4449394026061726,-0.7495198354905356,-4.194459238096708,-5.429890128429477,-1.7833863065670759,0.14036380963023182,-1.643022496936844,-4.070732486,-1.078147182,-5.148879668,355.0,exact
Markieff Morris,2022-23,355.0,-4.199999809265137,-1.7000000476837158,-5.900000095367432,-1.8119645931133224,0.47160297434860926,-1.3403616187647132,-0.6653635099087197,-0.21208810256576063,0.9920419674086327,0.7799538648428721,-2.227197997450704,-0.12189237811267609,-2.349090376366197,355.0,exact
John Wall,2022-23,755.0,-3.0999999046325684,-1.2999999523162842,-4.400000095367432,-2.1393862678824553,-1.5888100550357436,-3.728196322918199,-3.3757792835966955,0.184203679209073,-0.5979226095784569,-0.4137189303693839,-2.264911695,-1.15241753,-3.417329226,755.0,exact
RJ Barrett,2022-23,2475.0,-0.699999988079071,-2.5999999046325684,-3.299999952316284,-1.0234735697428186,-2.2950833808970503,-3.318556950639869,-3.8844753180248723,0.027695402709970507,-1.0523364450772636,-1.0246410423672931,-0.707106628,-1.485857209,-2.192963836,2475.0,exact
Eric Gordon,2022-23,1965.0,-0.5,-3.0,-3.5,-0.3208396163847719,-2.4527181756505514,-2.7735577920353234,-2.9563331084718114,-1.2670065446020908,-2.1328080042983677,-3.3998145489004585,0.19940642843664122,-1.3318774331674301,-1.132471004730789,1965.0,exact
Juan Toscano-Anderson,2022-23,700.0,-4.099999904632568,-0.699999988079071,-4.800000190734863,-4.053118692623765,-1.7090123576149658,-5.762131050238731,-6.697475296825064,-2.2513257097322312,-0.7328268686514005,-2.9841525783836316,-3.6902788403857145,-1.0353890695642858,-4.7256679094714285,700.0,exact
Bryn Forbes,2022-23,268.0,-3.799999952316284,-4.5,-8.300000190734863,-4.489538214621928,-2.7829621561648206,-7.272500370786748,-7.04796123678891,-1.3958693873603663,-1.8802175554536553,-3.276086942814022,-3.766603861,-1.870920296,-5.637524157,268.0,exact
Cam Reddish,2022-23,990.0,-3.200000047683716,-1.100000023841858,-4.300000190734863,-3.1041442777312045,-2.099149736495034,-5.2032940142262385,-5.441948345251366,-1.6002124057024716,-1.5124042079712434,-3.112616613673715,-1.3495143793272728,-1.1230719607515152,-2.472586340078788,990.0,exact
Thanasis Antetokounmpo,2022-23,206.0,-6.800000190734863,-5.0,-11.800000190734863,-6.754922755758415,-3.3813755054440975,-10.136298261202512,-11.276625370162131,-2.741701383866521,-1.3044303497030219,-4.046131733569543,-6.088509246,-3.502045269,-9.590554515,206.0,exact
Richaun Holmes,2022-23,348.0,-3.9000000953674316,-4.599999904632568,-8.5,-1.860007171466122,-1.7822275156935767,-3.6422346871596987,-3.5113318889576823,-2.3938493093416238,-0.44923072832426664,-2.8430800376658905,-2.851608445,-3.2151478789999994,-6.066756324,348.0,exact
Nassir Little,2022-23,976.0,-1.899999976158142,-2.9000000953674316,-4.699999809265137,-1.4781955373588207,-2.9991636802461756,-4.477359217604996,-4.7682721842318445,-1.772338137097984,-2.1209957452883184,-3.8933338823863024,-2.1242992779999996,-1.804142347,-3.9284416250000005,976.0,exact
Sandro Mamukelashvili,2022-23,660.0,-2.5999999046325684,-3.0999999046325684,-5.699999809265137,-1.7844907112799586,-2.3676859046069096,-4.1521766158868685,-4.5948331106476825,-1.0051301946362274,-1.8643335137641404,-2.869463708400368,-2.508567148951515,-1.669221980262121,-4.177789129213637,660.0,exact
Gorgui Dieng,2022-23,358.0,-6.300000190734863,-2.299999952316284,-8.699999809265137,-5.012148855299917,-2.1076905629645006,-7.119839418264418,-7.725295394799734,-0.620201660014445,0.5002136874638523,-0.11998797255059268,-6.010820861,-2.539604575,-8.550425436,358.0,exact
Kevin Knox II,2022-23,952.0,-2.5999999046325684,-2.5999999046325684,-5.300000190734863,-2.0582942094148406,-1.6191598324356453,-3.6774540418504857,-3.0588745047552037,-1.410088163799501,-0.9384192309438105,-2.3485073947433115,-2.1185623413918067,-1.7203143195924369,-3.8388766613613443,952.0,exact
DeAndre Jordan,2022-23,586.0,-4.900000095367432,-2.0,-6.900000095367432,-3.197954512456254,-1.8585913104037743,-5.056545822860029,-4.932715664551956,-2.2775531059237344,-1.011109335370326,-3.2886624412940604,-4.091411887,-0.785826364,-4.877238251,586.0,exact
Jordan Nwora,2022-23,1188.0,-1.7000000476837158,-3.200000047683716,-4.900000095367432,-1.8634599990846101,-3.168255303781669,-5.031715302866279,-5.727823339413245,-0.9049379071708419,-1.5894160992864255,-2.494354006457267,-1.297262037982323,-1.667144851409091,-2.9644068893914146,1188.0,exact
Justin Holiday,2022-23,706.0,-4.400000095367432,-2.0999999046325684,-6.5,-3.5663788096494797,-1.2648239525392635,-4.8312027621887434,-5.130676347619974,-1.0497943551915685,-1.0595706676190002,-2.109365022810569,-3.511786287587819,-1.0615269679957506,-4.57331325558357,706.0,exact
Lonnie Walker IV,2022-23,1297.0,-2.4000000953674316,-2.5,-4.900000095367432,-1.8064150007605324,-2.6714874126184545,-4.477902413378986,-4.510520195900939,-1.2805756795401613,-2.1015678336222727,-3.382143513162434,-0.576966292,-1.318875451,-1.895841743,1297.0,exact
Bol Bol,2022-23,1505.0,-3.299999952316284,-1.399999976158142,-4.699999809265137,-2.19253048971807,-0.5187755578563229,-2.711306047574393,-2.0705443783832096,-1.8272148954853074,-0.1663531600329361,-1.9935680555182436,-3.035822362,1.281823644,-1.753998719,1505.0,exact
Will Barton,2022-23,993.0,-2.4000000953674316,-3.5999999046325684,-6.0,-1.565501697032354,-2.2813626582636517,-3.846864355296006,-3.43536174553388,-0.18201377934566298,-1.912861458334896,-2.094875237680559,-2.4762993543282983,-1.0024468866374623,-3.4787462409657604,993.0,exact
Doug McDermott,2022-23,1314.0,-1.2000000476837158,-4.199999809265137,-5.400000095367432,-0.43489097338952215,-3.44731968462915,-3.882210658018672,-4.612512801046938,0.04619753960195183,-1.8809908831392366,-1.8347933435372847,-0.420766918,-2.946861485,-3.3676284030000003,1314.0,exact
Reggie Bullock,2022-23,2364.0,-2.5999999046325684,-2.0,-4.599999904632568,-1.942421144591634,-1.7417545561327088,-3.6841757007243428,-3.418031607270271,-1.1148331261463302,-1.6998657794705423,-2.8146989056168725,-1.693737559,-0.310145131,-2.00388269,2364.0,exact
