player,timestamp,season,season_type,mp,pos,total,offense,defense
DeMar DeRozan,20240715000000,2023-24,Regular season,2989.0,"SG, SF, PF",0.9196236116832451,3.1023612117798596,-2.064537057408939
Domantas Sabonis,20240715000000,2023-24,Regular season,2928.0,"PF, C",1.6128516417324785,1.0415057489454544,0.16891129664281468
Coby White,20240715000000,2023-24,Regular season,2881.0,"PG, SG",0.8118612189054806,1.4297719774336357,-0.7536573452651962
Mikal Bridges,20240715000000,2023-24,Regular season,2854.0,"SG, SF, PF",-0.526773174468897,0.3083150309956787,-0.6436736252599221
Paolo Banchero,20240715000000,2023-24,Regular season,2799.0,"SF,PF",-0.725859377327619,0.7819906200216442,-1.1455745724873592
Kevin Durant,20240715000000,2023-24,Regular season,2791.0,PF,3.743316353132202,3.8629640538377705,-0.31677782497539897
Dejounte Murray,20240715000000,2023-24,Regular season,2783.0,PG,-0.41030153062358654,2.2948539336786578,-1.4640839396203627
Anthony Edwards,20240715000000,2023-24,Regular season,2770.0,SF,2.2210103464778097,3.1921955584277626,-1.379520371674213
Nikola Jokic,20240715000000,2023-24,Regular season,2737.0,C,9.660592537848766,7.9155465516587125,2.070681954057083
Jalen Brunson,20240715000000,2023-24,Regular season,2726.0,PG,4.193199278504086,5.79179332413218,-0.9519448424965338
Josh Hart,20240715000000,2023-24,Regular season,2707.0,SF,0.9987683206842493,-0.10301803249186925,0.604576800128114
Anthony Davis,20240715000000,2023-24,Regular season,2700.0,PF,4.735321126850568,1.8789569779617024,2.371725377561572
Fred VanVleet,20240715000000,2023-24,Regular season,2684.0,SG,3.6346949227424092,3.146884481671753,0.8697721865149217
De'Aaron Fox,20240715000000,2023-24,Regular season,2659.0,PG,3.8230169120182387,3.6561834544580103,0.19992332308750568
Pascal Siakam,20240715000000,2023-24,Regular season,2658.0,PF,1.3903874820359583,2.4127177709295413,-0.7739045970145995
Jayson Tatum,20240715000000,2023-24,Regular season,2645.0,SF,4.706392419815986,4.2900638295839935,-0.29502320480147814
Austin Reaves,20240715000000,2023-24,Regular season,2629.0,SG,0.2648195613235208,1.8527040512382538,-1.0627294879125464
Tyrese Maxey,20240715000000,2023-24,Regular season,2626.0,PG,2.354249146956794,4.073630702054718,-1.811142556310719
Luka Doncic,20240715000000,2023-24,Regular season,2624.0,"PG, SG, SF",7.116121678348289,6.740905190765475,-0.7226256701880849
Nikola Vucevic,20240715000000,2023-24,Regular season,2610.0,C,-0.16996221600520356,0.14156177141559254,0.389209906836371
Jalen Green,20240715000000,2023-24,Regular season,2602.0,SG,0.15059252107838428,1.8543490355377246,-2.1921432909272918
Rudy Gobert,20240715000000,2023-24,Regular season,2593.0,C,2.9530364628020633,-0.6434169535361404,3.2676374102216825
Keegan Murray,20240715000000,2023-24,Regular season,2589.0,"SG,PF",1.2124446902699182,0.6529200800358494,0.32830795838212345
Miles Bridges,20240715000000,2023-24,Regular season,2581.0,"SF, PF",-2.2973247952044726,-0.42596219175066097,-1.5946870736065297
Damian Lillard,20240715000000,2023-24,Regular season,2579.0,PG,3.188042649745678,4.904743952844837,-1.714083267918734
Giannis Antetokounmpo,20240715000000,2023-24,Regular season,2567.0,"SF, PF",5.34413969248458,4.875416254784321,0.7967773354330983
Michael Porter Jr.,20240715000000,2023-24,Regular season,2565.0,"SF, PF",0.34963269124893154,1.7516622593263094,-0.7364033045860539
Shai Gilgeous-Alexander,20240715000000,2023-24,Regular season,2553.0,"PG, SG, SF",6.2650589776345855,5.634971355786102,0.7740048097425518
Grayson Allen,20240715000000,2023-24,Regular season,2513.0,SG,0.6985010176411953,1.606657134997593,-0.22192636777671887
LeBron James,20240715000000,2023-24,Regular season,2504.0,"PG, SF, PF",4.611991891483611,5.344984160049215,-1.4241198586718722
Paul George,20240715000000,2023-24,Regular season,2502.0,"SG, SF",5.601679470992625,3.7764782176784215,1.588015372051924
Dennis Schroder,20240715000000,2023-24,Regular season,2486.0,"PG, SG",-0.8586287572240907,0.6050451560912311,-0.9952715736567587
D'Angelo Russell,20240715000000,2023-24,Regular season,2484.0,"PG, SG",1.1253825527537549,3.1053615662455027,-1.1649147755216245
James Harden,20240715000000,2023-24,Regular season,2470.0,"PG, SG",3.3616070531377464,4.489318158512635,-1.3275300776366508
Devin Booker,20240715000000,2023-24,Regular season,2447.0,SG,3.03785086195871,4.830083112225513,-1.5226304054212925
Jarrett Allen,20240715000000,2023-24,Regular season,2442.0,C,2.2719539664101136,1.1381942562795198,1.728044526351798
Jabari Smith Jr.,20240715000000,2023-24,Regular season,2424.0,"PF,SF",-1.6815327259774029,-0.5573721373722407,-0.8170436459002979
Stephen Curry,20240715000000,2023-24,Regular season,2421.0,PG,3.8059427582363146,5.516303029910963,-1.8469863711451944
Bam Adebayo,20240715000000,2023-24,Regular season,2416.0,C,0.9150898439494246,-0.24706013194432536,1.456982816350681
Chet Holmgren,20240715000000,2023-24,Regular season,2413.0,"PF,C",3.313861740122995,0.5069893683579503,2.194755236252543
Brook Lopez,20240715000000,2023-24,Regular season,2411.0,C,1.449349830025953,-0.6294985815982883,2.313073228484823
Kentavious Caldwell-Pope,20240715000000,2023-24,Regular season,2402.0,"SG, SF",1.0366307564503958,0.9215098004695724,0.30444384816439224
Bogdan Bogdanovic,20240715000000,2023-24,Regular season,2401.0,SG,2.0878435379340425,1.6156177988743576,-0.13010735275779184
Brandon Miller,20240715000000,2023-24,Regular season,2383.0,"SG,SF",-1.6214798157983965,-0.570950700899248,-1.0502343764884845
Derrick White,20240715000000,2023-24,Regular season,2381.0,"PG, SG",3.4071784619626273,2.365190472820088,1.9110341487988491
Harrison Barnes,20240715000000,2023-24,Regular season,2381.0,"SF, PF",-1.4434589326245666,-0.35302385463089425,-1.1475507803372256
Tobias Harris,20240715000000,2023-24,Regular season,2368.0,"SF, PF",0.3922554407865103,0.7841216008548032,-0.3732471825500966
Donte DiVincenzo,20240715000000,2023-24,Regular season,2360.0,SG,1.7912963185020596,1.7933136064379636,0.0009492147948928359
Jordan Poole,20240715000000,2023-24,Regular season,2346.0,"PG, SG",-3.1889426584321208,-0.5391495332365914,-2.1516388750236786
Jaylen Brown,20240715000000,2023-24,Regular season,2343.0,SG,1.9491338234960685,1.7704556624725436,-0.2430424236845895
Malik Beasley,20240715000000,2023-24,Regular season,2337.0,"SG, SF",0.9329328041415461,0.7197996545715325,-0.5932397912766431
Franz Wagner,20240715000000,2023-24,Regular season,2337.0,SF,1.416625412103874,0.9792961807990173,1.1176846858224208
Kawhi Leonard,20240715000000,2023-24,Regular season,2330.0,SF,5.639029157508631,3.4470801271268448,1.6643689769596612
Herbert Jones,20240715000000,2023-24,Regular season,2321.0,"SF, PF",1.7762155531863888,0.4203458232637146,1.0809064973825537
Aaron Gordon,20240715000000,2023-24,Regular season,2297.0,PF,1.3796167472072587,0.9097844753792084,0.6793602161700032
Klay Thompson,20240715000000,2023-24,Regular season,2284.0,"SG, SF",-1.3527846088928541,0.9805120951234376,-1.8915037514321935
Kyle Kuzma,20240715000000,2023-24,Regular season,2281.0,PF,-3.3404490900761954,-0.6413713184708532,-2.54882880598431
Jrue Holiday,20240715000000,2023-24,Regular season,2263.0,"PG, SG",1.4081496797717474,1.0663483754525602,0.42672183574099276
Deni Avdija,20240715000000,2023-24,Regular season,2257.0,SF,-0.8095664621516991,-0.4566276320109449,-0.4087438194799262
Devin Vassell,20240715000000,2023-24,Regular season,2248.0,"SG, SF",-0.5070377457397585,0.7421893639439083,-1.4134850584699976
Luguentz Dort,20240715000000,2023-24,Regular season,2246.0,"SG, SF",1.5277263764222972,-0.2380161812684496,2.05482811283213
Max Strus,20240715000000,2023-24,Regular season,2239.0,"SG, SF",1.3381702376472642,0.7137847332686513,0.4651015973430914
Dillon Brooks,20240715000000,2023-24,Regular season,2227.0,"SG, SF",-1.4481685606009702,-0.9461293132009395,-0.6479820376208631
Tyrese Haliburton,20240715000000,2023-24,Regular season,2224.0,PG,4.476599254347007,5.453009144909006,-1.202220886236109
Jalen Williams,20240715000000,2023-24,Regular season,2223.0,"PG,SG",2.4249518322697297,1.962603454345837,0.224064267017755
P.J. Washington,20240715000000,2023-24,Regular season,2221.0,PG,-1.4020235578247335,-0.9296804623727533,-0.3014665062042484
Jaden Ivey,20240715000000,2023-24,Regular season,2218.0,"SG,PG",-2.2753335461321385,-0.8609355809566932,-1.4589251794033968
Ayo Dosunmu,20240715000000,2023-24,Regular season,2212.0,SG,-0.8009230309123907,0.17551832925836602,-0.9576069554611362
Zion Williamson,20240715000000,2023-24,Regular season,2207.0,"PF, C",1.3719541345935897,3.2348883922213307,-0.7529870551887387
Mike Conley,20240715000000,2023-24,Regular season,2193.0,PG,3.2683845339386823,2.56495821734409,0.9256150941658621
Jeremy Sochan,20240715000000,2023-24,Regular season,2193.0,"SG,SF",-2.9364700633749035,-1.6208287053319572,-0.46202280971954457
Buddy Hield,20240715000000,2023-24,Regular season,2160.0,SG,-0.18312046739106846,1.0376534514757445,-1.8697529907641608
CJ McCollum,20240715000000,2023-24,Regular season,2159.0,SG,1.4117130008746868,2.82749894813047,-1.3129559425721098
Spencer Dinwiddie,20240715000000,2023-24,Regular season,2152.0,"PG, SG",-0.45313599914619274,0.8306689823822844,-1.7685847178911398
Tre Jones,20240715000000,2023-24,Regular season,2138.0,PG,1.1580496936804774,1.2523574170311762,0.14187247653116453
Grant Williams,20240715000000,2023-24,Regular season,2130.0,PF,-0.8392847303437806,-1.1310684777082662,-0.2607823437613047
Jaren Jackson Jr.,20240715000000,2023-24,Regular season,2124.0,"PF, C",-0.6707138522128355,-0.41904338871764946,0.5754737845407117
Tim Hardaway Jr.,20240715000000,2023-24,Regular season,2120.0,"SG, SF",-0.5370715709028537,0.6168098255321834,-1.2605765979788206
Nic Claxton,20240715000000,2023-24,Regular season,2116.0,C,0.5343398923571235,-2.4968721185224787,2.687736517630204
Jaime Jaquez Jr.,20240715000000,2023-24,Regular season,2113.0,"SG,SF",0.7900626365562717,-0.03229165157512252,0.04838347139876985
Taurean Prince,20240715000000,2023-24,Regular season,2108.0,"SF, PF",-1.6997622512629103,-0.7428362703939515,-1.2244207353816856
Victor Wembanyama,20240715000000,2023-24,Regular season,2106.0,"C,PF",3.0912404806534877,0.5431592533644398,2.9212033914586506
Jaden McDaniels,20240715000000,2023-24,Regular season,2105.0,PF,-0.9105654816202658,-1.2610436118149184,-0.11481132362452147
Brandon Ingram,20240715000000,2023-24,Regular season,2103.0,"SG, SF",0.9056887997956605,2.4366071730573213,-1.2188109595004986
Scottie Barnes,20240715000000,2023-24,Regular season,2094.0,SF,1.4809695204811704,1.7351341367705408,0.21983625105490062
Jusuf Nurkic,20240715000000,2023-24,Regular season,2078.0,C,3.414224364318659,-0.03916008277228427,2.768801334320921
Myles Turner,20240715000000,2023-24,Regular season,2077.0,C,1.7812938869005144,-0.4757711091276149,1.9392706122755605
Cam Thomas,20240715000000,2023-24,Regular season,2075.0,SG,-1.7271007536528482,1.220987309905266,-2.1710567062843507
Collin Sexton,20240715000000,2023-24,Regular season,2075.0,"PG, SG",-0.43403781263847263,2.4590950941401704,-2.113376455269321
Cade Cunningham,20240715000000,2023-24,Regular season,2074.0,PG,-1.8567396444015882,1.44488699595654,-2.6474439504530345
Corey Kispert,20240715000000,2023-24,Regular season,2067.0,SF,-2.691320165749152,-0.2772438040011943,-2.7065541218713736
Saddiq Bey,20240715000000,2023-24,Regular season,2062.0,PF,-1.283896807850466,-0.07597792241103293,-1.2072357451424782
Kelly Oubre Jr.,20240715000000,2023-24,Regular season,2055.0,SF,-0.8665175290470264,-1.1873434605159323,0.012818443617740177
Alperen Sengun,20240715000000,2023-24,Regular season,2046.0,C,3.7322622701658936,2.788612741066659,1.233270756234052
Jimmy Butler,20240715000000,2023-24,Regular season,2042.0,"SG, SF",3.5643527436189557,3.5050181767096165,0.16198780610344682
Alex Caruso,20240715000000,2023-24,Regular season,2040.0,"PG, SG",3.3307990279786135,0.6809073774022258,3.2332601478908494
Terry Rozier,20240715000000,2023-24,Regular season,2040.0,"PG, SG",0.2000782344453895,1.879144413903347,-0.4753887734392175
Keldon Johnson,20240715000000,2023-24,Regular season,2038.0,SF,-1.7724171298006188,-0.3159817662441847,-1.681421466918751
Kyrie Irving,20240715000000,2023-24,Regular season,2030.0,PG,4.691753731810014,4.869718396053239,-0.5471768512285297
Karl-Anthony Towns,20240715000000,2023-24,Regular season,2026.0,"PF, C",2.019620788485395,0.7159299199452729,-0.05623917408416039
Jalen Suggs,20240715000000,2023-24,Regular season,2025.0,"PG, SG",1.5606855710018632,0.026240593350964736,1.3127444731614073
Keyonte George,20240715000000,2023-24,Regular season,2023.0,PG,-3.4512260982525915,-1.1628619440817045,-2.717432274760935
Josh Giddey,20240715000000,2023-24,Regular season,2012.0,SG,0.6977611277164426,0.9182870916338779,-0.7159275792927147
Bobby Portis,20240715000000,2023-24,Regular season,2008.0,"PF, C",-0.20870125135514062,0.30819948549703047,-0.3419848207089111
Aaron Nesmith,20240715000000,2023-24,Regular season,1995.0,SF,0.8241570592726599,-0.3405124338919112,1.4298224152191819
Gary Trent Jr.,20240715000000,2023-24,Regular season,1994.0,"SG, SF",-1.7852611152434834,0.5700792504310789,-1.7538809604702215
Norman Powell,20240715000000,2023-24,Regular season,1990.0,"SG, SF",-0.12962496106145377,0.5576333313987398,-1.1301962237180512
Immanuel Quickley,20240715000000,2023-24,Regular season,1985.0,PG,0.08121634285039389,2.1731910714291653,-1.4328038384252173
Brandin Podziemski,20240715000000,2023-24,Regular season,1968.0,SG,2.1699749358707345,0.9417898628267994,0.6523535650065918
Naz Reid,20240715000000,2023-24,Regular season,1964.0,C,1.1035620358679856,-0.4974592299604865,1.4167264502535142
Caris LeVert,20240715000000,2023-24,Regular season,1958.0,"SG, SF",1.2425944704077347,0.6772094158093256,-0.06269050661989356
Royce O'Neale,20240715000000,2023-24,Regular season,1954.0,"SG, SF",0.8115381783167173,0.16586274216623564,0.6737145931791839
Jonathan Kuminga,20240715000000,2023-24,Regular season,1950.0,PF,0.24630420266040537,-0.15907146426548607,-0.07118646870103601
Donovan Mitchell,20240715000000,2023-24,Regular season,1943.0,"PG, SG",4.913503443745871,4.991814157264816,0.1601782112776302
Trae Young,20240715000000,2023-24,Regular season,1942.0,PG,0.9434136918431393,4.6831477413826725,-2.5784182239085176
Dorian Finney-Smith,20240715000000,2023-24,Regular season,1934.0,"SF, PF",-0.9776678259088325,-1.2233591467520193,-0.22399733219094664
Tyus Jones,20240715000000,2023-24,Regular season,1933.0,PG,-1.930166882893099,0.8859737984250138,-2.172363508471885
Jonas Valanciunas,20240715000000,2023-24,Regular season,1925.0,C,1.861471451704187,0.49047619542048704,1.0954248543154423
Nickeil Alexander-Walker,20240715000000,2023-24,Regular season,1921.0,SG,0.43385629404823234,-0.5098805139210454,1.4826910743839443
Andrew Wiggins,20240715000000,2023-24,Regular season,1920.0,SF,-2.1842287193372223,-1.2095123157665388,-0.8333647378973417
Duncan Robinson,20240715000000,2023-24,Regular season,1906.0,"SG, SF",-0.32446848445743093,0.8910081230831973,-1.07456633533537
John Collins,20240715000000,2023-24,Regular season,1901.0,"PF, C",-1.4732863043292261,-0.6700252870847803,-0.8536093207438714
Darius Garland,20240715000000,2023-24,Regular season,1901.0,PG,0.40425144462636126,1.3988316548961253,-1.320500545668425
Isaiah Hartenstein,20240715000000,2023-24,Regular season,1896.0,C,3.537958781125199,0.7453529408965258,2.668166929881891
Eric Gordon,20240715000000,2023-24,Regular season,1893.0,"SG, SF",-1.1497883580057462,-0.21675943173874404,-1.4761278957959774
Jalen Johnson,20240715000000,2023-24,Regular season,1889.0,PF,0.6448259533422463,-0.16865258378319725,1.115550911410964
Isaac Okoro,20240715000000,2023-24,Regular season,1887.0,SG,0.18211135321223804,-0.435392281636359,0.32901917097533584
Clint Capela,20240715000000,2023-24,Regular season,1883.0,C,2.6549263628349262,0.5514903097979043,2.075849844657861
Terance Mann,20240715000000,2023-24,Regular season,1873.0,"SG, SF",-0.4194281679988935,0.10340404470493039,-0.8283957926496008
Malik Monk,20240715000000,2023-24,Regular season,1872.0,SG,-0.006634742924167686,1.8969067096942904,-1.787572372238297
Bruce Brown,20240715000000,2023-24,Regular season,1865.0,"PG, SG",-1.6521446192679885,-0.6371128890668226,-2.045815286851199
Jamal Murray,20240715000000,2023-24,Regular season,1861.0,"PG, SG",3.947924852636538,4.699251646237639,-1.1123020204254306
RJ Barrett,20240715000000,2023-24,Regular season,1838.0,"SG, SF",-1.3203456895037329,0.10222232464068615,-1.5149247356570785
Georges Niang,20240715000000,2023-24,Regular season,1831.0,PF,-1.9069158493546,-0.10202154846631706,-1.847617302102591
Jerami Grant,20240715000000,2023-24,Regular season,1830.0,"SF, PF",-1.9661731952221924,-0.372404242985275,-2.16854977220704
Payton Pritchard,20240715000000,2023-24,Regular season,1826.0,PG,1.105467517966479,2.2897637029299522,-1.5153553025849906
Rui Hachimura,20240715000000,2023-24,Regular season,1826.0,PF,-0.46147207238459087,0.24252771735221518,-0.6533607315386147
Lauri Markkanen,20240715000000,2023-24,Regular season,1820.0,PF,1.8437020014669268,1.8129497316839898,-0.18744621126077285
Cole Anthony,20240715000000,2023-24,Regular season,1817.0,PG,-0.2628219553853007,-0.03468968384562493,-0.7524077518532467
Reggie Jackson,20240715000000,2023-24,Regular season,1817.0,"PG, SG",-0.7807756126608736,0.5753785997642122,-1.343522913700185
Daniel Gafford,20240715000000,2023-24,Regular season,1814.0,C,1.5943993953944045,0.3194298143748533,1.740446111142751
Ivica Zubac,20240715000000,2023-24,Regular season,1795.0,C,1.7584783428093167,0.026635904502970986,2.1168940384998285
Deandre Ayton,20240715000000,2023-24,Regular season,1784.0,C,-0.07333755631025857,-1.1592932100991062,0.07956173541966277
Derrick Jones Jr.,20240715000000,2023-24,Regular season,1783.0,"SF, PF",0.011363527062244902,-1.2863894065013237,1.25602405643395
Kyle Anderson,20240715000000,2023-24,Regular season,1782.0,"SF, PF",0.15906194470551993,-1.118855557565814,1.1635494501917774
Jalen Duren,20240715000000,2023-24,Regular season,1778.0,C,-0.6550102920079184,-0.7620234061960229,0.3420903952307518
Bradley Beal,20240715000000,2023-24,Regular season,1767.0,"SG, SF",0.7924979355587488,1.8393382107331528,-0.9219915481210141
Scoot Henderson,20240715000000,2023-24,Regular season,1765.0,PG,-3.9045075666131512,-2.0461167845955166,-2.3588258896397294
Kelly Olynyk,20240715000000,2023-24,Regular season,1759.0,"PF, C",0.9065925119141949,0.955969735169767,0.246064640814471
Nick Richards,20240715000000,2023-24,Regular season,1759.0,"PF, C",-2.000118357295521,-1.7610751945017598,-0.505883057896295
Caleb Martin,20240715000000,2023-24,Regular season,1756.0,SF,0.14603603803458304,-0.5422248620912966,0.5035245013987375
Sam Hauser,20240715000000,2023-24,Regular season,1741.0,"SG,SF",1.6108334274106217,0.946275794652669,0.6243636791623055
Al Horford,20240715000000,2023-24,Regular season,1740.0,"PF, C",1.2304775158569161,-0.18003773474377233,1.062943836688003
Toumani Camara,20240715000000,2023-24,Regular season,1739.0,"SF,PF",-0.07885845634594599,-1.4886605222439895,1.400938114649841
Obi Toppin,20240715000000,2023-24,Regular season,1730.0,PF,-0.43270423297950034,0.5410214703000324,-0.9943604371257814
Bilal Coulibaly,20240715000000,2023-24,Regular season,1715.0,"SF,SG",-3.655071201313322,-2.7845455284239113,-1.0424610011666324
OG Anunoby,20240715000000,2023-24,Regular season,1702.0,SF,0.5108805177227628,-0.500826256798832,1.147282424475691
Jabari Walker,20240715000000,2023-24,Regular season,1701.0,PF,-2.589077536447485,-1.8187122400727476,-1.1124854330029073
Andrew Nembhard,20240715000000,2023-24,Regular season,1697.0,PG,-0.327700119028411,-0.2755685092264639,-0.15865956551877267
Cason Wallace,20240715000000,2023-24,Regular season,1692.0,SG,0.03163177224758512,-0.8903066160743377,0.3421183920830989
Trey Murphy III,20240715000000,2023-24,Regular season,1690.0,SG,2.3793993023895395,1.4535262519467531,0.5850452133931185
Kristaps Porzingis,20240715000000,2023-24,Regular season,1690.0,PF,3.706437699744114,1.3311415328828016,1.9005490904961269
Kyle Lowry,20240715000000,2023-24,Regular season,1690.0,PG,0.535679303480587,0.22747392134188682,0.5440810639109457
Jordan Clarkson,20240715000000,2023-24,Regular season,1682.0,"PG, SG",-2.5677489214207747,-0.2814882016157217,-2.538658174636956
De'Andre Hunter,20240715000000,2023-24,Regular season,1681.0,SF,-1.0873152831379713,-0.548401621738893,-0.20480819005366327
Pat Connaughton,20240715000000,2023-24,Regular season,1676.0,SG,-0.8567479636938073,-0.6531741082919089,-0.43596176800965236
Christian Braun,20240715000000,2023-24,Regular season,1656.0,"SG,SF",-0.9370137710898718,-1.0049146847076997,0.30579670544507653
Simone Fontecchio,20240715000000,2023-24,Regular season,1644.0,"PF,SF",-0.9435655715303336,-0.2600254697238022,-0.34902432412676443
Ochai Agbaji,20240715000000,2023-24,Regular season,1642.0,SF,-3.107746284897064,-2.8949017172865736,0.05027340250655339
Julius Randle,20240715000000,2023-24,Regular season,1630.0,PF,0.9388623066994057,1.9255219949761917,-0.7422262701326254
Precious Achiuwa,20240715000000,2023-24,Regular season,1624.0,PF,-0.5912210673973775,-1.2107888459256344,0.5370026173230689
Santi Aldama,20240715000000,2023-24,Regular season,1618.0,"SF,PF",-1.7386732623211971,-0.8639251486520078,-0.7168403769747402
Cameron Johnson,20240715000000,2023-24,Regular season,1599.0,"SF, PF",-0.412277059771983,0.3803335505443517,-0.9807166024871837
Malaki Branham,20240715000000,2023-24,Regular season,1594.0,"SG,PG",-4.541486232749777,-1.5716082980427637,-2.6293028933545934
Paul Reed,20240715000000,2023-24,Regular season,1590.0,PF,2.2603138500989775,0.3081104037612006,2.111718833095768
Ausar Thompson,20240715000000,2023-24,Regular season,1583.0,"SF,SG",-0.02198865538000838,-1.5436740124783606,1.9208504271535503
Anfernee Simons,20240715000000,2023-24,Regular season,1582.0,"PG, SG",-1.378718845740324,1.965879644406973,-3.592853229789778
Kevin Huerter,20240715000000,2023-24,Regular season,1562.0,SG,-0.364256179568738,-0.06274098077261384,-0.9918242350230637
Bennedict Mathurin,20240715000000,2023-24,Regular season,1538.0,"SF,SG",-2.3001427520995406,-0.7060627504915055,-2.20966487494145
Evan Mobley,20240715000000,2023-24,Regular season,1532.0,C,1.019805238664106,-0.7328176465966123,1.796131986035977
Chris Paul,20240715000000,2023-24,Regular season,1531.0,PG,1.7436643984253941,1.3566972883100017,0.19815134230119785
Nicolas Batum,20240715000000,2023-24,Regular season,1529.0,"SG, SF",1.5115013212785784,0.6946097361869003,0.993710399214673
Russell Westbrook,20240715000000,2023-24,Regular season,1529.0,"PG, SG",0.7010968628078064,0.2637116225301504,-0.05898985112074606
Zach Collins,20240715000000,2023-24,Regular season,1526.0,"PF, C",-3.1208697698994055,-2.1476507505222164,-0.9368323729820344
Josh Green,20240715000000,2023-24,Regular season,1505.0,"SG, SF",-0.9953512015921788,-0.9159476981560233,0.04572602950255263
Walker Kessler,20240715000000,2023-24,Regular season,1493.0,C,-0.13780401255392938,-1.5265020272955239,1.8882068965016496
Draymond Green,20240715000000,2023-24,Regular season,1490.0,PF,2.763621837371393,0.025024225875087847,1.9523599173033093
Peyton Watson,20240715000000,2023-24,Regular season,1488.0,"SG,SF",-1.698247057852874,-2.4224397935229,1.0016158644374027
Matisse Thybulle,20240715000000,2023-24,Regular season,1487.0,SF,0.3434974456481798,-1.4877157245086068,1.859293336010114
Khris Middleton,20240715000000,2023-24,Regular season,1487.0,SF,1.7738761985201421,2.118239282871338,-0.4371980960547498
Bojan Bogdanovic,20240715000000,2023-24,Regular season,1478.0,"SF, PF",-2.7539902165396666,-0.1913256588940433,-2.9805234822066247
Julian Champagnie,20240715000000,2023-24,Regular season,1468.0,"SF,SG",-2.0063364095777882,-0.8896266823834524,-1.0496240296789852
Patrick Beverley,20240715000000,2023-24,Regular season,1463.0,"PG, SG",-0.718101052303219,-0.5958541397556147,-0.09414340587460604
Amir Coffey,20240715000000,2023-24,Regular season,1460.0,"PG, SG, SF",-1.828989184354091,-0.7046875618944044,-1.4550135648827964
Isaiah Joe,20240715000000,2023-24,Regular season,1445.0,"PG, SG",2.0708271553701856,1.0310951728588498,1.3239712776597186
Desmond Bane,20240715000000,2023-24,Regular season,1443.0,SG,0.4161038590142932,2.5805046785336287,-1.6735949350918933
Vince Williams Jr.,20240715000000,2023-24,Regular season,1436.0,"SF,SG",1.0531780581301524,-0.2437784002382538,1.526754434151362
Isaiah Stewart,20240715000000,2023-24,Regular season,1423.0,C,-2.0977170432676946,-1.6421675533539128,0.4575960682095277
Moritz Wagner,20240715000000,2023-24,Regular season,1415.0,"SF, PF",0.7460605542739128,0.6135874925828841,-0.18194560756703737
Tyler Herro,20240715000000,2023-24,Regular season,1407.0,"PG, SG",-0.36044287881160697,1.5426686377910706,-2.1914039358017785
Wendell Carter Jr.,20240715000000,2023-24,Regular season,1406.0,C,0.6354691367481229,-1.4965817963090238,1.5840877959361037
Onyeka Okongwu,20240715000000,2023-24,Regular season,1405.0,PF,-1.0517330424088907,-0.5312884378853466,-0.27346837384305067
Amen Thompson,20240715000000,2023-24,Regular season,1388.0,"PF,SF",1.594384595455554,-0.009048241665443907,1.6890190645896794
Haywood Highsmith,20240715000000,2023-24,Regular season,1366.0,"SF,SG",-0.28126436558978557,-0.554302273608114,0.7480767505327504
Dyson Daniels,20240715000000,2023-24,Regular season,1358.0,"SF,SG",1.285263770906502,-0.6263840610059647,1.5830791900434322
Andre Drummond,20240715000000,2023-24,Regular season,1351.0,C,2.134563431179486,-0.14231984966301586,2.0496129453051335
Marcus Sasser,20240715000000,2023-24,Regular season,1351.0,"PG,SG",-2.018069585216641,-0.26326188117108235,-1.866712130537521
Kris Murray,20240715000000,2023-24,Regular season,1348.0,"SF,SG",-1.7990561357030805,-1.8034359217200033,0.4470444835739215
Miles McBride,20240715000000,2023-24,Regular season,1328.0,"PG,SG",0.46009218028613674,0.9443065031702922,0.024974185393856603
Jakob Poeltl,20240715000000,2023-24,Regular season,1319.0,C,0.6622479321784444,-0.9104644522921868,1.6587683560201758
Joel Embiid,20240715000000,2023-24,Regular season,1309.0,C,7.1125859540378675,4.4992458004187,2.6417809501996112
Jeff Green,20240715000000,2023-24,Regular season,1307.0,PF,-2.800194722012463,-1.5736897478495095,-1.688910718999381
Cameron Payne,20240715000000,2023-24,Regular season,1304.0,PG,-0.3940780195648017,1.2160316269379523,-1.0921338950736612
Gary Harris,20240715000000,2023-24,Regular season,1297.0,SG,-0.3563316162685673,-0.815965446847456,-0.5156102787679767
Dereck Lively II,20240715000000,2023-24,Regular season,1294.0,C,1.2504102160266763,-0.08786889749445304,1.5536626833572043
T.J. McConnell,20240715000000,2023-24,Regular season,1291.0,PG,2.524208165071726,2.938206423152616,0.2975711165690758
Aaron Holiday,20240715000000,2023-24,Regular season,1269.0,"PG, SG",-0.17324687572951197,0.2154060641369665,-0.32969261324486654
Cedi Osman,20240715000000,2023-24,Regular season,1269.0,SF,-2.5974149425283257,-1.1607847556242337,-1.473720688477317
Gradey Dick,20240715000000,2023-24,Regular season,1268.0,"SG,SF",-4.311320897402041,-2.136419561771488,-2.497061383492042
Naji Marshall,20240715000000,2023-24,Regular season,1257.0,SF,0.8180403595046681,-0.23692330974139847,0.8981712329183056
Kris Dunn,20240715000000,2023-24,Regular season,1249.0,PG,0.3504255507958762,-0.24496171073773962,0.7655283475820925
Gordon Hayward,20240715000000,2023-24,Regular season,1245.0,SF,-2.4025489915695766,-0.8885123327755551,-1.686274402395252
GG Jackson,20240715000000,2023-24,Regular season,1233.0,SF,-3.0289365273291855,-1.6083298085578401,-1.6655521358782446
Aaron Wiggins,20240715000000,2023-24,Regular season,1228.0,SG,0.6351275190945224,0.02071220408342001,0.4738306349540329
Larry Nance Jr.,20240715000000,2023-24,Regular season,1216.0,"PF, C",1.4139771204994174,-0.7956023111407218,1.771789378411787
Duop Reath,20240715000000,2023-24,Regular season,1214.0,"PF,C",-0.393933347705306,0.42016305020937506,-0.6509287986242905
Alec Burks,20240715000000,2023-24,Regular season,1211.0,"SG, SF",-0.9613432109071243,0.9046944052721316,-1.722944661018302
Kevon Looney,20240715000000,2023-24,Regular season,1195.0,"PF, C",-0.023613689330440724,-0.6780835417054071,0.5090746706293761
David Roddy,20240715000000,2023-24,Regular season,1177.0,SF,-4.198254644634032,-2.597589505289563,-1.2891187098734012
Vasilije Micic,20240715000000,2023-24,Regular season,1176.0,PG,-3.067878203681818,-1.04142837329348,-2.3342448887382217
Patrick Williams,20240715000000,2023-24,Regular season,1174.0,SG,-1.7636305451004823,-1.354227972111191,-0.7080669151313548
John Konchar,20240715000000,2023-24,Regular season,1173.0,SG,-1.0253641977002255,-1.6212135342485878,0.9760813086662581
Joe Ingles,20240715000000,2023-24,Regular season,1169.0,SF,1.0537964638884325,1.3211757967813231,-0.7580856501530253
Drew Eubanks,20240715000000,2023-24,Regular season,1169.0,"PF, C",-2.356341076747947,-2.0255330873193285,-0.3615104448189441
Anthony Black,20240715000000,2023-24,Regular season,1164.0,"SG,PG",-1.9011547655260257,-2.2811288608054676,0.5982523891092711
Jordan Hawkins,20240715000000,2023-24,Regular season,1161.0,SG,-2.711495043141009,0.06336784630878899,-2.294594338949767
Trey Lyles,20240715000000,2023-24,Regular season,1158.0,PF,0.09384733516067612,0.23033158353760314,-0.1246735813988484
Moses Moody,20240715000000,2023-24,Regular season,1156.0,"SG,SF",1.9390897901212023,0.7593634909912684,0.7454388592805478
Jae Crowder,20240715000000,2023-24,Regular season,1156.0,"SF, PF",-2.082887830118171,-1.6720789315053224,-0.3761964137438437
Trayce Jackson-Davis,20240715000000,2023-24,Regular season,1130.0,C,1.4578537973207613,0.164591969765382,0.9180100281775284
Malcolm Brogdon,20240715000000,2023-24,Regular season,1121.0,PG,-0.2157362487968537,1.9455556164618664,-1.9498584682347497
Dean Wade,20240715000000,2023-24,Regular season,1108.0,PF,1.5476581809091916,-0.8672732698501955,2.4982702769247425
Josh Richardson,20240715000000,2023-24,Regular season,1103.0,"SG, SF",-2.4055261388505937,-0.8449966116757917,-1.5046334551641383
Davion Mitchell,20240715000000,2023-24,Regular season,1101.0,PG,-3.2495433046953157,-1.3935157573892634,-1.2923097192811928
Dario Saric,20240715000000,2023-24,Regular season,1098.0,"SF, PF",-0.561882069772336,0.09597576036801996,-0.5613534349100869
James Wiseman,20240715000000,2023-24,Regular season,1091.0,SF,-3.5638199526290006,-2.725742054820289,-1.2069335384870818
Dante Exum,20240715000000,2023-24,Regular season,1088.0,"PG, SG",1.1346601660270785,1.1600251349049966,0.37794344361148463
Sam Merrill,20240715000000,2023-24,Regular season,1069.0,SF,0.7636148587579039,1.592801580835173,-0.6942165627717187
Shaedon Sharpe,20240715000000,2023-24,Regular season,1059.0,"SG,SF",-2.25841672729695,-1.4176133243791789,-0.9807672279864721
Dennis Smith Jr.,20240715000000,2023-24,Regular season,1059.0,PG,-0.10830785026233969,-0.698872538179945,0.7065911115821568
Jordan Goodwin,20240715000000,2023-24,Regular season,1056.0,PG,-1.584305447935211,-1.437625050934595,0.3616168646117116
Marvin Bagley III,20240715000000,2023-24,Regular season,1053.0,"PF, C",-0.5420881261619644,-0.057797223407991094,0.001689842069994868
Torrey Craig,20240715000000,2023-24,Regular season,1049.0,SF,-2.713616383902692,-1.272432380246498,-1.1794050801261107
Dalano Banton,20240715000000,2023-24,Regular season,1047.0,"PG,SG",-2.8057016741306375,-1.1606390339568269,-1.3257145089594173
Jalen Smith,20240715000000,2023-24,Regular season,1047.0,"PG, SG",-0.3010487369480661,0.6110727314870242,-0.19409986858753117
Ziaire Williams,20240715000000,2023-24,Regular season,1038.0,SG,-3.030284295550742,-2.4111603765474703,-0.6016233723799803
Jae'Sean Tate,20240715000000,2023-24,Regular season,1031.0,"SF, PF",0.5222913317433069,-1.582718150093146,2.294855497326549
Kenrich Williams,20240715000000,2023-24,Regular season,1029.0,SF,1.0728976337959708,-0.5307862220402604,1.3681192543926604
Jose Alvarado,20240715000000,2023-24,Regular season,1028.0,"PG,SG",1.7158769551392834,0.006654967109670215,1.937156800316469
Quentin Grimes,20240715000000,2023-24,Regular season,1025.0,"SG,SF",-1.9906843999138228,-1.486497643588285,-0.3923176871782992
De'Anthony Melton,20240715000000,2023-24,Regular season,1023.0,PG,1.685055763453933,0.7311800659073631,0.6369077592569197
Daniel Theis,20240715000000,2023-24,Regular season,1015.0,C,-0.9806119384621761,-1.7567079627231434,0.44937455647776314
Lonnie Walker IV,20240715000000,2023-24,Regular season,1011.0,"SG, SF",-1.540962850588277,0.2890056199522747,-1.0643351743505751
Talen Horton-Tucker,20240715000000,2023-24,Regular season,1009.0,SF,-1.7756698559178927,-0.7083481280789561,-0.5108887556651404
Killian Hayes,20240715000000,2023-24,Regular season,1008.0,"PG, SG",-3.455144210037713,-1.905384100958862,-0.9253235076545339
Jevon Carter,20240715000000,2023-24,Regular season,1004.0,"PG, SG",-1.46376623512823,-1.1112888846323925,-0.2423340653362329
Luke Kennard,20240715000000,2023-24,Regular season,999.0,SG,-2.313156075517006,0.6828849796556956,-2.892731682559273
Garrison Mathews,20240715000000,2023-24,Regular season,992.0,"SG, SF",-0.41769753611087834,0.07808132530939031,0.4711688209907886
Jaden Hardy,20240715000000,2023-24,Regular season,989.0,"PG,SG",-2.423803602145375,-0.9373957476916103,-1.9472880855419192
Tre Mann,20240715000000,2023-24,Regular season,987.0,PG,0.2666552648617112,-0.11198779624476675,0.5670114673681872
Cam Reddish,20240715000000,2023-24,Regular season,984.0,SF,-2.7616445938782404,-2.67824171795158,0.24556153305027267
Luke Kornet,20240715000000,2023-24,Regular season,983.0,"PF, C",1.3436953700638719,0.6813834123008653,0.9330726613872975
Keon Ellis,20240715000000,2023-24,Regular season,978.0,SG,2.264132311196708,0.3092663693997514,1.3532930135478358
Xavier Tillman,20240715000000,2023-24,Regular season,974.0,PF,-1.292314875893822,-2.369910045489222,0.976323650908544
Josh Okogie,20240715000000,2023-24,Regular season,960.0,"SG, SF",0.6374650968489364,-0.9950420071328757,2.0886619174001466
Goga Bitadze,20240715000000,2023-24,Regular season,957.0,C,1.079858767639241,-0.518867446030586,1.4723882440003218
Max Christie,20240715000000,2023-24,Regular season,944.0,SG,-3.020016390165522,-1.7413135989881123,-0.8170236827573264
Kevin Love,20240715000000,2023-24,Regular season,924.0,"PF, C",3.4542155182865084,2.0718604358796853,1.0703987551324952
Day'Ron Sharpe,20240715000000,2023-24,Regular season,921.0,C,1.5957623474973874,0.010750078318170209,1.9366730889657688
Jonathan Isaac,20240715000000,2023-24,Regular season,914.0,PF,2.8661884023052324,0.6156983000420281,2.7512715845122
Markelle Fultz,20240715000000,2023-24,Regular season,910.0,"PG, SG",-0.540102674357175,-0.7166604041934205,0.2688912559850933
Doug McDermott,20240715000000,2023-24,Regular season,904.0,"SF, PF",-4.413610935794328,-0.035005785898279476,-4.608173818474375
Jaylin Williams,20240715000000,2023-24,Regular season,897.0,PF,1.1622280951143593,-0.28369159621119044,1.3282398229777426
Nikola Jovic,20240715000000,2023-24,Regular season,896.0,"SF,SG",1.1074891716790065,-0.20128164422796888,1.1355051671010459
Bryce McGowens,20240715000000,2023-24,Regular season,882.0,"SF,SG",-3.5121343075393945,-2.6689571663219835,-0.8143563336494979
Cam Whitmore,20240715000000,2023-24,Regular season,880.0,"SF,SG",-1.0895926500285624,0.1867621192825312,-1.0822357100142757
Jaxson Hayes,20240715000000,2023-24,Regular season,877.0,C,-2.792404415882714,-2.583994749887429,-0.5967851244557474
Malachi Flynn,20240715000000,2023-24,Regular season,877.0,PG,-2.5846032674155284,-1.1831294713369438,-1.020259443092601
Blake Wesley,20240715000000,2023-24,Regular season,876.0,PG,-4.384966857821654,-2.2637264713402607,-2.15236388133967
Christian Wood,20240715000000,2023-24,Regular season,872.0,"PF, C",-2.4552880207277377,-2.49496372415876,0.6296992884906328
Zach LaVine,20240715000000,2023-24,Regular season,872.0,"PG, SG",-1.6160639153036707,0.2642228408959812,-1.7202757178723087
Maxi Kleber,20240715000000,2023-24,Regular season,871.0,PF,-0.5278419305206743,-1.7296186461632779,1.4412740731676064
Justin Holiday,20240715000000,2023-24,Regular season,862.0,"SG, SF",-0.4728597348973543,-0.9161564616905659,-0.010782223661197327
Chimezie Metu,20240715000000,2023-24,Regular season,859.0,"PF, C",-2.3767195145216813,-2.537202512753458,-0.13503629937197775
Trendon Watford,20240715000000,2023-24,Regular season,857.0,"SF,PF",-0.9619143740360785,0.07063470939142001,-0.7511104007944406
Taylor Hendricks,20240715000000,2023-24,Regular season,856.0,"PF,SF",-2.3324069543936474,-2.0615502894226916,-0.32660990161057574
Dwight Powell,20240715000000,2023-24,Regular season,836.0,"PF, C",-0.09056708412911357,-0.4435148368472833,0.3116544756412053
Troy Brown Jr.,20240715000000,2023-24,Regular season,827.0,"SG, SF",-3.097717849157056,-1.9396254872992624,-1.0851895526378468
Marcus Morris Sr.,20240715000000,2023-24,Regular season,817.0,"PF, C",-4.080702131348023,-1.3907215749472068,-2.460102595516429
Caleb Houstan,20240715000000,2023-24,Regular season,815.0,SG,-2.465033730698676,-0.3085133025090363,-2.2790595103996685
Ben Sheppard,20240715000000,2023-24,Regular season,814.0,"SG,SF",-0.5330487844440079,-1.0634557266853089,-0.21398725789991985
Jake LaRavia,20240715000000,2023-24,Regular season,806.0,"SF,SG",-2.5962422258290028,-0.8771713110975706,-1.7278301832913188
Bismack Biyombo,20240715000000,2023-24,Regular season,792.0,C,-1.884725160243126,-2.2849266931465886,0.26859700604426845
JT Thor,20240715000000,2023-24,Regular season,781.0,"PF,SF",-2.8184430163772474,-2.007229469211633,-0.20213517333473152
Isaiah Jackson,20240715000000,2023-24,Regular season,771.0,C,0.7034734109267448,-0.4925878159018498,1.3082756053033124
Mitchell Robinson,20240715000000,2023-24,Regular season,768.0,C,-0.03529056015659161,-1.1590980393017565,0.46874818989717587
Jock Landale,20240715000000,2023-24,Regular season,764.0,C,1.5130508262506845,0.016674708377735173,2.1343764380844816
Cody Martin,20240715000000,2023-24,Regular season,753.0,"SG, SF",-2.8943896185579048,-2.7870563490366926,0.3965363336675424
KJ Martin,20240715000000,2023-24,Regular season,747.0,"PF,SF",-2.5341224120401122,-1.7216790625628096,-0.7981510733337887
Delon Wright,20240715000000,2023-24,Regular season,742.0,PG,1.283004048848531,-0.38337748505831437,2.0920169690683172
Ish Smith,20240715000000,2023-24,Regular season,741.0,PG,-6.6291763788287055,-3.809608381268261,-3.111035762519483
Mo Bamba,20240715000000,2023-24,Regular season,740.0,C,-1.2261011761498577,-1.9953726384839943,0.7191753055701159
Nick Smith Jr.,20240715000000,2023-24,Regular season,729.0,"PG,SG",-5.199663212702549,-2.3824877726893616,-2.7554254682507837
Landry Shamet,20240715000000,2023-24,Regular season,726.0,"SG, SF",-2.779054317474829,-0.4231518854918808,-2.5923306346466006
Chris Duarte,20240715000000,2023-24,Regular season,719.0,SG,-2.2951150356611616,-1.3700976411161152,-0.00840575462504331
LaMelo Ball,20240715000000,2023-24,Regular season,711.0,"PG, SG",0.31273484456571576,3.2110692871539626,-1.629080343817706
Jordan Nwora,20240715000000,2023-24,Regular season,711.0,"SF, PF",-3.0481015060773986,-1.4607895586540853,-1.3896712847605308
Chris Boucher,20240715000000,2023-24,Regular season,705.0,"PF, C",1.0316877374026445,-0.05046677343039294,0.8958745406765707
Jacob Gilyard,20240715000000,2023-24,Regular season,698.0,PG,-1.3380943350464183,-0.07345325877070114,-1.3225498314626458
Bruno Fernando,20240715000000,2023-24,Regular season,682.0,C,-1.5185859227819347,-2.1043049561557203,0.7335547275393959
Dalen Terry,20240715000000,2023-24,Regular season,681.0,"SF,SG",0.4794035228012391,-0.9730265389169126,1.1747442547988776
Gary Payton II,20240715000000,2023-24,Regular season,680.0,SG,1.7024097091158679,-0.14938210502563187,1.6529068698630083
Mason Plumlee,20240715000000,2023-24,Regular season,674.0,C,-0.7962716748025314,-0.7314492447200911,0.7277533789344477
Davis Bertans,20240715000000,2023-24,Regular season,674.0,"SF, PF",-0.7923186102803474,0.08360588980965622,-0.4802158652347921
Keita Bates-Diop,20240715000000,2023-24,Regular season,665.0,"SF, PF",-2.927475807376492,-1.9299090052800707,-0.7497120733637332
Jalen Wilson,20240715000000,2023-24,Regular season,664.0,"SF,SG",-2.5200826892949837,-0.25408679287155345,-1.298277481016025
Craig Porter Jr.,20240715000000,2023-24,Regular season,649.0,PG,-1.0896191615447781,0.5647093853098151,-1.9059881728751247
Rayan Rupert,20240715000000,2023-24,Regular season,633.0,"SF,SG",-4.371812965802351,-2.570054581952949,-1.6430222028145811
Oshae Brissett,20240715000000,2023-24,Regular season,630.0,"SF, PF",0.24929929261711392,-0.8546438596957218,0.4292599871332224
Danilo Gallinari,20240715000000,2023-24,Regular season,629.0,"SF, PF",-2.1548180861246227,-0.197108865914228,-2.6514191026949394
Jordan McLaughlin,20240715000000,2023-24,Regular season,626.0,PG,2.9901192008640134,1.0394229902066665,2.6287567984523537
Seth Curry,20240715000000,2023-24,Regular season,615.0,"PG, SG",0.3434344460540192,-0.5783326522792523,0.5689891490464818
AJ Green,20240715000000,2023-24,Regular season,614.0,SG,-0.41092060233448124,0.8902295674355597,-0.9382239786523033
Johnny Davis,20240715000000,2023-24,Regular season,613.0,"SG,SF",-4.484669629920277,-3.2487902464564886,-0.860473833732357
MarJon Beauchamp,20240715000000,2023-24,Regular season,608.0,"SG,SF",-2.906344878877847,-1.3769476134339476,-1.654343554157604
Marcus Smart,20240715000000,2023-24,Regular season,605.0,SG,0.9428673251349017,-0.5749053738296488,1.1577063889412749
Mike Muscala,20240715000000,2023-24,Regular season,600.0,C,-5.103512501476334,-3.5531057599522873,-1.2958027273445443
Jericho Sims,20240715000000,2023-24,Regular season,585.0,C,-1.7064926668799558,-1.1714634761286449,0.7301759275893571
Brice Sensabaugh,20240715000000,2023-24,Regular season,584.0,"SG,SF",-5.115025026976217,-2.7421755262993828,-2.667974375671797
Jarred Vanderbilt,20240715000000,2023-24,Regular season,581.0,"SF, PF",1.4142364175609963,-1.365051830045793,2.310284580621985
Shake Milton,20240715000000,2023-24,Regular season,581.0,"PG, SG",-2.9952180788500176,-2.2461052638605112,-1.1188199608653477
Evan Fournier,20240715000000,2023-24,Regular season,580.0,"SG, SF",-2.6349749232901893,-2.785628572540719,-0.06929968718313456
Zeke Nnaji,20240715000000,2023-24,Regular season,576.0,PF,-3.941991208362413,-3.6206059486148554,-0.8918824730769275
Trey Jemison,20240715000000,2023-24,Regular season,574.0,C,-2.8245158894063023,-2.25606374580243,-0.8466768077426041
Andre Jackson Jr.,20240715000000,2023-24,Regular season,572.0,"SF,SG",-2.536936517300936,-0.9642428349244376,-1.3310261085619883
Jared Butler,20240715000000,2023-24,Regular season,566.0,PG,-0.47463505591263855,-0.17561624389254843,-0.06273922418032138
Kevin Knox II,20240715000000,2023-24,Regular season,560.0,"SF, PF",-2.972640970190667,-1.7101050513191411,-1.544718237862747
Lamar Stevens,20240715000000,2023-24,Regular season,559.0,PF,0.4569477157160349,-0.7495828713051338,1.4396278707049832
Richaun Holmes,20240715000000,2023-24,Regular season,554.0,"PF, C",-1.6233473914362513,-1.994908840295087,0.15790612154616862
Tristan Thompson,20240715000000,2023-24,Regular season,549.0,"PF, C",-1.1051404349015537,-0.9498384360114611,-0.2612766340951782
Julian Strawther,20240715000000,2023-24,Regular season,545.0,SG,-3.75544414043702,-1.5000071632774257,-2.0687270638460142
Omer Yurtseven,20240715000000,2023-24,Regular season,545.0,C,-3.179656214327336,-2.6617666218549205,-0.2417731024163229
Vit Krejci,20240715000000,2023-24,Regular season,541.0,"SG,SF",-1.0827725818329832,0.09126383960248412,-1.1977173208520384
Bones Hyland,20240715000000,2023-24,Regular season,540.0,PG,-2.1358200971396473,-1.1992323491644403,-1.514936330432974
Jalen McDaniels,20240715000000,2023-24,Regular season,538.0,"SF, PF",-5.840291643698636,-4.167070525846738,-1.7139283626487223
Scotty Pippen Jr.,20240715000000,2023-24,Regular season,527.0,PG,0.8993725649875994,-0.22477277011207722,0.527571360549256
Sasha Vezenkov,20240715000000,2023-24,Regular season,511.0,PF,-0.49519073697021504,0.20881861973404475,-0.2755690354310183
Danuel House Jr.,20240715000000,2023-24,Regular season,509.0,PG,-0.8679716851076992,-1.50611074330387,-0.16218355497485706
Mark Williams,20240715000000,2023-24,Regular season,508.0,C,0.9688107470177799,0.9317602744984551,0.05325434516264277
Jaden Springer,20240715000000,2023-24,Regular season,507.0,"SG,SF",-1.4866733083036157,-2.3196677669872807,0.8626155051544072
Patrick Baldwin Jr.,20240715000000,2023-24,Regular season,494.0,"PF,SF",-1.6065511938892008,-2.1107878768555537,0.4017387490802437
Robert Covington,20240715000000,2023-24,Regular season,488.0,"SF, PF",2.6490316992403304,-0.17090590944476766,2.80965811925687
P.J. Tucker,20240715000000,2023-24,Regular season,486.0,"SF, PF",-2.6774431426564766,-2.490469149915329,-0.2971969202632281
Tari Eason,20240715000000,2023-24,Regular season,480.0,"PF,SF",2.261564053435092,-0.21370013052420989,2.506093216238847
Monte Morris,20240715000000,2023-24,Regular season,476.0,PG,0.2868427931838095,0.0313381668032352,0.7796631557199856
Isaiah Livers,20240715000000,2023-24,Regular season,469.0,"SG,SF",-5.32323791447994,-3.305389095030396,-2.203094145114279
Bol Bol,20240715000000,2023-24,Regular season,469.0,"PF, C",-0.5412425425132678,0.06667540804402938,0.3776596744549314
Anthony Gill,20240715000000,2023-24,Regular season,466.0,PF,-1.5507106037947263,-1.0907208752182351,-0.906121606501971
Yuta Watanabe,20240715000000,2023-24,Regular season,464.0,SF,-3.6952374130456804,-3.2778642267035147,-1.0364009729698056
Nassir Little,20240715000000,2023-24,Regular season,458.0,"SF, PF",-4.128000888112705,-3.106238899314347,-1.452368807275401
Sandro Mamukelashvili,20240715000000,2023-24,Regular season,451.0,C,-0.47963294576685667,-0.6966541470055756,0.9451689258251053
Alex Len,20240715000000,2023-24,Regular season,444.0,C,0.4706986182671966,-1.6167122079259197,2.333594717856266
Thomas Bryant,20240715000000,2023-24,Regular season,441.0,C,-0.6843339497984973,-0.5175617518060867,0.04686372383075965
Thaddeus Young,20240715000000,2023-24,Regular season,440.0,PF,-0.405673407609698,0.15396537359071072,-0.7993996918359563
Skylar Mays,20240715000000,2023-24,Regular season,433.0,SG,-2.638261238507026,-1.4027042240453977,-0.9526987064283773
Chuma Okeke,20240715000000,2023-24,Regular season,432.0,PF,-4.676510298972662,-4.009044619513902,-1.0328891513897087
Dominick Barlow,20240715000000,2023-24,Regular season,420.0,"PF,C",-1.321379435979987,-0.445391543877985,-0.9432046488954722
Reggie Bullock Jr.,20240715000000,2023-24,Regular season,418.0,"SF,SG",-2.9082419101747705,-1.6910081846982528,-1.6689829542876518
Patty Mills,20240715000000,2023-24,Regular season,415.0,"PG, SG",-0.3909427621904743,-1.0771253184299339,0.8466451787322833
Trent Forrest,20240715000000,2023-24,Regular season,414.0,"PG, SG",-5.14728897306004,-3.483631543401756,-1.6890509306271022
Svi Mykhailiuk,20240715000000,2023-24,Regular season,413.0,"SG, SF",-0.15525963887370217,0.23015784829506822,-0.6898600456331556
Wesley Matthews,20240715000000,2023-24,Regular season,413.0,"SG, SF",-1.8341271573085418,-2.3595487774684116,0.4970896715575496
Aleksej Pokusevski,20240715000000,2023-24,Regular season,405.0,PF,-2.5920410887856575,-2.0721066870157183,-0.11687252617503305
Luka Samanic,20240715000000,2023-24,Regular season,404.0,"PF, C",-4.86958764426893,-3.350029195839727,-1.3168646517319478
Javon Freeman-Liberty,20240715000000,2023-24,Regular season,403.0,"PG,SG",-4.680375022161481,-2.146046761316835,-3.0703609676151475
Derrick Rose,20240715000000,2023-24,Regular season,399.0,"PG, SG",-2.539398833627223,-1.0426807895127248,-1.2685486432974884
DeAndre Jordan,20240715000000,2023-24,Regular season,396.0,C,-3.362610720483712,-2.321124653656904,-1.0652403915247706
Lester Quinones,20240715000000,2023-24,Regular season,394.0,"SG,PG",-1.2877531291460764,-0.4021053437825942,-1.1507456909015157
Kobe Brown,20240715000000,2023-24,Regular season,394.0,"SF,PF",-4.330477715051707,-2.6155977084988358,-1.357924580161986
Eugene Omoruyi,20240715000000,2023-24,Regular season,393.0,PF,-0.9836522152561318,-1.0696737065479947,0.4336332196882289
Matt Ryan,20240715000000,2023-24,Regular season,390.0,SG,-2.828756185999468,-0.8596687549169697,-1.8584422001602747
Justin Minaya,20240715000000,2023-24,Regular season,381.0,"SF,SG",-3.6757327869898635,-3.4461933501701503,0.20882814475608769
Johnny Juzang,20240715000000,2023-24,Regular season,372.0,SG,-2.2757412777266897,-0.2508810593615952,-1.8221234772526065
Noah Clowney,20240715000000,2023-24,Regular season,370.0,PF,-2.531438216847696,-2.026283422199479,-0.15126380236050518
Tosan Evbuomwan,20240715000000,2023-24,Regular season,367.0,"SF,SG",-4.102608591953523,-2.3270711086959572,-1.999648946675907
Ousmane Dieng,20240715000000,2023-24,Regular season,365.0,"SG,SF",-3.0903795555456024,-1.863138896866176,-1.919901324965997
Jontay Porter,20240715000000,2023-24,Regular season,360.0,PF,-1.0934761022634478,-1.3503892953302539,0.47222559615619614
Ben Simmons,20240715000000,2023-24,Regular season,359.0,"PG, SF",-0.9918813305108005,-1.1600575391672279,0.3403833920454735
Brandon Boston Jr.,20240715000000,2023-24,Regular season,345.0,SG,-6.310848154411352,-4.2218798148789105,-2.30752137956835
Jarace Walker,20240715000000,2023-24,Regular season,340.0,"PF,SF",-1.6233074232655422,-1.207377479776095,0.31647993408361835
JaVale McGee,20240715000000,2023-24,Regular season,339.0,C,-0.24987272554784623,-1.8405158197701792,1.3521676525066657
Olivier-Maxence Prosper,20240715000000,2023-24,Regular season,336.0,"SF,SG",-3.8778920776551065,-3.0087671807647016,-1.3454168532984165
Jeremiah Robinson-Earl,20240715000000,2023-24,Regular season,334.0,"PF,SF",-1.692812062785602,-1.5837637905340967,-0.18669315816040116
Neemias Queta,20240715000000,2023-24,Regular season,333.0,C,3.038099603476654,1.778060138015247,1.3569898111127487
Julian Phillips,20240715000000,2023-24,Regular season,323.0,SF,-3.467339196695632,-2.0872100292231144,-1.7615619026044271
Cody Zeller,20240715000000,2023-24,Regular season,320.0,C,-0.03838659153819951,-1.4390227418433492,0.5839477500089683
Ja Morant,20240715000000,2023-24,Regular season,318.0,PG,1.0850434889626452,2.9727919355850267,-2.0149832691525145
Ashton Hagans,20240715000000,2023-24,Regular season,316.0,PG,-2.5518075230059543,-2.458986384472869,-0.2251028508999779
Devonte' Graham,20240715000000,2023-24,Regular season,313.0,PG,0.29168810878432266,0.6074050146191484,-0.8964767765995957
A.J. Lawson,20240715000000,2023-24,Regular season,311.0,"SF,SG",-1.4723904034362847,-1.9668065165069681,-0.40306756311170044
Stanley Umude,20240715000000,2023-24,Regular season,307.0,"SF,PF",-3.2766925384075822,-1.7326429525311227,-0.7930914841441968
Nathan Mensah,20240715000000,2023-24,Regular season,307.0,C,-6.472656652784256,-5.725360713546639,-0.46086176680694124
Orlando Robinson,20240715000000,2023-24,Regular season,304.0,"C,PF",-1.2834454961152957,-0.8604277439663433,0.10448110351043202
Furkan Korkmaz,20240715000000,2023-24,Regular season,300.0,"SG, SF",-1.056691420457537,-0.9936057082347718,-0.39295754656908016
Cory Joseph,20240715000000,2023-24,Regular season,296.0,PG,-4.141125060116485,-1.6842111008718224,-2.3117523077729567
Garrett Temple,20240715000000,2023-24,Regular season,289.0,"SG, SF",-4.109143761549744,-2.8163301157837983,-0.6949347401609995
Ricky Council IV,20240715000000,2023-24,Regular season,289.0,"SF,SG",-0.05665437303048734,1.8561324069173455,-1.5511234824394569
Leaky Black,20240715000000,2023-24,Regular season,284.0,"SF,PF",-1.563557482709901,-1.362847086281729,0.5176968224585933
Lindy Waters III,20240715000000,2023-24,Regular season,280.0,SG,-3.1724487161644808,0.017264192762600022,-2.5266822185527555
Kessler Edwards,20240715000000,2023-24,Regular season,275.0,"SF,PF",-2.4773948792751876,-1.9180267232461798,0.3227200362892496
Damian Jones,20240715000000,2023-24,Regular season,270.0,C,-4.7907486543378965,-3.3764189861922045,-0.4743831050667382
Onuralp Bitim,20240715000000,2023-24,Regular season,268.0,"SF,SG",-5.427970827886842,-2.500418787048081,-2.671089614077096
Kira Lewis Jr.,20240715000000,2023-24,Regular season,264.0,PG,-5.981498048655043,-3.9304052416170423,-1.6497298674334264
Jamal Cain,20240715000000,2023-24,Regular season,259.0,"SF,SG",-3.0999494972732786,-1.8054750124902892,-1.036050574543304
Jared Rhoden,20240715000000,2023-24,Regular season,245.0,"SG,SF",-3.153631122585651,-1.447452489547985,-0.7734221195470932
Justin Champagnie,20240715000000,2023-24,Regular season,235.0,"SF,PF",-2.4835012379248664,-1.326538434675132,-1.4862538451008223
Javonte Green,20240715000000,2023-24,Regular season,230.0,"SG, SF",1.1503755912324607,1.3326149835998111,-0.328892706217185
Ibou Badji,20240715000000,2023-24,Regular season,226.0,C,-5.613837964515012,-4.961797718283755,-0.9922940099634141
Collin Gillespie,20240715000000,2023-24,Regular season,225.0,PG,0.45690739519799495,-0.38762534535040827,1.033273015346776
Gabe Vincent,20240715000000,2023-24,Regular season,218.0,PG,-1.6931753152468796,-2.3878089008456644,0.5698630092369484
Markieff Morris,20240715000000,2023-24,Regular season,216.0,PF,-6.012460215688346,-3.7111247749208367,-2.5330049502204224
Jaylen Nowell,20240715000000,2023-24,Regular season,214.0,SG,-4.329164725664152,-2.2503771221098345,-2.41575796130227
Theo Maledon,20240715000000,2023-24,Regular season,213.0,PG,-4.994348324077592,-2.666527446788975,-1.7112135929188634
Charles Bassey,20240715000000,2023-24,Regular season,205.0,C,-2.7091319936197857,-1.8529366092141601,-0.9309306689176726
Taj Gibson,20240715000000,2023-24,Regular season,204.0,"PF, C",-6.519206285977301,-4.460148850854985,-0.6994937345102193
Moses Brown,20240715000000,2023-24,Regular season,200.0,C,-4.553854265144659,-3.1663522413497502,-1.1270174460636655
Kenneth Lofton Jr.,20240715000000,2023-24,Regular season,198.0,PF,-0.49181169181875484,-0.6682113734743753,-0.2013781050706968
Kobe Bufkin,20240715000000,2023-24,Regular season,196.0,PG,-3.0941570431686083,-2.804017780725251,0.7577284891475513
Gui Santos,20240715000000,2023-24,Regular season,192.0,"SF,PF",0.13878107319808047,0.6350731443927538,-0.9383145256018741
Colby Jones,20240715000000,2023-24,Regular season,192.0,"SG,SF",-2.0503138904341958,-2.655509199232804,0.2531039840190851
Terry Taylor,20240715000000,2023-24,Regular season,188.0,"SF,PF",-2.0657999746206226,-1.5684261684712941,-0.7702992195614703
Micah Potter,20240715000000,2023-24,Regular season,186.0,"PF,C",-2.8974309073861613,-1.8819948979996166,-0.7779271124525242
Saben Lee,20240715000000,2023-24,Regular season,185.0,C,-1.1144207448659236,-0.8955584546354616,0.4651640574869773
Otto Porter Jr.,20240715000000,2023-24,Regular season,174.0,"SF, PF",-1.0162367226479536,-1.7182944480647344,0.48429148998671545
AJ Griffin,20240715000000,2023-24,Regular season,171.0,SG,-7.775159684867539,-3.8207569315262013,-4.1880252824164605
Joe Harris,20240715000000,2023-24,Regular season,170.0,"SG, SF",-5.207150151025932,-2.5307384077697335,-3.4433004225062573
Trevelin Queen,20240715000000,2023-24,Regular season,165.0,"SG,SF",-0.5994289799199255,-2.0717820627401906,1.7927380231966237
Zavier Simpson,20240715000000,2023-24,Regular season,161.0,PG,-4.325316109632581,-4.918030960467176,-0.628167818084308
Thanasis Antetokounmpo,20240715000000,2023-24,Regular season,155.0,SF,-5.380003626999796,-5.115378671973155,-0.3388940979853967
Tristan Vukcevic,20240715000000,2023-24,Regular season,153.0,"PF,SF",1.8086155477806578,-0.6253392011288825,2.491780110530775
Darius Bazley,20240715000000,2023-24,Regular season,152.0,"SF, PF",-1.9854665905902789,-1.2364757296158926,-1.1103561442490124
DeJon Jarreau,20240715000000,2023-24,Regular season,150.0,PG,-2.575524494683929,-2.558169062976513,0.6911829975081372
Jules Bernard,20240715000000,2023-24,Regular season,149.0,"SG,SF",-0.08058448613062513,1.555625727315701,-0.9770263831315047
Jeff Dowtin Jr.,20240715000000,2023-24,Regular season,142.0,PG,1.508615774956899,2.36672792721094,0.424316780932287
Sidy Cissoko,20240715000000,2023-24,Regular season,141.0,"SF,SG",0.6765602059392963,-1.4462944610711015,2.7322201400759583
Brandon Clarke,20240715000000,2023-24,Regular season,134.0,"PF, C",-0.9897969754716658,-0.9133723597180439,0.21452222447808944
Emoni Bates,20240715000000,2023-24,Regular season,133.0,"SG,PG",-8.68018626723516,-5.734620309614783,-4.682304706994698
Dru Smith,20240715000000,2023-24,Regular season,131.0,PG,-2.296587417195726,-2.7413490859729137,0.16663957086711148
Nate Williams,20240715000000,2023-24,Regular season,129.0,"SG,SF",-0.3281731829955291,0.4142811305254807,-0.09042756209931968
Timmy Allen,20240715000000,2023-24,Regular season,125.0,"SG,PG",-7.383169974516936,-4.805615813871466,-1.9307741661839288
T.J. Warren,20240715000000,2023-24,Regular season,125.0,"SF, PF",-1.422729421090007,-2.012801602309059,0.611110252610938
Luka Garza,20240715000000,2023-24,Regular season,122.0,"PF,C",0.8759179897755272,1.771037819063642,-1.5080076510990827
Jalen Pickett,20240715000000,2023-24,Regular season,122.0,PG,-2.325520525566392,-1.247051868256504,-1.6509851198587218
Maozinha Pereira,20240715000000,2023-24,Regular season,122.0,"SF,PF",0.9639455458741524,-1.7655583654076277,2.7872354421289574
Marques Bolden,20240715000000,2023-24,Regular season,121.0,PG,-1.6980671820345548,-2.0453543641574616,-0.5102181859176536
Jahmi'us Ramsey,20240715000000,2023-24,Regular season,121.0,SG,-3.497512500629412,-3.455109683507218,-1.2216758695902665
Mouhamadou Gueye,20240715000000,2023-24,Regular season,120.0,"PF,PG",-9.147172596518596,-8.712911477680748,-0.529137487755321
Xavier Moon,20240715000000,2023-24,Regular season,119.0,"PG,SG",-5.723149218833486,-4.07694050258496,-1.7282064750425457
Robert Williams III,20240715000000,2023-24,Regular season,119.0,C,-2.425784325940436,-2.1801425847395937,0.5805894408239765
Matt Hurt,20240715000000,2023-24,Regular season,113.0,"PF,SG",-3.8859754995037967,-2.381308093783585,-1.340050725277121
Udoka Azubuike,20240715000000,2023-24,Regular season,113.0,C,-5.453537353351557,-2.894680319408242,-2.607932659632705
Brandon Williams,20240715000000,2023-24,Regular season,113.0,"PG,SG",-7.770674399239641,-3.392175813753119,-3.228912806281299
Jalen Hood-Schifino,20240715000000,2023-24,Regular season,109.0,"PG,SG",-10.346418160178013,-6.819656819362499,-3.2153661768744346
Dylan Windler,20240715000000,2023-24,Regular season,108.0,"SG, SF",-3.820258803525462,-0.058301291711885556,-2.5563238054718385
Malik Williams,20240715000000,2023-24,Regular season,107.0,"C,PF",-8.59775404485273,-6.025554568017945,-1.9904647637405606
Armoni Brooks,20240715000000,2023-24,Regular season,104.0,"PG, SG",-2.23798989048077,0.8007685586417994,-3.8229523651752766
Maxwell Lewis,20240715000000,2023-24,Regular season,103.0,"SG,PG",-10.957472244305084,-8.216655398923312,-2.594789323398412
Harry Giles III,20240715000000,2023-24,Regular season,100.0,"PF, C",-4.043876580689724,-1.2974885858957155,-3.3623452530174784
Olivier Sarr,20240715000000,2023-24,Regular season,98.0,"C,PF",0.16780270955498938,-0.13637854220837922,1.8870437784162168
Jamaree Bouyea,20240715000000,2023-24,Regular season,95.0,PG,-7.205110705584065,-6.471196027991269,-0.6139548490364837
Josh Minott,20240715000000,2023-24,Regular season,91.0,"SF,SG",0.12349769062073412,0.8539245498494413,0.055308687036018545
Chris Livingston,20240715000000,2023-24,Regular season,90.0,SF,-5.238318680493673,-3.8395261616990988,-2.0811270998094864
Cole Swider,20240715000000,2023-24,Regular season,87.0,SG,-6.7337421155458435,-2.8279357734156254,-2.9436821171299616
Terquavion Smith,20240715000000,2023-24,Regular season,84.0,"PG,SG",0.008075670112380084,1.5461177576668284,-2.1949868892244946
Admiral Schofield,20240715000000,2023-24,Regular season,84.0,"PF,SF",-5.191753419146255,-5.168588028425855,-1.4996281406368108
Buddy Boeheim,20240715000000,2023-24,Regular season,84.0,"SG,PF",0.20710224655768605,1.1939476330378977,-1.7220485357835207
Jordan Walsh,20240715000000,2023-24,Regular season,83.0,"SF,SG",1.7045244118710274,-2.0059589380192726,3.511789097972142
Wenyen Gabriel,20240715000000,2023-24,Regular season,81.0,"PF, C",-5.281148809885021,-6.5018663681351505,1.0276120046213901
James Bouknight,20240715000000,2023-24,Regular season,81.0,SG,-1.3831371984098657,2.1738768100728096,-3.1179120237862312
Jerome Robinson,20240715000000,2023-24,Regular season,81.0,"PF, C",-1.5310176454999938,-2.1577211701419037,0.05623629566916402
Ryan Rollins,20240715000000,2023-24,Regular season,78.0,PG,6.763240041019538,2.7727666345943818,5.376943402692415
R.J. Hampton,20240715000000,2023-24,Regular season,76.0,PG,-3.943445527453278,-2.0454790382261985,-2.2426285367474814
Wendell Moore Jr.,20240715000000,2023-24,Regular season,75.0,"PG,SG",-2.694232126256374,-2.9437386267455596,0.33041598846181475
Nate Hinton,20240715000000,2023-24,Regular season,75.0,SG,1.0111227557887001,1.3853159181091945,0.49359805631509823
Mouhamed Gueye,20240715000000,2023-24,Regular season,73.0,"SF,PF",-7.083808943330057,-3.580493683114075,-0.5028367676634731
Isaiah Mobley,20240715000000,2023-24,Regular season,72.0,"PF,SF",-8.051574459981504,-4.043626265691834,-3.544868847366426
Jason Preston,20240715000000,2023-24,Regular season,71.0,"PG,SG",-0.05577371439206394,-0.94255316140069,-0.30429023109810993
Boban Marjanovic,20240715000000,2023-24,Regular season,71.0,C,-3.177878185705171,0.028249253000089056,-0.77849579151989
Kobi Simmons,20240715000000,2023-24,Regular season,67.0,"PG,SG",-4.761508943194531,-3.5034579965191237,0.4797190676392797
Jett Howard,20240715000000,2023-24,Regular season,67.0,"SG,SF",-2.5705162617166657,-2.762932630667751,-0.1528331902255669
Seth Lundy,20240715000000,2023-24,Regular season,52.0,"PF,SF",-7.032400954679693,-4.606201628209744,-3.506661178152106
JD Davison,20240715000000,2023-24,Regular season,39.0,"SG,PG",2.053377288518327,0.8453660614346504,1.8556255756378168
Drew Peterson,20240715000000,2023-24,Regular season,23.0,SG,2.566235000948359,1.8573640519313224,-1.0759766452824406
Pete Nance,20240715000000,2023-24,Regular season,27.0,"PF,SG",-9.35238437765344,-7.6723446467286465,-1.4078926091975157
Ty Jerome,20240715000000,2023-24,Regular season,15.0,"PG, SG",-5.480660393670819,-1.012955580998194,-4.643705061760654
Dereon Seabron,20240715000000,2023-24,Regular season,55.0,"SG,PG",1.1933795022109943,-1.5917092223994418,2.6523974451693713
E.J. Liddell,20240715000000,2023-24,Regular season,23.0,"PF,SF",-5.707291612098485,-6.695959152374277,0.6681024579390986
Kaiser Gates,20240715000000,2023-24,Regular season,7.0,"PF,SF",-2.6561443109936467,-4.524506826779541,1.396235537337743
Izaiah Brockington,20240715000000,2023-24,Regular season,3.0,PG,-0.47334844273813204,3.634440294534316,-2.6951418282395356
Jalen Crutcher,20240715000000,2023-24,Regular season,3.0,PG,1.1449143923179816,-1.443803968351892,2.72350672425724
Adama Sanogo,20240715000000,2023-24,Regular season,66.0,C,0.5914400882190571,0.16739447617301761,0.36092353713289915
Henri Drell,20240715000000,2023-24,Regular season,30.0,SG,-0.21091059684310542,0.0973043410624897,-0.8953954571488145
Andrew Funk,20240715000000,2023-24,Regular season,13.0,"SF,SG",2.7368775341335034,-0.16984608356568498,3.315260934937592
Greg Brown III,20240715000000,2023-24,Regular season,40.0,"C,PF",-6.910082717430225,-4.233936554326458,-2.735404056355347
Dexter Dennis,20240715000000,2023-24,Regular season,30.0,"PG,SG",-5.8628191509966365,-0.7269806583791084,-2.3263506359262087
Alex Fudge,20240715000000,2023-24,Regular season,26.0,SG,-5.322543325513643,-2.492393396103443,-2.4634852384187766
Braxton Key,20240715000000,2023-24,Regular season,60.0,"PF,SF",-3.012923820792034,-1.5232754144570522,-0.4778553297683852
Jay Huff,20240715000000,2023-24,Regular season,49.0,"PF,C",-2.179878708217754,-2.229494890494908,1.563270453431148
Hunter Tyson,20240715000000,2023-24,Regular season,48.0,"PF,SG",-2.9630371435278837,-2.845655188495914,-0.6847736090568399
Pat Spencer,20240715000000,2023-24,Regular season,26.0,SG,-5.110333224780594,-2.3817209954008223,-2.0261769796016917
Usman Garuba,20240715000000,2023-24,Regular season,18.0,"C,PF",-9.429581142650008,-7.915050526126081,-0.9541966762462634
Jermaine Samuels Jr.,20240715000000,2023-24,Regular season,60.0,"SG,SF",-3.8055192437785985,-2.056272326456578,-1.851032735969913
Moussa Diabate,20240715000000,2023-24,Regular season,64.0,C,2.7944423502315816,2.347274711871782,0.7621977350347695
Jordan Miller,20240715000000,2023-24,Regular season,28.0,SG,-3.751504401433891,0.5234264909610764,-4.335477138071127
Joshua Primo,20240715000000,2023-24,Regular season,10.0,"SG,PG",-10.759769637514381,-9.675860371675311,-2.120979087201604
Colin Castleton,20240715000000,2023-24,Regular season,59.0,"C,PF",-8.336432694299853,-4.366135291146561,-3.418005538323464
D'Moi Hodge,20240715000000,2023-24,Regular season,41.0,SG,-10.091731014652025,-3.872096816930951,-5.427294421438047
Alondes Williams,20240715000000,2023-24,Regular season,16.0,PG,-12.927524349517984,-8.263912030026866,-4.496250573430739
Robin Lopez,20240715000000,2023-24,Regular season,65.0,C,-7.534490447184373,-5.61550566962795,-1.9003666182011991
TyTy Washington Jr.,20240715000000,2023-24,Regular season,56.0,PG,-4.617605808948313,-6.391086985494666,0.8272008305564464
Lindell Wigginton,20240715000000,2023-24,Regular season,8.0,PG,-7.1468105092103995,-2.3318925084055984,-3.2628001351435216
Leonard Miller,20240715000000,2023-24,Regular season,52.0,"SF,PF",1.2885561218364783,1.990221732843891,-0.06585437238534395
Daishen Nix,20240715000000,2023-24,Regular season,50.0,"PG,SG",0.9386330439196064,0.8359076102067333,1.3358805697042135
Justin Jackson,20240715000000,2023-24,Regular season,1.0,PG,-1.3706656199365532,-1.526885677477374,0.37595763368473323
Keon Johnson,20240715000000,2023-24,Regular season,61.0,"SG,PG",-4.828056180252025,-0.1587154540613121,-4.263303978679552
Dariq Whitehead,20240715000000,2023-24,Regular season,24.0,"SF,SG",-9.814407274032426,-3.2965063480182195,-5.951022489715518
DaQuan Jeffries,20240715000000,2023-24,Regular season,46.0,PG,-7.44666874291871,-6.505160172191531,-1.132648829108202
Ryan Arcidiacono,20240715000000,2023-24,Regular season,45.0,PG,-0.0944759197049666,-3.6390209483096596,3.7784204282771117
Jacob Toppin,20240715000000,2023-24,Regular season,38.0,"SF,PF",-8.02183516774025,-1.8353624978492182,-4.783984406911128
Charlie Brown Jr.,20240715000000,2023-24,Regular season,37.0,"PG, SG",-8.344003465861496,-4.737334777381735,-3.2478202067117183
Mamadi Diakite,20240715000000,2023-24,Regular season,16.0,PF,0.2868232827665833,2.636519833472467,0.21316349213137775
Dmytro Skapintsev,20240715000000,2023-24,Regular season,2.0,"PF,SF",1.844644371378468,-3.283857214087797,4.506151904742652
Kevon Harris,20240715000000,2023-24,Regular season,6.0,PG,-1.8094595777230256,0.8403912885103788,-1.7845656607482479
Kendall Brown,20240715000000,2023-24,Regular season,62.0,SG,-6.6903164381390186,-3.8269831962696204,-2.959963393178495
James Johnson,20240715000000,2023-24,Regular season,47.0,PF,-1.0240192346337216,-3.5139204507501276,1.5338922777564128
Oscar Tshiebwe,20240715000000,2023-24,Regular season,42.0,"C,PF",1.4355438451601557,-0.04399734954470691,2.686862615451612
Quenton Jackson,20240715000000,2023-24,Regular season,11.0,PG,1.3194382105109672,-3.551476303916628,4.065220282930936
Isaiah Wong,20240715000000,2023-24,Regular season,4.0,"PG,SG",-6.524878594379271,-4.529151972943226,-2.2996787379870627
Danny Green,20240715000000,2023-24,Regular season,18.0,"SG, SF",-0.25349093231368536,-0.23244921402838403,-0.9894289178971163
D.J. Wilson,20240715000000,2023-24,Regular season,15.0,SG,-0.22954312283070089,3.7925885786694304,-3.2590797874203394
Filip Petrusev,20240715000000,2023-24,Regular season,7.0,"C,SG",-2.4395190788772463,-2.78691499316409,0.34514234314158365
Javonte Smart,20240715000000,2023-24,Regular season,1.0,"SG,PG",-6.198984418135141,-1.7669580138872791,-4.750633669899849
Isaiah Thomas,20240715000000,2023-24,Regular season,19.0,"SF, PF",-6.202233055332081,-3.3677649517143537,-4.0812067618334
Ish Wainright,20240715000000,2023-24,Regular season,46.0,PF,-1.1720518176422592,-2.2489321499708,1.9274515322604482
Taze Moore,20240715000000,2023-24,Regular season,40.0,"SF,SG",-7.922048755320361,-2.7125953968717362,-2.2459735462150503
Juan Toscano-Anderson,20240715000000,2023-24,Regular season,53.0,"SF, PF",-3.532320582813524,-3.296957041798966,0.21977759150393145
Jalen Slawson,20240715000000,2023-24,Regular season,37.0,"PF,C",-4.367184035939406,-2.9441100060944523,-2.374197470551815
Mason Jones,20240715000000,2023-24,Regular season,28.0,PF,-2.0192607459410983,-2.8456871653019498,0.5075165306864812
Jordan Ford,20240715000000,2023-24,Regular season,22.0,PG,0.3145474339399276,2.7611618738769734,-1.0592406131238417
David Duke Jr.,20240715000000,2023-24,Regular season,51.0,"SG,SF",0.21652714188056638,1.4255277479738413,-0.9769270358943124
RaiQuan Gray,20240715000000,2023-24,Regular season,39.0,"SG,PF",3.0497550193065694,4.154581898573603,-2.546330439273607
Keyontae Johnson,20240715000000,2023-24,Regular season,66.0,SG,-7.554936966910328,-6.293446462787209,-2.636633439752008
Adam Flagler,20240715000000,2023-24,Regular season,14.0,PG,-1.3154499578592582,-1.8122761264407132,-0.7117006039892119
D.J. Carton,20240715000000,2023-24,Regular season,36.0,"SG,PG",-8.675705610781883,-4.19459827560428,-3.671165046812963
Ron Harper Jr.,20240715000000,2023-24,Regular season,4.0,"SG,SF",-4.254740311447284,-1.3442807831827923,-2.848911304212135
Markquis Nowell,20240715000000,2023-24,Regular season,4.0,"SG,PG",11.320952807714605,6.460361321289893,6.379188067507967
Jack White,20240715000000,2023-24,Regular season,64.0,"PF,SF",-6.214728628169106,-5.40981456836922,-0.2057144632818912
Shaquille Harrison,20240715000000,2023-24,Regular season,6.0,SG,-6.085990813639215,-4.4607989938431025,-1.2390958886152488
Hamidou Diallo,20240715000000,2023-24,Regular season,5.0,"SG, SF",7.652206294384001,0.9044935804350401,6.748022104685751
Malcolm Cazalon,20240715000000,2023-24,Regular season,3.0,"SF,PF",1.7982577799288628,0.8911444791389802,0.8788617107606352
Amari Bailey,20240715000000,2023-24,Regular season,65.0,"SG,PG",0.5310074839850265,0.275750267392609,0.6514403448319301
Frank Ntilikina,20240715000000,2023-24,Regular season,43.0,"PG, SG",-4.393175125601334,-2.4897628957325697,-2.8480200653759415
Luka Doncic,20240715000000,2023-24,Playoffs,900.0,"PG, SG, SF",6.631578831474395,5.6002075519632,0.5560604230986907
Kyrie Irving,20240715000000,2023-24,Playoffs,879.0,PG,2.515053739949801,4.231238744520324,-1.622130702729549
P.J. Washington,20240715000000,2023-24,Playoffs,785.0,PG,-0.03192747214384206,-0.3814631035820413,0.047529669698050725
Jayson Tatum,20240715000000,2023-24,Playoffs,768.0,SF,4.943490031401165,3.902263132074749,0.45637429118797124
Jrue Holiday,20240715000000,2023-24,Playoffs,720.0,"PG, SG",2.4801271118507655,1.5886273235773525,1.4280948266246059
Jaylen Brown,20240715000000,2023-24,Playoffs,707.0,SG,3.4970964228221435,2.358376065960427,0.7416008092201818
Derrick White,20240715000000,2023-24,Playoffs,676.0,"PG, SG",3.3214813983734057,2.504153256003686,1.5701072545923802
Anthony Edwards,20240715000000,2023-24,Playoffs,649.0,SF,5.395410198504265,3.8567800160493992,0.37565874638110297
Derrick Jones Jr.,20240715000000,2023-24,Playoffs,647.0,"SF, PF",0.6336219321662362,0.14783287172832338,0.027307968495428492
Pascal Siakam,20240715000000,2023-24,Playoffs,603.0,PF,2.6376449710522856,2.825502654547006,-0.7870526120935175
Al Horford,20240715000000,2023-24,Playoffs,575.0,"PF, C",3.4183519858187585,1.3546309273545556,2.1829516768934676
Aaron Nesmith,20240715000000,2023-24,Playoffs,559.0,SF,-0.1129215002052888,-0.3840274082024186,0.18924694533617767
Andrew Nembhard,20240715000000,2023-24,Playoffs,554.0,"SG,PG",0.7867901792751056,3.0144310295957064,-1.9499489846599
Myles Turner,20240715000000,2023-24,Playoffs,550.0,C,1.5928029203482694,1.5240034173193708,-0.03780311749270304
Josh Hart,20240715000000,2023-24,Playoffs,548.0,SF,-0.5932190724076851,-0.27656237512355,-0.08494652744436326
Jaden McDaniels,20240715000000,2023-24,Playoffs,537.0,PF,0.9889421973426306,1.6442276572943486,0.06159236262404501
Tyrese Haliburton,20240715000000,2023-24,Playoffs,522.0,PG,5.411840052720159,5.028596533930947,-0.13252720245951305
Karl-Anthony Towns,20240715000000,2023-24,Playoffs,522.0,"PF, C",1.546081690422285,1.2028247226890172,-0.14340871020042123
Jalen Brunson,20240715000000,2023-24,Playoffs,518.0,PG,3.499767917411948,4.55938289729472,-1.5862992915876042
Rudy Gobert,20240715000000,2023-24,Playoffs,512.0,C,3.496951676296847,1.178352535449203,2.449207133364993
Nikola Jokic,20240715000000,2023-24,Playoffs,482.0,C,8.042184877666891,7.425818817842923,0.9621547922246323
Mike Conley,20240715000000,2023-24,Playoffs,474.0,PG,3.9588605729526476,2.6683325015278383,0.9185706964761872
Donte DiVincenzo,20240715000000,2023-24,Playoffs,466.0,SG,-0.7345074360510276,1.76974723490274,-1.8390468047416806
Jamal Murray,20240715000000,2023-24,Playoffs,462.0,"PG, SG",-2.388850436540283,1.8489209273118652,-3.652960592853046
Dereck Lively II,20240715000000,2023-24,Playoffs,462.0,C,3.004734559947165,0.7717060713024018,3.039908555338905
Daniel Gafford,20240715000000,2023-24,Playoffs,445.0,C,-0.7595533263127656,-0.7429618623255059,0.5143758092287185
Aaron Gordon,20240715000000,2023-24,Playoffs,445.0,PF,-0.6203299615855098,1.1598324131293887,-1.1000636617177388
Michael Porter Jr.,20240715000000,2023-24,Playoffs,443.0,"SF, PF",-0.41645516364716423,1.8377695215905687,-2.1121400771557752
Max Strus,20240715000000,2023-24,Playoffs,434.0,"SG, SF",-1.0866660817307738,-0.20620883155711078,-1.8633608429283455
Darius Garland,20240715000000,2023-24,Playoffs,432.0,PG,-2.2133347381041966,-0.19950641514044148,-1.6342505669740701
Evan Mobley,20240715000000,2023-24,Playoffs,422.0,C,0.5748046313480434,-1.4946156017967422,2.836837348191556
Kentavious Caldwell-Pope,20240715000000,2023-24,Playoffs,420.0,"SG, SF",2.0572757692484442,0.42068659841490785,1.1884525890882442
Shai Gilgeous-Alexander,20240715000000,2023-24,Playoffs,399.0,"PG, SG, SF",5.546967460988166,4.5026148168360765,0.7796269950148768
Josh Green,20240715000000,2023-24,Playoffs,399.0,"SG, SF",1.236622682435434,0.4608128836065495,1.0299056300832752
Isaiah Hartenstein,20240715000000,2023-24,Playoffs,388.0,C,-2.351484071435329,-0.5794541583407468,-1.5218551894549135
Donovan Mitchell,20240715000000,2023-24,Playoffs,382.0,"PG, SG",4.597660306535973,3.952990662867177,-0.5109585572642295
Nickeil Alexander-Walker,20240715000000,2023-24,Playoffs,378.0,SG,-1.1141011000397611,-0.7147732797525167,-0.6845316616329671
Jalen Williams,20240715000000,2023-24,Playoffs,377.0,PG,3.8316589575064333,2.1501918723368556,2.3636281780567234
Naz Reid,20240715000000,2023-24,Playoffs,361.0,C,-1.1463673457743646,-0.636944484072,-1.21527049446192
Payton Pritchard,20240715000000,2023-24,Playoffs,355.0,PG,-2.1338143580546296,-0.011835533663634046,-2.178389473952434
Luguentz Dort,20240715000000,2023-24,Playoffs,350.0,"SG, SF",1.9350062904454606,-0.10066034538740365,1.4086297341610845
T.J. McConnell,20240715000000,2023-24,Playoffs,348.0,PG,2.5839689229747984,3.283390292542875,-0.08942975236615414
Miles McBride,20240715000000,2023-24,Playoffs,347.0,"PG,SG",-1.7517082377017505,0.7191118316226772,-1.4506845451998833
Chet Holmgren,20240715000000,2023-24,Playoffs,345.0,"PF,C",3.901439677226428,1.4556725598279059,3.096900619578592
Obi Toppin,20240715000000,2023-24,Playoffs,343.0,PF,-1.14399081869349,0.05827534557249595,-0.773529075964272
Ben Sheppard,20240715000000,2023-24,Playoffs,335.0,"SG,SF",0.35610853220268845,-0.12611514612273664,-1.6106181209148034
OG Anunoby,20240715000000,2023-24,Playoffs,324.0,SF,1.0034240252452407,0.20988344780046758,0.47896951558280454
Sam Hauser,20240715000000,2023-24,Playoffs,283.0,"SF,SG",2.3510561846912967,1.7141747574190038,0.9974013893912731
Caris LeVert,20240715000000,2023-24,Playoffs,278.0,"SG, SF",-0.7371777160236008,-0.9909741136329826,-0.9904423478921245
Tyrese Maxey,20240715000000,2023-24,Playoffs,267.0,PG,0.5451075058749812,4.244681357134848,-4.291579974006395
Isaac Okoro,20240715000000,2023-24,Playoffs,263.0,SG,-1.690433786298953,-3.8992537330441417,1.4984892959401204
Paolo Banchero,20240715000000,2023-24,Playoffs,262.0,"PF,SF",3.677980637774506,1.2728267210863895,2.71854533726583
Franz Wagner,20240715000000,2023-24,Playoffs,259.0,SF,1.6915784556299567,0.6419064068644952,0.9114011884029088
Joel Embiid,20240715000000,2023-24,Playoffs,248.0,C,8.318824562790354,6.2687509634657665,2.585805196912287
James Harden,20240715000000,2023-24,Playoffs,242.0,"PG, SG",1.1929886281400008,2.890268092204415,-2.1332770493841924
Jalen Suggs,20240715000000,2023-24,Playoffs,232.0,"PG, SG",2.2267533177499663,0.040034900622460234,1.2527147829449112
Kyle Anderson,20240715000000,2023-24,Playoffs,231.0,"SF, PF",0.08089110349669093,0.34600122312035403,0.12565768687467133
Khris Middleton,20240715000000,2023-24,Playoffs,230.0,SF,3.1024791684578865,3.956466159278349,-1.415235434203506
Kelly Oubre Jr.,20240715000000,2023-24,Playoffs,224.0,SF,1.4890343442116023,0.9009959149239894,0.8615659820665666
Paul George,20240715000000,2023-24,Playoffs,222.0,"SG, SF",3.56559307866718,2.91012362812593,0.842852591085086
Maxi Kleber,20240715000000,2023-24,Playoffs,219.0,PF,-1.0981503233785146,-0.9753444115599166,-0.20928393735028245
Tobias Harris,20240715000000,2023-24,Playoffs,218.0,"SF, PF",-2.1269038572889394,-1.1193049400242796,-0.19648113239079248
Patrick Beverley,20240715000000,2023-24,Playoffs,210.0,"PG, SG",0.14765509928134324,0.6176358645079301,-1.4309514524683435
Anthony Davis,20240715000000,2023-24,Playoffs,208.0,PF,2.5041467277862166,2.585813542718567,0.022268135809294515
Christian Braun,20240715000000,2023-24,Playoffs,204.0,"SF,SG",-1.8970163266002127,-2.5675827417658224,0.22221018700646678
LeBron James,20240715000000,2023-24,Playoffs,204.0,"PG, SF, PF",4.763630210913868,5.079269278374565,0.37149058032094934
Brook Lopez,20240715000000,2023-24,Playoffs,200.0,C,-1.017078811599428,0.7271104199338965,-2.4622447379184185
Cason Wallace,20240715000000,2023-24,Playoffs,198.0,"SG,SF",2.0880086365879587,-0.49608177076888205,2.5742711752766025
Bam Adebayo,20240715000000,2023-24,Playoffs,192.0,C,-0.14396965089019698,0.9032647398453408,0.4114386877249858
Ivica Zubac,20240715000000,2023-24,Playoffs,192.0,C,4.306486234303254,1.0878527147748218,2.1861187531140818
Terance Mann,20240715000000,2023-24,Playoffs,187.0,"SG, SF",-2.5372177304854064,0.11944568447119994,-2.9272631046959883
Bobby Portis,20240715000000,2023-24,Playoffs,187.0,"PF, C",2.319725765464125,1.3653537726909417,1.0740525173018007
Wendell Carter Jr.,20240715000000,2023-24,Playoffs,185.0,C,1.5514533602875886,-1.097648246408432,1.3891837728007128
Tyler Herro,20240715000000,2023-24,Playoffs,185.0,"PG, SG",-0.5897522343442327,0.21739303493862866,-0.1140888075549904
D'Angelo Russell,20240715000000,2023-24,Playoffs,185.0,"PG, SG",-0.7930449861814561,-0.04730266615743109,-1.0173671250126204
Precious Achiuwa,20240715000000,2023-24,Playoffs,184.0,PF,-2.0159074832953188,-0.5845755034799095,-1.0699379023540083
Josh Giddey,20240715000000,2023-24,Playoffs,181.0,SG,0.317336426838008,-0.7943788772063457,1.1735799668382036
Norman Powell,20240715000000,2023-24,Playoffs,179.0,"SG, SF",-0.35948393643887855,0.7240533846688446,-0.9348663221228968
Tim Hardaway Jr.,20240715000000,2023-24,Playoffs,178.0,"SG, SF",-3.292197021489991,-0.9678909045626554,-2.3469279895885076
Caleb Martin,20240715000000,2023-24,Playoffs,176.0,SF,-3.61912884144398,-0.40944536373445717,-2.335744058379974
Kyle Lowry,20240715000000,2023-24,Playoffs,175.0,PG,2.0651631422063637,1.169071883930609,0.04689934922078688
Austin Reaves,20240715000000,2023-24,Playoffs,174.0,SG,3.1391913108384313,4.10788458039858,-0.9969720938873776
Isaiah Joe,20240715000000,2023-24,Playoffs,173.0,"PG, SG",1.2821339491010781,0.546272051308204,1.0045467477877863
Nicolas Batum,20240715000000,2023-24,Playoffs,170.0,"SG, SF",-2.330708220890465,-1.1838021035798978,-0.9422138129093612
Kevin Durant,20240715000000,2023-24,Playoffs,168.0,PF,0.4961991043279377,4.64846407858799,-2.745402915357618
Trey Murphy III,20240715000000,2023-24,Playoffs,168.0,SG,-0.6049335793949093,-1.02565564013506,-0.1325645209223804
Devin Booker,20240715000000,2023-24,Playoffs,166.0,SG,2.623061403961745,4.6590800975677915,0.015612489304166144
Kristaps Porzingis,20240715000000,2023-24,Playoffs,165.0,PF,4.69807209572851,1.504394053318138,3.4121959593958238
Gary Harris,20240715000000,2023-24,Playoffs,159.0,SG,-1.0641745632160862,-1.8413385434067444,0.7929120282856787
Aaron Wiggins,20240715000000,2023-24,Playoffs,157.0,SG,3.159764609774301,0.7524981542157068,2.493893745796721
Damian Lillard,20240715000000,2023-24,Playoffs,156.0,PG,1.5468976624189827,4.824484820357894,-2.9937264358884415
Bradley Beal,20240715000000,2023-24,Playoffs,154.0,"SG, SF",-3.429215527434895,0.15502817166147748,-3.0014513480916913
Isaiah Jackson,20240715000000,2023-24,Playoffs,154.0,C,-0.1764725619527135,-0.7578928756762817,0.286418956027762
Rui Hachimura,20240715000000,2023-24,Playoffs,152.0,PF,-4.5481631833563565,-3.472684569365149,-2.270077752108499
Justin Holiday,20240715000000,2023-24,Playoffs,150.0,"SG, SF",2.702123663145513,-2.0374010645768097,4.357625990577798
CJ McCollum,20240715000000,2023-24,Playoffs,148.0,SG,-4.069228478947636,-0.033280452919872236,-2.2878163211134357
Jonathan Isaac,20240715000000,2023-24,Playoffs,147.0,PF,0.9391574753882959,-1.129727526149232,1.3623214022373955
Brandon Ingram,20240715000000,2023-24,Playoffs,145.0,"SG, SF",-0.6943559319828562,-3.33053277537353,1.429131965040293
Dante Exum,20240715000000,2023-24,Playoffs,144.0,"PG, SG",-2.9393049626906613,-2.2668830207846824,-0.1984283319255326
Herbert Jones,20240715000000,2023-24,Playoffs,141.0,"SF, PF",-1.413245368426821,-2.318739027830879,-0.13639306998459166
Marcus Morris Sr.,20240715000000,2023-24,Playoffs,138.0,"PF, C",-3.984697564063695,-1.2404463671080357,-2.4804086769722296
Luke Kornet,20240715000000,2023-24,Playoffs,133.0,"PF, C",-2.397793012230321,-1.0114811400388606,-1.616794381623128
Malik Beasley,20240715000000,2023-24,Playoffs,131.0,"SG, SF",-1.6170826727378471,-0.3339154286747651,-1.1374108341802835
Jaden Hardy,20240715000000,2023-24,Playoffs,129.0,"SG,PG",-3.613504967953067,-0.26337325058013084,-1.668952417690564
Nikola Jovic,20240715000000,2023-24,Playoffs,128.0,"SF,SG",-0.3293730599460948,-0.9656337495880635,1.4211637843284888
Jaylin Williams,20240715000000,2023-24,Playoffs,127.0,"PF,SF",-0.15845926830441925,-0.6456830566263277,0.6988319299723265
Jarrett Allen,20240715000000,2023-24,Playoffs,127.0,C,2.8295832460336525,0.48227378277967226,2.5482695507148794
Haywood Highsmith,20240715000000,2023-24,Playoffs,126.0,"SG,SF",-7.0979898140349285,-4.590995725378885,-3.2388280123906164
Sam Merrill,20240715000000,2023-24,Playoffs,125.0,SF,-2.4194133791753134,-0.4868732845961128,-2.5205092746231705
Pat Connaughton,20240715000000,2023-24,Playoffs,124.0,SG,2.3034459407378445,-0.4846776268600516,2.243139267194767
Jaime Jaquez Jr.,20240715000000,2023-24,Playoffs,122.0,"SG,PG",-2.303022056394334,-2.014331086362997,-0.5929165069949136
Georges Niang,20240715000000,2023-24,Playoffs,121.0,PF,-5.418387545039095,-4.33443844498951,-2.303952001324187
Alec Burks,20240715000000,2023-24,Playoffs,121.0,"SG, SF",-0.33219637385699263,4.31887863477883,-3.127182059924005
Eric Gordon,20240715000000,2023-24,Playoffs,118.0,"SG, SF",0.13621080006427186,0.6447887668753973,-1.3011307506727445
Reggie Jackson,20240715000000,2023-24,Playoffs,117.0,"PG, SG",-1.931366893203117,-3.512687083015349,0.6809108485525998
Mitchell Robinson,20240715000000,2023-24,Playoffs,115.0,C,2.8471676641090187,-0.9679686166669441,2.868082411866674
Russell Westbrook,20240715000000,2023-24,Playoffs,114.0,"PG, SG",2.1777950610962398,-1.1947224069593767,2.24206661729663
Amir Coffey,20240715000000,2023-24,Playoffs,112.0,"PG, SG, SF",-6.702096564039565,-5.4071245623399244,-1.8490569190379924
Taurean Prince,20240715000000,2023-24,Playoffs,111.0,"SF, PF",-1.3064902198527149,-0.8041200725503105,-0.21993351467404698
Delon Wright,20240715000000,2023-24,Playoffs,107.0,PG,1.151300117875273,0.8168399304424006,0.8368252455771884
Markelle Fultz,20240715000000,2023-24,Playoffs,106.0,"PG, SG",3.0406205423970953,-0.03815397993604408,2.1773442295612773
Moritz Wagner,20240715000000,2023-24,Playoffs,105.0,"SF, PF",5.685549610360496,-0.3875999993572162,6.016786376700364
Royce O'Neale,20240715000000,2023-24,Playoffs,104.0,"SG, SF",-4.702855316281051,-2.667828901486416,-2.999747748356414
Jusuf Nurkic,20240715000000,2023-24,Playoffs,104.0,C,1.428620237042714,-1.3153788693266468,3.2386724969597718
Cole Anthony,20240715000000,2023-24,Playoffs,103.0,PG,2.428858796716558,-1.006238834928392,3.2685431142958574
Peyton Watson,20240715000000,2023-24,Playoffs,90.0,"SG,SF",-5.072373997278641,-6.528473211513619,1.0125919446872738
Jonas Valanciunas,20240715000000,2023-24,Playoffs,90.0,C,0.6681089078330105,0.7610748529575788,-0.8182560290080727
Tristan Thompson,20240715000000,2023-24,Playoffs,87.0,"PF, C",-4.989044542738596,-3.798154577887226,-1.253566895293086
Larry Nance Jr.,20240715000000,2023-24,Playoffs,84.0,"PF, C",-0.5720206199949256,-1.4229538473689398,0.31045238140856957
Naji Marshall,20240715000000,2023-24,Playoffs,84.0,SF,-0.35821842903532064,1.5400559191457153,-2.054891125378378
Spencer Dinwiddie,20240715000000,2023-24,Playoffs,73.0,"PG, SG",-2.2665230059354693,-2.0906372302960423,-1.4570022377761074
Gabe Vincent,20240715000000,2023-24,Playoffs,69.0,PG,-2.8234768611010312,-5.028219351662764,0.10502978944334868
Xavier Tillman,20240715000000,2023-24,Playoffs,69.0,PF,6.113157395233491,1.6179942336004127,5.41752439037631
Joe Ingles,20240715000000,2023-24,Playoffs,68.0,SF,3.991157629289671,0.490840178268902,3.3388939616121274
AJ Green,20240715000000,2023-24,Playoffs,67.0,"SG,SF",-0.7033627491006611,-1.8777923233330225,-0.26422239738640574
Monte Morris,20240715000000,2023-24,Playoffs,67.0,PG,-1.0223931329747469,-3.2098948415261317,1.9312569253739587
Mason Plumlee,20240715000000,2023-24,Playoffs,66.0,C,-1.1338764260331127,-1.917652435256465,0.5391858503107776
Doug McDermott,20240715000000,2023-24,Playoffs,64.0,"SF, PF",-4.16907112740228,-1.7702685850470887,-1.6488910387833715
Dean Wade,20240715000000,2023-24,Playoffs,63.0,PF,-5.831152157892535,-3.674696228077443,-3.64792571253966
Jose Alvarado,20240715000000,2023-24,Playoffs,62.0,"PG,SG",-4.377054652793157,-5.169620443537061,1.6606973554060445
Cameron Payne,20240715000000,2023-24,Playoffs,61.0,PG,-1.355187179300391,1.5480534908839014,-1.6558824418259117
Andre Jackson Jr.,20240715000000,2023-24,Playoffs,60.0,"SG,SF",4.77529121536191,1.4223239091448763,3.5367094563610157
Duncan Robinson,20240715000000,2023-24,Playoffs,60.0,"SG, SF",-8.496862402212022,-5.803203799242846,-3.360309148440686
Kawhi Leonard,20240715000000,2023-24,Playoffs,59.0,SF,0.29590714083550534,-3.1894890028624285,2.7907406253412392
Oshae Brissett,20240715000000,2023-24,Playoffs,55.0,"SF, PF",3.904324283933875,0.5283677486333263,3.856079232099047
Patty Mills,20240715000000,2023-24,Playoffs,52.0,"PG, SG",-2.832986099752743,-2.5842695913240727,-0.8150474891310924
Buddy Hield,20240715000000,2023-24,Playoffs,51.0,SG,-1.36160129764404,1.3299055382328633,-2.2341711376774698
Bojan Bogdanovic,20240715000000,2023-24,Playoffs,51.0,"SF, PF",4.197161438634806,1.7628419040259031,4.0393857189776226
Gordon Hayward,20240715000000,2023-24,Playoffs,46.0,SF,1.4820739564911147,-1.3397438987316175,2.4631006453367537
Dwight Powell,20240715000000,2023-24,Playoffs,44.0,"PF, C",-2.063866882511296,-5.931570098319552,2.490048493038143
Paul Reed,20240715000000,2023-24,Playoffs,43.0,PF,-5.611637732150799,-4.877175551746889,-1.4385265779369925
Grayson Allen,20240715000000,2023-24,Playoffs,43.0,SG,-1.8498855908139706,-3.0963505779562386,-0.5922505263567871
Jalen Smith,20240715000000,2023-24,Playoffs,42.0,"PG, SG",-6.266045011291375,-4.242485066608497,-1.355895187259016
Jae Crowder,20240715000000,2023-24,Playoffs,42.0,"SF, PF",-8.830854319980084,-5.0861020979372995,-3.974404580649678
Drew Eubanks,20240715000000,2023-24,Playoffs,37.0,"PF, C",-3.3648291027640385,-2.5563185300964535,-0.578933656378446
Danilo Gallinari,20240715000000,2023-24,Playoffs,37.0,"SF, PF",-1.5447196447211966,-0.004674547422131803,-1.1473441830485693
Kevin Love,20240715000000,2023-24,Playoffs,32.0,"PF, C",-6.578335317893457,-1.6593962837857177,-4.439168939689061
Svi Mykhailiuk,20240715000000,2023-24,Playoffs,32.0,"SG, SF",-4.543630136310346,-5.613915737812531,0.4575833047219063
Kenrich Williams,20240715000000,2023-24,Playoffs,32.0,SF,-3.093153960240364,-4.769195863966329,0.6630593941727903
Jarace Walker,20240715000000,2023-24,Playoffs,31.0,"PG,SG",-9.168016276901142,-7.665878655438304,-2.106236115458947
P.J. Tucker,20240715000000,2023-24,Playoffs,31.0,"SF, PF",-4.28386917401959,-1.6853331997029857,-3.431500973393734
A.J. Lawson,20240715000000,2023-24,Playoffs,30.0,"SG,SF",-4.318773879165753,-2.4613112411432674,-2.51976638428362
Jordan McLaughlin,20240715000000,2023-24,Playoffs,30.0,PG,-2.8666079660624897,-4.406670682268739,1.6020639561250105
Josh Okogie,20240715000000,2023-24,Playoffs,29.0,"SG, SF",2.632857341693697,1.2693080542674542,0.8129475558630775
Jericho Sims,20240715000000,2023-24,Playoffs,27.0,"C,SF",4.1997543945371305,-2.0184666597243917,5.681476723434699
Luka Garza,20240715000000,2023-24,Playoffs,26.0,"C,PF",5.8636675435315135,5.117224219583572,2.2653204820714583
Kendall Brown,20240715000000,2023-24,Playoffs,25.0,"SG,PG",-9.482441638955457,-7.4981537122924315,-2.028325451517535
Jaxson Hayes,20240715000000,2023-24,Playoffs,24.0,C,-0.6511935014292036,-2.972788352386192,1.914726112700932
Shake Milton,20240715000000,2023-24,Playoffs,22.0,"PG, SG",2.2878030042840627,-2.911438178985762,5.015443522298122
Jaden Springer,20240715000000,2023-24,Playoffs,22.0,"PG,SG",-1.9964717436200725,-4.288311315279326,2.8061230042602854
DaQuan Jeffries,20240715000000,2023-24,Playoffs,20.0,PG,3.8081312364313527,-0.5758513459509097,4.745046106244041
Wendell Moore Jr.,20240715000000,2023-24,Playoffs,18.0,"SG,PG",3.4199816384815227,-0.9861871015588404,3.950545362932773
Josh Minott,20240715000000,2023-24,Playoffs,18.0,"PF,SF",0.08774872306857817,-1.9518599000034194,0.9470571913040627
Thomas Bryant,20240715000000,2023-24,Playoffs,18.0,C,-2.0283881492784395,0.3463634422201589,-0.17632706134826348
Dyson Daniels,20240715000000,2023-24,Playoffs,17.0,"SF,SG",-0.483582163022676,-4.464145756692005,3.3114455246408805
Julian Strawther,20240715000000,2023-24,Playoffs,16.0,"PG,SG",-3.877148575646763,-5.563054250503083,2.161693801863739
Mamadi Diakite,20240715000000,2023-24,Playoffs,15.0,PF,6.593260971881914,-2.9776059799351002,7.5530168724663085
Caleb Houstan,20240715000000,2023-24,Playoffs,14.0,"SF,SG",-1.9568054101845824,-0.4084057409190123,-2.442516858586228
Zeke Nnaji,20240715000000,2023-24,Playoffs,14.0,PF,-2.4581164685776926,-4.413230967338174,1.199303313734989
Hunter Tyson,20240715000000,2023-24,Playoffs,14.0,"SG,SF",-5.507441558625437,-6.0566552343277476,-0.9273809173899714
Nassir Little,20240715000000,2023-24,Playoffs,14.0,"SF, PF",-1.7574637562205606,1.5118294491110733,-3.0766949875130205
Neemias Queta,20240715000000,2023-24,Playoffs,13.0,C,2.575452033562686,-2.434601073958419,5.610374808640032
DeAndre Jordan,20240715000000,2023-24,Playoffs,13.0,C,-6.371937229034853,-4.092394599919974,-1.5048007472739
Bol Bol,20240715000000,2023-24,Playoffs,13.0,"PF, C",0.10412316492523221,-4.512732084488887,5.162060401397091
Markieff Morris,20240715000000,2023-24,Playoffs,12.0,PF,0.34585029951198676,-2.5848175842311436,3.4360305978832892
Bones Hyland,20240715000000,2023-24,Playoffs,12.0,PG,3.103992377974174,6.766246309809844,-3.9192949113299758
Jordan Hawkins,20240715000000,2023-24,Playoffs,12.0,"SF,SG",4.562768224323706,0.33689405306815456,3.889117397100731
Jordan Walsh,20240715000000,2023-24,Playoffs,11.0,"SF,SG",-0.029411057869795476,-3.7931628891574443,2.7431932036544016
T.J. Warren,20240715000000,2023-24,Playoffs,11.0,"SF, PF",1.587147410850024,-0.07161288966842222,1.739096559782047
Anthony Black,20240715000000,2023-24,Playoffs,11.0,PG,1.4554062658908897,1.3106632392052313,-0.8404170922897398
Jalen Pickett,20240715000000,2023-24,Playoffs,11.0,PG,1.1387515552520227,-0.99582791999257,2.3509375461706767
MarJon Beauchamp,20240715000000,2023-24,Playoffs,10.0,PG,-3.9437202491293335,-4.3961826040043075,-0.19519861312125164
Goga Bitadze,20240715000000,2023-24,Playoffs,10.0,C,-3.834808158766005,-0.5161209427305975,-2.2252016844512923
Chuma Okeke,20240715000000,2023-24,Playoffs,10.0,PF,-0.6237051590173633,3.4113837321773244,-3.609611242768043
Jett Howard,20240715000000,2023-24,Playoffs,10.0,PG,-7.587778508711098,-0.9730460012722004,-5.544381310002035
Brandon Boston Jr.,20240715000000,2023-24,Playoffs,10.0,"SG,PG",-0.6194262306473792,2.7567064806800237,-2.2270814766848397
Kobe Brown,20240715000000,2023-24,Playoffs,10.0,"SG,PF",-0.93442525390269,-0.14957014542659108,-0.6621434412985062
Damian Jones,20240715000000,2023-24,Playoffs,9.0,C,-3.5242752514337994,-2.488208582500748,-0.89696535381021
Olivier-Maxence Prosper,20240715000000,2023-24,Playoffs,9.0,"SF,PG",-1.059715954513497,-2.2868633552099245,3.7619784711035336
Lindy Waters III,20240715000000,2023-24,Playoffs,9.0,SG,-2.9287116284451766,-2.6722125611538017,-0.3849104025863286
Ousmane Dieng,20240715000000,2023-24,Playoffs,7.0,"SG,SF",-0.05438514111138293,-2.759418835990857,1.6154419716223363
De'Anthony Melton,20240715000000,2023-24,Playoffs,7.0,PG,-1.1773754316685487,-0.6675844166959184,-1.0784549296938055
Leonard Miller,20240715000000,2023-24,Playoffs,7.0,SG,3.0218879669959717,1.0037260149294642,2.5962838880066035
Chris Livingston,20240715000000,2023-24,Playoffs,6.0,"SF,PF",3.7449623309162394,-1.9304924532329584,3.937219867875565
Jeremiah Robinson-Earl,20240715000000,2023-24,Playoffs,5.0,C,-0.6679678709139925,-2.4345725181511675,1.0512316586253942
Thanasis Antetokounmpo,20240715000000,2023-24,Playoffs,5.0,SF,4.1809589311727695,-2.0761380807472642,6.113563982209948
Daniel Theis,20240715000000,2023-24,Playoffs,4.0,C,3.927474662260787,5.4019383953301885,-1.8078382796701307
Thaddeus Young,20240715000000,2023-24,Playoffs,4.0,PF,-2.083943376224433,-2.4078776583805825,-0.34159839086589716
Isaiah Thomas,20240715000000,2023-24,Playoffs,4.0,"SF, PF",-6.211774243799487,-5.963970402951669,-1.4465156684952074
David Roddy,20240715000000,2023-24,Playoffs,3.0,"SF,SG",3.594562923052887,1.0461831477953618,1.7130721010799785
Matt Ryan,20240715000000,2023-24,Playoffs,3.0,SG,7.0701118871380935,-2.9279815136862406,9.997686402976866
E.J. Liddell,20240715000000,2023-24,Playoffs,3.0,"SF,SG",3.621780509290596,-2.351729493535475,5.8010258863147905
Orlando Robinson,20240715000000,2023-24,Playoffs,2.0,"SG,SF",6.552337370510553,2.4751812003477065,4.167778983111624
James Johnson,20240715000000,2023-24,Playoffs,1.0,PF,-10.560021487521196,-6.1115784978616565,-3.1213907039444853
Mikal Bridges,20250715000000,2024-25,Regular season,3036.0,"SG, SF, PF",0.21061871664418993,1.128305408100481,-0.722022369897792
Josh Hart,20250715000000,2024-25,Regular season,2897.0,SF,1.9589625489867628,1.2766792791220163,0.27644826190095806
Anthony Edwards,20250715000000,2024-25,Regular season,2871.0,SF,2.474017907808679,3.437977471218671,-1.2666045206919931
Devin Booker,20250715000000,2024-25,Regular season,2795.0,SG,1.2373438641856944,3.7232083860296408,-1.5876969188651644
James Harden,20250715000000,2024-25,Regular season,2789.0,"PG, SG",5.280292398738357,5.6900825893170275,-0.8294633805599639
DeMar DeRozan,20250715000000,2024-25,Regular season,2768.0,"SG, SF, PF",1.2245910443938688,2.5533805823748588,-1.5197847282591346
Trae Young,20250715000000,2024-25,Regular season,2739.0,PG,0.7481730639659693,4.427086598934238,-3.387359502850744
Tyler Herro,20250715000000,2024-25,Regular season,2725.0,"PG, SG",2.991297696189192,4.227445260961918,-1.8499074570768461
OG Anunoby,20250715000000,2024-25,Regular season,2706.0,SF,1.4263344100847308,0.4038620156160722,0.5947503907764764
Jalen Green,20250715000000,2024-25,Regular season,2697.0,SG,0.16118705236698738,1.6434858237370584,-2.173507510275755
Christian Braun,20250715000000,2024-25,Regular season,2675.0,"SF,SG",1.1921972485070522,2.157192263562682,-0.628480460963448
Bam Adebayo,20250715000000,2024-25,Regular season,2674.0,C,0.6498944412366567,-0.3567600711510786,0.6222776846467164
Ivica Zubac,20250715000000,2024-25,Regular season,2624.0,C,4.984349465478954,1.8149032122416402,3.5127340342484192
Jayson Tatum,20250715000000,2024-25,Regular season,2624.0,SF,4.634271485518299,4.624188330796399,-0.5839534287689144
Jaden McDaniels,20250715000000,2024-25,Regular season,2614.0,PF,0.7853121734925166,-0.7648576045439262,1.7397228273263816
Keegan Murray,20250715000000,2024-25,Regular season,2610.0,"SF,PF",0.6237908363081688,-0.5265929308053164,0.8747802033190968
Zach LaVine,20250715000000,2024-25,Regular season,2603.0,"PG, SG",-0.49519491208537986,2.005742732088455,-2.665328434054655
Shai Gilgeous-Alexander,20250715000000,2024-25,Regular season,2598.0,"PG, SG, SF",6.758447793249117,6.184035661893178,0.8683237817715483
Michael Porter Jr.,20250715000000,2024-25,Regular season,2593.0,"SF, PF",0.18596091326853292,1.81185632049751,-1.2967664559915275
Derrick White,20250715000000,2024-25,Regular season,2574.0,"PG, SG",3.4917397562146966,2.3635920639527863,1.2792546015419335
Dyson Daniels,20250715000000,2024-25,Regular season,2571.0,"SF,SG",1.7255824326887024,0.23977760600685197,1.955437619258189
Nikola Jokić,20250715000000,2024-25,Regular season,2571.0,"C,PF",8.736095364116972,8.297290408899833,0.8547281204150601
Austin Reaves,20250715000000,2024-25,Regular season,2550.0,SG,2.8992453630329216,3.413070904783854,-0.6526272206838285
Toumani Camara,20250715000000,2024-25,Regular season,2548.0,"SF,SG",2.1504813641515477,-0.27073758195660746,2.8127672944107758
Pascal Siakam,20250715000000,2024-25,Regular season,2548.0,PF,2.0122197589838535,1.2172510094363151,0.8325362591439451
Brook Lopez,20250715000000,2024-25,Regular season,2546.0,C,1.1002172380266106,-0.3529505661592396,0.9730478314513586
Karl-Anthony Towns,20250715000000,2024-25,Regular season,2517.0,"PF, C",3.523120489663249,2.4096722288738217,0.3050951962783056
Bub Carrington,20250715000000,2024-25,Regular season,2458.0,"PG,SG",-4.648911422671565,-2.023417782435098,-2.5937724287017336
Cade Cunningham,20250715000000,2024-25,Regular season,2452.0,PG,1.9310901029732086,3.4755197497749823,-1.8202637301009021
Tyrese Haliburton,20250715000000,2024-25,Regular season,2451.0,PG,4.387248646167999,4.751836717404527,-0.7944594733628842
Coby White,20250715000000,2024-25,Regular season,2450.0,"PG, SG",-0.3437968308535909,1.9692425403332519,-1.9519622866231658
LeBron James,20250715000000,2024-25,Regular season,2444.0,"PG, SF, PF",0.8278332559938106,3.7633049231695423,-1.7388725329202235
Domantas Sabonis,20250715000000,2024-25,Regular season,2429.0,"PF, C",2.779224112913773,1.567837840522794,0.5617622675548177
Jamal Murray,20250715000000,2024-25,Regular season,2418.0,"PG, SG",2.8737275963355846,3.7687109816407465,-0.979666000351835
Alperen Sengun,20250715000000,2024-25,Regular season,2394.0,C,3.411392354001638,1.046887820218656,2.578381464846223
Rudy Gobert,20250715000000,2024-25,Regular season,2388.0,C,3.369713310201031,0.04634570381903266,3.655208110708136
Dillon Brooks,20250715000000,2024-25,Regular season,2388.0,"SG, SF",0.03432147033974412,-0.17085489306282778,-0.023808478526848503
Tobias Harris,20250715000000,2024-25,Regular season,2306.0,"SF, PF",-0.31197042995980107,-0.39105627948311295,0.010459441269334527
Jalen Brunson,20250715000000,2024-25,Regular season,2301.0,PG,2.0630501503465406,4.589628519057973,-2.1770501073646575
Darius Garland,20250715000000,2024-25,Regular season,2301.0,PG,3.6598489580841,4.424874254570781,-1.1106098178297186
Jarrett Allen,20250715000000,2024-25,Regular season,2296.0,C,3.048573220035623,0.7906343079220938,2.241507553074979
Chris Paul,20250715000000,2024-25,Regular season,2292.0,PG,0.8561989839372737,2.1684143008003893,-0.7393752634890665
Anfernee Simons,20250715000000,2024-25,Regular season,2292.0,"PG, SG",-1.4375309347242697,2.071293924816704,-2.655150068132206
Giannis Antetokounmpo,20250715000000,2024-25,Regular season,2289.0,"SF, PF",5.372792947037653,4.997079627822519,1.0730726684763428
Malik Beasley,20250715000000,2024-25,Regular season,2283.0,"SG, SF",0.3153770547190331,1.2089106961893552,-1.5796314707630947
Kentavious Caldwell-Pope,20250715000000,2024-25,Regular season,2279.0,"SG, SF",0.5244411297590057,-0.6299667545865029,1.3212455500455396
Nikola Vučević,20250715000000,2024-25,Regular season,2278.0,"C,PF",0.6859067398660725,1.2359575837363597,0.0473706226276778
Payton Pritchard,20250715000000,2024-25,Regular season,2271.0,PG,2.171254240434512,2.4688459405234,-0.9277846815677068
Kevin Durant,20250715000000,2024-25,Regular season,2265.0,PF,2.2890719969733446,2.890665894473992,-0.808960071627427
Stephen Curry,20250715000000,2024-25,Regular season,2252.0,PG,4.661091159981492,6.899804367469246,-2.164714908694595
Shaedon Sharpe,20250715000000,2024-25,Regular season,2252.0,"SG,SF",-1.1269564900163314,0.7076684755032955,-1.8343080396647256
De'Aaron Fox,20250715000000,2024-25,Regular season,2241.0,PG,1.2307572972527558,1.7514685597816864,0.1007100003464466
Jalen Williams,20250715000000,2024-25,Regular season,2237.0,"PG,SG",2.370381207178781,1.7681364292508608,0.7866159850706735
Donovan Mitchell,20250715000000,2024-25,Regular season,2232.0,"PG, SG",4.368504584930488,4.693340914382459,-0.7365966768915961
Harrison Barnes,20250715000000,2024-25,Regular season,2228.0,"SF, PF",-0.4444393168515667,1.285484649814395,-1.2452801798955764
Julius Randle,20250715000000,2024-25,Regular season,2226.0,PF,-0.06605467692977263,1.4095855446311014,-1.2054297140390338
Amen Thompson,20250715000000,2024-25,Regular season,2225.0,"PF,SF",1.8868635697694296,0.21119810030000463,1.746315862130773
Jaren Jackson Jr.,20250715000000,2024-25,Regular season,2207.0,"PF, C",1.7469552363293888,0.9487191183296402,1.1219822996649151
Desmond Bane,20250715000000,2024-25,Regular season,2205.0,SG,0.7100621588248006,2.1922595520470627,-1.3420513106838297
Naz Reid,20250715000000,2024-25,Regular season,2200.0,C,1.8077012802426378,0.6100685977822081,1.2837631642091347
Tyus Jones,20250715000000,2024-25,Regular season,2174.0,PG,-0.11294733784414174,1.3312713562419103,-1.1756307531120502
Myles Turner,20250715000000,2024-25,Regular season,2174.0,C,1.396355845343236,-0.5632388162902568,1.6747479918088974
Evan Mobley,20250715000000,2024-25,Regular season,2167.0,C,2.7797467328001613,0.20918139511723294,2.2931686341292195
Taurean Prince,20250715000000,2024-25,Regular season,2166.0,"SF, PF",-0.9763902522744774,-0.6751925789838009,-0.2633918705662037
Stephon Castle,20250715000000,2024-25,Regular season,2162.0,"SG,PG",-2.308468697364356,-0.5262003825430766,-1.6076926718281632
Deni Avdija,20250715000000,2024-25,Regular season,2161.0,SF,1.8592712015600623,1.2460286078913179,-0.549508169213875
Jaylen Brown,20250715000000,2024-25,Regular season,2158.0,SG,1.7494714253528372,2.27457948411264,-0.4696257328282044
Tim Hardaway Jr.,20250715000000,2024-25,Regular season,2153.0,"SG, SF",-0.9202451526735373,0.45033496920759913,-1.0585526653035542
Bennedict Mathurin,20250715000000,2024-25,Regular season,2149.0,"SG,SF",-0.7057398150693538,-0.11503949671883759,-0.8296842827405028
Spencer Dinwiddie,20250715000000,2024-25,Regular season,2136.0,"PG, SG",-1.3049693291511841,0.4884094134932864,-1.7337139641738775
Scottie Barnes,20250715000000,2024-25,Regular season,2134.0,SF,0.326829084153076,0.4377539994410422,0.8586125929457973
Max Christie,20250715000000,2024-25,Regular season,2127.0,"SG,SF",-1.506140356402244,-1.1151632474142232,-0.5500360037837362
Josh Giddey,20250715000000,2024-25,Regular season,2117.0,SG,0.22334244268428805,1.5154790353920462,-0.6644091542569388
Fred VanVleet,20250715000000,2024-25,Regular season,2113.0,SG,2.4561974247672436,1.4689293383677733,0.9035808173619604
Keyonte George,20250715000000,2024-25,Regular season,2108.0,"PG,SG",-2.6883605380561133,0.35391275422705826,-2.832133110108127
Dennis Schröder,20250715000000,2024-25,Regular season,2106.0,PG,0.29424180482439144,0.8518812646595944,-0.3468052645303442
Damian Lillard,20250715000000,2024-25,Regular season,2093.0,PG,3.209285953593282,5.736448141599526,-2.558632925089427
Russell Westbrook,20250715000000,2024-25,Regular season,2092.0,"PG, SG",-0.9215575917383234,0.06681824757803029,-0.9666338440190387
Kelly Oubre Jr.,20250715000000,2024-25,Regular season,2078.0,SF,-0.10934850061868429,-0.9558102852704656,1.4274128036299603
Luguentz Dort,20250715000000,2024-25,Regular season,2073.0,"SG, SF",2.5025376462715974,0.417085570313974,2.6617658649509433
Nickeil Alexander-Walker,20250715000000,2024-25,Regular season,2073.0,SG,0.562588682592524,-0.01237692894382458,0.7693831363344723
Onyeka Okongwu,20250715000000,2024-25,Regular season,2064.0,PF,1.00821826042489,0.5368052639541013,0.39813743530451307
Malik Monk,20250715000000,2024-25,Regular season,2054.0,SG,1.189820558602185,1.7011138720361083,-0.680234637326826
Jaylen Wells,20250715000000,2024-25,Regular season,2043.0,"SG,SF",-0.26205737986802624,-0.04938086849784737,-0.33638162029613444
Jalen Duren,20250715000000,2024-25,Regular season,2035.0,C,1.7739284276940503,0.9765830460650151,0.24116116410521038
Jalen Wilson,20250715000000,2024-25,Regular season,2031.0,"SG,SF",-2.6301035429582025,-0.7583537632027852,-1.8467377887137646
Miles Bridges,20250715000000,2024-25,Regular season,2029.0,"SF, PF",-0.2403955110666236,0.3987786375904784,-0.3316359188898535
Davion Mitchell,20250715000000,2024-25,Regular season,2027.0,PG,0.4451252985776332,0.13591955182065976,0.9086514047553362
Franz Wagner,20250715000000,2024-25,Regular season,2023.0,SF,2.7656742378859978,2.5834309168562064,0.43591076170015514
Quentin Grimes,20250715000000,2024-25,Regular season,2013.0,"SG,SF",0.3502264892597563,0.4848744553319948,-0.7533395819224866
Jordan Poole,20250715000000,2024-25,Regular season,2001.0,"PG, SG",-0.42493777089076,1.5490884281340638,-1.400488494774012
Draymond Green,20250715000000,2024-25,Regular season,1983.0,PF,2.819573270636469,0.20370752649249305,2.060986876514817
Devin Vassell,20250715000000,2024-25,Regular season,1983.0,"SG, SF",-1.8424854442800318,-0.22780367056798045,-1.1326683145228513
Klay Thompson,20250715000000,2024-25,Regular season,1965.0,"SG, SF",-1.312637040282871,0.5630059641769709,-1.6184385925885005
Tyrese Maxey,20250715000000,2024-25,Regular season,1960.0,PG,0.587261027603543,2.9389364648714875,-0.9881518307670065
Norman Powell,20250715000000,2024-25,Regular season,1958.0,"SG, SF",2.760161550557634,2.461726342824291,-0.6087956541115203
Yves Missi,20250715000000,2024-25,Regular season,1956.0,C,-2.61473545547018,-1.4632425408072196,-1.0433814991675567
Keon Ellis,20250715000000,2024-25,Regular season,1948.0,"SG,SF",2.069395370647723,0.3977735645514287,1.5851930207481428
Bilal Coulibaly,20250715000000,2024-25,Regular season,1948.0,"SG,SF",-3.4704402344380725,-2.268214431927064,-0.939250782295914
Kyle Kuzma,20250715000000,2024-25,Regular season,1936.0,PF,-2.7906228110752305,-2.084694627152542,-1.0863079878016164
Julian Champagnie,20250715000000,2024-25,Regular season,1932.0,"SF,PF",-1.387190205031899,0.028224746133940076,-1.6505143741517343
Keon Johnson,20250715000000,2024-25,Regular season,1925.0,"SG,PG",-2.850756135197015,-2.0284002129791063,-0.5924983937315638
Naji Marshall,20250715000000,2024-25,Regular season,1919.0,SF,-0.968218784722392,-0.12185208493378111,-1.3811390093129585
Guerschon Yabusele,20250715000000,2024-25,Regular season,1896.0,"PF,C",-0.2746636925703852,-0.1308785427113353,-0.19823887441707988
Jrue Holiday,20250715000000,2024-25,Regular season,1896.0,"PG, SG",0.9656158895810273,0.29008814910777714,1.0030580275620247
Gary Trent Jr.,20250715000000,2024-25,Regular season,1893.0,"SG, SF",0.13287672876621115,1.1163550394563895,-1.249342654854686
Josh Green,20250715000000,2024-25,Regular season,1887.0,"SG, SF",-2.0549028729349104,-2.1807090682174177,0.35482346909435614
Anthony Black,20250715000000,2024-25,Regular season,1887.0,"PG,SG",-0.7824349954478502,-1.749043343764126,0.42705066783059287
Andrew Nembhard,20250715000000,2024-25,Regular season,1881.0,"PG,SG",1.4988066123724268,0.34137269121428276,0.5592440018601579
Nic Claxton,20250715000000,2024-25,Regular season,1880.0,"C,PF",-1.9629259455475894,-2.1777489154693637,0.31063502560365175
Cason Wallace,20250715000000,2024-25,Regular season,1876.0,"SG,PG",1.5712662461590678,-0.02154659847327725,0.9964187457735212
Derrick Jones Jr.,20250715000000,2024-25,Regular season,1873.0,"SF, PF",1.6927932132005739,0.2661675251851265,0.7886637779329593
RJ Barrett,20250715000000,2024-25,Regular season,1869.0,"SG, SF",-0.9736233244456185,0.8994602562628731,-1.1062206477673413
Rui Hachimura,20250715000000,2024-25,Regular season,1869.0,PF,0.0583471815036708,-0.48556017809056073,0.31966006939061864
Buddy Hield,20250715000000,2024-25,Regular season,1864.0,SG,0.5918959844226788,0.8393296042882958,-1.1353790671146384
Trey Murphy III,20250715000000,2024-25,Regular season,1854.0,SG,-0.9724087127204906,0.225490520185663,-1.3171652459171557
Zaccharie Risacher,20250715000000,2024-25,Regular season,1843.0,"SF,SG",-3.1690409932289665,-1.3757257126540752,-1.56923199439022
Andrew Wiggins,20250715000000,2024-25,Regular season,1842.0,SF,-0.04104431578717649,0.6485223504050059,-0.1321104888442043
Isaiah Collier,20250715000000,2024-25,Regular season,1839.0,PG,-4.2224254814469795,-1.964688691131525,-2.1545625102417656
Keldon Johnson,20250715000000,2024-25,Regular season,1838.0,SF,-1.5374053375752097,-0.294130464832749,-1.1506084965706826
Royce O'Neale,20250715000000,2024-25,Regular season,1837.0,"SG, SF",-0.24046178507392652,0.415155696503213,-0.07878368501086874
P.J. Washington,20250715000000,2024-25,Regular season,1835.0,PG,1.4840210421585667,-0.5022035431116914,1.5411110472859202
CJ McCollum,20250715000000,2024-25,Regular season,1832.0,SG,-0.8499426003863411,1.430368076577719,-2.563411089793542
Dorian Finney-Smith,20250715000000,2024-25,Regular season,1821.0,"SF, PF",0.5823656438126398,0.31918904098531964,0.8845763440988555
Haywood Highsmith,20250715000000,2024-25,Regular season,1818.0,"SF,SG",0.7623883914132242,-0.5695090455184062,0.9318421618759583
Alex Sarr,20250715000000,2024-25,Regular season,1814.0,PF,-3.506705570587891,-2.675266981761812,-0.36169503700991057
Kyrie Irving,20250715000000,2024-25,Regular season,1804.0,PG,2.611757650157485,3.2372170500651167,-0.9242237840689926
Kyshawn George,20250715000000,2024-25,Regular season,1802.0,"SG,SF",-2.3918450811092655,-2.1005709959329146,-0.21626553165760903
Cameron Johnson,20250715000000,2024-25,Regular season,1800.0,"SF, PF",0.21871723292298006,1.3467509728225389,-1.5225855413338025
Duncan Robinson,20250715000000,2024-25,Regular season,1786.0,"SG, SF",0.09126717079090095,0.6674614190612961,-0.8321187394817959
Kris Dunn,20250715000000,2024-25,Regular season,1783.0,PG,2.2286318132708423,-0.7614180126609693,2.8026433809017703
Luka Dončić,20250715000000,2024-25,Regular season,1769.0,"PG,SF",6.7766390046451335,5.792189748087102,0.6873352663003967
Scoot Henderson,20250715000000,2024-25,Regular season,1759.0,"PG,SG",-0.39321259498007755,0.29213760428279456,-1.3052404711421062
Wendell Carter Jr.,20250715000000,2024-25,Regular season,1758.0,C,-0.22480897487023466,-1.7748526959941309,1.2325634293368115
Collin Sexton,20250715000000,2024-25,Regular season,1758.0,"PG, SG",-0.9666164410633231,1.6131100205235132,-2.43632647868468
Mike Conley,20250715000000,2024-25,Regular season,1756.0,PG,2.9561975627233608,1.0872719454029731,1.7042383863502266
Amir Coffey,20250715000000,2024-25,Regular season,1748.0,"PG, SG, SF",-1.4878892523336202,-0.8001176283909741,-1.6377136044142122
Jimmy Butler,20250715000000,2024-25,Regular season,1746.0,"SG, SF",3.824093049060922,2.712290764809768,0.8014601851698804
Aaron Wiggins,20250715000000,2024-25,Regular season,1744.0,SG,1.2664945822152267,0.896530191093283,-0.16268887596128592
Walker Kessler,20250715000000,2024-25,Regular season,1740.0,C,1.436568686143055,-0.24736443773335032,2.0182142110749592
De'Andre Hunter,20250715000000,2024-25,Regular season,1740.0,SF,-0.11117193192832903,0.7241589132585264,-0.8922833530247548
Ochai Agbaji,20250715000000,2024-25,Regular season,1739.0,"SF,SG",-2.0774304736853546,-1.3681560724979922,-0.8016591658074519
Brandin Podziemski,20250715000000,2024-25,Regular season,1716.0,SG,2.6216565014886464,1.1967110170897546,1.3392570476834629
Jabari Smith Jr.,20250715000000,2024-25,Regular season,1716.0,"PF,SF",0.12705614327862863,-0.5115582196069545,0.8930167164090457
Anthony Davis,20250715000000,2024-25,Regular season,1706.0,PF,3.918508221741005,1.7336728506556072,2.142419073204831
Bradley Beal,20250715000000,2024-25,Regular season,1702.0,"SG, SF",-1.2686655664669284,-0.3229649534508069,-1.0747938137275184
Georges Niang,20250715000000,2024-25,Regular season,1697.0,PF,-1.1842029000225207,-0.11196783871369903,-0.6763183060150796
Jakob Poeltl,20250715000000,2024-25,Regular season,1686.0,C,1.5284005050214815,0.24717069780996767,1.4368082206105737
Scotty Pippen Jr.,20250715000000,2024-25,Regular season,1683.0,"PG,SG",1.8379726281077606,0.33864984756725297,1.260195530064352
Kevin Huerter,20250715000000,2024-25,Regular season,1679.0,SG,0.27148521118478686,-0.42360713039865455,0.13636184692352898
Santi Aldama,20250715000000,2024-25,Regular season,1660.0,PF,0.5479588885973499,0.8821503013930188,-0.42014923266521825
AJ Green,20250715000000,2024-25,Regular season,1659.0,SG,0.35720761436590964,0.2684526214968743,0.2774487319349861
Al Horford,20250715000000,2024-25,Regular season,1659.0,"PF, C",1.1399536503052885,-0.2849752837506521,1.3932179798593554
Terry Rozier,20250715000000,2024-25,Regular season,1658.0,"PG, SG",-2.0162678230492452,-1.3307510038008643,-0.6250882836878546
Peyton Watson,20250715000000,2024-25,Regular season,1657.0,"SG,SF",-1.2746798051647021,-1.3791857637268112,-0.05527551673628203
Moses Moody,20250715000000,2024-25,Regular season,1649.0,"SG,SF",1.0453118114282138,0.31368779261330104,0.46031843387331817
Tristan da Silva,20250715000000,2024-25,Regular season,1629.0,"SF,SG",-2.586585597117629,-1.2065003013426034,-1.3539679415973314
Donte DiVincenzo,20250715000000,2024-25,Regular season,1606.0,SG,2.3059610385507927,1.1894021583452998,0.9772692145120567
Isaiah Joe,20250715000000,2024-25,Regular season,1604.0,"PG, SG",2.279753425204601,1.91063226940303,0.45421086037422187
Corey Kispert,20250715000000,2024-25,Regular season,1602.0,SF,-2.588729751170393,-0.15733406077150522,-2.282312271362658
Caris LeVert,20250715000000,2024-25,Regular season,1596.0,"SG, SF",0.47449978861246084,0.5439398140131961,-0.5874034517181697
Miles McBride,20250715000000,2024-25,Regular season,1593.0,"PG,SG",1.1645839606777195,0.47084537924634157,0.7598418874564814
Isaiah Hartenstein,20250715000000,2024-25,Regular season,1590.0,C,1.818516939382888,-0.0003214989530074819,1.9572524737392123
Gradey Dick,20250715000000,2024-25,Regular season,1587.0,"SF,SG",-2.376215229841306,-1.1592334903111314,-1.6556967731409067
Paolo Banchero,20250715000000,2024-25,Regular season,1582.0,"SF,PF",0.4606787365685591,2.2583686244027277,-1.100357580504034
Patrick Williams,20250715000000,2024-25,Regular season,1576.0,SG,-3.6578127360555754,-1.8710084778801237,-1.7200002199593756
Obi Toppin,20250715000000,2024-25,Regular season,1545.0,PF,-1.726001690056061,-0.18971959285151363,-1.774401721088612
Grayson Allen,20250715000000,2024-25,Regular season,1544.0,SG,-0.060315073634321814,0.9210035207732035,-0.7975855217956784
Ziaire Williams,20250715000000,2024-25,Regular season,1541.0,SG,-2.274751929256709,-1.615335779605237,-0.2883182505012785
Sam Hauser,20250715000000,2024-25,Regular season,1541.0,"SG,SF",1.3343132973251466,1.2758523547718608,-0.3440724320729963
Victor Wembanyama,20250715000000,2024-25,Regular season,1527.0,"C,PF",5.445519844943647,1.8800112611098567,3.182308975681588
Gabe Vincent,20250715000000,2024-25,Regular season,1525.0,PG,-0.2735152103734479,-1.1309958140413041,0.42624361086815366
Jonas Valančiūnas,20250715000000,2024-25,Regular season,1524.0,C,-0.5546202787054227,0.2814882344726366,-0.6289998884366782
Jerami Grant,20250715000000,2024-25,Regular season,1524.0,"SF, PF",-2.0576367766891406,-1.4461692652715326,-0.877014752337691
Kyle Filipowski,20250715000000,2024-25,Regular season,1522.0,PF,-1.203358229412126,-0.9793389023506152,-0.6498288129471441
Ja Morant,20250715000000,2024-25,Regular season,1519.0,PG,1.3092956530601376,2.837169031211464,-1.4734625259243173
Matas Buzelis,20250715000000,2024-25,Regular season,1511.0,"SF,SG",-1.9844403033497193,-1.6499382967341454,0.14270790662532115
LaMelo Ball,20250715000000,2024-25,Regular season,1505.0,"PG, SG",1.2207484500247863,4.633861742915784,-2.6699522342562245
Dalton Knecht,20250715000000,2024-25,Regular season,1494.0,"SF,SG",-2.4456927134267934,0.3578396480288858,-2.4527151557217772
Kevin Porter Jr.,20250715000000,2024-25,Regular season,1482.0,SG,0.5972068142748618,0.12108701824289969,0.17569861712357604
D'Angelo Russell,20250715000000,2024-25,Regular season,1481.0,"PG, SG",1.322853743678606,1.4580218913222827,-0.019619497598180186
Lauri Markkanen,20250715000000,2024-25,Regular season,1476.0,PF,-0.6145600148210636,0.5663564943638948,-0.7413035944641869
Luke Kennard,20250715000000,2024-25,Regular season,1472.0,SG,-0.6779012607111996,1.2309853390678809,-1.970451312343737
Jamal Shead,20250715000000,2024-25,Regular season,1467.0,PG,-2.7180160335864185,-1.1294189740658567,-1.0665392080730656
Aaron Gordon,20250715000000,2024-25,Regular season,1447.0,PF,0.20601169814926779,1.6286113714937154,-1.081819786549763
Isaiah Stewart,20250715000000,2024-25,Regular season,1434.0,C,-0.7687334558046799,-2.282263365327845,1.4830011514623576
Brice Sensabaugh,20250715000000,2024-25,Regular season,1432.0,"SG,SF",-2.132005317992634,0.1480407181743235,-2.2020471933524846
Goga Bitadze,20250715000000,2024-25,Regular season,1430.0,C,1.2385568256665513,-0.40145954107658793,1.4809738329024773
Kel'el Ware,20250715000000,2024-25,Regular season,1422.0,C,0.801204765049247,-0.9199442984960748,1.0548022308433238
Tari Eason,20250715000000,2024-25,Regular season,1420.0,"PF,SF",1.6125457248485162,0.3754296181704507,1.470921107124864
Zach Edey,20250715000000,2024-25,Regular season,1416.0,C,0.7988486971276008,-0.21599286009610147,1.114091588768873
T.J. McConnell,20250715000000,2024-25,Regular season,1415.0,PG,-0.047145468515041825,0.44446158880241304,0.17323497457561918
Terance Mann,20250715000000,2024-25,Regular season,1414.0,"SG, SF",-1.5513769680518845,-0.3970008938941853,-1.0406723517526189
Ryan Dunn,20250715000000,2024-25,Regular season,1410.0,"SG,SF",-1.9492259857487106,-1.4482447319336664,-0.08998460825002223
Sam Merrill,20250715000000,2024-25,Regular season,1401.0,SF,1.4946867008188076,0.5814100668795322,1.2406422645568735
Ayo Dosunmu,20250715000000,2024-25,Regular season,1394.0,SG,-2.0128429782953914,-0.3523830784148618,-1.702709392066856
Ty Jerome,20250715000000,2024-25,Regular season,1393.0,"PG, SG",3.1467636179345617,4.168114802939506,-0.5880926604114332
Julian Strawther,20250715000000,2024-25,Regular season,1384.0,SG,-2.249391537527867,-1.1095270939389714,-1.380760204758916
Nick Smith Jr.,20250715000000,2024-25,Regular season,1369.0,"SG,PG",-4.522014007885665,-1.6170265258353376,-3.2601636594730357
Jaime Jaquez Jr.,20250715000000,2024-25,Regular season,1368.0,"SG,SF",-1.968502919509609,-1.1223736338873214,-0.5814255585661099
Jeremy Sochan,20250715000000,2024-25,Regular season,1367.0,PF,-1.6291171316572355,-1.2095582528138478,-0.7513369313740934
Nicolas Batum,20250715000000,2024-25,Regular season,1367.0,"SG, SF",1.1561184234847026,-0.34614443553887875,1.791005847525145
Jose Alvarado,20250715000000,2024-25,Regular season,1366.0,PG,-0.36960938231876383,0.2972595993010071,0.0005373002355191364
Luke Kornet,20250715000000,2024-25,Regular season,1361.0,"PF, C",3.4177779812173794,1.047166741648344,2.4211846699194983
Trey Lyles,20250715000000,2024-25,Regular season,1349.0,PF,-1.1114109437262871,-1.051482263924367,0.1744874144504813
Jake LaRavia,20250715000000,2024-25,Regular season,1349.0,"SG,SF",0.9072841707072805,-0.19668966905553947,0.6700401198515501
Bogdan Bogdanović,20250715000000,2024-25,Regular season,1348.0,SG,-0.2211868075536102,0.17344026169695725,-0.658355962739176
Justin Champagnie,20250715000000,2024-25,Regular season,1340.0,"SF,PF",-0.1620287183557878,-0.17691564473214932,0.018073959638833847
Paul George,20250715000000,2024-25,Regular season,1334.0,"SG, SF",1.0282416734691668,-0.2160819917945555,1.1610991992646624
Ausar Thompson,20250715000000,2024-25,Regular season,1328.0,"SG,PF",1.7938661696556366,-0.3129571637708507,2.0629786025512167
Donovan Clingan,20250715000000,2024-25,Regular season,1324.0,C,1.1945231171371828,-0.968784933875778,2.1681976090963317
Jordan Hawkins,20250715000000,2024-25,Regular season,1321.0,"SG,SF",-3.2334881633334582,-1.5839574423424152,-2.0799458638541823
Tyrese Martin,20250715000000,2024-25,Regular season,1315.0,"SG,SF",-2.8455702025280436,-0.9673027261226183,-1.4285948321017528
Mason Plumlee,20250715000000,2024-25,Regular season,1300.0,C,0.7256064843350263,-0.8277141356452327,1.4835071057147822
Jonathan Mogbo,20250715000000,2024-25,Regular season,1286.0,"PF,SF",-3.353612786662474,-2.85299183684043,0.05521151160381371
Jalen Johnson,20250715000000,2024-25,Regular season,1284.0,PF,1.287718989335478,0.03479609209419523,1.1773060218508478
Max Strus,20250715000000,2024-25,Regular season,1273.0,"SG, SF",0.5091738083026651,0.9001682208839993,-0.29443397900340246
Johnny Juzang,20250715000000,2024-25,Regular season,1270.0,"SG,SF",-1.947330789590215,-0.5122018616769444,-2.0431877801094966
Ronald Holland II,20250715000000,2024-25,Regular season,1266.0,SF,-2.0525919168565285,-2.140638032869801,0.0566573382078116
Javonte Green,20250715000000,2024-25,Regular season,1258.0,"SG, SF",-1.1786680399914615,-1.8588624787006283,0.8376359226596904
Nick Richards,20250715000000,2024-25,Regular season,1256.0,"PF, C",-1.8715036616122496,-1.7123762166684218,-0.45039380882259483
Dean Wade,20250715000000,2024-25,Regular season,1252.0,PF,0.07714669595188581,-0.8085729388194411,1.002173091706236
Ricky Council IV,20250715000000,2024-25,Regular season,1250.0,SF,-2.010710890260731,-0.6542168986189251,-1.3491682884063319
Tidjane Salaün,20250715000000,2024-25,Regular season,1244.0,"SF,PF",-4.71074816296396,-3.3667076692184166,-0.9122305370594292
Bobby Portis,20250715000000,2024-25,Regular season,1244.0,"PF, C",0.8542704476277798,0.00195304664923443,0.6869970659833728
Moussa Diabaté,20250715000000,2024-25,Regular season,1241.0,C,0.16340162536569453,-0.493791050794679,0.9131980284595029
Jeremiah Robinson-Earl,20250715000000,2024-25,Regular season,1239.0,"PF,SF",-2.851304934630922,-1.5329111108856999,-1.4982809898647709
Simone Fontecchio,20250715000000,2024-25,Regular season,1237.0,"SF,PF",-2.2842630038124523,-1.6212689807253688,-0.6318241037999536
Cole Anthony,20250715000000,2024-25,Regular season,1234.0,PG,-0.4297436091947263,-0.17741788921138096,-0.3918241324761454
Ben Sheppard,20250715000000,2024-25,Regular season,1228.0,"SG,SF",-1.8226533662823767,-1.1715170963848274,-0.2273807595922059
Daniel Gafford,20250715000000,2024-25,Regular season,1226.0,C,2.7762208140256366,1.250723000592783,1.6737059017375016
John Collins,20250715000000,2024-25,Regular season,1220.0,"PF, C",1.1277202915021987,0.6041205907258901,0.5682347326056976
Caleb Martin,20250715000000,2024-25,Regular season,1218.0,SF,-1.727465313402061,-2.399236327243662,0.8006515862470193
Kristaps Porziņģis,20250715000000,2024-25,Regular season,1210.0,"C,PF",2.5711617479756477,0.7579030165026293,1.9346914927608603
Brandon Clarke,20250715000000,2024-25,Regular season,1207.0,"PF, C",2.2213744336638834,0.007937352117697138,1.8936011762879164
Deandre Ayton,20250715000000,2024-25,Regular season,1206.0,C,-0.448718670694666,-1.1185687534031732,0.5108133523444357
Jarace Walker,20250715000000,2024-25,Regular season,1187.0,SF,-2.024673272890085,-1.3303978251114217,-0.3778422742845667
Kawhi Leonard,20250715000000,2024-25,Regular season,1180.0,SF,4.213324019548779,2.4817218905235845,0.8459552992598174
Clint Capela,20250715000000,2024-25,Regular season,1176.0,C,-0.750078300695612,-1.145405045564651,1.067561430706517
Cody Martin,20250715000000,2024-25,Regular season,1173.0,"SG, SF",0.055328806220360904,-1.3486168842602455,1.1795337634864098
Mark Williams,20250715000000,2024-25,Regular season,1171.0,C,-0.827403410507152,-1.1303918852237165,-0.021653650118592604
Precious Achiuwa,20250715000000,2024-25,Regular season,1170.0,PF,-1.7651344036961354,-2.2099290769788076,0.49987375653785726
Justin Edwards,20250715000000,2024-25,Regular season,1156.0,SF,-2.5761455138065417,-1.2823761104764082,-1.5956568520215977
Nikola Jović,20250715000000,2024-25,Regular season,1156.0,"SF,PF",-1.0233136531470253,-0.6417943797800798,-0.24305157634201952
Vít Krejčí,20250715000000,2024-25,Regular season,1153.0,"SG,SF",-0.7440817304181623,0.3603386886813581,-0.5878416164268779
Jonathan Kuminga,20250715000000,2024-25,Regular season,1144.0,PF,-0.7341866776686791,-0.4875146136457473,0.16558365844347844
Kevon Looney,20250715000000,2024-25,Regular season,1142.0,"PF, C",1.5746192675691046,0.14157259858911808,1.972458122282569
Kenrich Williams,20250715000000,2024-25,Regular season,1132.0,SF,1.7711344987635518,0.28362604939407693,0.8511842520544406
Aaron Nesmith,20250715000000,2024-25,Regular season,1123.0,SF,1.4734153879166003,1.1583578536430066,0.65148557308629
Julian Phillips,20250715000000,2024-25,Regular season,1123.0,"SF,PF",-0.5254899674101986,-0.5728474649089313,-0.346827872806137
Dalano Banton,20250715000000,2024-25,Regular season,1120.0,"PG,SG",-1.3359386695740265,-0.6727454472919406,-1.3095767084252579
Ben Simmons,20250715000000,2024-25,Regular season,1120.0,"PG, SF",-1.466777198764672,-1.183507661479466,0.7248826169934012
Ja'Kobe Walter,20250715000000,2024-25,Regular season,1103.0,"SG,SF",-1.530250452335609,-0.8423377536967385,-0.22571420158807032
Jaxson Hayes,20250715000000,2024-25,Regular season,1093.0,C,0.33794579227594174,-1.9947070315001432,2.0807127303664954
Jonathan Isaac,20250715000000,2024-25,Regular season,1090.0,PF,0.2047099023080336,-1.2455719356652826,1.5291279373474476
Cameron Payne,20250715000000,2024-25,Regular season,1090.0,PG,2.2892848992999624,2.270095037678334,0.32315716280122975
DaQuan Jeffries,20250715000000,2024-25,Regular season,1071.0,PG,-4.3747360232116765,-2.8507528618380524,-2.0292545921743987
Jusuf Nurkić,20250715000000,2024-25,Regular season,1063.0,C,-1.3876783988859311,-2.777128370546341,1.4072407266340927
Seth Curry,20250715000000,2024-25,Regular season,1062.0,"PG, SG",-1.0217088649405293,0.3845137017506799,-1.8374992140393938
Cody Williams,20250715000000,2024-25,Regular season,1060.0,"SG,SF",-5.589838669956125,-4.0127767427395975,-1.3387716778946581
Isaac Okoro,20250715000000,2024-25,Regular season,1053.0,SG,0.2774770817182699,-0.3683708033708024,0.12714085995843086
Oso Ighodaro,20250715000000,2024-25,Regular season,1045.0,C,-1.5510069890747835,-2.2059939949513634,0.4645647853011331
Jared Butler,20250715000000,2024-25,Regular season,1044.0,PG,-0.32229680080581496,0.43376572529769386,-0.9896660953817413
Noah Clowney,20250715000000,2024-25,Regular season,1042.0,"PF,SF",-2.6268927738768424,-2.188020485913869,-0.3157896181066383
Jamison Battle,20250715000000,2024-25,Regular season,1042.0,"SG,SF",-3.0973425466783375,-0.7620104054508013,-1.9230306427174293
Alex Caruso,20250715000000,2024-25,Regular season,1041.0,"PG, SG",3.776688921372259,0.2817480164746191,3.464101018965571
Kris Murray,20250715000000,2024-25,Regular season,1040.0,"SF,SG",-1.4003098745463387,-1.8808516065618415,1.0592255577642846
Dejounte Murray,20250715000000,2024-25,Regular season,1012.0,PG,-1.9992478831151475,-1.156308850752834,-0.8680994827989261
Jalen Suggs,20250715000000,2024-25,Regular season,1002.0,"PG, SG",1.1926938352353669,-0.1808128943130488,1.2678496183982668
Kyle Anderson,20250715000000,2024-25,Regular season,1002.0,"SF, PF",-0.05630920066017267,-0.2606982183264067,0.5593810564449072
Brandon Boston,20250715000000,2024-25,Regular season,993.0,"SG,SF",-1.14736083866635,-0.8624078286863602,0.1206523623028167
Dalen Terry,20250715000000,2024-25,Regular season,987.0,"SG,SF",-2.8560259966721038,-1.8605127135021924,-0.3385668319627941
Andre Jackson Jr.,20250715000000,2024-25,Regular season,980.0,"SG,SF",-1.8073972638903004,-1.646894504952741,0.10054257315412544
Zach Collins,20250715000000,2024-25,Regular season,976.0,"PF, C",-0.11108209740101255,-1.263993369764262,1.143256087954354
Trayce Jackson-Davis,20250715000000,2024-25,Regular season,967.0,C,-1.6675322769523038,-1.5277970842786637,-0.04690598432875395
Thomas Bryant,20250715000000,2024-25,Regular season,963.0,C,-0.9976492728420603,-0.38795516007772446,-0.09428382760717577
Jordan Clarkson,20250715000000,2024-25,Regular season,962.0,"PG, SG",-1.2479097489462676,0.6464495842195394,-1.897870954574473
Jalen Smith,20250715000000,2024-25,Regular season,962.0,"PG, SG",0.2537546895315481,-0.2087755100012071,0.6782205363678219
Gary Payton II,20250715000000,2024-25,Regular season,927.0,SG,1.1449528750256768,0.18900460011950476,0.9823240860372808
Brandon Miller,20250715000000,2024-25,Regular season,924.0,"SG,SF",-0.36771457586252865,0.35035126869265354,-0.5311277532423594
Bruce Brown,20250715000000,2024-25,Regular season,921.0,"PG, SG",-4.435124961166177,-2.533811945428467,-1.6012909778650282
Immanuel Quickley,20250715000000,2024-25,Regular season,918.0,PG,-0.026088468914738205,2.295758140685696,-2.049486064569152
Trendon Watford,20250715000000,2024-25,Regular season,913.0,"PF,SF",-1.8669067741774645,-1.6869603169377045,-0.2058900689715395
KJ Martin,20250715000000,2024-25,Regular season,912.0,SF,-2.1411105312527194,-1.358496134091982,0.0027935004475396867
Day'Ron Sharpe,20250715000000,2024-25,Regular season,909.0,"C,PF",1.711106202950318,0.23161984910674194,2.1430758934049328
Jaden Hardy,20250715000000,2024-25,Regular season,907.0,"SG,PG",-2.10311270920919,-1.280922336513933,-1.6185787925480506
Tre Jones,20250715000000,2024-25,Regular season,905.0,PG,0.09195704553400053,0.8384471513610338,-0.48323531854326085
Adem Bona,20250715000000,2024-25,Regular season,902.0,C,-1.51114265051836,-1.8923692502434222,0.5786551807152376
Jaden Ivey,20250715000000,2024-25,Regular season,898.0,"PG,SG",-1.2282672447573124,0.3636688602259374,-2.0155611073328474
Kelly Olynyk,20250715000000,2024-25,Regular season,891.0,"PF, C",0.27439890967454783,0.25540085421470826,0.5618258827924032
Chet Holmgren,20250715000000,2024-25,Regular season,877.0,"C,PF",2.1414808114979067,0.04022799894361184,2.458220062326392
Alec Burks,20250715000000,2024-25,Regular season,863.0,"SG, SF",1.0988565974041444,1.0790287321310106,0.054443776702886026
Neemias Queta,20250715000000,2024-25,Regular season,863.0,C,0.3309631427800964,-1.13357939106892,1.0694971852476727
Chris Boucher,20250715000000,2024-25,Regular season,862.0,"PF, C",0.5216757391812947,1.2439762749558338,-0.600904281397397
Zion Williamson,20250715000000,2024-25,Regular season,857.0,"PF, C",1.845637229502728,4.269670951548753,-0.5690395499038693
Khris Middleton,20250715000000,2024-25,Regular season,843.0,SF,2.036817057400084,1.825607141482283,-1.1797680290119559
KJ Simpson,20250715000000,2024-25,Regular season,842.0,PG,-3.5196286986282863,-3.4007449912443097,-0.7360463297190478
Shake Milton,20250715000000,2024-25,Regular season,836.0,"PG, SG",-0.7447907154170881,-0.047582357651962434,-0.8778527528785757
Dereck Lively II,20250715000000,2024-25,Regular season,833.0,C,1.4515882958373112,-0.28381237877699034,2.3838842895484476
Garrison Mathews,20250715000000,2024-25,Regular season,830.0,"SG, SF",-0.4469202940428338,0.1072524424798485,-0.5194454797738597
Cam Whitmore,20250715000000,2024-25,Regular season,827.0,"SF,SG",-0.5054253847810356,0.9604697021346548,-0.9969770294222209
Ryan Rollins,20250715000000,2024-25,Regular season,820.0,"PG,SG",1.4391365877502005,0.17624163627252798,1.596862351617494
Marcus Sasser,20250715000000,2024-25,Regular season,811.0,PG,0.9104685396468476,1.3776525593371969,-0.9393981385298801
Steven Adams,20250715000000,2024-25,Regular season,795.0,C,1.6680571573529945,-0.13156053750957075,2.0276203099899917
Aaron Holiday,20250715000000,2024-25,Regular season,792.0,"PG, SG",0.9609192468895688,0.7528112997433549,0.6255204033590466
Karlo Matković,20250715000000,2024-25,Regular season,791.0,"C,PF",-1.577381925200068,-1.713615928066847,0.20484813598611212
Caleb Houstan,20250715000000,2024-25,Regular season,788.0,"SG,SF",-1.7406226336350217,-0.6001181388026611,-1.4924228223382472
Vasilije Micić,20250715000000,2024-25,Regular season,785.0,PG,-4.412016771019447,-2.763773267364355,-1.7271559702842172
Jaylin Williams,20250715000000,2024-25,Regular season,784.0,"C,PF",2.8473505991772874,1.4571258440181385,2.0566156176048027
Pelle Larsson,20250715000000,2024-25,Regular season,782.0,"SG,SF",-0.5148478914363521,-1.1175927287423841,0.6722695794986346
Cam Thomas,20250715000000,2024-25,Regular season,781.0,SG,0.2970724588684158,3.5358762595020092,-3.2920739544730693
Lindy Waters III,20250715000000,2024-25,Regular season,777.0,SG,-1.4428278068058997,-0.2540382920334008,-0.4708312704921973
Lonzo Ball,20250715000000,2024-25,Regular season,777.0,PG,2.3076418948441764,0.1591752804872334,1.9159642233624887
Orlando Robinson,20250715000000,2024-25,Regular season,770.0,"C,PF",-3.11087868908911,-2.3902655373070174,-0.35027597421603385
Eric Gordon,20250715000000,2024-25,Regular season,768.0,"SG, SF",-2.2931414068581466,-0.02982551590749183,-2.081577509583931
Gui Santos,20250715000000,2024-25,Regular season,762.0,"SF,SG",0.9620977974031042,0.5837343967704871,0.5074163654374504
Landry Shamet,20250715000000,2024-25,Regular season,762.0,"SG, SF",-0.2178857157926221,-0.594539752066946,0.22358253167694164
Svi Mykhailiuk,20250715000000,2024-25,Regular season,760.0,"SG, SF",-2.5353599880315656,-0.2631476698163067,-2.214440900546157
Andre Drummond,20250715000000,2024-25,Regular season,751.0,C,-2.982904567040953,-3.0622670926304187,0.2297538188633944
Jabari Walker,20250715000000,2024-25,Regular season,749.0,PF,1.0372944217809525,0.06499693184930784,0.8822670298477413
Jay Huff,20250715000000,2024-25,Regular season,748.0,PF,-0.3320125093818191,-0.1823672502165489,0.5992437117544972
Drew Eubanks,20250715000000,2024-25,Regular season,746.0,"PF, C",-2.8608910494361677,-2.190760544841579,-0.19980981601055414
Talen Horton-Tucker,20250715000000,2024-25,Regular season,724.0,SF,-0.6795462992759276,0.26534371984699573,-0.9107224706944247
Gary Harris,20250715000000,2024-25,Regular season,711.0,SG,-0.676854750841666,-1.4037904893852793,-0.262389605166952
Micah Potter,20250715000000,2024-25,Regular season,705.0,"SF,PF",-2.8595258251954903,-2.176518111470887,0.019630786087841454
Jett Howard,20250715000000,2024-25,Regular season,701.0,"SG,SF",-3.9194601010770223,-1.9963929943922647,-2.4281837210677595
DeAndre Jordan,20250715000000,2024-25,Regular season,691.0,C,-1.9502865513587908,-1.7786901111614417,0.0022191445494294804
Quinten Post,20250715000000,2024-25,Regular season,686.0,PF,0.053223123967716626,0.2542437105469255,0.48168634222445406
Blake Wesley,20250715000000,2024-25,Regular season,683.0,"PG,SG",-0.9411724362019779,-1.6752267144406443,0.2268577047270845
Sandro Mamukelashvili,20250715000000,2024-25,Regular season,681.0,C,-0.30925729394891366,1.0594589324771178,-1.0406448143603166
Marcus Smart,20250715000000,2024-25,Regular season,680.0,SG,1.4133174896858838,0.17452441543244776,1.1988025576884889
Jalen Pickett,20250715000000,2024-25,Regular season,666.0,"PG,SG",-0.06127093736056434,0.383742057036103,-0.39109891044359946
Tosan Evbuomwan,20250715000000,2024-25,Regular season,665.0,"SF,SG",-1.2181926940134489,-1.799829749228363,0.5555791913477539
Antonio Reeves,20250715000000,2024-25,Regular season,660.0,SG,-3.318088280168119,-0.7014051576737752,-2.8498481986041644
Kyle Lowry,20250715000000,2024-25,Regular season,659.0,PG,-0.3268970156121871,-1.5767032249447859,1.6542137707568525
Reed Sheppard,20250715000000,2024-25,Regular season,653.0,SG,-2.1619174121878473,-1.4143961268622962,-0.7122822899020356
Herbert Jones,20250715000000,2024-25,Regular season,648.0,"SF, PF",0.26969991544352684,-1.714293349499918,1.752479708081582
AJ Johnson,20250715000000,2024-25,Regular season,638.0,"PG,SG",-6.319700113012636,-2.7247118100734005,-3.630472794570835
Maxi Kleber,20250715000000,2024-25,Regular season,637.0,PF,-4.075392893736694,-3.1156910863345875,-0.5576091850922393
Delon Wright,20250715000000,2024-25,Regular season,634.0,PG,-0.1906456904543723,-2.165271180424875,2.8628832111977185
Jericho Sims,20250715000000,2024-25,Regular season,631.0,C,-2.0065835728436223,-2.7789706177121682,0.6855730530773896
Josh Okogie,20250715000000,2024-25,Regular season,625.0,"SG, SF",1.3874819737736117,-0.20739962038558357,2.068017200149839
Daniel Theis,20250715000000,2024-25,Regular season,621.0,C,-1.5823515519795848,-2.2590790980486517,0.582695504151781
Jeff Dowtin Jr.,20250715000000,2024-25,Regular season,621.0,PG,-1.753054497997761,0.5841582963524311,-2.0867035784995167
Cory Joseph,20250715000000,2024-25,Regular season,612.0,PG,0.8465173043519606,-0.05001327147781621,0.9552800628504224
Kessler Edwards,20250715000000,2024-25,Regular season,608.0,"PF,SF",-3.228997518022423,-1.881894714226654,-1.2299425829199762
Zeke Nnaji,20250715000000,2024-25,Regular season,608.0,PF,-0.835219844145902,-1.651013554823634,1.3322125458826868
Pat Connaughton,20250715000000,2024-25,Regular season,603.0,SG,-1.811681906023027,0.0017728254906429486,-1.2048974654208675
Ajay Mitchell,20250715000000,2024-25,Regular season,597.0,PG,1.1328069768424525,-0.710249949448535,1.538374661406519
Brandon Ingram,20250715000000,2024-25,Regular season,595.0,"SG, SF",-1.1769969403004068,0.6424582377926411,-1.922612539163493
Jared McCain,20250715000000,2024-25,Regular season,592.0,"SG,PG",-1.1484607947872059,1.1256191892290515,-2.136520315152529
Cam Reddish,20250715000000,2024-25,Regular season,589.0,SF,-3.1860260026179503,-3.0406237435653742,-0.3372884843090176
Jae'Sean Tate,20250715000000,2024-25,Regular season,588.0,"SF, PF",0.8948935702337846,-0.20820848044324403,1.8816819193937038
Olivier-Maxence Prosper,20250715000000,2024-25,Regular season,584.0,"SF,SG",-1.3339511246983684,-2.662179867422518,1.1363814997117707
Jarred Vanderbilt,20250715000000,2024-25,Regular season,581.0,"SF, PF",1.050766888841451,-1.0029282531273944,1.2625602020308757
Joel Embiid,20250715000000,2024-25,Regular season,574.0,C,1.073321868686374,1.6727396947308637,0.6991686126595287
Monté Morris,20250715000000,2024-25,Regular season,571.0,PG,0.2751031382743278,-0.20252978728007656,-0.6400848152024671
Moritz Wagner,20250715000000,2024-25,Regular season,564.0,"SF, PF",1.5067809047794931,0.17415080761683055,1.2179874451299988
Malcolm Brogdon,20250715000000,2024-25,Regular season,564.0,PG,-2.7384474557099723,0.02907069871978564,-2.9378860429572358
John Konchar,20250715000000,2024-25,Regular season,558.0,SG,1.159235291271954,-0.463552953232334,1.22798863088362
Dillon Jones,20250715000000,2024-25,Regular season,552.0,"SG,SF",-2.5569671865511925,-2.7161191730789342,-0.5305328209861009
Dwight Powell,20250715000000,2024-25,Regular season,551.0,"PF, C",-0.4336547860718894,-1.2828222920815602,1.2029071396841022
Jordan Goodwin,20250715000000,2024-25,Regular season,543.0,"SG,SF",-0.02500044622595176,-0.2211076709682404,0.7350816994078838
Richaun Holmes,20250715000000,2024-25,Regular season,534.0,"PF, C",0.4293316952142391,0.7363126014489849,0.12479657398486849
Mouhamed Gueye,20250715000000,2024-25,Regular season,533.0,"PF,SF",0.5437234654484235,-1.0662209372619107,2.27242978722757
Bismack Biyombo,20250715000000,2024-25,Regular season,528.0,C,-2.961119779077597,-3.5261769738333735,0.39539127604113583
Jaylen Clark,20250715000000,2024-25,Regular season,522.0,"SG,SF",2.1131027659516173,0.5547559800232151,1.4513952207149126
Rob Dillingham,20250715000000,2024-25,Regular season,516.0,PG,-1.9599248749978821,-0.550180511350852,-1.6021600958593218
Colby Jones,20250715000000,2024-25,Regular season,515.0,"SF,SG",-2.223447988346872,-1.804534308664954,-0.09399910311300297
Craig Porter Jr.,20250715000000,2024-25,Regular season,513.0,"PG,SG",-2.9656312230655764,-0.9004249723405916,-1.5450345348746695
Tristan Vukcevic,20250715000000,2024-25,Regular season,513.0,"PF,C",-1.905875040790295,-1.2080380573236347,-0.4392372237558698
Elfrid Payton,20250715000000,2024-25,Regular season,511.0,PG,-4.7776704125980745,-3.419962556122973,-0.8153786626801746
Jamal Cain,20250715000000,2024-25,Regular season,502.0,"SF,SG",-2.170361328735539,-2.0098346920011805,-0.3688269201174086
Keaton Wallace,20250715000000,2024-25,Regular season,501.0,PG,-1.444384015799311,-1.5267061704518887,0.17528217018531134
Jock Landale,20250715000000,2024-25,Regular season,500.0,"C,PF",-0.8374528759631776,-0.6859613795226338,-0.27137796820162385
Wendell Moore Jr.,20250715000000,2024-25,Regular season,499.0,"SF,SG",-3.1896057849993382,-2.2922604901031356,-1.2835056545958097
Vince Williams Jr.,20250715000000,2024-25,Regular season,499.0,"SF,SG",-2.6930267987360708,-1.147167128157866,-2.028478689881733
Brandon Williams,20250715000000,2024-25,Regular season,487.0,PG,1.0305133359492546,1.50019152872275,-0.025041827940886545
A.J. Lawson,20250715000000,2024-25,Regular season,486.0,"SF,SG",-1.415477322985994,0.1167659873219378,-2.1821344648517123
Grant Williams,20250715000000,2024-25,Regular season,479.0,PF,1.2881898196534098,-0.8261309850756255,1.2015151293496498
Lonnie Walker IV,20250715000000,2024-25,Regular season,477.0,"SG, SF",-3.0021813856826567,-0.06458092256853404,-3.2600544315393596
Duop Reath,20250715000000,2024-25,Regular season,469.0,PF,-1.937520618657842,-0.36827039917697024,-1.2820100403691466
Reece Beekman,20250715000000,2024-25,Regular season,469.0,"PG,SG",-2.775782696782038,-2.948084230524824,1.1160695727172625
Kai Jones,20250715000000,2024-25,Regular season,468.0,C,-0.5755529121173435,-1.121218801611068,0.7394310755171479
Larry Nance Jr.,20250715000000,2024-25,Regular season,463.0,"PF, C",-1.0860197004452132,-0.36876839947761075,-0.5065478144381754
Collin Gillespie,20250715000000,2024-25,Regular season,461.0,"PG,SG",0.7869174508298606,2.183383813943007,-0.9283780251073206
Rayan Rupert,20250715000000,2024-25,Regular season,460.0,"SG,SF",-3.286678645528098,-2.953401928103347,-1.051314344828025
GG Jackson,20250715000000,2024-25,Regular season,459.0,"SF,SG",-4.871534027016291,-2.222021364005511,-2.5708462635211053
Jaylon Tyson,20250715000000,2024-25,Regular season,453.0,"SF,SG",-1.9484070990654454,-0.7185985526014191,-0.5905614684681448
Bol Bol,20250715000000,2024-25,Regular season,448.0,"PF, C",-1.2263514085786649,-0.1750170466510332,-0.5752706204355917
Paul Reed,20250715000000,2024-25,Regular season,436.0,PF,2.2325762457949687,-1.4004950572852826,3.4574463885667583
Colin Castleton,20250715000000,2024-25,Regular season,432.0,"C,PF",-2.039200334364491,-2.3208969122862957,0.15067177631457246
Trevelin Queen,20250715000000,2024-25,Regular season,430.0,"SG,SF",-1.9744397862525394,-2.1510289758166437,-0.002222142884080819
Malaki Branham,20250715000000,2024-25,Regular season,427.0,SG,-2.465641566382423,-0.7177942962300824,-2.0547554527799416
Jordan Miller,20250715000000,2024-25,Regular season,420.0,"SG,SF",-3.4853059046087926,-2.1321744459079506,-1.7427163764603715
Mo Bamba,20250715000000,2024-25,Regular season,413.0,C,-2.716500138184341,-3.0022898266532607,0.35261511953230895
David Roddy,20250715000000,2024-25,Regular season,410.0,"PF,SF",-3.685652085464301,-2.2993148889123707,-1.0404411938967
Taj Gibson,20250715000000,2024-25,Regular season,409.0,"PF, C",-4.261681176689096,-4.04942812268247,-0.37321712313848404
Ousmane Dieng,20250715000000,2024-25,Regular season,405.0,"SG,SF",-0.12085265923642352,-2.2215817302609926,1.4278738897802352
Jordan Walsh,20250715000000,2024-25,Regular season,403.0,"SF,SG",-2.157452334550137,-2.3923462151773074,0.5114035590103723
Hunter Tyson,20250715000000,2024-25,Regular season,400.0,"SF,PF",-4.4245436853116,-3.36073112025065,-1.106412355677498
Anthony Gill,20250715000000,2024-25,Regular season,397.0,PF,-1.939597972456847,-1.605165685732603,-0.6249154401273732
Jeff Green,20250715000000,2024-25,Regular season,396.0,PF,-1.561764926009783,0.5714877105033298,-2.152535687517971
Devin Carter,20250715000000,2024-25,Regular season,396.0,"PG,SG",1.78295087165921,-0.4045424372022527,1.6877263930150443
Trey Jemison III,20250715000000,2024-25,Regular season,392.0,C,-2.334156210454087,-3.050087793485647,0.3603056851374315
Reggie Jackson,20250715000000,2024-25,Regular season,384.0,"PG, SG",-1.9020237712032344,-1.15420196858122,-1.5565406407351914
Baylor Scheierman,20250715000000,2024-25,Regular season,384.0,"SG,SF",0.5716939136012762,-1.0040723808546195,1.9687540478045649
Quenton Jackson,20250715000000,2024-25,Regular season,381.0,"SG,PG",0.6840338592064309,0.1338477741693107,1.4396036768731857
Alex Len,20250715000000,2024-25,Regular season,380.0,C,-5.452032161945169,-4.315705049275373,-1.5412848415302398
Johnny Furphy,20250715000000,2024-25,Regular season,379.0,SF,-1.0116438595106056,-1.7758860072985303,0.8639814247427227
Charles Bassey,20250715000000,2024-25,Regular season,376.0,C,-3.003151455160936,-3.311932308630542,-0.4396632499506803
Dominick Barlow,20250715000000,2024-25,Regular season,375.0,PF,-1.0980955647161477,-0.31316372306475915,0.03355141256915281
Danté Exum,20250715000000,2024-25,Regular season,372.0,PG,-1.9875208539231108,-0.2709297642623608,-1.6210405514212103
Damion Baugh,20250715000000,2024-25,Regular season,370.0,"PG,SG",-4.92459869302258,-3.6901913159337463,-2.3152636843461862
Jaden Springer,20250715000000,2024-25,Regular season,365.0,SG,0.49088114698858293,-1.0408017413925257,1.8223041710411452
Robert Williams III,20250715000000,2024-25,Regular season,351.0,C,0.6218878509923693,-1.244765649649029,1.8918027545640754
Doug McDermott,20250715000000,2024-25,Regular season,342.0,"SF, PF",-1.6867766455941333,0.23548304558348937,-2.263456729009923
Christian Koloko,20250715000000,2024-25,Regular season,342.0,C,-2.1070269518857274,-2.736085030458111,0.5835207863902527
Terrence Shannon Jr.,20250715000000,2024-25,Regular season,339.0,"SG,SF",-3.1123988849978534,-1.8848862694403627,-0.857451869329382
Keion Brooks Jr.,20250715000000,2024-25,Regular season,332.0,"SF,PF",-3.9229616809867194,-2.7438486518407146,-1.776399332271074
Tristan Thompson,20250715000000,2024-25,Regular season,328.0,"PF, C",-5.545699847379147,-4.422872284833242,-0.40155200313193096
Maxwell Lewis,20250715000000,2024-25,Regular season,328.0,"SG,SF",-4.212284559039974,-2.336122584997519,-1.012227407023952
Patty Mills,20250715000000,2024-25,Regular season,321.0,"PG, SG",-0.9393550488526264,-1.3054661319455672,0.6671527928349259
Jevon Carter,20250715000000,2024-25,Regular season,321.0,"PG, SG",0.5436638240184832,1.6008887925353639,-1.8292248645469666
Tre Mann,20250715000000,2024-25,Regular season,319.0,PG,-1.5753658838921025,1.412413899768982,-2.248449481636674
Jalen Hood-Schifino,20250715000000,2024-25,Regular season,315.0,"PG,SG",-5.7811801380997245,-2.084937250303445,-3.848101831216779
Jordan McLaughlin,20250715000000,2024-25,Regular season,314.0,PG,2.635127317636479,0.6413880949280026,1.4391738267753391
Torrey Craig,20250715000000,2024-25,Regular season,314.0,SF,-2.083581663732444,-1.4686915082595429,-0.4062358312727542
Matisse Thybulle,20250715000000,2024-25,Regular season,312.0,SF,3.0293380328677904,-0.3427311251949236,4.04254848441046
Isaac Jones,20250715000000,2024-25,Regular season,304.0,"C,PF",-4.087350682695051,-1.5019393025511136,-1.80293185940225
Tyler Kolek,20250715000000,2024-25,Regular season,296.0,PG,-1.234506696526387,-2.0174179506965118,0.5159492956557568
Mitchell Robinson,20250715000000,2024-25,Regular season,290.0,C,2.5201099284672432,1.0873691779713759,1.5787391642883217
Josh Minott,20250715000000,2024-25,Regular season,276.0,"SF,SG",-0.6876833359604974,-0.9413816240100215,0.5452364631058839
Kobe Brown,20250715000000,2024-25,Regular season,272.0,"PF,SF",-4.388663944372262,-2.1462119072394,-1.6898720867489674
Dru Smith,20250715000000,2024-25,Regular season,268.0,"SG,PG",2.8054137058165782,-0.900161420610107,3.753467885472139
Isaiah Wong,20250715000000,2024-25,Regular season,265.0,PG,-1.8064883992243106,-1.6002900591134013,0.5530926775675419
Marvin Bagley III,20250715000000,2024-25,Regular season,265.0,"PF, C",0.01284618934177284,-0.4253306172613539,0.6349576916323136
Oscar Tshiebwe,20250715000000,2024-25,Regular season,255.0,C,1.4544327789066822,1.1818388194445735,0.7222048745443927
Drew Timme,20250715000000,2024-25,Regular season,254.0,PF,-3.7387759289265983,-2.5700527567003526,-1.0165949055173638
Marcus Bagley,20250715000000,2024-25,Regular season,253.0,"PF,SF",-4.260405806288091,-3.127127961522884,-0.7871562867248131
Cam Spencer,20250715000000,2024-25,Regular season,252.0,SG,1.3272344170983454,1.4082155048858973,-1.1486508082684603
Kevin Love,20250715000000,2024-25,Regular season,251.0,"PF, C",0.4751883866982847,-0.31045019514865463,1.3554043898823194
Pat Spencer,20250715000000,2024-25,Regular season,250.0,"SG,PG",-1.5889445451746091,-1.1326796362857323,0.11158436082228351
JT Thor,20250715000000,2024-25,Regular season,249.0,"SF,SG",-4.5360769311041995,-3.7435581013197945,-0.9822781870633037
Branden Carlson,20250715000000,2024-25,Regular season,246.0,PF,-0.14081831518202848,0.6601593478164429,-0.9695684679692594
Dariq Whitehead,20250715000000,2024-25,Regular season,246.0,"SG,SF",-5.925900796322865,-2.1301371153605397,-2.6254299288941203
Johnny Davis,20250715000000,2024-25,Regular season,242.0,SF,-1.1496781985848317,-2.5346562018414023,1.579340982078143
Bones Hyland,20250715000000,2024-25,Regular season,239.0,PG,-1.0205405689581133,0.227029276365855,-0.1468768051314251
Jaylen Martin,20250715000000,2024-25,Regular season,239.0,"SF,SG",-6.516678432570172,-3.6098569070206965,-3.1121866589772407
Xavier Tillman,20250715000000,2024-25,Regular season,231.0,PF,-4.691295500840924,-4.853657043997705,-0.3005722490635384
Garrett Temple,20250715000000,2024-25,Regular season,227.0,"SG, SF",-1.7264750072430828,-2.392291819024565,0.548669905372042
Jared Rhoden,20250715000000,2024-25,Regular season,226.0,"SF,SG",0.27729016313023197,1.1605570966534255,-0.24577774880116782
Luka Garza,20250715000000,2024-25,Regular season,219.0,C,0.4690007150135401,0.41386680801100745,-0.07541103058208176
Ariel Hukporti,20250715000000,2024-25,Regular season,217.0,C,-8.082603392506527,-7.121218243873896,-0.25471406877597924
Alex Reese,20250715000000,2024-25,Regular season,216.0,PF,2.022374191614018,0.8780145059967606,1.0888040827059708
Dario Šarić,20250715000000,2024-25,Regular season,210.0,"C,PF",-4.367532579852508,-4.0239360969125,-1.0076270850995495
Adam Flagler,20250715000000,2024-25,Regular season,203.0,SG,-2.566175361676981,-2.829867452328981,0.27046101158910885
Chuma Okeke,20250715000000,2024-25,Regular season,197.0,PF,-1.5398549279907177,0.7342986498630566,-2.5863842436967324
Drew Peterson,20250715000000,2024-25,Regular season,186.0,"SG,SF",0.45991298908554173,0.19724226616430893,0.43328736633418935
Markelle Fultz,20250715000000,2024-25,Regular season,184.0,"PG, SG",-0.3227888128584617,-1.4568312083638595,0.6369580501141886
Lester Quinones,20250715000000,2024-25,Regular season,183.0,"PG,SG",-3.6589707564370464,-1.1121212224139767,-2.1955967610611222
Bronny James,20250715000000,2024-25,Regular season,181.0,"SG,PG",-6.030930127667506,-3.7103985782559934,-1.5734696003411643
Enrique Freeman,20250715000000,2024-25,Regular season,181.0,"PF,SF",-4.618160734526016,-3.1922352954833224,-1.7612825215843746
Cole Swider,20250715000000,2024-25,Regular season,170.0,"SG,SF",-1.7698893611566144,-1.369880832740792,-0.9509426673250096
Jaylen Nowell,20250715000000,2024-25,Regular season,168.0,SG,-6.372609604841492,-2.5073072516645456,-3.283917018294815
Markieff Morris,20250715000000,2024-25,Regular season,164.0,PF,-5.536652627227734,-2.501654839280484,-2.8918980178235025
Killian Hayes,20250715000000,2024-25,Regular season,162.0,"PG, SG",-1.794523849983326,0.5860563825432998,-1.952598262079934
MarJon Beauchamp,20250715000000,2024-25,Regular season,156.0,"SF,SG",-1.536699908358375,-2.1475853831822667,0.7068844002030553
Lamar Stevens,20250715000000,2024-25,Regular season,155.0,PF,-0.2910203979876265,-0.013245117607439544,0.005388807417526672
Tyson Etienne,20250715000000,2024-25,Regular season,151.0,SG,-8.541081535720211,-3.175113788152756,-3.880690697295826
Josh Richardson,20250715000000,2024-25,Regular season,150.0,"SG, SF",-4.62336596384263,-3.7079450773057188,-1.117983937071372
Nate Williams,20250715000000,2024-25,Regular season,147.0,"SG,SF",-3.492565103333003,-2.844944498235286,-1.2728991629742596
Bruno Fernando,20250715000000,2024-25,Regular season,147.0,C,-2.8357953901599737,-1.8822831434525902,-1.1442914430310769
Damion Lee,20250715000000,2024-25,Regular season,144.0,"SG, SF",-0.15769384505792153,-1.520682401145045,1.2265635585474775
Oshae Brissett,20250715000000,2024-25,Regular season,142.0,"SF, PF",-3.705854053988733,-1.567998433673622,-3.719680672185723
Pete Nance,20250715000000,2024-25,Regular season,138.0,"PF,SG",-4.140608336553216,-0.9953390189269307,-3.081562162707077
Elijah Harkless,20250715000000,2024-25,Regular season,138.0,"SG,SF",1.7638461286955702,-0.8132034193221152,2.835696978452138
Vlatko Čančar,20250715000000,2024-25,Regular season,136.0,"PF,SF",-4.095263859294289,-4.678822232402501,0.3392491659338058
Kylor Kelley,20250715000000,2024-25,Regular season,126.0,C,-5.688433538219748,-3.6765163748676124,-2.4343368058066774
Alex Ducas,20250715000000,2024-25,Regular season,125.0,"PF,SF",-5.525698241364026,-3.6340286089880696,-1.864759461219808
Spencer Jones,20250715000000,2024-25,Regular season,125.0,"SF,SG",-5.3131537861459135,-5.333772082763413,0.7185198023940602
Kobe Bufkin,20250715000000,2024-25,Regular season,124.0,PG,-5.537743098092735,-2.730247184559163,-1.911069252516512
Tyler Smith,20250715000000,2024-25,Regular season,122.0,PF,-0.31484762141283074,-0.15002303328123134,0.30241431174149846
De'Anthony Melton,20250715000000,2024-25,Regular season,121.0,PG,2.2513758888757502,0.41779926302169523,2.093418628801568
Moses Brown,20250715000000,2024-25,Regular season,119.0,C,0.4328050080533138,-2.3481351672429494,2.7193432908187645
TyTy Washington Jr.,20250715000000,2024-25,Regular season,118.0,"PG,SG",-3.6133624332897085,-2.9376548731455383,-1.346741099301248
Trey Alexander,20250715000000,2024-25,Regular season,116.0,PG,-6.975641075741057,-5.797346858950087,-1.1668170268995788
Sidy Cissoko,20250715000000,2024-25,Regular season,114.0,SG,-3.5422053330301893,-3.4439894085650637,0.5642724914710417
Joe Ingles,20250715000000,2024-25,Regular season,114.0,SF,-4.535655161278197,-1.9281577556627343,-2.657133076945505
Tony Bradley,20250715000000,2024-25,Regular season,113.0,C,3.6123244307662974,0.9319969193087987,2.51062046558223
Jaylen Sims,20250715000000,2024-25,Regular season,112.0,SG,-5.964439415526149,-2.209785400008479,-3.5396758100853862
Pacôme Dadiet,20250715000000,2024-25,Regular season,111.0,"PF,SF",-4.705547241787915,-3.987641701760863,-1.8995586500822013
Patrick Baldwin Jr.,20250715000000,2024-25,Regular season,107.0,PF,1.8587318583906653,2.9620054520084165,-0.855748739100604
Chris Livingston,20250715000000,2024-25,Regular season,106.0,"SF,PF",-4.233890388731899,-4.3466164981282915,0.25553463333481335
Jae Crowder,20250715000000,2024-25,Regular season,103.0,"SF, PF",-4.62835485702953,-2.983791617743359,-1.4824545476852578
Justin Minaya,20250715000000,2024-25,Regular season,101.0,SG,-1.9852657662927888,-3.4624022978702316,2.4113313767107805
Keshad Johnson,20250715000000,2024-25,Regular season,98.0,"PF,SF",-0.5332015159340687,-1.3126831889962585,1.5998295594660723
JD Davison,20250715000000,2024-25,Regular season,93.0,PG,-4.359317480518776,-3.8959111664276884,-0.1863226723501803
Yuki Kawamura,20250715000000,2024-25,Regular season,93.0,PG,-1.2503388894143082,0.17141867120913823,-2.056611634203752
Luke Travers,20250715000000,2024-25,Regular season,88.0,"SF,SG",-7.98004556348195,-4.555978772413627,-3.3416786072338667
Daeqwon Plowden,20250715000000,2024-25,Regular season,72.0,SG,-0.5648110469519246,-0.6725362994314706,0.6779694493413306
Jacob Toppin,20250715000000,2024-25,Regular season,49.0,"SF,PF",-6.97719091549547,-7.0388283862113905,0.10306473686836937
Miles Norris,20250715000000,2024-25,Regular season,35.0,"PF,SG",-3.6871941555754955,-4.709350376662898,0.7678501526496875
Emoni Bates,20250715000000,2024-25,Regular season,75.0,SG,-4.904759382078528,-0.8628130078539407,-2.885241116530298
Nae'Qwan Tomlin,20250715000000,2024-25,Regular season,63.0,"SF,PF",-0.9159778936114458,-0.7384349994080387,0.5325082374296431
Chris Duarte,20250715000000,2024-25,Regular season,74.0,SG,0.14518981213977059,1.7737663419094436,-1.4085289724645216
E.J. Liddell,20250715000000,2024-25,Regular season,53.0,PF,-3.8042798923092906,0.6816047164905193,-4.222952645462215
Jahmir Young,20250715000000,2024-25,Regular season,30.0,"PG,SG",-2.46895396191399,1.9239799075813329,-5.095756475745509
Emanuel Miller,20250715000000,2024-25,Regular season,25.0,"C,PF",-2.5338245100225674,-0.5964599351670989,-2.5186711287778385
Adama Sanogo,20250715000000,2024-25,Regular season,21.0,C,-2.2813286738069,-0.3388764661673255,-2.2474249376712856
Jazian Gortman,20250715000000,2024-25,Regular season,57.0,PG,-3.8308438449399804,-3.125462361829118,-0.09783037602707001
PJ Hall,20250715000000,2024-25,Regular season,66.0,"C,PF",1.0069246378880838,-0.4339691984398362,1.6019691302321113
Kevin Knox II,20250715000000,2024-25,Regular season,84.0,"SF, PF",-1.3938332987079762,0.3901164534619409,-2.4237018545890012
Jackson Rowe,20250715000000,2024-25,Regular season,52.0,"PF,SF",1.4296453552710917,0.4728195868371231,0.8015451531438906
Yuri Collins,20250715000000,2024-25,Regular season,16.0,"SG,PG",-3.626273583123484,-3.6675480124704816,1.4773370230818008
Braxton Key,20250715000000,2024-25,Regular season,11.0,SG,-4.184411502549898,-5.385864610134659,0.4332471048020461
N'Faly Dante,20250715000000,2024-25,Regular season,51.0,"C,PF",-0.9829744373806757,-0.1586028377200455,-0.979812935862543
Jack McVeigh,20250715000000,2024-25,Regular season,43.0,SG,-4.307927463388485,-5.160316405894481,0.8102246198068165
Cam Christie,20250715000000,2024-25,Regular season,59.0,"SF,SG",0.5506655765947488,-1.2991925223698124,1.2136165942241424
Trentyn Flowers,20250715000000,2024-25,Regular season,26.0,"SG,SF",-3.718820340134706,-2.481559453101392,-1.9056715541169558
Armel Traoré,20250715000000,2024-25,Regular season,67.0,"SF,PF",-9.606113048583182,-7.7839061517912524,-1.4791271278145157
Quincy Olivari,20250715000000,2024-25,Regular season,10.0,"SG,PG",-14.028751517242508,-6.522060580472378,-6.124304942548744
Josh Christopher,20250715000000,2024-25,Regular season,69.0,SG,-4.555208727046255,-4.683473457966053,-0.1630619678957716
Isaiah Stevens,20250715000000,2024-25,Regular season,6.0,PG,2.5695317862447107,-3.2464540224340612,5.362031798537248
Stanley Umude,20250715000000,2024-25,Regular season,86.0,"SF,SG",-3.319779147876818,-5.013608277992874,1.7265616062437283
Jamaree Bouyea,20250715000000,2024-25,Regular season,62.0,PG,-0.261276298488769,-0.4318194977703626,-1.8881623606578044
Liam Robbins,20250715000000,2024-25,Regular season,57.0,"C,PF",-5.484506672010281,-7.757307128091806,2.048035992340152
PJ Dozier,20250715000000,2024-25,Regular season,35.0,"PG, SG",-3.077200508447989,-2.5415230738254966,-1.5362857354793107
Leonard Miller,20250715000000,2024-25,Regular season,32.0,"SF,SG",-2.7564377011529775,-1.592446964700179,-0.4166675422242778
Daishen Nix,20250715000000,2024-25,Regular season,13.0,"SG,PG",-7.13458176221305,-7.0837216830251375,-0.11690491121263025
Tristen Newton,20250715000000,2024-25,Regular season,8.0,"SG,PG",1.5470257965152854,-2.3753996973026155,3.876034697039011
Jesse Edwards,20250715000000,2024-25,Regular season,5.0,"SG,SF",-6.042190550409869,-2.8834124977879156,-2.894457541119651
Cui Yongxi,20250715000000,2024-25,Regular season,10.0,"SF,SG",-4.60888557219438,-5.7332563238159855,0.35558534564127897
Matt Ryan,20250715000000,2024-25,Regular season,68.0,"SG,SF",-7.645787463419228,-4.6628050139532204,-2.1459063474833977
P.J. Tucker,20250715000000,2024-25,Regular season,58.0,"SF, PF",-6.151701820365873,-1.7848157665158912,-4.36707430840271
Kevin McCullar Jr.,20250715000000,2024-25,Regular season,29.0,"SG,SF",-2.452913084535729,-5.167615068703592,2.776013581827489
Anton Watson,20250715000000,2024-25,Regular season,22.0,"PF,C",-7.590789631563185,-5.434448189465554,-4.0769931153923356
Mac McClung,20250715000000,2024-25,Regular season,10.0,"PG,SG",-0.5034367951248502,1.2913736306093122,-2.0563961388827043
Isaiah Jackson,20250715000000,2024-25,Regular season,84.0,C,-1.191770160089336,-2.297317969626693,1.0963632365205869
RayJ Dennis,20250715000000,2024-25,Regular season,70.0,PG,2.8079191356664728,1.2505658276740321,2.7563776270929585
James Johnson,20250715000000,2024-25,Regular season,37.0,PF,-9.394886550242187,-6.205893554320909,-2.7400526355630115
James Wiseman,20250715000000,2024-25,Regular season,5.0,SF,-4.1752083719143585,1.3660541426326247,-3.4425517620217967
Jahlil Okafor,20250715000000,2024-25,Regular season,3.0,C,2.3687946417577486,-1.645807631073965,4.356499958626158
Phillip Wheeler,20250715000000,2024-25,Regular season,44.0,"SG,SF",-1.1919449088999605,-3.0172055412828196,1.7011998842010525
Isaiah Mobley,20250715000000,2024-25,Regular season,17.0,"SF,PF",-1.8778674529503863,-2.567353803075405,0.8865889079350178
Jalen Bridges,20250715000000,2024-25,Regular season,30.0,SG,-8.28057539078658,-6.829217131113817,-2.579177548358166
Bryce McGowens,20250715000000,2024-25,Regular season,32.0,"SG,PG",-8.169225257233368,-5.411151976864273,-1.1623748170484802
Tazé Moore,20250715000000,2024-25,Regular season,20.0,"SG,PG",-2.778734029793885,-6.321944826944091,4.685056044900026
Isaiah Crawford,20250715000000,2024-25,Regular season,46.0,"SF,SG",-1.1741192332597365,-1.4199595821900814,0.4000014515080466
Mason Jones,20250715000000,2024-25,Regular season,45.0,PF,-1.236294759232594,1.6807214044484406,-1.8311435113945875
Skal Labissiere,20250715000000,2024-25,Regular season,12.0,PF,-0.607661245261204,1.7188796502931076,-1.498127166364426
Terence Davis,20250715000000,2024-25,Regular season,8.0,"PG, SG",-2.8753308538197007,-2.7017966364260735,-0.38979141040861043
Terry Taylor,20250715000000,2024-25,Regular season,6.0,SG,1.656810672828324,1.8981744539909768,0.5674993283157056
Harrison Ingram,20250715000000,2024-25,Regular season,35.0,"SG,PF",5.503375571702166,0.10806431230025726,5.0719389928974
David Duke Jr.,20250715000000,2024-25,Regular season,34.0,"SG,PG",1.249768730004328,1.1538896255370585,1.3086496700387888
Riley Minix,20250715000000,2024-25,Regular season,7.0,"SG,SF",-0.8322040470820649,-2.9362094940623558,1.9334826357081174
Malevy Leons,20250715000000,2024-25,Regular season,21.0,"PF,SG",-8.12113182245048,-5.534720315960999,-2.915385786048256
D.J. Carton,20250715000000,2024-25,Regular season,33.0,"SG,PG",-3.234602909403568,-4.7760018475299315,2.315081863414039
Ulrich Chomche,20250715000000,2024-25,Regular season,32.0,C,-12.289770542830542,-6.850125792173587,-4.850555533970493
Taylor Hendricks,20250715000000,2024-25,Regular season,75.0,"SF,SG",-5.788078062490418,-3.9859741175487526,0.5444290537954172
Zyon Pullin,20250715000000,2024-25,Regular season,3.0,PG,-3.6819502803846644,-3.0872280432831634,-0.2955779012649571
Jalen McDaniels,20250715000000,2024-25,Regular season,7.0,"SF, PF",1.9443168941549445,-0.8603738860123946,3.840025304367761
Bobi Klintman,20250715000000,2024-25,Regular season,42.0,PF,2.2671470291218068,2.6825635520466093,-1.2486120912697185
Daniss Jenkins,20250715000000,2024-25,Regular season,23.0,"PG,SG",-3.9000441566282085,-1.6237846852850049,-2.987861644080088
Tolu Smith,20250715000000,2024-25,Regular season,22.0,C,1.7710545349678304,0.8727795245068151,0.32804887088116486
Ron Harper Jr.,20250715000000,2024-25,Regular season,17.0,"C,PF",-0.14585305238771085,0.8184995835965301,-2.1738406704436346
Alondes Williams,20250715000000,2024-25,Regular season,4.0,"PG,SG",7.488310251704528,10.177146859486468,-0.7396984466416632
Marcus Garrett,20250715000000,2024-25,Regular season,79.0,"PG,SG",-10.675963488389867,-4.663982977155125,-3.74425459555607
Malachi Flynn,20250715000000,2024-25,Regular season,44.0,PG,1.2302530118491042,-0.641212752143982,1.2765179038076258
Shai Gilgeous-Alexander,20250715000000,2024-25,Playoffs,851.0,"PG, SG, SF",4.543911599071118,4.859064498749438,-0.23468845613827807
Jalen Williams,20250715000000,2024-25,Playoffs,796.0,"SG,PG",1.750779747551748,2.503519787047055,-1.080276445667903
Tyrese Haliburton,20250715000000,2024-25,Playoffs,772.0,PG,4.780343818676538,4.704326798778626,0.050472580012350776
Pascal Siakam,20250715000000,2024-25,Playoffs,771.0,PF,3.4695821498971116,2.102937506557557,1.8427446116653274
Andrew Nembhard,20250715000000,2024-25,Playoffs,769.0,"PG,SG",2.9933218252809866,1.6860509623260351,0.8538791550370992
Mikal Bridges,20250715000000,2024-25,Playoffs,706.0,"SG, SF, PF",-2.075007922568933,-1.2453090617789782,-0.6373846701620068
OG Anunoby,20250715000000,2024-25,Playoffs,705.0,SF,-0.11505282229698471,-1.1578388283811538,1.3511442043783637
Chet Holmgren,20250715000000,2024-25,Playoffs,686.0,"PF,C",2.091698101892957,0.35784818922699513,2.2588203915755565
Jalen Brunson,20250715000000,2024-25,Playoffs,680.0,PG,2.7231613507416528,6.040756303823744,-2.968290590693967
Myles Turner,20250715000000,2024-25,Playoffs,675.0,C,1.2359948358579849,0.1682568961388745,0.059144132883377554
Luguentz Dort,20250715000000,2024-25,Playoffs,666.0,"SG, SF",0.9457598617741085,-0.8047477055985417,1.9671587460498572
Aaron Nesmith,20250715000000,2024-25,Playoffs,650.0,SF,3.595708454225238,2.4661523973295534,1.6801855484864447
Josh Hart,20250715000000,2024-25,Playoffs,642.0,SF,1.185437382809421,-0.172306895359971,0.7198576652434161
Karl-Anthony Towns,20250715000000,2024-25,Playoffs,639.0,"PF, C",2.726575982242908,0.4760867681603781,1.1280475615444536
Anthony Edwards,20250715000000,2024-25,Playoffs,585.0,SF,4.30531317166832,3.571306033487988,0.5671362463991763
Jamal Murray,20250715000000,2024-25,Playoffs,578.0,"PG, SG",3.4925115276437975,2.89750552293411,0.2815787593117989
Nikola Jokić,20250715000000,2024-25,Playoffs,563.0,"C,PF",7.321863459835576,4.813463820490692,3.318155130126619
Alex Caruso,20250715000000,2024-25,Playoffs,562.0,"PG, SG",4.480516243029577,1.0197849169017756,2.9519102747057056
Christian Braun,20250715000000,2024-25,Playoffs,544.0,"SF,SG",1.2832127869578258,-0.0239379631840876,1.4843437910616901
Julius Randle,20250715000000,2024-25,Playoffs,533.0,PF,2.9022165211049247,2.93834904743433,-0.6247913848977137
Aaron Gordon,20250715000000,2024-25,Playoffs,522.0,PF,2.057680323717586,2.1893857959210843,-0.8442380370621868
Isaiah Hartenstein,20250715000000,2024-25,Playoffs,516.0,C,2.9177080866839074,0.9750868461493788,1.3242748988988842
Cason Wallace,20250715000000,2024-25,Playoffs,516.0,"SG,SF",2.403088614833673,-0.15433645558997014,2.291527171152042
Jaden McDaniels,20250715000000,2024-25,Playoffs,497.0,PF,4.158144199726808,1.959908544539568,2.5520522625706676
Obi Toppin,20250715000000,2024-25,Playoffs,440.0,PF,-1.145696189223079,-0.36553722133518707,-1.4015087479167256
Michael Porter Jr.,20250715000000,2024-25,Playoffs,435.0,"SF, PF",-2.834473952456661,-1.2801573373047492,-1.7511461128772807
Derrick White,20250715000000,2024-25,Playoffs,415.0,"PG, SG",1.8687607341125305,2.1043959554404545,0.006278127063332027
Rudy Gobert,20250715000000,2024-25,Playoffs,411.0,C,3.8371964052099754,0.41394204187416206,4.492412058843141
Jaylen Brown,20250715000000,2024-25,Playoffs,402.0,SG,1.9864383514919046,0.7396385624097913,0.45859307238852937
T.J. McConnell,20250715000000,2024-25,Playoffs,402.0,PG,0.03833583033030235,1.4263995253064967,-1.1062771182859894
Jimmy Butler III,20250715000000,2024-25,Playoffs,397.0,"SG,SF",1.4387596327581527,2.5994139984866385,-1.306342389260754
Draymond Green,20250715000000,2024-25,Playoffs,389.0,PF,0.9381040285414619,-2.919770998899426,2.78110730120005
Brandin Podziemski,20250715000000,2024-25,Playoffs,385.0,"SF,SG",2.347902660658995,0.4987082383495315,2.036053306845356
Bennedict Mathurin,20250715000000,2024-25,Playoffs,385.0,"SF,SG",-1.1549868818180473,0.3379942823206197,-1.76895576926402
Donte DiVincenzo,20250715000000,2024-25,Playoffs,377.0,SG,-0.82553829007325,-0.7435288149894275,-0.67447372905933
Naz Reid,20250715000000,2024-25,Playoffs,375.0,C,0.8929896746560915,0.2894310876880531,0.029653236944057193
Mitchell Robinson,20250715000000,2024-25,Playoffs,370.0,C,2.5897474119456163,-0.1949342082717516,2.3010716870118446
Mike Conley,20250715000000,2024-25,Playoffs,356.0,PG,1.9387801581222128,0.5384013698218146,1.1941417686029299
Al Horford,20250715000000,2024-25,Playoffs,348.0,"PF, C",0.3388164257727608,0.20369619575293046,0.7040208297894281
Miles McBride,20250715000000,2024-25,Playoffs,341.0,"SG,PG",-0.28761648843759824,0.47044543650008874,-0.5389429957044615
Buddy Hield,20250715000000,2024-25,Playoffs,327.0,SG,2.016440094041628,2.3577710293374814,0.8253704199660941
Jayson Tatum,20250715000000,2024-25,Playoffs,322.0,SF,7.420142649591884,4.4760708390491315,2.941173801874315
Russell Westbrook,20250715000000,2024-25,Playoffs,313.0,"PG, SG",-2.4602440594950186,-1.1657131001668593,-2.069352828445895
Nickeil Alexander-Walker,20250715000000,2024-25,Playoffs,310.0,SG,-1.88255831825356,-0.9346315096074064,-0.7536295752647721
Aaron Wiggins,20250715000000,2024-25,Playoffs,303.0,SG,1.0033471521804938,0.22039818007898435,0.5280667581703464
Payton Pritchard,20250715000000,2024-25,Playoffs,302.0,PG,1.5578044487208647,3.4285162417515362,-2.1200051197333054
Ben Sheppard,20250715000000,2024-25,Playoffs,293.0,"SG,SF",-2.1033108376505893,-0.1584187797831994,-1.8836009853149998
Donovan Mitchell,20250715000000,2024-25,Playoffs,288.0,"PG, SG",5.485316625359174,4.788238682444473,-1.301229793730351
Stephen Curry,20250715000000,2024-25,Playoffs,281.0,PG,4.748177121999355,5.578505869315183,-1.5545387543823743
Fred VanVleet,20250715000000,2024-25,Playoffs,280.0,SG,3.277472875718932,4.755140223752945,-0.5675353592859215
James Harden,20250715000000,2024-25,Playoffs,276.0,"PG, SG",-0.5752226744000468,2.6315970087571787,-3.200954866662582
Kawhi Leonard,20250715000000,2024-25,Playoffs,265.0,SF,2.741985240761247,4.14088863433935,-1.7897943428349923
Jrue Holiday,20250715000000,2024-25,Playoffs,264.0,"PG, SG",1.1946851989743155,0.04500698647414525,1.434111669884025
Jarrett Allen,20250715000000,2024-25,Playoffs,261.0,C,4.481322174490965,1.4563537044639892,2.4859888316324
Evan Mobley,20250715000000,2024-25,Playoffs,257.0,C,2.2145560683891756,1.6077987349357454,0.2554633018000643
Alperen Sengun,20250715000000,2024-25,Playoffs,256.0,C,6.572301917612866,2.437243141365545,4.082768245746827
Ivica Zubac,20250715000000,2024-25,Playoffs,256.0,C,2.062281940951662,1.4902488991550762,0.5126841296194269
Max Strus,20250715000000,2024-25,Playoffs,253.0,"SG, SF",3.5469518400495543,3.5388395045129353,0.19625529621610677
Cade Cunningham,20250715000000,2024-25,Playoffs,248.0,PG,4.546737133107624,1.914612456451199,1.7918017412809513
Norman Powell,20250715000000,2024-25,Playoffs,238.0,"SG, SF",-1.717467739482121,-0.9682508328310457,-2.1947010207234694
Tobias Harris,20250715000000,2024-25,Playoffs,233.0,"SF, PF",0.8301426417697306,0.6868342578610559,0.692457812462981
Amen Thompson,20250715000000,2024-25,Playoffs,231.0,SG,2.9891323135411456,2.4153767219273155,0.38851566240393665
Kristaps Porziņģis,20250715000000,2024-25,Playoffs,231.0,"C,PF",0.49874906924364215,-1.536520376421882,0.9416744324181433
Jalen Green,20250715000000,2024-25,Playoffs,219.0,SG,0.7373982444855384,0.45607254122318236,-0.5185716673347635
Isaiah Joe,20250715000000,2024-25,Playoffs,211.0,"PG, SG",2.5916974166848603,3.168959809828671,0.01591184210671437
Luka Dončić,20250715000000,2024-25,Playoffs,208.0,"PG,SF",4.494468662787067,5.85670407087345,-1.8907009886526212
Dillon Brooks,20250715000000,2024-25,Playoffs,206.0,"SG, SF",0.11024127034661424,1.0505868226213055,-1.1501240371885535
LeBron James,20250715000000,2024-25,Playoffs,204.0,"PG, SF, PF",4.546907932673355,5.864271449449788,0.8315191816787937
Jalen Duren,20250715000000,2024-25,Playoffs,203.0,C,0.6693464041481791,1.241007959947157,-0.6530507046418379
Peyton Watson,20250715000000,2024-25,Playoffs,199.0,"SF,PF",-2.935655359586142,-3.015117256822327,0.7691703826028617
Paolo Banchero,20250715000000,2024-25,Playoffs,197.0,"SF,SG",2.088080223375088,3.490526312206159,-0.47437877963362896
Austin Reaves,20250715000000,2024-25,Playoffs,196.0,SG,-2.4938757253806436,-1.4370544824976812,-1.279803274645822
Franz Wagner,20250715000000,2024-25,Playoffs,195.0,SF,1.9749130330294684,2.2692641009109824,0.9570733351658385
Moses Moody,20250715000000,2024-25,Playoffs,193.0,"SF,SG",-2.298696713785887,-0.7022237786218818,-0.7585270748940364
Ty Jerome,20250715000000,2024-25,Playoffs,191.0,"PG, SG",1.7478105957238907,2.3682107969415362,-1.2390557767878003
Tim Hardaway Jr.,20250715000000,2024-25,Playoffs,188.0,"SG, SF",-1.4345328680429494,-0.29387453018276116,-2.315628212024092
Giannis Antetokounmpo,20250715000000,2024-25,Playoffs,188.0,"SF, PF",5.088039634072473,6.607222967795673,-0.7784218203002942
Jonathan Kuminga,20250715000000,2024-25,Playoffs,187.0,PF,-3.3782688416947675,-0.0808849139558096,-3.3045776127193838
De'Andre Hunter,20250715000000,2024-25,Playoffs,185.0,SF,1.1069670591127165,1.0123205654497036,-0.08608303194828537
Rui Hachimura,20250715000000,2024-25,Playoffs,182.0,PF,-3.7953233694342594,-1.5229923501543856,-2.9944631518025813
Luke Kornet,20250715000000,2024-25,Playoffs,180.0,"PF, C",3.5853093232081505,1.4984346191636106,2.2228413324925125
Gary Payton II,20250715000000,2024-25,Playoffs,180.0,SG,-1.319142627206723,-1.3751897794678238,-0.04263284376344312
Nicolas Batum,20250715000000,2024-25,Playoffs,172.0,"SG, SF",1.7949763555475386,0.44595657890510154,0.8418759285191595
Gary Trent Jr.,20250715000000,2024-25,Playoffs,171.0,"SG, SF",3.1184214943309074,2.9135560376214245,1.61524238594796
Dorian Finney-Smith,20250715000000,2024-25,Playoffs,170.0,"SF, PF",-0.33092573867546016,0.022739007778521447,-0.30369968294659155
Thomas Bryant,20250715000000,2024-25,Playoffs,167.0,C,-3.957905863715485,-2.9556032192571946,-0.14284282833790823
Dennis Schröder,20250715000000,2024-25,Playoffs,164.0,PG,1.9296622677746373,2.561757952808124,-0.4560253325086664
Kentavious Caldwell-Pope,20250715000000,2024-25,Playoffs,163.0,"SG, SF",-0.5357345429056575,-2.0556128536867906,1.7086608499082114
Malik Beasley,20250715000000,2024-25,Playoffs,163.0,"SG, SF",-2.7512332682964358,-0.7102490378190294,-1.881421375405607
Wendell Carter Jr.,20250715000000,2024-25,Playoffs,162.0,C,-2.323567398864136,-1.860153910029334,-1.1697513826394441
Sam Merrill,20250715000000,2024-25,Playoffs,159.0,SF,1.796870218840064,1.769727315217186,-0.3639856409372251
Bobby Portis,20250715000000,2024-25,Playoffs,158.0,"PF, C",0.7393422534472534,0.4341021497133841,0.9989086167539499
Steven Adams,20250715000000,2024-25,Playoffs,155.0,C,4.676543753522036,1.5861876421069183,3.2482813351671473
Bam Adebayo,20250715000000,2024-25,Playoffs,153.0,C,1.058991724563484,0.3430577600545207,-0.1593090909559654
Kris Dunn,20250715000000,2024-25,Playoffs,153.0,PG,-0.041662079901594595,-0.40479365454407956,-1.3300792612021102
Kevin Porter Jr.,20250715000000,2024-25,Playoffs,151.0,SG,-0.4677788213890326,-0.5983557504227337,-1.4319868534615328
Darius Garland,20250715000000,2024-25,Playoffs,148.0,PG,-1.0668431322026044,2.5444872542877013,-2.376595467148141
Quinten Post,20250715000000,2024-25,Playoffs,146.0,"PF,SF",-0.8997849510386815,-1.8394603362288184,0.3067333936620448
Tyler Herro,20250715000000,2024-25,Playoffs,144.0,"PG, SG",-4.584956459427883,-0.2463430539693096,-4.2143328267830835
Jabari Smith Jr.,20250715000000,2024-25,Playoffs,143.0,"SF,PF",-1.3782067742542572,-1.315379319146949,0.43184892278268616
Davion Mitchell,20250715000000,2024-25,Playoffs,142.0,PG,-1.0688522871213557,2.5381574270048186,-5.007636742020702
Dean Wade,20250715000000,2024-25,Playoffs,142.0,PF,-1.0600243041522384,-1.8746665550571915,0.45516858643859576
Jaylin Williams,20250715000000,2024-25,Playoffs,141.0,"PF,SF",0.3104808359862278,-3.092468481630486,2.9120348068421946
Desmond Bane,20250715000000,2024-25,Playoffs,139.0,SG,-3.9971385398013437,-1.6254832983969545,-2.693180529822845
Jaren Jackson Jr.,20250715000000,2024-25,Playoffs,137.0,"PF, C",-3.7372973024676495,-1.5027901488844362,-3.3190151327351414
Kenrich Williams,20250715000000,2024-25,Playoffs,137.0,SF,2.6266002782495557,-2.005777743437414,3.0566244778113303
Ausar Thompson,20250715000000,2024-25,Playoffs,135.0,SF,3.000443888734312,-0.5814998214210314,2.293394522537638
AJ Green,20250715000000,2024-25,Playoffs,135.0,"SG,SF",1.746256413918418,2.334838843672355,-1.6853599833376693
Tari Eason,20250715000000,2024-25,Playoffs,132.0,"SF,SG",0.34369901666597313,-2.0338964907109687,1.4288410119701238
Derrick Jones Jr.,20250715000000,2024-25,Playoffs,129.0,"SF, PF",1.6708321435669884,-1.7566015897454743,2.598657913333094
Scotty Pippen Jr.,20250715000000,2024-25,Playoffs,129.0,"PG,SG",-2.4699505858817004,0.1582131555684236,-3.970465753920693
Isaac Okoro,20250715000000,2024-25,Playoffs,128.0,SG,2.0977432076287115,0.23460968128500231,1.0808734659085963
Cory Joseph,20250715000000,2024-25,Playoffs,124.0,PG,3.1789006818783463,-0.9783794186964572,3.8431758918875003
Andrew Wiggins,20250715000000,2024-25,Playoffs,122.0,SF,-5.8548364848371435,-3.2311050975059334,-2.989041364226403
Santi Aldama,20250715000000,2024-25,Playoffs,122.0,"SG,SF",-1.4057994981004494,0.4676492777578374,-2.753149316279277
Kevon Looney,20250715000000,2024-25,Playoffs,120.0,"PF, C",-0.9391990091239768,-0.4783632090074963,0.15722547668197506
Bogdan Bogdanović,20250715000000,2024-25,Playoffs,117.0,"SG,PG",0.12094893376526872,-2.497579130885266,1.6221078132911484
Jarace Walker,20250715000000,2024-25,Playoffs,117.0,"SG,SF",-4.275282985936212,-2.963139209618206,-1.2971332555514081
Sam Hauser,20250715000000,2024-25,Playoffs,108.0,"SG,SF",0.8654414234490087,-0.06960368116256277,0.9481544772184468
Zach Edey,20250715000000,2024-25,Playoffs,108.0,C,-4.39199657066281,-2.84649714266237,-1.7128209739147877
Kyle Kuzma,20250715000000,2024-25,Playoffs,102.0,PF,-7.9045353277044335,-4.384471651275503,-5.185488643579717
Cameron Payne,20250715000000,2024-25,Playoffs,102.0,PG,-1.4264183336947687,-4.591817641461979,3.1175283293821794
Gabe Vincent,20250715000000,2024-25,Playoffs,99.0,PG,-1.5650228673351407,-1.8888119940590995,0.38816885023506775
Anthony Black,20250715000000,2024-25,Playoffs,89.0,SG,1.7487582918119107,1.3234178571345545,0.3928345597557604
Julian Strawther,20250715000000,2024-25,Playoffs,88.0,"SG,SF",-3.6352874091506155,-2.077528316094569,-1.5127663615826554
Ajay Mitchell,20250715000000,2024-25,Playoffs,84.0,"PG,SG",-5.045509553673146,-1.628731074899121,-2.359330772797546
Haywood Highsmith,20250715000000,2024-25,Playoffs,84.0,"SF,SG",-2.8893151607963357,-1.0593534907546156,-2.5520571949568636
Landry Shamet,20250715000000,2024-25,Playoffs,83.0,"SG, SF",-1.1356607609652345,0.4053773130578353,-1.4951739054590556
Gary Harris,20250715000000,2024-25,Playoffs,83.0,SG,-2.915501801739535,-1.114028954945684,-1.0946429676234743
Ja Morant,20250715000000,2024-25,Playoffs,82.0,PG,-1.186102618641108,1.2286763178575275,-1.4690315950086283
Luke Kennard,20250715000000,2024-25,Playoffs,80.0,SG,0.32590059683101397,-2.8411315659516303,2.0428647657779564
Trayce Jackson-Davis,20250715000000,2024-25,Playoffs,80.0,C,-0.5019299658822018,1.728423552368014,-1.9303611799060332
Tony Bradley,20250715000000,2024-25,Playoffs,78.0,C,-0.07114129153669385,-1.6279114439899187,2.15091091993201
Nikola Jović,20250715000000,2024-25,Playoffs,75.0,"SF,PF",-0.9219595706001593,-0.3763413660265017,0.5283065798998678
Damian Lillard,20250715000000,2024-25,Playoffs,75.0,PG,2.1251702146708222,2.2704898495487056,-0.8354260853868174
Brook Lopez,20250715000000,2024-25,Playoffs,74.0,C,-6.143939004690818,-3.2081084014157852,-3.6819647203814627
Kel'el Ware,20250715000000,2024-25,Playoffs,73.0,"PF,SF",-4.201578735072477,-2.4574164970618275,-1.42131213666662
Gui Santos,20250715000000,2024-25,Playoffs,72.0,"SF,PF",2.7176616162884155,2.0454166136503273,1.155715751443496
Jonathan Isaac,20250715000000,2024-25,Playoffs,69.0,PF,0.6101641892432081,-0.9628903781955458,1.4702486971281918
John Konchar,20250715000000,2024-25,Playoffs,69.0,SG,-5.782669316853644,-3.8262988808388383,-1.7790706794176634
Pat Spencer,20250715000000,2024-25,Playoffs,63.0,"SG,PG",1.1130470582251852,1.6961514288427406,-1.0210952216880025
Taurean Prince,20250715000000,2024-25,Playoffs,61.0,"SF, PF",-5.233258082070678,-3.409102260470744,-2.343330874071134
Jarred Vanderbilt,20250715000000,2024-25,Playoffs,60.0,"SF, PF",0.9756892236981616,-2.6037127766289174,3.7992923711684927
Duncan Robinson,20250715000000,2024-25,Playoffs,59.0,"SG, SF",-6.7928676615939105,-2.79171683181571,-3.9920308423417614
Jericho Sims,20250715000000,2024-25,Playoffs,58.0,C,-3.068814217157551,-5.249976641141917,2.180653153431119
Jalen Pickett,20250715000000,2024-25,Playoffs,57.0,PG,-9.848311875168816,-4.915395131025539,-4.320770858625509
Terrence Shannon Jr.,20250715000000,2024-25,Playoffs,57.0,"SG,SF",0.04119422928763783,1.7179817994455406,-1.1219816804012952
Paul Reed,20250715000000,2024-25,Playoffs,53.0,PF,2.6941924327204307,-2.1441945205374036,5.314869399564772
Pelle Larsson,20250715000000,2024-25,Playoffs,52.0,"SF,SG",-5.801034381072123,-0.8482883250346167,-5.488073822170464
Cole Anthony,20250715000000,2024-25,Playoffs,51.0,PG,-6.740252474928512,-4.177044225162753,-2.6080143844931802
Delon Wright,20250715000000,2024-25,Playoffs,48.0,PG,2.735245252205556,-0.7181137801926383,3.1741326621199777
Caleb Houstan,20250715000000,2024-25,Playoffs,47.0,"SF,PF",-6.516511628266839,-2.7891317401199984,-3.869436219810898
Dillon Jones,20250715000000,2024-25,Playoffs,46.0,"SF,SG",-3.0108592120990663,-1.3815581367990708,0.37312716764467146
Ben Simmons,20250715000000,2024-25,Playoffs,42.0,"PG, SF",-0.5035778175945641,-4.789855527253424,3.010113852931482
Javonte Green,20250715000000,2024-25,Playoffs,39.0,"SG, SF",5.370783985971141,-0.8431340494821116,5.122975770129126
Kevin Knox II,20250715000000,2024-25,Playoffs,38.0,"SF, PF",2.2010318468390766,2.4251607617754236,0.8250557837411929
Vince Williams Jr.,20250715000000,2024-25,Playoffs,38.0,"SF,SG",3.4170067482856994,0.941651032897858,2.578958922323009
DeAndre Jordan,20250715000000,2024-25,Playoffs,36.0,C,-3.644959893213273,-1.9571366337726555,-1.6649280374565627
Craig Porter Jr.,20250715000000,2024-25,Playoffs,35.0,PG,7.376213077522756,1.4292990282437934,5.908040445054472
Johnny Furphy,20250715000000,2024-25,Playoffs,35.0,"SF,SG",-5.746567751698734,-6.313830956349445,0.3746542090288267
Zeke Nnaji,20250715000000,2024-25,Playoffs,34.0,PF,-8.049230170492034,-5.558608527831806,-0.709732232718692
Precious Achiuwa,20250715000000,2024-25,Playoffs,34.0,PF,-0.4774857273371712,-0.168958142685523,-0.9347218089562135
Ronald Holland II,20250715000000,2024-25,Playoffs,34.0,"SF,SG",-3.343972026932013,-4.6181039411875595,0.11713917688217335
Ousmane Dieng,20250715000000,2024-25,Playoffs,32.0,"SF,SG",-2.216507198876649,1.278884969203958,-3.6605158796086434
Jordan Goodwin,20250715000000,2024-25,Playoffs,31.0,"SG,SF",2.4678093097118015,-1.9794420090624711,3.2973273124584423
Jaylon Tyson,20250715000000,2024-25,Playoffs,31.0,"SG,SF",7.910139254939998,4.530405852098203,4.0996281638202134
Jaxson Hayes,20250715000000,2024-25,Playoffs,31.0,C,-6.529274990677977,-3.8670306964051324,-2.2428991557366427
Hunter Tyson,20250715000000,2024-25,Playoffs,30.0,"SG,PF",2.43567430539822,0.8199474619292818,1.7055966197631176
Ryan Rollins,20250715000000,2024-25,Playoffs,30.0,"SG,PG",-7.712691658852572,-4.269807753338172,-4.40056421638322
Tristan Thompson,20250715000000,2024-25,Playoffs,29.0,"PF, C",4.705512713069197,-2.3666860360943485,6.362008898023033
Jaylen Clark,20250715000000,2024-25,Playoffs,28.0,SG,1.9696194652607097,0.6808331971344775,1.3435725273805688
Marvin Bagley III,20250715000000,2024-25,Playoffs,28.0,"PF, C",-3.0041689534656983,-2.808678087937869,-1.3915890826889294
Aaron Holiday,20250715000000,2024-25,Playoffs,27.0,"PG, SG",-4.729689060204935,0.34432602912909577,-4.980265399100858
Josh Minott,20250715000000,2024-25,Playoffs,23.0,"SG,SF",-6.85881482774379,-3.4013753984830015,-2.6666780805427064
Braxton Key,20250715000000,2024-25,Playoffs,23.0,"SF,PF",1.5716877423689501,-2.260725291327727,3.605420609549292
Baylor Scheierman,20250715000000,2024-25,Playoffs,22.0,"SF,SG",-4.83636828149736,0.006934745266964783,-2.9026124244564238
Torrey Craig,20250715000000,2024-25,Playoffs,21.0,SF,3.5923758469389426,3.6820061996744244,-0.03263207254789603
Jaime Jaquez Jr.,20250715000000,2024-25,Playoffs,19.0,"PG,SG",-7.70774180498046,-3.9801430600081975,-4.655828226996869
Isaiah Stewart,20250715000000,2024-25,Playoffs,19.0,C,0.4630184507988828,-0.9008761751993223,0.4718416759713612
Luka Garza,20250715000000,2024-25,Playoffs,19.0,"PF,C",-0.4959245540265125,3.9855498060161443,-5.02828503231189
James Johnson,20250715000000,2024-25,Playoffs,18.0,PF,0.16635871289544157,-2.2474578941418644,3.273481497479557
Jay Huff,20250715000000,2024-25,Playoffs,18.0,C,-0.7747722790749021,-3.3901468488188278,3.427705312239009
Rob Dillingham,20250715000000,2024-25,Playoffs,16.0,PG,-1.7004684963163812,1.6382961021496896,-3.289854499992771
Jordan Walsh,20250715000000,2024-25,Playoffs,15.0,"SG,SF",-1.456714369611617,-2.5622285627903896,1.1699972300447348
Alec Burks,20250715000000,2024-25,Playoffs,15.0,"SG, SF",2.747139263827002,4.110045302993399,-1.308222830447475
Kobe Brown,20250715000000,2024-25,Playoffs,15.0,"PF,SF",4.299725531005228,7.22036804513339,-1.556600734427822
Kyle Anderson,20250715000000,2024-25,Playoffs,14.0,"SF, PF",-10.627740604765286,-4.373148522985879,-6.112759827825997
Pat Connaughton,20250715000000,2024-25,Playoffs,14.0,SG,-7.205890697073092,-3.9330923849922605,-3.5377932981628613
JD Davison,20250715000000,2024-25,Playoffs,13.0,"PG,SG",-3.16891965422852,-4.349951838139175,-0.2260826114670218
Drew Eubanks,20250715000000,2024-25,Playoffs,13.0,"PF, C",1.698995475561237,0.9923193563101828,-0.32783565472553733
Jordan Miller,20250715000000,2024-25,Playoffs,13.0,"SG,SF",7.849888337040937,3.007756459556803,5.738351970799173
Cam Christie,20250715000000,2024-25,Playoffs,13.0,"PF,SF",6.054616011439855,3.387853250858577,2.302988328856155
Leonard Miller,20250715000000,2024-25,Playoffs,13.0,"SG,SF",0.6319629960685904,5.677811200914284,-4.714757251779627
Neemias Queta,20250715000000,2024-25,Playoffs,13.0,C,1.602645458349813,2.193769727724165,1.310153343027681
Chuma Okeke,20250715000000,2024-25,Playoffs,13.0,PF,4.210175791749984,-1.3772739342768785,6.1624610813839915
Lamar Stevens,20250715000000,2024-25,Playoffs,12.0,PF,-6.738133542011693,-7.296476479815574,0.6219762384796408
Goga Bitadze,20250715000000,2024-25,Playoffs,11.0,C,-0.06984607375078489,-1.0926495002970162,1.2039509648485367
Vlatko Čančar,20250715000000,2024-25,Playoffs,11.0,SF,-6.358804406574844,-5.538584050594262,-0.94085445757831
Reed Sheppard,20250715000000,2024-25,Playoffs,10.0,"SG,SF",-3.0498715042741242,-3.356977947209442,-0.0654063077430228
Xavier Tillman,20250715000000,2024-25,Playoffs,8.0,PF,-2.1520417889321335,-4.604559445503583,2.3011397002917704
Keshad Johnson,20250715000000,2024-25,Playoffs,8.0,"SG,C",-3.050149994199379,-4.360593526368921,0.5676823359742256
Tyler Kolek,20250715000000,2024-25,Playoffs,6.0,"PG,SG",6.617880116029967,7.513503804681044,-0.43660926719802573
Cam Whitmore,20250715000000,2024-25,Playoffs,5.0,"PG,SF",-9.835248104342941,-3.8475563151025076,-5.559258678950968
Jeff Green,20250715000000,2024-25,Playoffs,5.0,PF,-10.335321915753074,-2.7526517741119303,-7.451558404704944
Tristan da Silva,20250715000000,2024-25,Playoffs,5.0,PG,-1.3342408525264664,-2.8857692586849533,2.072470291519419
Nate Williams,20250715000000,2024-25,Playoffs,5.0,SF,-9.464365415224755,-5.135068456961312,-3.8485478203808854
Maxi Kleber,20250715000000,2024-25,Playoffs,5.0,PF,-1.567308867845605,-1.504505226444837,-0.05707141928589931
Jock Landale,20250715000000,2024-25,Playoffs,5.0,SF,-3.1734716315744613,-2.971924062714154,-0.5006505174610247
Andre Jackson Jr.,20250715000000,2024-25,Playoffs,5.0,"SF,SG",-0.7302469209808483,-1.320637431041571,0.28066858513511794
Chris Livingston,20250715000000,2024-25,Playoffs,5.0,"SG,PF",-1.2726534186259424,-1.1645029176238333,-0.402633868380317
Ariel Hukporti,20250715000000,2024-25,Playoffs,5.0,C,7.488387114312983,5.125538805253982,3.6069620216188065
Pacôme Dadiet,20250715000000,2024-25,Playoffs,4.0,SF,2.0192151065756123,3.656578346106208,-1.0554263554521757
P.J. Tucker,20250715000000,2024-25,Playoffs,4.0,"SF, PF",1.3184123370368224,-2.789568773096847,3.835539215038825
Jett Howard,20250715000000,2024-25,Playoffs,4.0,"SF,SG",7.64366700401272,9.645956317092821,-0.08599720321455195
Patty Mills,20250715000000,2024-25,Playoffs,4.0,"PG, SG",0.6738540139041409,-0.3769801802304953,2.691480198979652
Shake Milton,20250715000000,2024-25,Playoffs,4.0,"PG, SG",-0.5299339460127072,-2.0376278399557015,1.7814658171551903
Dalton Knecht,20250715000000,2024-25,Playoffs,4.0,SG,6.653360301018071,7.934639607596508,0.02302535785076304
Bronny James,20250715000000,2024-25,Playoffs,4.0,"SG,SF",1.8619862408847325,-0.7006688006168886,2.2562170994434068
Alex Len,20250715000000,2024-25,Playoffs,4.0,C,4.443821605004623,0.0531513611460086,5.428920313662669
Amen Thompson,20260715000000,2025-26,Regular season,2953.0,SG,2.3206575417184183,1.1926359703263971,0.8603922366719745
Kevin Durant,20260715000000,2025-26,Regular season,2840.0,PF,2.5547449310031665,3.7442632631820634,-1.277706797071396
Desmond Bane,20260715000000,2025-26,Regular season,2756.0,SG,1.1135474050020342,1.32059273572406,-0.6574285389458105
Toumani Camara,20260715000000,2025-26,Regular season,2731.0,"SF,SG",2.5700912925897015,0.6688116887330229,1.8638073968530895
Jabari Smith Jr.,20260715000000,2025-26,Regular season,2705.0,"PF,SF",-0.06960997761479906,-0.0006300913127292584,-0.014690428934782812
Mikal Bridges,20260715000000,2025-26,Regular season,2692.0,"SG, SF, PF",2.072804356634289,0.9171053449770873,0.3492964932724698
Scottie Barnes,20260715000000,2025-26,Regular season,2681.0,SF,2.5928865484897385,1.4318393491971892,1.320555088663856
Tyrese Maxey,20260715000000,2025-26,Regular season,2661.0,PG,3.8249400171799484,4.2700499453246525,0.06625497679134645
Jamal Murray,20260715000000,2025-26,Regular season,2652.0,"PG, SG",4.4632250758416765,5.804607160105052,-1.006140879698917
Derrick White,20260715000000,2025-26,Regular season,2625.0,"PG, SG",4.243160773747662,1.8121151853846813,2.3147232027122397
VJ Edgecombe,20260715000000,2025-26,Regular season,2623.0,SG,0.7259476219677251,0.9056857534771711,-0.21163673886588405
Julius Randle,20260715000000,2025-26,Regular season,2610.0,PF,1.178655360810144,2.7208054828452135,-1.3207139063177749
Brandon Ingram,20260715000000,2025-26,Regular season,2604.0,"SG, SF",-0.9559886557492754,0.3588597332829705,-1.6229786372094845
Nickeil Alexander-Walker,20260715000000,2025-26,Regular season,2603.0,SG,2.4773931801901306,1.6877939165365872,1.1779254981446776
Jalen Brunson,20260715000000,2025-26,Regular season,2590.0,PG,3.2057743827514384,4.681325787359573,-1.7253559411242683
Payton Pritchard,20260715000000,2025-26,Regular season,2556.0,PG,1.918504483112181,2.7510984241275462,-1.7381564672539103
Kon Knueppel,20260715000000,2025-26,Regular season,2551.0,"SG,SF",1.4708183254024525,1.9285108924701753,-0.9435067055984907
Jalen Johnson,20260715000000,2025-26,Regular season,2532.0,PF,2.1308345147693886,1.9590695247376988,0.2142180713190875
Dyson Daniels,20260715000000,2025-26,Regular season,2520.0,SG,3.106578834146131,1.1014468171023926,2.281403368658991
Paolo Banchero,20260715000000,2025-26,Regular season,2502.0,"SF,PF",-0.5728347439214533,0.9416659020108351,-0.9276088882112363
Donte DiVincenzo,20260715000000,2025-26,Regular season,2494.0,SG,2.9096363565138663,1.287781003799842,1.654183796006484
Jaylen Brown,20260715000000,2025-26,Regular season,2443.0,SG,2.3582709516040503,2.806040011038734,-1.2084821680769178
James Harden,20260715000000,2025-26,Regular season,2438.0,"PG, SG",3.0839364644497125,6.210070538814609,-2.603814061521944
DeMar DeRozan,20260715000000,2025-26,Regular season,2406.0,"SG, SF, PF",-1.4278424608376148,1.4118215161780407,-2.097491484115464
Alperen Sengun,20260715000000,2025-26,Regular season,2398.0,C,2.728288928872467,2.4150076870735786,0.36570030953627797
Miles Bridges,20260715000000,2025-26,Regular season,2387.0,"SF, PF",-0.7675368179521989,0.13535728919971893,-0.8528241353929265
Rudy Gobert,20260715000000,2025-26,Regular season,2380.0,C,2.87959892525154,-0.463014460477168,3.147652113286888
Ryan Rollins,20260715000000,2025-26,Regular season,2375.0,"PG,SG",1.0002612156349686,2.469520049200783,-0.37017808610613456
Bam Adebayo,20260715000000,2025-26,Regular season,2365.0,C,2.0765605480006784,0.61743533190843,1.3169710853656493
Cooper Flagg,20260715000000,2025-26,Regular season,2344.0,SF,-1.4259801999512471,0.7821468011550291,-1.058565146781822
Donovan Mitchell,20260715000000,2025-26,Regular season,2342.0,"PG, SG",4.961364942585064,5.505542242711998,-1.2795555659750915
Trey Murphy III,20260715000000,2025-26,Regular season,2341.0,SG,1.024281476844362,1.5567598553769804,-0.6345982709801781
Brandin Podziemski,20260715000000,2025-26,Regular season,2333.0,"SG,SF",1.721992146297118,0.9916465194893335,0.52093614506955
Karl-Anthony Towns,20260715000000,2025-26,Regular season,2322.0,"PF, C",3.7295256800904477,1.4078895621232022,1.225338973047029
Jaden McDaniels,20260715000000,2025-26,Regular season,2316.0,PF,0.22195707045605576,-0.05444230643425038,0.20532328381260864
Onyeka Okongwu,20260715000000,2025-26,Regular season,2297.0,PF,0.39648314885992064,-0.6562720629176455,0.8395240222314918
Luka Dončić,20260715000000,2025-26,Regular season,2289.0,"PG,SF",7.1541551448747915,6.162995453693056,-0.3364538085537023
Wendell Carter Jr.,20260715000000,2025-26,Regular season,2288.0,C,1.0529002723474752,-1.0633705930883695,1.687545798365986
Collin Gillespie,20260715000000,2025-26,Regular season,2282.0,"PG,SG",3.700094484457587,2.503348130781839,1.1646369483363195
Bub Carrington,20260715000000,2025-26,Regular season,2271.0,"PG,SG",-3.5357573740088837,-0.3378164461099175,-2.632568822920819
AJ Green,20260715000000,2025-26,Regular season,2270.0,"SG,SF",-0.2717273437939516,1.2193612579313382,-1.2753946469474113
Julian Champagnie,20260715000000,2025-26,Regular season,2266.0,"SF,SG",1.77679546382066,1.2252056567518246,0.5917773905736714
Nikola Jokić,20260715000000,2025-26,Regular season,2265.0,"C,PF",8.376116768116844,7.567374366840097,1.2006258808605985
CJ McCollum,20260715000000,2025-26,Regular season,2263.0,SG,1.0221215976154596,2.3304501675110902,-1.368393485374088
Shai Gilgeous-Alexander,20260715000000,2025-26,Regular season,2259.0,"PG, SG, SF",6.1637410251867,6.506183142494781,0.4771938059262566
Matas Buzelis,20260715000000,2025-26,Regular season,2248.0,"SF,SG",-1.0592476403593674,-0.7050117576906494,-0.44105140747214033
Saddiq Bey,20260715000000,2025-26,Regular season,2246.0,PF,-1.0823072226476156,0.6420080883559942,-1.7531330854868457
Max Christie,20260715000000,2025-26,Regular season,2244.0,"SG,SF",-2.4505708950088074,-0.5912843091740139,-1.4759031545573484
Immanuel Quickley,20260715000000,2025-26,Regular season,2231.0,PG,2.0110011253221334,1.8643919469191164,-0.45900598953524696
De'Aaron Fox,20260715000000,2025-26,Regular season,2231.0,PG,2.1373305821477064,2.687791915231372,-0.03530293470176819
Kris Dunn,20260715000000,2025-26,Regular season,2228.0,PG,0.5956806109289534,-0.36444532284986075,0.9884536873600851
OG Anunoby,20260715000000,2025-26,Regular season,2224.0,SF,2.1236273859212167,0.7445953825947675,1.452150491103682
Royce O'Neale,20260715000000,2025-26,Regular season,2213.0,"SG, SF",-0.6827734451994403,0.1584873288611408,-0.7385738797756234
Quentin Grimes,20260715000000,2025-26,Regular season,2206.0,"SG,SF",-0.556222638520843,-0.5357043638436014,-0.5489207081409763
Deni Avdija,20260715000000,2025-26,Regular season,2199.0,SF,2.1873846210985777,3.380659702618706,-1.706617516575755
Naji Marshall,20260715000000,2025-26,Regular season,2184.0,SF,-0.9151125430681906,0.36699139630553584,-1.4987555705239781
Cade Cunningham,20260715000000,2025-26,Regular season,2172.0,PG,3.3378526408689893,4.323082615888367,-0.5114313174535117
Reed Sheppard,20260715000000,2025-26,Regular season,2147.0,"SG,PG",2.9450438484698753,2.028043552088218,0.19417327663883463
Devin Booker,20260715000000,2025-26,Regular season,2146.0,SG,2.221345365690788,3.3711277100303008,-1.3150288286783456
Anthony Edwards,20260715000000,2025-26,Regular season,2137.0,SF,1.9346605270916752,3.0562832898243872,-2.3657151019071794
Tim Hardaway Jr.,20260715000000,2025-26,Regular season,2127.0,"SG, SF",1.109344557430744,1.4178977171706895,-0.7219094714624402
Jaime Jaquez Jr.,20260715000000,2025-26,Regular season,2121.0,"SG,SF",0.25442610962509415,0.9846252818549251,-0.7213405426405206
Duncan Robinson,20260715000000,2025-26,Regular season,2113.0,"SG, SF",1.5727751989969834,2.271308856566992,-0.7156014738585164
Jeremiah Fears,20260715000000,2025-26,Regular season,2112.0,"PG,SG",-2.4137535643746,-0.132458003099776,-1.7798119784735378
Donovan Clingan,20260715000000,2025-26,Regular season,2094.0,C,2.8319991005345075,0.8220483118746535,1.7024874766331026
Kawhi Leonard,20260715000000,2025-26,Regular season,2085.0,SF,7.614813552306357,5.807791194544384,0.9267702519035222
Evan Mobley,20260715000000,2025-26,Regular season,2074.0,C,1.963417622054977,0.04221781005923908,1.8771303043660241
Andrew Wiggins,20260715000000,2025-26,Regular season,2063.0,SF,-0.8369649344993519,-0.07051462001314457,-0.10522338472566195
Jake LaRavia,20260715000000,2025-26,Regular season,2061.0,"SF,SG",-0.39342060593310546,-0.3986651654646379,0.7640078789330677
Pascal Siakam,20260715000000,2025-26,Regular season,2057.0,PF,0.18895574979470336,1.5456215038944865,-1.0612203072071478
Cason Wallace,20260715000000,2025-26,Regular season,2046.0,"SG,PG",2.1155383743541365,-0.13529479554142826,2.6257702792527047
Devin Vassell,20260715000000,2025-26,Regular season,2044.0,"SG, SF",1.221172486114128,1.3566940603460096,0.08578744820214437
Stephon Castle,20260715000000,2025-26,Regular season,2038.0,"SG,PG",1.637940242046155,0.9147364899786155,0.20970170573555033
Derik Queen,20260715000000,2025-26,Regular season,2023.0,PF,-2.0858443248671685,-1.1441956421076684,-0.2223546512889048
LaMelo Ball,20260715000000,2025-26,Regular season,2017.0,"PG, SG",4.242043935632709,4.868625569145146,-1.061584916668464
Naz Reid,20260715000000,2025-26,Regular season,2007.0,C,1.961726699451302,-0.017348718159612586,1.6708880001102469
Davion Mitchell,20260715000000,2025-26,Regular season,2000.0,PG,1.100257161973212,0.3935545548697949,0.5813457290540102
Bruce Brown,20260715000000,2025-26,Regular season,1998.0,"PG, SG",-1.5901075000810252,-0.8486151971189485,-0.18792583075188496
Chet Holmgren,20260715000000,2025-26,Regular season,1997.0,"C,PF",4.523300142814341,0.8370801124553486,3.80342045826602
Josh Hart,20260715000000,2025-26,Regular season,1994.0,SF,1.539015676234187,0.9625582924641046,0.5617918705653977
LeBron James,20260715000000,2025-26,Regular season,1989.0,"PG, SF, PF",2.491331739670467,2.9986814535700668,-0.041432652120371366
Ace Bailey,20260715000000,2025-26,Regular season,1988.0,"SG,SF",-3.1412792640635105,-1.64325720696633,-1.1821552226452807
Harrison Barnes,20260715000000,2025-26,Regular season,1986.0,"SF, PF",-0.20201835019508385,0.11462713468035847,-0.1770906428168248
Jalen Duren,20260715000000,2025-26,Regular season,1976.0,C,3.201446560472551,2.0272016124453467,1.06643495767779
Brandon Miller,20260715000000,2025-26,Regular season,1968.0,SG,2.3286487805998806,1.3103446151246336,0.34135361397082176
Maxime Raynaud,20260715000000,2025-26,Regular season,1964.0,"C,PF",-2.695147421483697,-1.1734794055130449,-0.9762888081448096
Deandre Ayton,20260715000000,2025-26,Regular season,1958.0,C,-0.14766366886916366,-0.4986436207545485,0.8291846720713966
Jarace Walker,20260715000000,2025-26,Regular season,1953.0,SF,-3.687503691687902,-1.5058536071443975,-2.137414176336313
Sam Hauser,20260715000000,2025-26,Regular season,1934.0,"SG,SF",1.981490190350508,1.1402684049013663,0.2723712590475816
Rui Hachimura,20260715000000,2025-26,Regular season,1927.0,PF,-1.0475676406222574,-0.5128250035787445,-0.8889436823444214
Neemias Queta,20260715000000,2025-26,Regular season,1926.0,"C,PF",3.589702669043528,-0.17863893231478584,3.8402499204018454
Nic Claxton,20260715000000,2025-26,Regular season,1920.0,"C,PF",-1.690422553515254,-1.135966379512697,-0.5765284673458533
Myles Turner,20260715000000,2025-26,Regular season,1912.0,C,-0.3143700298944075,-0.875275736549009,1.2297774040121148
Keldon Johnson,20260715000000,2025-26,Regular season,1911.0,SF,1.0076860807285182,1.0940945546260532,-0.16308052616721194
Anthony Black,20260715000000,2025-26,Regular season,1910.0,SG,-0.08313012105595563,-0.44752197046865916,-0.005301834557021726
Tristan da Silva,20260715000000,2025-26,Regular season,1899.0,"SG,SF",0.3715205640254534,-0.05456121922163221,-0.2331385955923262
Moussa Diabaté,20260715000000,2025-26,Regular season,1899.0,"C,PF",2.1499608979841405,0.6573806104417986,0.7912832061154911
Ausar Thompson,20260715000000,2025-26,Regular season,1896.0,"SG,SF",2.316453364236419,-0.3090469215785609,2.2825378775066225
Nique Clifford,20260715000000,2025-26,Regular season,1882.0,"SG,SF",-1.674288912312073,-1.3853781848733946,-0.20441439278002999
Ayo Dosunmu,20260715000000,2025-26,Regular season,1881.0,SG,-0.28585555653384365,1.386448815334236,-1.408722504589085
John Collins,20260715000000,2025-26,Regular season,1871.0,"PF, C",-0.24097594736306333,-0.259685443457989,0.0037544038552895787
Draymond Green,20260715000000,2025-26,Regular season,1869.0,PF,-1.3326203404802546,-0.9904411812291982,0.6745837199677647
Victor Wembanyama,20260715000000,2025-26,Regular season,1866.0,"C,PF",7.602036886961776,2.3558859917664705,4.334841854919436
Russell Westbrook,20260715000000,2025-26,Regular season,1853.0,"PG, SG",-2.5151377402462343,-0.5469628533438224,-2.195871679992455
Jamal Shead,20260715000000,2025-26,Regular season,1852.0,PG,2.0477980795660318,0.07699532405569352,1.7481782028365362
Pelle Larsson,20260715000000,2025-26,Regular season,1849.0,"SG,SF",1.0117557224642357,0.36879195539237725,0.5153534199705336
Luguentz Dort,20260715000000,2025-26,Regular season,1849.0,"SG, SF",0.06328772801880422,-1.1411518248912524,1.3672688994788285
Sion James,20260715000000,2025-26,Regular season,1843.0,"SG,SF",-0.7046440282579927,-1.4098134735644128,0.9948274103569013
Zion Williamson,20260715000000,2025-26,Regular season,1841.0,"PF, C",0.8993771744571212,1.4425958273040773,-0.7715787967106804
Jaylen Wells,20260715000000,2025-26,Regular season,1821.0,"SG,SF",-0.4943193731141752,-0.08785936226200647,-0.357799366135008
Nikola Vučević,20260715000000,2025-26,Regular season,1818.0,"C,PF",0.7550829152404068,0.726105266839945,0.4102140955256979
Oso Ighodaro,20260715000000,2025-26,Regular season,1808.0,"C,PF",0.27955204609849793,-1.0621921455972076,1.04728474987902
Kyle Kuzma,20260715000000,2025-26,Regular season,1806.0,PF,-1.5232632431684712,-1.1616535993145216,-0.7197235480600135
Kyle Filipowski,20260715000000,2025-26,Regular season,1801.0,PF,-0.6808413841326768,-0.4799011585318972,-0.16503744190222464
Keyonte George,20260715000000,2025-26,Regular season,1786.0,"SG,PG",-0.5681986010692357,2.735977310910031,-2.6852325761819906
Andrew Nembhard,20260715000000,2025-26,Regular season,1786.0,"PG,SG",-2.631894646769199,0.7596912048097366,-2.638369994725622
Noah Clowney,20260715000000,2025-26,Regular season,1780.0,"SF,PF",-1.7951477056216556,-1.28977881942771,-0.9377508294475341
Jaylon Tyson,20260715000000,2025-26,Regular season,1777.0,"SG,SF",-0.48347307130393957,0.3126552864283084,-0.704414415259599
Marcus Smart,20260715000000,2025-26,Regular season,1769.0,SG,2.3055879291007235,-0.2603319625049211,1.971618210851808
Brice Sensabaugh,20260715000000,2025-26,Regular season,1762.0,"SG,SF",-1.5278186288434732,0.2788755924499571,-2.451042300011734
Austin Reaves,20260715000000,2025-26,Regular season,1762.0,SG,3.560818172214772,3.8844098376949776,-0.2958034314149194
Tre Jones,20260715000000,2025-26,Regular season,1752.0,PG,0.6143093131761099,1.2121769329755494,-0.30875650459531506
Sandro Mamukelashvili,20260715000000,2025-26,Regular season,1751.0,C,1.021362710135598,0.3608017596858607,0.3276431362808211
Tobias Harris,20260715000000,2025-26,Regular season,1745.0,"SF, PF",0.5376165794734462,0.469290880733025,0.15729394432064558
Precious Achiuwa,20260715000000,2025-26,Regular season,1745.0,PF,-0.4244780283986638,-0.604451098696586,0.4536620155218545
P.J. Washington,20260715000000,2025-26,Regular season,1736.0,PG,-2.0046070371033444,-1.8789386394895629,0.10182951558753216
Josh Giddey,20260715000000,2025-26,Regular season,1731.0,SG,-0.561014401188633,1.5637313986270198,-1.4101071955137503
RJ Barrett,20260715000000,2025-26,Regular season,1726.0,"SG, SF",0.8946850868037032,1.0403612440860224,-0.6805999801532435
Jay Huff,20260715000000,2025-26,Regular season,1719.0,"C,PF",-0.8680635940171306,-1.2810342390610443,0.594637454883709
Norman Powell,20260715000000,2025-26,Regular season,1717.0,"SG, SF",1.1630709944532127,1.4181410733313369,-1.4166490132287035
Cam Spencer,20260715000000,2025-26,Regular season,1714.0,PG,0.30771850746793217,1.974923472925111,-1.9137208522154143
Kel'el Ware,20260715000000,2025-26,Regular season,1704.0,C,0.5973233334689547,-0.22704427500321228,0.5215931404308305
Dillon Brooks,20260715000000,2025-26,Regular season,1702.0,"SG, SF",-0.7768895152222183,-0.23020597315376792,-0.73564641773183
Dennis Schröder,20260715000000,2025-26,Regular season,1696.0,PG,-2.0982922545234883,-0.6180826276438507,-1.587538877597015
Jerami Grant,20260715000000,2025-26,Regular season,1695.0,"SF, PF",-0.4375390671189136,1.0741146651645885,-1.899707453383022
Isaac Okoro,20260715000000,2025-26,Regular season,1695.0,SG,-2.0137770632676157,-1.3742702526014288,-0.6732692471499027
Michael Porter Jr.,20260715000000,2025-26,Regular season,1689.0,"SF, PF",1.105068224213107,2.7926505706161766,-1.7020552673389782
Dominick Barlow,20260715000000,2025-26,Regular season,1689.0,"SF,PF",-0.14266033364512137,-1.2556105525977486,0.7527493956216601
Luke Kennard,20260715000000,2025-26,Regular season,1680.0,SG,-0.026291429688537635,0.8093674242394824,-1.3010710144848572
Cameron Johnson,20260715000000,2025-26,Regular season,1647.0,"SF, PF",0.8396609852592506,0.7086798850998158,-0.08164155839285776
Brook Lopez,20260715000000,2025-26,Regular season,1635.0,C,0.027491760572704915,-1.1662113849399256,1.2029444862228773
Will Riley,20260715000000,2025-26,Regular season,1632.0,"SG,SF",-2.7466006672011476,-1.2176829465130132,-1.9053040558532173
Cody Williams,20260715000000,2025-26,Regular season,1631.0,"SG,SF",-3.8337735574290255,-1.749964481648483,-1.2542852821880985
Bennedict Mathurin,20260715000000,2025-26,Regular season,1620.0,"SF,SG",-1.433618719980354,-0.1940432878917238,-1.7358123875959537
Bobby Portis,20260715000000,2025-26,Regular season,1619.0,"PF, C",-0.8675295124772018,0.7429819713664414,-1.314214776067287
Collin Sexton,20260715000000,2025-26,Regular season,1613.0,"PG, SG",0.28542979432449633,1.1594951388733148,-0.42781980696893557
Cedric Coward,20260715000000,2025-26,Regular season,1598.0,"SF,PF",0.2771822888937829,0.045850099105604177,-0.13680417669633715
Peyton Watson,20260715000000,2025-26,Regular season,1598.0,"SG,SF",1.2957652856095758,0.42609022389095913,0.05866311977673744
Herbert Jones,20260715000000,2025-26,Regular season,1588.0,"SF, PF",-0.457151702498785,-1.662644596866336,0.7587990934482796
Kelly Oubre Jr.,20260715000000,2025-26,Regular season,1574.0,SF,-0.5394771207362687,-0.43046198452893947,0.3487792225848393
Jalen Suggs,20260715000000,2025-26,Regular season,1574.0,"PG, SG",2.8498725580477444,0.8624640563043807,1.5909556312113327
Jordan Goodwin,20260715000000,2025-26,Regular season,1572.0,"SG,SF",1.9948773557207355,0.1457537243373765,1.6904861533012343
Jrue Holiday,20260715000000,2025-26,Regular season,1560.0,"PG, SG",3.0962208009165213,3.022803831395047,-0.1826766140086173
Dylan Harper,20260715000000,2025-26,Regular season,1558.0,"PG,SG",1.047110433382705,1.4551695554256854,-0.17405078674452135
Ronald Holland II,20260715000000,2025-26,Regular season,1550.0,"SF,SG",1.2224381463971588,-1.9084750466238685,2.217468420565212
Tari Eason,20260715000000,2025-26,Regular season,1549.0,"SF,PF",0.001104202822423489,-0.8412589426939472,0.7236257946741553
Kevin Huerter,20260715000000,2025-26,Regular season,1549.0,SG,0.21876615330907406,-0.2426573207565348,0.3830930856775046
Moses Moody,20260715000000,2025-26,Regular season,1540.0,"SG,SF",1.157258536453103,0.6977056977715832,0.8901629647638738
Terance Mann,20260715000000,2025-26,Regular season,1529.0,"SG, SF",-1.6936779887087914,-0.5665968591627121,-0.7229799241948982
Jarrett Allen,20260715000000,2025-26,Regular season,1519.0,C,2.455638861764903,0.6707605382677518,1.9734925895362756
Isaiah Collier,20260715000000,2025-26,Regular season,1517.0,PG,-3.188623522920966,0.054923038913019195,-2.3677091585062207
Isaiah Joe,20260715000000,2025-26,Regular season,1507.0,"PG, SG",2.2969395561719685,1.6239724832086497,0.7092480538456953
Jock Landale,20260715000000,2025-26,Regular season,1506.0,"C,PF",-0.5039200563990013,-0.039057240138636165,-0.33843108776469194
Zaccharie Risacher,20260715000000,2025-26,Regular season,1503.0,"SF,SG",-2.0583493544500246,-1.256500188912912,-1.1591132777809634
Klay Thompson,20260715000000,2025-26,Regular season,1497.0,"SG, SF",-1.9607238516857959,-0.22103493288766685,-1.370638129905088
Ryan Kalkbrenner,20260715000000,2025-26,Regular season,1479.0,C,1.233956312869736,-0.6180166877625239,1.72950170231667
Keon Ellis,20260715000000,2025-26,Regular season,1479.0,"SG,SF",0.26699249687250154,-1.1896304422324384,1.8884912108482905
Patrick Williams,20260715000000,2025-26,Regular season,1474.0,SG,-4.3003135542486355,-2.658346173944238,-1.6554130682644652
Ja'Kobe Walter,20260715000000,2025-26,Regular season,1474.0,"SG,SF",-0.31126787669250033,-0.514012350822499,0.7828041245369326
Ajay Mitchell,20260715000000,2025-26,Regular season,1473.0,"PG,SG",2.86135093751904,1.6221144509813332,1.9122870685837134
Shaedon Sharpe,20260715000000,2025-26,Regular season,1471.0,SG,-0.5810024171542553,0.6749769054590475,-1.1339442212099913
Bilal Coulibaly,20260715000000,2025-26,Regular season,1468.0,"SF,SG",-1.223690009091425,-1.3703892576684096,0.002267657978869587
Grayson Allen,20260715000000,2025-26,Regular season,1467.0,SG,1.6030679327828057,1.5255710670218123,-0.4770009922561904
Brandon Williams,20260715000000,2025-26,Regular season,1463.0,"PG,SG",-0.29923058807771746,1.1477133182390082,-1.1275210529303226
Daniss Jenkins,20260715000000,2025-26,Regular season,1455.0,PG,0.10047530191842147,0.4490546604502994,-0.34683721282425994
Jaren Jackson Jr.,20260715000000,2025-26,Regular season,1455.0,"PF, C",-0.8922909790178345,-1.2722891360129698,0.8327763411229854
Ivica Zubac,20260715000000,2025-26,Regular season,1447.0,C,0.7901683542281608,0.2859851519574512,0.8665674957601062
Javonte Green,20260715000000,2025-26,Regular season,1446.0,"SG, SF",1.9766653435846742,0.059406689412428354,2.020844740385687
Tre Johnson,20260715000000,2025-26,Regular season,1443.0,SG,-3.6542148224466997,-1.411132350305201,-2.4102931021842213
Lauri Markkanen,20260715000000,2025-26,Regular season,1443.0,PF,1.7021898578436154,2.5691305541993317,-0.350335520309898
Khris Middleton,20260715000000,2025-26,Regular season,1439.0,SF,-2.608117582910121,-1.1668829396848839,-1.7763274444455903
Sidy Cissoko,20260715000000,2025-26,Regular season,1435.0,"SG,SF",-0.14723963137494167,-1.656546277955137,1.6168020113014967
Luke Kornet,20260715000000,2025-26,Regular season,1430.0,"PF, C",1.406037407128355,-0.40666647068362555,1.644054516178226
Baylor Scheierman,20260715000000,2025-26,Regular season,1429.0,"SG,SF",2.086440195631598,0.1252082617909619,1.996268730701069
Spencer Jones,20260715000000,2025-26,Regular season,1417.0,"SF,SG",-0.7890746509711921,-1.3728748040467755,0.8890704112072749
Mark Williams,20260715000000,2025-26,Regular season,1416.0,C,0.12592216734214942,-0.5473902727938549,0.3352861771496103
Aaron Wiggins,20260715000000,2025-26,Regular season,1414.0,SG,-0.7902647882052525,-0.7676418173238608,-0.5092028324645106
Walter Clayton Jr.,20260715000000,2025-26,Regular season,1411.0,"PG,SG",-2.410436050641249,-1.009924154547205,-1.226624717432661
Christian Braun,20260715000000,2025-26,Regular season,1399.0,"SF,SG",0.2459433965245181,0.08206006519798256,-0.44962813055133133
Gui Santos,20260715000000,2025-26,Regular season,1395.0,"PF,SG",0.9935504233422319,-0.22543974752530638,0.5309664679647595
Vít Krejčí,20260715000000,2025-26,Regular season,1392.0,"SG,SF",-0.49787130285402204,0.2189206528533204,-0.6304783740122379
Kyshawn George,20260715000000,2025-26,Regular season,1391.0,SG,-1.0052911370458077,-0.47770268608773014,-0.8010693831609974
Ben Sheppard,20260715000000,2025-26,Regular season,1390.0,"SG,SF",-2.427255871470004,-0.8977658598452556,-1.664893505908501
Justin Champagnie,20260715000000,2025-26,Regular season,1377.0,"SF,PF",-0.4449774978410722,-0.33013871539090545,-0.05930283423409896
Gary Trent Jr.,20260715000000,2025-26,Regular season,1377.0,"SG, SF",-3.0731265777708288,-0.75066702714954,-2.7071603652046963
Sam Merrill,20260715000000,2025-26,Regular season,1377.0,SF,0.9769402370744225,1.3036352769442623,-0.6616026772852239
Will Richard,20260715000000,2025-26,Regular season,1377.0,"SG,SF",-0.15263242027026297,-1.0874283348414275,0.7992459818705763
Anfernee Simons,20260715000000,2025-26,Regular season,1372.0,"PG, SG",-0.6551819226313006,1.8313555039995557,-2.5812260799015285
Jose Alvarado,20260715000000,2025-26,Regular season,1370.0,PG,0.33472748004536235,-0.11360221558510464,0.3970619131104039
Malik Monk,20260715000000,2025-26,Regular season,1364.0,SG,-1.5025173421171782,0.28843064179841,-2.129153406202157
Ryan Dunn,20260715000000,2025-26,Regular season,1355.0,"SF,SG",-1.4243745970580695,-1.7134711224837242,1.435827894856322
Josh Okogie,20260715000000,2025-26,Regular season,1354.0,"SG, SF",0.4222119801938532,-0.7832841871275773,1.6534040577782942
Kobe Sanders,20260715000000,2025-26,Regular season,1353.0,"SG,PG",-1.57991160833307,-1.082729816720795,-0.8621709087010943
Derrick Jones Jr.,20260715000000,2025-26,Regular season,1350.0,"SF, PF",0.9195985746680531,-0.14852225794320553,0.780664981259923
Darius Garland,20260715000000,2025-26,Regular season,1344.0,PG,-0.06748615522458834,2.499712602260195,-2.3422709991873765
Aaron Nesmith,20260715000000,2025-26,Regular season,1335.0,SF,-1.7705043960566413,-1.2003171187693642,-0.10930264710841364
Kris Murray,20260715000000,2025-26,Regular season,1333.0,"SG,SF",-0.556533164530506,-1.5106407127949293,1.1149691578477885
Stephen Curry,20260715000000,2025-26,Regular season,1329.0,PG,4.360709012198087,5.627532899687139,-1.7960533258302547
Jordan Miller,20260715000000,2025-26,Regular season,1325.0,"SF,SG",-0.14520737236728823,1.2313404857611931,-1.0617440851057007
Drake Powell,20260715000000,2025-26,Regular season,1320.0,"SG,PG",-4.640227853847108,-3.169693795814287,-1.9728925293634285
Jericho Sims,20260715000000,2025-26,Regular season,1318.0,C,-3.000210515500166,-1.7171207994627535,-1.3183546953744871
Dean Wade,20260715000000,2025-26,Regular season,1318.0,PF,0.24326275814734738,-0.5312745313378886,0.8957945919872873
Isaiah Stewart,20260715000000,2025-26,Regular season,1317.0,C,-0.7068376271572507,-1.293927259378536,0.42009862010032695
Egor Dëmin,20260715000000,2025-26,Regular season,1308.0,"SG,PG",-0.9144086701686419,-0.005468947792380316,-1.14476667782639
Alex Sarr,20260715000000,2025-26,Regular season,1305.0,"C,PF",-1.641119855274541,-1.6076676101856686,0.4347759609336551
Yves Missi,20260715000000,2025-26,Regular season,1297.0,C,-0.7919032776017939,-0.995727205658038,0.45389874827682813
Nicolas Batum,20260715000000,2025-26,Regular season,1295.0,"SG, SF",-0.46483109125170163,-0.3298795667990725,-0.13299490027922506
Ziaire Williams,20260715000000,2025-26,Regular season,1281.0,SG,-0.7403416264818381,-1.493433093844733,0.4800880187967865
Jordan Clarkson,20260715000000,2025-26,Regular season,1279.0,"PG, SG",-0.9239765975600951,-0.23797417723108455,-0.5805523735126605
Jaylin Williams,20260715000000,2025-26,Regular season,1277.0,PF,1.1675580404926178,-0.2917927354045801,1.9217172262882
Kevin Porter Jr.,20260715000000,2025-26,Regular season,1261.0,SG,1.192533270228939,1.55870619332677,0.16798348476246167
Coby White,20260715000000,2025-26,Regular season,1250.0,"PG, SG",1.6423796882237411,3.8055005052708424,-2.0700659439368465
Collin Murray-Boyles,20260715000000,2025-26,Regular season,1246.0,"C,PF",-0.3523709182317052,-1.798511408761372,1.4862177317952119
Nolan Traore,20260715000000,2025-26,Regular season,1243.0,PG,-5.227835691869626,-2.3368316624253502,-2.533132316632897
Adem Bona,20260715000000,2025-26,Regular season,1234.0,"C,PF",-0.8942150267249692,-1.3470114146134167,0.6112351492281539
Andre Drummond,20260715000000,2025-26,Regular season,1231.0,C,-0.8347881934063224,-1.0006478296431556,0.4700311536766346
Pat Spencer,20260715000000,2025-26,Regular season,1229.0,PG,-2.119378898715154,-0.037943666035130275,-1.975951632309617
Zach LaVine,20260715000000,2025-26,Regular season,1224.0,"PG, SG",-2.8515528424990872,0.05900425989952038,-3.4426215894592556
Jordan Walsh,20260715000000,2025-26,Regular season,1212.0,"SF,PF",0.5557341234949313,-0.5612132586740601,0.870239215197116
Jaxson Hayes,20260715000000,2025-26,Regular season,1207.0,C,0.8238228609538076,-0.7825714586173833,0.8576783989140419
Marvin Bagley III,20260715000000,2025-26,Regular season,1201.0,"PF, C",0.07924518611513924,0.2834918114101057,0.10834173406686354
Joel Embiid,20260715000000,2025-26,Regular season,1201.0,C,3.5149961052348324,3.425333163645719,0.12713186413399669
Santi Aldama,20260715000000,2025-26,Regular season,1198.0,PF,0.2817739464864094,-0.16791226767442563,0.3863981654020318
Daniel Gafford,20260715000000,2025-26,Regular season,1194.0,C,0.03773216584380685,-0.2683811462347317,0.7375283286903906
Danny Wolf,20260715000000,2025-26,Regular season,1187.0,"PF,SF",-2.72422077639381,-1.7909535071578415,-0.33212002183855355
Jimmy Butler III,20260715000000,2025-26,Regular season,1182.0,"SG,PF",4.802711236201855,3.442448582529479,1.0449408480398503
Mouhamed Gueye,20260715000000,2025-26,Regular season,1179.0,"PF,SF",0.3499754912802532,-1.006620050703386,1.244765621848335
GG Jackson,20260715000000,2025-26,Regular season,1178.0,SF,-1.5035301097616036,-0.4478122892126667,-1.1174754859869187
Bones Hyland,20260715000000,2025-26,Regular season,1177.0,PG,1.6811712869277815,2.3354269132505134,-0.41890105033840264
De'Andre Hunter,20260715000000,2025-26,Regular season,1175.0,SF,-2.342138818233839,-1.3254298929938875,-1.3909623376286775
Mitchell Robinson,20260715000000,2025-26,Regular season,1175.0,C,2.690392943638874,0.7203633852803561,1.862673064466962
Simone Fontecchio,20260715000000,2025-26,Regular season,1172.0,"SG,SF",-0.42639907420521805,0.8342550507094515,-1.0911360583976424
Landry Shamet,20260715000000,2025-26,Regular season,1171.0,"SG, SF",0.8993614199711532,0.09139221372955514,1.3799337239177116
Ryan Nembhard,20260715000000,2025-26,Regular season,1171.0,PG,-2.831658625195984,-0.32931762226655364,-2.4346679650833796
Day'Ron Sharpe,20260715000000,2025-26,Regular season,1160.0,"C,PF",0.8289063487491859,0.07573072390297514,0.9985814543916111
Jared McCain,20260715000000,2025-26,Regular season,1160.0,"SG,PG",-0.6413147984710519,0.25104078016864473,-0.6634660859915369
Quinten Post,20260715000000,2025-26,Regular season,1159.0,PF,0.17141165290118757,-0.3771452703852656,0.938713988375629
Svi Mykhailiuk,20260715000000,2025-26,Regular season,1156.0,"SG, SF",-1.482190450854649,0.630683852379853,-1.8452438285667494
Caris LeVert,20260715000000,2025-26,Regular season,1154.0,"SG, SF",-1.1718375630143345,-0.9432794631074766,-0.04943782939124561
Jakob Poeltl,20260715000000,2025-26,Regular season,1149.0,C,0.7516626451512486,-0.7276191695736837,1.085922161945779
Craig Porter Jr.,20260715000000,2025-26,Regular season,1148.0,SG,1.525570614664978,0.17410343843086176,1.1176190359885614
Gary Payton II,20260715000000,2025-26,Regular season,1142.0,SG,-0.5634262885159962,-0.3925034976970045,-0.15550896107090503
Dru Smith,20260715000000,2025-26,Regular season,1141.0,"SG,SF",1.080299004497678,-0.44548277444182144,1.7400210030646643
Isaiah Hartenstein,20260715000000,2025-26,Regular season,1137.0,C,2.6806383322984635,-0.21477491849237385,3.3808521885084355
Paul George,20260715000000,2025-26,Regular season,1135.0,"SG, SF",3.229643269169973,1.7213861407511724,1.4586737082957317
Jarred Vanderbilt,20260715000000,2025-26,Regular season,1128.0,"SF, PF",-1.49180791519667,-1.6817043512141105,0.7773251905864753
De'Anthony Melton,20260715000000,2025-26,Regular season,1125.0,PG,1.3064510728639347,0.14062682929548023,0.9892368171577652
Taylor Hendricks,20260715000000,2025-26,Regular season,1118.0,"PF,SF",-2.052520946259545,-1.72209374704151,-0.5808735553136147
Luka Garza,20260715000000,2025-26,Regular season,1118.0,C,1.7215629979167588,1.48515989706142,0.027541254752406055
John Konchar,20260715000000,2025-26,Regular season,1115.0,SG,1.3603646420669455,-0.4651333640157137,1.7283435700182102
Ousmane Dieng,20260715000000,2025-26,Regular season,1099.0,SG,-3.730524602037023,-1.2377461194593566,-2.524698734869374
Jalen Smith,20260715000000,2025-26,Regular season,1095.0,"PG, SG",1.5834285207420566,0.23685154594717178,1.053054905495126
Kentavious Caldwell-Pope,20260715000000,2025-26,Regular season,1088.0,"SG, SF",-2.180781907677146,-0.8338590011457164,-0.5176065523091007
Hugo González,20260715000000,2025-26,Regular season,1084.0,"SF,PF",1.2271360431478482,-1.0256393891395406,2.3599674367143804
Jusuf Nurkić,20260715000000,2025-26,Regular season,1083.0,C,0.1261226872428668,-0.7334504688929036,1.693950187696471
Miles McBride,20260715000000,2025-26,Regular season,1080.0,"SG,PG",0.8952052850009276,1.6765614405760072,-0.4543577603151572
Corey Kispert,20260715000000,2025-26,Regular season,1080.0,SF,-2.811393159120417,-0.09375043722072512,-2.293926955802445
Rayan Rupert,20260715000000,2025-26,Regular season,1073.0,"SG,SF",-3.3130136631553806,-2.775256657714229,0.14318514455346182
Gradey Dick,20260715000000,2025-26,Regular season,1067.0,"SG,SF",-0.2823517130009666,-1.7202985800620856,-0.03912880441246637
Giannis Antetokounmpo,20260715000000,2025-26,Regular season,1039.0,"SF, PF",5.89234271943061,5.539313366744188,1.0798763787805403
Tyler Herro,20260715000000,2025-26,Regular season,1033.0,"PG, SG",-0.4289189880808438,1.3794869485358419,-2.0798965528452875
Jamir Watkins,20260715000000,2025-26,Regular season,1032.0,SF,-0.3409279503590572,-1.2845221850244843,1.210057504542948
Alex Caruso,20260715000000,2025-26,Regular season,1020.0,"PG, SG",2.7597962182221227,-0.3473899085118039,3.591837226879906
Franz Wagner,20260715000000,2025-26,Regular season,1019.0,SF,1.5658393068638496,1.2643743657166742,0.08168729172751757
Caleb Love,20260715000000,2025-26,Regular season,1013.0,"SG,PG",-3.0449705471433233,0.13259937266617716,-2.879861084219794
Robert Williams III,20260715000000,2025-26,Regular season,1008.0,C,2.909027993103236,0.4388759593168539,2.2882909103676123
Guerschon Yabusele,20260715000000,2025-26,Regular season,1007.0,PF,-4.159906322092784,-1.954594019928413,-1.499659540796399
Aaron Gordon,20260715000000,2025-26,Regular season,1005.0,PF,1.4288107845801306,2.204252982779433,-0.29850770114858516
Nae'Qwan Tomlin,20260715000000,2025-26,Regular season,1004.0,"SG,PF",-0.2127846089406215,-0.6538954713711611,0.7127797283906883
Mike Conley,20260715000000,2025-26,Regular season,991.0,PG,-1.461742606414119,-1.2980228923531292,0.2752872367271533
Olivier-Maxence Prosper,20260715000000,2025-26,Regular season,984.0,"PF,SF",-1.5638710054201597,-0.5987782577647047,-1.0697882076119898
Tyus Jones,20260715000000,2025-26,Regular season,979.0,PG,-3.4442544287567,-1.4697064353542697,-1.60433007854258
Justin Edwards,20260715000000,2025-26,Regular season,977.0,"SG,SF",-0.9845165500742145,-0.07355036769544235,-0.9447560600604049
Ochai Agbaji,20260715000000,2025-26,Regular season,973.0,"SF,SG",-2.575095717666262,-2.626067704659126,0.1727043208568812
Goga Bitadze,20260715000000,2025-26,Regular season,972.0,C,1.0437260444310752,0.18847798758322987,1.1863793687095918
Rob Dillingham,20260715000000,2025-26,Regular season,970.0,"PG,SG",-4.158169024506811,-2.5981496250334293,-1.8406659499955267
Al Horford,20260715000000,2025-26,Regular season,969.0,"PF, C",-0.2205537137491539,-0.20121126212153917,0.3531965710127052
T.J. McConnell,20260715000000,2025-26,Regular season,963.0,PG,0.22108632656533306,1.8935299416334863,-0.1953168605501181
Kobe Brown,20260715000000,2025-26,Regular season,962.0,"SF,SG",-1.7750993876724999,-0.5143480741636219,-1.458577938162683
Anthony Gill,20260715000000,2025-26,Regular season,951.0,PF,-2.589679465817419,-1.7834888476727495,-0.8967478695822519
Kasparas Jakučionis,20260715000000,2025-26,Regular season,945.0,SG,-0.07387271455429736,0.22355075900258553,-0.43050682441900756
Jalen Williams,20260715000000,2025-26,Regular season,936.0,"SG,PG",1.0620453878892528,1.8186913910941445,0.5403043727964802
Jordan Poole,20260715000000,2025-26,Regular season,933.0,"PG, SG",-1.9860886670866873,0.5866294828989214,-2.2925450853791376
Clint Capela,20260715000000,2025-26,Regular season,926.0,C,1.690672407406112,-0.8469970688288722,3.3198506109893575
Ben Saraf,20260715000000,2025-26,Regular season,916.0,"PG,SG",-4.646029763488607,-3.107338845726788,-1.2839867454885487
Micah Peavy,20260715000000,2025-26,Regular season,913.0,"SF,SG",-1.619051776665366,-1.461015871267367,0.31413938850938833
Karlo Matković,20260715000000,2025-26,Regular season,912.0,"PF,C",-1.198647423772187,-1.2405726632743392,0.48568570963992497
Micah Potter,20260715000000,2025-26,Regular season,908.0,"PF,C",-1.492309317532563,-0.554495380497062,-0.865935089738706
Isaiah Jackson,20260715000000,2025-26,Regular season,908.0,C,-1.0288348247597408,-0.5478568706297987,0.08004274062111177
Josh Green,20260715000000,2025-26,Regular season,908.0,"SG, SF",1.5912150752190168,-0.31129082198102653,1.5895703495561238
Dylan Cardwell,20260715000000,2025-26,Regular season,907.0,C,-0.3469175101495271,-1.315090923195437,1.0675334917677632
Dwight Powell,20260715000000,2025-26,Regular season,904.0,"PF, C",-1.1046679517573965,-1.910642707513121,0.862782591613556
Paul Reed,20260715000000,2025-26,Regular season,901.0,PF,3.3005172008984673,0.41483864930109504,2.363149722041333
Jaden Hardy,20260715000000,2025-26,Regular season,898.0,SG,-3.114427598039612,0.023717616466195357,-3.0909089211473706
Quenton Jackson,20260715000000,2025-26,Regular season,897.0,"PG,SG",-0.4933749093014055,-0.04456026158863363,-0.18293301396412748
Jaylen Clark,20260715000000,2025-26,Regular season,888.0,"SG,SF",0.4593453582599691,-0.8731848609355339,1.3489872943788397
Cam Thomas,20260715000000,2025-26,Regular season,881.0,SG,-2.580572072537293,1.2884562498241106,-3.773806195032018
Bryce McGowens,20260715000000,2025-26,Regular season,880.0,"SG,SF",-0.6484020809675877,-0.005461000345844292,-0.8923221380347204
Gabe Vincent,20260715000000,2025-26,Regular season,879.0,PG,-1.4229763610835513,-1.0462254077524358,-0.8705618757459963
Jonas Valančiūnas,20260715000000,2025-26,Regular season,871.0,C,-0.3017246318196637,0.9651156258341456,0.7409737924515442
Jevon Carter,20260715000000,2025-26,Regular season,867.0,"PG, SG",-1.0417354380505974,-0.2286387205321791,-0.6138824734444165
Trendon Watford,20260715000000,2025-26,Regular season,864.0,"PF,SF",-3.0273693360968457,-1.1406965548443977,-0.8046914633557671
Julian Strawther,20260715000000,2025-26,Regular season,861.0,SG,-0.7563372523236471,-0.14118105332489359,-0.9644943805440794
Jalen Wilson,20260715000000,2025-26,Regular season,859.0,"SG,SF",-3.279487515404453,-1.8320338817083908,-1.8355197354984973
Caleb Martin,20260715000000,2025-26,Regular season,856.0,SF,-2.5253997072407985,-2.882269635167883,1.313202785094764
Kenrich Williams,20260715000000,2025-26,Regular season,855.0,SF,-0.03128679761636438,-0.08261862294166004,-0.6202401687065036
Kyle Anderson,20260715000000,2025-26,Regular season,853.0,"SF, PF",0.23020791172369923,-0.7823537959324393,1.2914276490231558
Daeqwon Plowden,20260715000000,2025-26,Regular season,844.0,"SF,SG",-1.694038750590611,-0.3703719822958472,-1.879067105765326
Josh Minott,20260715000000,2025-26,Regular season,834.0,"SF,SG",0.7330726629525126,-0.06802313370719848,1.4045537298719686
Jonathan Kuminga,20260715000000,2025-26,Regular season,830.0,PF,-1.4591391499812545,-1.5648603769188727,-0.47481225569755503
Javon Small,20260715000000,2025-26,Regular season,830.0,"PG,SG",-0.0037380152060448174,1.9548479003388834,-0.8079112275467271
Jalen Green,20260715000000,2025-26,Regular season,828.0,SG,-0.06182898079904042,0.684256801631371,-1.2988551713003322
Vince Williams Jr.,20260715000000,2025-26,Regular season,819.0,"PG,SG",-0.6978552397451055,-0.8618843313764751,0.7768745121428754
Buddy Hield,20260715000000,2025-26,Regular season,819.0,SG,-1.8743487334093378,0.16253842898912965,-1.1746135775614719
Carter Bryant,20260715000000,2025-26,Regular season,818.0,"SF,SG",-3.3849486507242013,-2.3581523729274503,-0.1528204316854967
Nikola Jović,20260715000000,2025-26,Regular season,808.0,"SF,PF",-2.300776286975748,-2.035936744901975,0.350923949641002
Jalen Pickett,20260715000000,2025-26,Regular season,806.0,"PG,SG",-2.318870450310332,-0.23557659073218154,-1.2285566367179819
Keegan Murray,20260715000000,2025-26,Regular season,793.0,"SF,SG",-2.5962354433717816,-2.185178625415264,-0.008134180834450028
Aaron Holiday,20260715000000,2025-26,Regular season,781.0,"PG, SG",-0.14476783235333127,0.12563198577921336,-0.011273045642329532
Tyrese Martin,20260715000000,2025-26,Regular season,777.0,"SG,PG",-3.2490484330210725,-1.1443745954486895,-2.2089817333644057
Kristaps Porziņģis,20260715000000,2025-26,Regular season,769.0,"C,PF",1.3483968505738213,1.5154580669686348,0.511703178459543
Jabari Walker,20260715000000,2025-26,Regular season,762.0,PF,-0.6502798620878625,-0.4010907336038319,-0.14000855507237223
Noah Penda,20260715000000,2025-26,Regular season,757.0,SF,-1.8359756453264293,-1.4136181566158903,-0.13539516597361984
Scoot Henderson,20260715000000,2025-26,Regular season,748.0,"SG,PG",1.581332267605443,0.7709932668958728,-0.10292051907936184
Pete Nance,20260715000000,2025-26,Regular season,737.0,PF,-2.3885524885578846,-0.6227705827471893,-1.3457931102287781
Thomas Bryant,20260715000000,2025-26,Regular season,732.0,C,0.42480283698045906,-0.6423624674909534,0.6629964808910183
Steven Adams,20260715000000,2025-26,Regular season,730.0,C,1.0403241177605154,-0.5924469784717447,2.031885812800502
Lonzo Ball,20260715000000,2025-26,Regular season,728.0,PG,0.22117870675498164,-1.4014073388581638,0.7680132277495588
Tyler Kolek,20260715000000,2025-26,Regular season,727.0,PG,-0.1087202100844417,0.29442324108081025,-0.2105819064524755
Leonard Miller,20260715000000,2025-26,Regular season,719.0,"SF,PF",-1.6310336488284751,-0.33900183492547,-0.7991945530939404
Grant Williams,20260715000000,2025-26,Regular season,711.0,PF,0.9291472026450841,0.2712936460204767,0.9490515845182146
Nick Richards,20260715000000,2025-26,Regular season,701.0,"PF, C",-4.999637470090768,-3.4320660709839976,-1.087552001673366
Sharife Cooper,20260715000000,2025-26,Regular season,700.0,PG,-2.4828422647245825,0.10913607463331887,-2.7655221743763314
Devin Carter,20260715000000,2025-26,Regular season,700.0,PG,-0.9907017757130837,-0.4480033242161956,0.03471474779596668
Jett Howard,20260715000000,2025-26,Regular season,695.0,"SG,SF",-3.884347771543957,-0.1486894529884539,-2.879263644034649
Jordan Hawkins,20260715000000,2025-26,Regular season,692.0,SG,-4.476527578951563,-2.03580746640846,-2.419348590798238
Rasheer Fleming,20260715000000,2025-26,Regular season,673.0,"SF,PF",-1.125194935233516,-1.8592387094227418,0.4200617801417338
Jahmai Mashack,20260715000000,2025-26,Regular season,673.0,"SG,SF",-4.294417770478043,-3.820187301420106,-0.826903018005388
Tristan Vukcevic,20260715000000,2025-26,Regular season,671.0,"PF,C",-2.241228892731285,-1.4429517907545073,-1.3033758143829521
Jaden Ivey,20260715000000,2025-26,Regular season,670.0,SG,-0.8555927401219905,-0.3587570486169156,-0.8143890381874233
Tre Mann,20260715000000,2025-26,Regular season,668.0,PG,-4.343373404402861,-2.215298689531156,-2.1963362181914774
Gary Harris,20260715000000,2025-26,Regular season,661.0,SG,-2.490500562685959,-1.5059493918318365,-0.8330278916355602
Ethan Thompson,20260715000000,2025-26,Regular season,653.0,"SG,SF",-1.0946262211666073,-1.1282357187915455,0.18649835482341776
Jamaree Bouyea,20260715000000,2025-26,Regular season,644.0,PG,0.7158113868268865,-0.5429935684514776,1.6650985001078003
Johnny Furphy,20260715000000,2025-26,Regular season,643.0,"SF,PF",-2.573443249116217,-2.0747345889957822,-0.3067342421075962
Mohamed Diawara,20260715000000,2025-26,Regular season,634.0,"SF,PF",-1.4804159703619657,-0.7058858836530963,-0.6441928813234781
Zeke Nnaji,20260715000000,2025-26,Regular season,626.0,PF,-3.376169875250887,-2.804057149269945,0.2162247270312934
Anthony Davis,20260715000000,2025-26,Regular season,626.0,PF,0.7777087385505834,0.36351872047887845,1.182328255565765
Dorian Finney-Smith,20260715000000,2025-26,Regular season,620.0,"SF, PF",-2.2944153788854216,-2.4580525205034562,0.37808093964475187
Kam Jones,20260715000000,2025-26,Regular season,616.0,"PG,SG",-4.941424057523659,-2.264960221834433,-2.068249255633522
Kevin Love,20260715000000,2025-26,Regular season,613.0,"PF, C",-0.522880069040705,0.6604527228455808,-0.9173544439661991
Taurean Prince,20260715000000,2025-26,Regular season,611.0,"SF, PF",-1.4270456623434318,-0.33683381890885666,-2.108485370852308
Jase Richardson,20260715000000,2025-26,Regular season,587.0,"PG,SG",-0.7905303768748277,0.16464689671015173,-1.123413591888174
Tidjane Salaün,20260715000000,2025-26,Regular season,575.0,"SF,PF",-1.02776309300519,-1.3866585895460242,-0.38432705412703266
Ja Morant,20260715000000,2025-26,Regular season,568.0,PG,-0.9887702652056414,1.369400966083885,-1.4599452520799985
Domantas Sabonis,20260715000000,2025-26,Regular season,564.0,"PF, C",-1.6308645262975618,-0.9498940892058438,-0.9360467596797447
Dalton Knecht,20260715000000,2025-26,Regular season,553.0,"SF,SG",-3.588105604606059,-2.0001670511981864,-1.7700775168087541
Drew Eubanks,20260715000000,2025-26,Regular season,552.0,"PF, C",-3.4375795549155663,-3.0341994995741164,-0.21291843322918957
Dalen Terry,20260715000000,2025-26,Regular season,551.0,"SG,SF",0.40828832918210756,-1.029594055850756,1.3123390338468388
Tyrese Proctor,20260715000000,2025-26,Regular season,545.0,"PG,SG",-0.34485000307246216,0.5569351008035694,-0.8299624996566228
Elijah Harkless,20260715000000,2025-26,Regular season,545.0,"SG,SF",-0.025918531517993615,-1.3687044766479968,1.816748318155259
Terrence Shannon Jr.,20260715000000,2025-26,Regular season,538.0,"SG,PG",-2.3995696609621704,-0.4927094764151186,-2.9323055428190905
Keaton Wallace,20260715000000,2025-26,Regular season,536.0,PG,-2.59535632263008,-1.7951552238639352,-1.3327066170490902
Moussa Cisse,20260715000000,2025-26,Regular season,530.0,C,-0.5206988278761463,-2.4159777577846215,1.0149328174608532
Cole Anthony,20260715000000,2025-26,Regular season,527.0,PG,-3.552303556828985,-2.364120626839936,-0.9448535779838269
Jayson Tatum,20260715000000,2025-26,Regular season,522.0,SF,4.009258063907555,3.0202911305119855,0.290764684206328
Jonathan Isaac,20260715000000,2025-26,Regular season,521.0,PF,-0.9991073476937169,-2.629254757934552,1.4549286004262334
Jamison Battle,20260715000000,2025-26,Regular season,517.0,"SF,SG",-0.5860499066883542,-1.0087159889758244,0.3990285006901261
Asa Newell,20260715000000,2025-26,Regular season,500.0,"PF,SF",-2.4703508100293003,-0.9248988474954373,-1.5603626383197975
Ariel Hukporti,20260715000000,2025-26,Regular season,498.0,C,-0.8517391223891109,-3.121996334765453,2.172972513773354
Trayce Jackson-Davis,20260715000000,2025-26,Regular season,496.0,C,-1.1508518633555544,-1.099174432780924,0.4344335665193509
D'Angelo Russell,20260715000000,2025-26,Regular season,495.0,"PG, SG",-1.3836685074768869,-0.3167281067924636,-1.3628914013808038
Taelon Peter,20260715000000,2025-26,Regular season,492.0,SG,-1.6110460250115892,-1.7540759837178457,0.044307954049788156
Bez Mbeng,20260715000000,2025-26,Regular season,492.0,"SG,SF",-1.0390808812273415,-1.8905672485579719,0.9850811248690822
Amir Coffey,20260715000000,2025-26,Regular season,491.0,"PG, SG, SF",-1.8271378588534812,-1.0871881554409848,0.16063656774287752
Branden Carlson,20260715000000,2025-26,Regular season,488.0,"C,PF",-3.15000399523383,-1.0546421923372002,-1.530249362815736
Jamal Cain,20260715000000,2025-26,Regular season,486.0,"SF,SG",0.041766504435592156,0.6454165483167086,-0.8281102904452546
Cam Christie,20260715000000,2025-26,Regular season,480.0,"SF,SG",-2.2738512581541777,-1.9430518405931025,0.1130332554660598
Matisse Thybulle,20260715000000,2025-26,Regular season,480.0,SF,3.689069329989657,-0.29257225875630766,4.635455695424106
Jeremy Sochan,20260715000000,2025-26,Regular season,469.0,"SF,SG",-3.1080144275581247,-1.9928173634267967,-0.624709570877167
Maxi Kleber,20260715000000,2025-26,Regular season,461.0,PF,-0.8352456186411233,-2.203860439253015,0.5649785293456064
Marcus Sasser,20260715000000,2025-26,Regular season,457.0,"PG,SG",-0.24063505527210283,0.5343542914655331,-0.7146056109697222
AJ Johnson,20260715000000,2025-26,Regular season,453.0,"PG,SG",-4.107182295548149,-2.551642081680301,-2.768024682910089
Bogdan Bogdanović,20260715000000,2025-26,Regular season,452.0,"PG,SG",-2.0675081126454757,-0.37525395557848173,-2.2659001279534534
Tony Bradley,20260715000000,2025-26,Regular season,451.0,C,-3.712426950561633,-1.6351972348950108,-1.9857464036520616
Larry Nance Jr.,20260715000000,2025-26,Regular season,449.0,"PF, C",-1.889616728239254,-2.7083714546429287,1.0224572213670018
Oscar Tshiebwe,20260715000000,2025-26,Regular season,448.0,C,-0.3044609733577013,1.154934732396575,-0.28453301150231103
Doug McDermott,20260715000000,2025-26,Regular season,439.0,"SF, PF",-3.6848966889653303,-1.4447627875862121,-2.4475264741020277
Leaky Black,20260715000000,2025-26,Regular season,433.0,"SF,SG",-3.3357497022167912,-2.565064531966287,-0.8666475705784049
Julian Phillips,20260715000000,2025-26,Regular season,427.0,"SF,SG",-1.1183525679588013,-1.715040007612555,0.1258194907840306
Moritz Wagner,20260715000000,2025-26,Regular season,427.0,"SF, PF",-2.5238635237759737,-1.257881663623501,-1.5833536338300382
Obi Toppin,20260715000000,2025-26,Regular season,424.0,PF,-0.6020437001162,1.7196095063222132,-2.6127253065810083
Yanic Konan Niederhäuser,20260715000000,2025-26,Regular season,424.0,C,-0.36704569117533226,-1.09434193134035,0.29109392623259556
Khaman Maluach,20260715000000,2025-26,Regular season,411.0,C,0.22211709024881432,-2.362034573381881,2.0761752622492025
Myron Gardner,20260715000000,2025-26,Regular season,411.0,SF,1.6114220214168309,0.6366318851781094,0.7133663524702207
Andre Jackson Jr.,20260715000000,2025-26,Regular season,408.0,"SF,SG",-3.0737664826206164,-3.633597124008559,-0.12464602154604043
Killian Hayes,20260715000000,2025-26,Regular season,406.0,"PG, SG",-1.6804434949545524,-1.832849163241308,-0.392975582887374
Jae'Sean Tate,20260715000000,2025-26,Regular season,405.0,"SF, PF",-0.9799616131826149,-1.047455269045993,-0.024506828288214863
Julian Reese,20260715000000,2025-26,Regular season,402.0,"C,PF",-2.6967251365265517,-2.221606321379265,-0.731118901314568
Dejounte Murray,20260715000000,2025-26,Regular season,389.0,PG,0.8895230516129422,1.113818830529826,-0.5848581696615085
Trae Young,20260715000000,2025-26,Regular season,384.0,PG,-0.4092805958858973,3.8954652376208885,-2.981039794468671
Tyson Etienne,20260715000000,2025-26,Regular season,380.0,"SG,PG",-2.987329070753109,-0.7357042189555226,-2.3389340963504486
Bronny James,20260715000000,2025-26,Regular season,375.0,PG,-1.9589797031434706,-1.3579669447689688,-0.9370088525002199
Nick Smith Jr.,20260715000000,2025-26,Regular season,375.0,"PG,SG",-2.427010823916131,0.05641702576339502,-2.710574076211261
Cameron Payne,20260715000000,2025-26,Regular season,374.0,PG,0.5421580749445025,0.3872017876910334,0.4835456747490246
Liam McNeeley,20260715000000,2025-26,Regular season,368.0,"SG,SF",-1.9393869693189996,-1.0162311957964707,-1.1345209281641853
Blake Wesley,20260715000000,2025-26,Regular season,361.0,"PG,SG",-2.3456715017001226,-1.4861725186611692,-0.6656173557715054
Jeremiah Robinson-Earl,20260715000000,2025-26,Regular season,361.0,"SF,PF",-4.335293999755108,-1.6208800253826836,-2.5351749628307148
Kelly Olynyk,20260715000000,2025-26,Regular season,360.0,"PF, C",-0.9878352961549831,-1.1901724935793183,0.13206063637534948
Malachi Smith,20260715000000,2025-26,Regular season,359.0,"SG,PG",-1.4564580949770483,0.03796591056707911,-1.4292919917645441
Christian Koloko,20260715000000,2025-26,Regular season,357.0,C,-2.8243386949641627,-4.3506467845662815,1.7086559580566385
Kennedy Chandler,20260715000000,2025-26,Regular season,355.0,PG,-2.622101193793231,-0.4961882646645718,-2.0224273220347153
Cam Whitmore,20260715000000,2025-26,Regular season,354.0,SF,-3.7588241218435305,-1.882339129731868,-2.788632873309116
E.J. Liddell,20260715000000,2025-26,Regular season,349.0,PF,-2.771025161177369,-1.3474008605644474,-1.1389516687942776
Brooks Barnhizer,20260715000000,2025-26,Regular season,348.0,"SG,PF",-5.628690927593965,-3.923536855347713,-1.9593711424943567
Chaney Johnson,20260715000000,2025-26,Regular season,348.0,PF,-1.1929130530933327,-0.8663571292301112,-0.32524226773613296
Isaiah Livers,20260715000000,2025-26,Regular season,347.0,"SG,SF",-1.62620124692245,-2.200768313035744,0.372493482359334
Lachlan Olbrich,20260715000000,2025-26,Regular season,344.0,PF,0.9381681150501626,-1.1762242525412703,1.8011499580280792
Ty Jerome,20260715000000,2025-26,Regular season,339.0,"PG, SG",1.6600628206102532,5.271516104348049,-3.107638470010129
Ron Harper Jr.,20260715000000,2025-26,Regular season,318.0,"SG,SF",-0.040624664069213764,-0.04984366326769607,-0.18856335305972272
Joan Beringer,20260715000000,2025-26,Regular season,314.0,C,0.38701842010496496,0.4115273533693766,-0.5169016095420312
Jalen Slawson,20260715000000,2025-26,Regular season,311.0,PF,-0.8915482461913291,-1.8958476385490866,0.8809700013363161
Kevon Looney,20260715000000,2025-26,Regular season,307.0,"PF, C",-3.5563978359815773,-2.103502061960728,-0.32370935942868895
Tyler Burton,20260715000000,2025-26,Regular season,307.0,"SF,PF",-5.571283436026696,-3.0846060786492018,-3.1449563662841413
Yang Hansen,20260715000000,2025-26,Regular season,300.0,C,-6.524978864982541,-5.197574923897122,-0.4092149932292658
Pat Connaughton,20260715000000,2025-26,Regular season,297.0,SG,-0.4363502010975583,-1.5431109357878703,2.4001016243406097
LJ Cryer,20260715000000,2025-26,Regular season,292.0,"SG,PG",-1.7094848080907847,0.739801020643266,-1.9584271057246674
Max Strus,20260715000000,2025-26,Regular season,288.0,"SG, SF",-1.8419220769073326,1.0115612124083695,-2.514743557086242
Blake Hinson,20260715000000,2025-26,Regular season,285.0,"SG,SF",0.37622638718682155,1.7357768519513286,-1.4628520720497784
Lindy Waters III,20260715000000,2025-26,Regular season,285.0,SG,-2.5544865106473407,-0.7764101293175185,-1.3678507192693987
Zach Edey,20260715000000,2025-26,Regular season,284.0,C,2.50958973436984,-1.609061348408688,4.626767345169611
Jordan McLaughlin,20260715000000,2025-26,Regular season,282.0,PG,-1.790491172973511,-1.107878701631048,-0.42491169596834577
Keshad Johnson,20260715000000,2025-26,Regular season,280.0,"SF,PF",1.1841891585307605,0.15352185945212246,1.496138442802168
Malevy Leons,20260715000000,2025-26,Regular season,276.0,"SG,SF",-2.3225832719812107,-1.0734316724071746,-0.5176721287980048
Malaki Branham,20260715000000,2025-26,Regular season,275.0,"SF,SG",-2.121746210677235,-0.6347924054739562,-1.0610876254406048
Cormac Ryan,20260715000000,2025-26,Regular season,271.0,"SG,SF",1.0105672413292446,2.4725684647323045,-1.7439797506662273
Chaz Lanier,20260715000000,2025-26,Regular season,262.0,SG,-2.9387423043986725,-1.404647763253426,-1.7603576811494968
Duop Reath,20260715000000,2025-26,Regular season,258.0,"SF,PF",-3.2262135144771764,-1.5042075844906255,-0.850264526019223
KJ Simpson,20260715000000,2025-26,Regular season,258.0,PG,-1.2465250597936994,-1.5397535576536012,0.31002964918034914
John Poulakidas,20260715000000,2025-26,Regular season,253.0,SG,-1.2594472498797562,0.8717741372897634,-1.9155370925444686
Jonathan Mogbo,20260715000000,2025-26,Regular season,249.0,"C,SF",-2.836625960960137,-3.8812688436972183,1.0130051811561083
Adama Bal,20260715000000,2025-26,Regular season,241.0,SG,-5.196945308645356,-2.4702584374407097,-2.679700711595053
Nate Williams,20260715000000,2025-26,Regular season,239.0,SG,-4.889683381420861,-1.0761519613708515,-3.9896757405773853
Drew Timme,20260715000000,2025-26,Regular season,235.0,PF,-2.3500301647880706,-1.0041931855430781,-1.8119448820946258
DeJon Jarreau,20260715000000,2025-26,Regular season,231.0,"SG,SF",-4.956242618483903,-4.073720584980669,-1.3127085818663833
Chris Paul,20260715000000,2025-26,Regular season,228.0,PG,-5.78525018401391,-3.1718480639818463,-2.3721381019559575
A.J. Lawson,20260715000000,2025-26,Regular season,226.0,"SF,SG",-1.3401462599681637,-1.255840425881798,0.5035331919160063
Lucas Williamson,20260715000000,2025-26,Regular season,224.0,"SG,SF",-4.519442964122696,-3.26705049013116,-1.6020576941404778
JD Davison,20260715000000,2025-26,Regular season,218.0,PG,0.2509479849499845,-0.8382749254640812,1.0135510148421776
Toby Okani,20260715000000,2025-26,Regular season,217.0,"SG,SF",-7.624617274214883,-5.2323075837452295,-3.6081106944072867
PJ Hall,20260715000000,2025-26,Regular season,213.0,C,-3.7906050187213274,-2.4494861977840734,-0.9219484426674927
Scotty Pippen Jr.,20260715000000,2025-26,Regular season,212.0,"PG,SG",-1.0450260416224595,-1.33788887095429,-0.2121850191870413
DaRon Holmes II,20260715000000,2025-26,Regular season,210.0,"PF,SF",-2.343330475550771,-0.17675410432467162,-1.3945693263341896
Yuki Kawamura,20260715000000,2025-26,Regular season,209.0,"SG,PG",0.23259189749808365,-0.1781180696437193,0.5497881114338666
RayJ Dennis,20260715000000,2025-26,Regular season,206.0,"PG,SG",-7.294171496666004,-3.41550292679577,-3.1705127591825173
DeAndre Jordan,20260715000000,2025-26,Regular season,199.0,C,-0.44765279836427385,-0.28016008839819107,0.3714247489779845
MarJon Beauchamp,20260715000000,2025-26,Regular season,196.0,"SF,SG",-1.661568559663997,-0.7701796233601215,-0.1933354047900538
Garrison Mathews,20260715000000,2025-26,Regular season,196.0,"SG, SF",0.2993520824696747,-0.03938643338700809,-0.2942029386487515
Nigel Hayes-Davis,20260715000000,2025-26,Regular season,195.0,"SF,SG",-5.3346025115704405,-3.9902790917157054,-1.0389066770954574
Chris Youngblood,20260715000000,2025-26,Regular season,185.0,SG,-2.0077354675612393,-0.4570630323954765,-1.2102168863578584
Xavier Tillman,20260715000000,2025-26,Regular season,184.0,PF,-3.263583199512638,-2.4207643481797847,-0.002643828431677875
Zach Collins,20260715000000,2025-26,Regular season,184.0,"PF, C",-0.4010569368092054,-0.16048417121370934,-0.4151380691437482
Dariq Whitehead,20260715000000,2025-26,Regular season,183.0,"SG,SF",-5.950959172256307,-1.9456822617522354,-3.7315243635843043
Trevon Scott,20260715000000,2025-26,Regular season,182.0,"PF,SF",-4.744126857631152,-3.6760188819146817,-1.3677141964456792
Jeff Green,20260715000000,2025-26,Regular season,175.0,PF,-3.8530199859300476,-1.6663542599322692,-2.2773161394517527
Mason Plumlee,20260715000000,2025-26,Regular season,171.0,C,-0.10031825309233487,-1.16481040140581,0.9716644877961538
Andersson Garcia,20260715000000,2025-26,Regular season,169.0,SF,-3.175973063966482,-3.7156134619245536,0.3587903260418446
Tyler Smith,20260715000000,2025-26,Regular season,166.0,"PF,SF",-2.462166524800502,-1.4712501028063492,-1.9004762630818082
Hunter Tyson,20260715000000,2025-26,Regular season,162.0,"SF,PF",-5.4817347974007955,-2.924908974874524,-0.7502388080571256
Nikola Topić,20260715000000,2025-26,Regular season,160.0,"PG,SG",-5.319838633467068,-0.826713736498847,-4.539160297267025
Kevin McCullar Jr.,20260715000000,2025-26,Regular season,155.0,"SG,SF",-3.3908089941587103,-3.1408217174783886,-0.27120518576010594
Walker Kessler,20260715000000,2025-26,Regular season,154.0,"C,PF",1.8708602142884851,2.1357431183131013,-0.0030823744434105294
Charles Bassey,20260715000000,2025-26,Regular season,153.0,C,-1.7633079453268805,0.37603763764755876,-0.8899175829123401
Joe Ingles,20260715000000,2025-26,Regular season,153.0,SF,-0.51446307392752,-0.5161925734316293,-0.8321651479028935
Adou Thiero,20260715000000,2025-26,Regular season,149.0,"SF,PF",-1.4228422131017924,-2.083223454695336,-0.23333642914689856
Thanasis Antetokounmpo,20260715000000,2025-26,Regular season,148.0,SF,1.0684050194143124,-3.4609892917229157,3.902521293308812
Amari Williams,20260715000000,2025-26,Regular season,146.0,C,-4.259146285185077,-5.148859949675918,1.4204300800576755
Alijah Martin,20260715000000,2025-26,Regular season,146.0,"PG,SG",-1.8719379888876506,-2.65323644260196,-0.15856140538679836
Bismack Biyombo,20260715000000,2025-26,Regular season,141.0,C,-7.514907691073407,-6.013303606717526,-1.722797530061836
Tolu Smith,20260715000000,2025-26,Regular season,137.0,C,-1.5164544841728693,-1.1288879414100532,0.029436612133947937
Pacôme Dadiet,20260715000000,2025-26,Regular season,136.0,"PF,SF",-2.599466489537202,-2.3566030046086204,0.48707221005475704
Mac McClung,20260715000000,2025-26,Regular season,135.0,SG,-2.513296252865478,-0.27870591366175007,-2.6900150727166032
Miles Kelly,20260715000000,2025-26,Regular season,134.0,"SG,SF",-3.1946310705342027,-1.5981480104847576,-1.2293698525254841
Seth Curry,20260715000000,2025-26,Regular season,133.0,"PG, SG",-2.4795727055878145,2.233846484713266,-3.63196041671086
Bradley Beal,20260715000000,2025-26,Regular season,121.0,"SG, SF",-4.828548456550843,-2.3838297715107735,-4.068412111646678
Kobe Bufkin,20260715000000,2025-26,Regular season,119.0,"PG,SG",-7.470313796142697,-4.28586359845811,-4.327787178191142
Kyle Lowry,20260715000000,2025-26,Regular season,118.0,PG,-6.960659973171776,-5.054883283130987,-2.5346282904020976
Dereck Lively II,20260715000000,2025-26,Regular season,115.0,C,-0.7058955141735483,-2.6804253304634176,2.189628756028655
Trey Alexander,20260715000000,2025-26,Regular season,111.0,"SG,PG",-1.085105327105339,-0.29915462542629484,-1.1935679962872294
Omer Yurtseven,20260715000000,2025-26,Regular season,104.0,"C,PF",-5.484273077296505,-3.129993980283201,-2.8781056123097244
Caleb Houstan,20260715000000,2025-26,Regular season,75.0,SG,-2.6275392492156864,-0.9474251035174595,-1.758832083602487
Keshon Gilbert,20260715000000,2025-26,Regular season,48.0,SG,-11.325919861595288,-7.345058488088862,-4.02176553545666
Jacob Toppin,20260715000000,2025-26,Regular season,17.0,C,2.1212606951595765,0.9230140109480678,1.1453474782644955
N'Faly Dante,20260715000000,2025-26,Regular season,15.0,"C,PF",5.335545015265175,-1.1185155863717047,5.912464477871041
Chris Boucher,20260715000000,2025-26,Regular season,94.0,"PF, C",-1.1719722586693675,-2.906073572056525,1.3517179721754173
Dalano Banton,20260715000000,2025-26,Regular season,52.0,"PG,SG",-8.049396026002412,-5.3265119655976765,-3.0744361230631876
John Tonje,20260715000000,2025-26,Regular season,42.0,"SG,SF",-1.5507358849353796,-1.9923794247546733,-0.783090752026187
Max Shulga,20260715000000,2025-26,Regular season,36.0,"SG,PG",-5.428225179077614,-5.63384781282079,-1.204798021486278
Luke Travers,20260715000000,2025-26,Regular season,103.0,"SF,SG",-3.9458481437589303,-4.434742286602669,0.7563298289351712
Tristan Enaruna,20260715000000,2025-26,Regular season,85.0,SG,3.5281461309196063,2.2729393767345583,1.237239592966909
Riley Minix,20260715000000,2025-26,Regular season,50.0,"SG,SF",-1.0500844745999065,1.6353739982908944,-2.237548313865015
Olivier Sarr,20260715000000,2025-26,Regular season,39.0,PF,4.352544844558988,1.3453419119109578,1.5890746236723599
Chris Livingston,20260715000000,2025-26,Regular season,17.0,"SG,PG",3.36914896479012,0.27486036199045594,3.412854678348417
Darius Brown,20260715000000,2025-26,Regular season,3.0,PG,-3.9951368109967977,-3.9109072539183023,-0.3738765584068575
Josh Oduro,20260715000000,2025-26,Regular season,82.0,"C,PF",-1.5377620964600247,1.0783911460167044,-3.3169024210390154
Hunter Dickinson,20260715000000,2025-26,Regular season,42.0,"C,PF",-12.476464887987628,-7.442125414788001,-5.13849269653133
Mouhamadou Gueye,20260715000000,2025-26,Regular season,45.0,"SF,PF",-2.881669633547081,-0.9487043273622972,-3.1798740853995886
Emanuel Miller,20260715000000,2025-26,Regular season,33.0,"SG,SF",-6.0252918713915875,-2.5795371724958676,-1.4451985630558815
Noa Essengue,20260715000000,2025-26,Regular season,6.0,"SF,SG",-5.6809670146487985,-4.509618171064179,-1.9925917463293832
Trentyn Flowers,20260715000000,2025-26,Regular season,6.0,SG,-3.174061600791129,-0.6602775237130271,-1.2511681842525664
Curtis Jones,20260715000000,2025-26,Regular season,88.0,"PG,SG",-0.039529081655691765,0.10640782258257492,0.7732980904844474
David Roddy,20260715000000,2025-26,Regular season,73.0,SF,1.3557073823335934,2.4673203714583454,0.08391702654240996
Isaiah Crawford,20260715000000,2025-26,Regular season,92.0,"PF,SF",-2.621345102455583,-1.8707535002306819,-0.3287688994122815
Tristen Newton,20260715000000,2025-26,Regular season,12.0,SG,4.142481522287939,5.012598535413724,-0.9622721098232572
TyTy Washington Jr.,20260715000000,2025-26,Regular season,88.0,PG,-4.1185390817842125,-1.9082434908282053,-1.673448799658365
Jahmyl Telfort,20260715000000,2025-26,Regular season,32.0,"SG,PG",-6.327616455590114,-5.303790071494201,-0.12301645726280386
Sean Pedulla,20260715000000,2025-26,Regular season,31.0,PG,-7.550503957328239,-2.5880426550977815,-2.9899181016425427
Norchad Omier,20260715000000,2025-26,Regular season,24.0,C,-5.642438459488231,0.20064213914044737,-3.178572411714266
Patrick Baldwin Jr.,20260715000000,2025-26,Regular season,88.0,PF,-5.94883188206164,-3.771545075971453,-1.6420205434900534
Chris Mañon,20260715000000,2025-26,Regular season,46.0,"SG,SF",0.8688002683642734,-2.2875741239484144,3.2200823085631556
Jahmir Young,20260715000000,2025-26,Regular season,58.0,"PG,SG",-4.1788930960666475,-0.8072425757770927,-3.3910071971538445
Vladislav Goldin,20260715000000,2025-26,Regular season,24.0,"C,PF",-1.3985752569919652,-3.2740075677874962,1.80424749225378
Trevor Keels,20260715000000,2025-26,Regular season,15.0,"SG,PF",-1.4071953737327125,-2.7728664855244465,1.7116951181541102
Mark Sears,20260715000000,2025-26,Regular season,26.0,PG,1.2065411192372149,5.632707324854632,-3.854422773690587
Alex Antetokounmpo,20260715000000,2025-26,Regular season,21.0,PF,-1.448587054804577,1.91788920817798,-1.184406523301789
Johnny Juzang,20260715000000,2025-26,Regular season,88.0,SG,-2.9377460616043063,-0.8669246447741362,-3.1657966152081496
Zyon Pullin,20260715000000,2025-26,Regular season,43.0,PG,-0.370198406980488,3.080455740187225,-4.0404182517374565
Enrique Freeman,20260715000000,2025-26,Regular season,37.0,SF,2.6182619948329897,0.3955105920880263,2.610892101322598
Rocco Zikarsky,20260715000000,2025-26,Regular season,36.0,C,-0.8054894731493645,1.0326057252176124,-0.38516100428992694
Grant Nelson,20260715000000,2025-26,Regular season,35.0,C,-0.03569495940406242,0.37189391702404584,-0.8296984552447684
Trey Jemison III,20260715000000,2025-26,Regular season,82.0,"C,PF",-10.77853402407011,-7.472528122132839,-2.2742333227123073
Dillon Jones,20260715000000,2025-26,Regular season,39.0,"PG,SG",0.0566327140740243,-2.0443455426036037,1.7668987329045351
Tosan Evbuomwan,20260715000000,2025-26,Regular season,8.0,"SG,SF",-3.346438643855235,-3.9252399888764367,0.7396338031504834
Orlando Robinson,20260715000000,2025-26,Regular season,25.0,PF,-2.7238634329038867,1.022888246870763,-3.3768968272407123
Alex Morales,20260715000000,2025-26,Regular season,24.0,"SG,PG",-3.9721685638733826,-1.8134536534198646,-2.0963492547769373
Colin Castleton,20260715000000,2025-26,Regular season,21.0,C,-2.51436402584736,-2.994268465230034,1.4189930775873263
Monté Morris,20260715000000,2025-26,Regular season,65.0,"SG,PG",-7.786969820708411,-4.996048193957448,-2.4088629208681183
James Wiseman,20260715000000,2025-26,Regular season,58.0,SF,-6.589336452116971,-6.355979439348269,0.030643263536007465
Cody Martin,20260715000000,2025-26,Regular season,55.0,"SG, SF",-7.137719149711043,-8.21927314331891,2.139320295050999
Eric Gordon,20260715000000,2025-26,Regular season,74.0,"SG, SF",-2.518349962827921,0.5826234436555815,-2.872811706692425
Johni Broome,20260715000000,2025-26,Regular season,55.0,C,-4.576499608135682,-6.27929034216687,0.9928067300685894
Hunter Sallis,20260715000000,2025-26,Regular season,26.0,PG,-7.883030903622912,-4.511907403482805,-4.312181057716515
Haywood Highsmith,20260715000000,2025-26,Regular season,91.0,"SG,SF",0.5028525956532599,2.0644599236398355,-2.1038808453631814
Koby Brea,20260715000000,2025-26,Regular season,84.0,SG,-1.0287873629475879,1.6000970967385242,-1.9643716813180054
CJ Huntley,20260715000000,2025-26,Regular season,40.0,"SG,SF",-1.1841623697372343,-0.8561390284123163,-0.5260995327096176
Javonte Cooke,20260715000000,2025-26,Regular season,94.0,"SG,PG",-4.8773350310998955,-6.589158366508713,1.5151435627370455
Jayson Kent,20260715000000,2025-26,Regular season,22.0,"PF,SF",-0.32059268545188024,-1.8990723087602701,2.7014328309150297
DaQuan Jeffries,20260715000000,2025-26,Regular season,60.0,PG,-1.8003277041778698,0.6004631700406375,-2.7837123187732113
Isaiah Stevens,20260715000000,2025-26,Regular season,43.0,"PG,SG",-0.33755670407928,-0.523617716770576,-1.1299227821466
Dario Šarić,20260715000000,2025-26,Regular season,41.0,"SF,PF",-5.741431022578363,-5.303144891948205,-1.1694060482485922
Isaac Jones,20260715000000,2025-26,Regular season,19.0,SF,-4.225973026522693,-2.6425227706487653,-2.263147987930887
David Jones Garcia,20260715000000,2025-26,Regular season,68.0,"PG,SG",6.548552378819264,3.912324112229201,2.686878293063236
Harrison Ingram,20260715000000,2025-26,Regular season,26.0,SG,-5.622306665464807,-0.7300576330448687,-5.035671046016636
Stanley Umude,20260715000000,2025-26,Regular season,7.0,"SG,SF",-3.4502856485541127,-4.038421742575167,-0.7375607903670266
Payton Sandfort,20260715000000,2025-26,Regular season,63.0,"SF,PF",-4.550845428757473,0.6529042046605661,-5.329127391636696
Buddy Boeheim,20260715000000,2025-26,Regular season,15.0,"SF,SG",-2.5353648138835183,-3.051320781836314,-0.11497883249212443
Garrett Temple,20260715000000,2025-26,Regular season,73.0,"SG, SF",-3.1285362025678216,-4.590440161995832,1.5841924204901634
Markelle Fultz,20260715000000,2025-26,Regular season,36.0,"PG, SG",-11.710481245044805,-7.934433606531113,-3.1656348909470204
Chucky Hepburn,20260715000000,2025-26,Regular season,13.0,"PG,SG",-5.1741890845216245,-4.090647982107071,-2.1611282632620563
Mo Bamba,20260715000000,2025-26,Regular season,38.0,C,-2.4730156368676344,-1.6733632928700117,-0.15521698846651238
Hayden Gray,20260715000000,2025-26,Regular season,25.0,"PG,SG",-3.9653649083010083,-2.3970232510598786,-2.4784382472066846
Taj Gibson,20260715000000,2025-26,Regular season,97.0,"PF, C",-2.62310258817708,-1.574209477920441,-0.5208115280609793
Lawson Lovering,20260715000000,2025-26,Regular season,49.0,C,-0.37259822276378674,-0.9026877222503332,1.1885496099086128
Brandon Clarke,20260715000000,2025-26,Regular season,20.0,"PF, C",-4.489992210436783,-5.88484031945234,1.222146287365459
Alondes Williams,20260715000000,2025-26,Regular season,101.0,"SF,PF",0.20184262921913482,0.9430876143586799,-0.5612874016974123
Kadary Richmond,20260715000000,2025-26,Regular season,67.0,SF,2.2978753476093305,0.3476992003602756,2.584588618884599
Skal Labissiere,20260715000000,2025-26,Regular season,38.0,PF,0.5766627320600097,-0.27579926064952703,1.1580980983896303
Bobi Klintman,20260715000000,2025-26,Regular season,71.0,"SF,PF",-2.714193134899249,-4.465112018751948,0.7366808334083588
Wendell Moore Jr.,20260715000000,2025-26,Regular season,60.0,"SG,SF",1.496567730338547,-0.3682362622757671,2.7663688475519637
Colby Jones,20260715000000,2025-26,Regular season,7.0,"SF,SG",3.279598431838868,0.633631225010638,3.385230366682015
Antonio Reeves,20260715000000,2025-26,Regular season,68.0,"SG,SF",0.938256024380732,1.7153293991828429,-0.10662936038948434
Drew Peterson,20260715000000,2025-26,Regular season,64.0,"SF,SG",-3.1774417067208907,-3.7555840335573727,-0.23346526084746366
Devin Vassell,20260715000000,2025-26,Playoffs,801.0,"SG, SF",3.2852281248873108,0.8860432642026344,1.4197133426215127
Stephon Castle,20260715000000,2025-26,Playoffs,760.0,"PG,SG",0.4147209550963483,0.8964766717741077,-0.9075983302870891
Victor Wembanyama,20260715000000,2025-26,Playoffs,750.0,"C,PF",6.024968029438335,2.459566547287193,4.076023165441551
Julian Champagnie,20260715000000,2025-26,Playoffs,705.0,"SF,SG",3.3413888942897176,1.6953266490208434,1.0837762115441367
De'Aaron Fox,20260715000000,2025-26,Playoffs,704.0,PG,2.4037658067649157,1.2970626825344498,1.4041036825843263
Jalen Brunson,20260715000000,2025-26,Playoffs,702.0,PG,2.8161614258706535,4.6658364142703554,-0.9562568189022638
James Harden,20260715000000,2025-26,Playoffs,672.0,"PG, SG",3.7996701450851735,2.7471115440939324,-0.003057741499895933
Donovan Mitchell,20260715000000,2025-26,Playoffs,652.0,"PG, SG",0.6601292922792615,2.7414132796394624,-1.111576336048665
Evan Mobley,20260715000000,2025-26,Playoffs,640.0,C,0.3232260182320864,-0.5986408876970355,1.017453659898059
Dylan Harper,20260715000000,2025-26,Playoffs,615.0,"SF,SG",2.5591571391464005,1.5354482959263425,1.2178273249918572
Josh Hart,20260715000000,2025-26,Playoffs,614.0,SF,3.2561061472885386,-0.39609547760891606,2.7024721044421476
Mikal Bridges,20260715000000,2025-26,Playoffs,608.0,"SG, SF, PF",3.387159784434739,1.4473030240959233,1.72989192013312
OG Anunoby,20260715000000,2025-26,Playoffs,586.0,SF,4.748136478071601,2.642251519740591,1.666105242424349
Karl-Anthony Towns,20260715000000,2025-26,Playoffs,578.0,"PF, C",7.256487810518851,3.6325361981313273,4.217686279084845
Cade Cunningham,20260715000000,2025-26,Playoffs,572.0,PG,1.847889818665604,2.7148675293324067,-1.0466601421692858
Shai Gilgeous-Alexander,20260715000000,2025-26,Playoffs,544.0,"PG, SG, SF",2.3623408375755455,4.477418073649723,-1.9188393595538864
Jarrett Allen,20260715000000,2025-26,Playoffs,529.0,C,4.329312413803386,1.8274178798605214,2.4050137530016142
Tobias Harris,20260715000000,2025-26,Playoffs,485.0,"SF, PF",-0.1678015708581358,0.8607539768578312,-0.7909304516917001
Max Strus,20260715000000,2025-26,Playoffs,481.0,"SG, SF",-0.6386282596560189,0.3497267562889226,-1.1917429583460981
Chet Holmgren,20260715000000,2025-26,Playoffs,459.0,"PF,C",4.4806610316170925,2.041206773692263,1.5732670611556319
Tyrese Maxey,20260715000000,2025-26,Playoffs,437.0,PG,0.8470547220745892,3.544858627047502,-2.524771135629945
Ausar Thompson,20260715000000,2025-26,Playoffs,427.0,SG,2.642835390429916,-0.6425814924370066,3.249138235377627
Jalen Duren,20260715000000,2025-26,Playoffs,422.0,C,-1.6518990679624939,-1.5799676655755548,-0.6969961233393129
Keldon Johnson,20260715000000,2025-26,Playoffs,411.0,SF,-0.9958539695862906,-1.260467453548332,-0.884747503506139
Dean Wade,20260715000000,2025-26,Playoffs,407.0,PF,2.3038080780343515,1.4495856308291493,1.2934739865153775
VJ Edgecombe,20260715000000,2025-26,Playoffs,407.0,"SF,SG",1.679848770745203,0.4787702046872879,0.8205803189258638
Jaden McDaniels,20260715000000,2025-26,Playoffs,406.0,PF,-1.0282631880393795,-0.8143773011954196,0.5378563240514985
Julius Randle,20260715000000,2025-26,Playoffs,400.0,PF,-4.310922979102672,-3.220923490314415,-1.6097915512915564
Paul George,20260715000000,2025-26,Playoffs,394.0,"SG, SF",0.8059623307292392,2.366472776375677,0.13682401117305099
Rui Hachimura,20260715000000,2025-26,Playoffs,386.0,PF,-0.9316676981889906,0.6477133171276983,-1.5434199492045741
LeBron James,20260715000000,2025-26,Playoffs,384.0,"PG, SF, PF",1.1631079196778806,1.5631225551891883,-1.1408744428775677
Duncan Robinson,20260715000000,2025-26,Playoffs,383.0,"SG, SF",1.927268119213004,2.2287999932888365,-0.6648130606759324
Cason Wallace,20260715000000,2025-26,Playoffs,374.0,"SG,SF",4.229777852365242,0.7646989271554463,2.999416379897208
Rudy Gobert,20260715000000,2025-26,Playoffs,372.0,C,0.10946220201393297,-1.8900423893988376,2.038672527089661
Kelly Oubre Jr.,20260715000000,2025-26,Playoffs,364.0,SF,-0.7046763195299486,0.0554922944939802,-0.7365968000496392
Alex Caruso,20260715000000,2025-26,Playoffs,353.0,"PG, SG",6.493114267488585,2.5441682788141247,3.45211976953847
Isaiah Hartenstein,20260715000000,2025-26,Playoffs,350.0,C,2.9028832543742342,0.7221863037591856,1.34510301126753
Marcus Smart,20260715000000,2025-26,Playoffs,345.0,SG,2.4611586193578567,0.4064760729120212,1.051651859026451
Sam Merrill,20260715000000,2025-26,Playoffs,338.0,SF,0.910207635279815,2.452645881906239,-1.2295727747314331
Luguentz Dort,20260715000000,2025-26,Playoffs,335.0,"SG, SF",-2.149316666359397,-1.178424570473827,-1.4610627655739938
Miles McBride,20260715000000,2025-26,Playoffs,334.0,"SG,PG",0.709251915644082,1.3240658981850963,0.12643253766221865
Luke Kennard,20260715000000,2025-26,Playoffs,326.0,SG,0.8211827297324737,0.7201791671696522,-0.07286883685443768
Anthony Edwards,20260715000000,2025-26,Playoffs,324.0,SF,-3.1069233572956803,-0.5697349894938407,-2.083277952702786
Naz Reid,20260715000000,2025-26,Playoffs,323.0,C,0.8634663500010101,2.363244483573232,-0.7102358156603574
Daniss Jenkins,20260715000000,2025-26,Playoffs,318.0,"PG,SG",-1.9631777290179886,0.02765424087520596,-1.8804365043553812
Ajay Mitchell,20260715000000,2025-26,Playoffs,317.0,"PG,SG",6.031457259510155,3.857668454412411,3.160166787805107
Landry Shamet,20260715000000,2025-26,Playoffs,310.0,"SG, SF",-0.024083311494866866,1.178195349402638,-0.8730097530769212
Luke Kornet,20260715000000,2025-26,Playoffs,296.0,"PF, C",0.47195608836524294,-0.9107731497458474,1.1468679521955474
Ayo Dosunmu,20260715000000,2025-26,Playoffs,292.0,SG,-0.04173611762747134,1.2509579480249882,-2.0872508542380652
Deandre Ayton,20260715000000,2025-26,Playoffs,285.0,C,-0.3048301137868348,-0.855186791236526,0.49819343722731546
Paolo Banchero,20260715000000,2025-26,Playoffs,273.0,SF,3.3688872393592373,2.7478585839068077,1.1847219945749512
Scottie Barnes,20260715000000,2025-26,Playoffs,273.0,SF,2.2926806109414297,3.343137489903374,-0.21519120410797182
RJ Barrett,20260715000000,2025-26,Playoffs,271.0,"SG, SF",2.290987136287809,3.2054051795238916,-0.9128838390645984
Dennis Schröder,20260715000000,2025-26,Playoffs,271.0,PG,-2.1645316471787472,-1.4591636354069684,-0.53505274746603
Amen Thompson,20260715000000,2025-26,Playoffs,264.0,SG,4.978831622605663,1.3888897415435992,3.5477919003820344
Jared McCain,20260715000000,2025-26,Playoffs,258.0,"SG,PG",-0.28819981169366304,1.3696692302592537,-1.8337918320323796
Desmond Bane,20260715000000,2025-26,Playoffs,253.0,SG,-0.04236393819857481,0.8364727565901077,-0.6599935250310952
Jabari Smith Jr.,20260715000000,2025-26,Playoffs,252.0,"SF,PF",1.2648902749272053,0.09234526712588403,1.296955633994314
Derrick White,20260715000000,2025-26,Playoffs,251.0,"PG, SG",-1.6082058714182552,-1.4971889904685598,0.6300830833332902
Mitchell Robinson,20260715000000,2025-26,Playoffs,251.0,C,2.3742715552976836,0.19415022063871756,1.5671593850534564
Jaylen Brown,20260715000000,2025-26,Playoffs,249.0,SG,0.2875523000666492,0.46454715108267775,1.0818206334119798
Jalen Suggs,20260715000000,2025-26,Playoffs,248.0,"PG, SG",-1.4598364557770875,-1.652287918240003,0.23212505698936325
Quentin Grimes,20260715000000,2025-26,Playoffs,243.0,"SG,SF",-3.744966342262786,-0.19737236553989296,-3.4819677030911316
Jaylin Williams,20260715000000,2025-26,Playoffs,240.0,PF,2.208480936537751,-0.2814404277736311,2.309993063037259
Jamal Murray,20260715000000,2025-26,Playoffs,238.0,"PG, SG",-2.1134876298976604,0.5664619372663537,-1.7973760812066741
Nikola Jokić,20260715000000,2025-26,Playoffs,237.0,"PF,C",2.9169778437355296,2.410931594096926,0.7485045113237777
Wendell Carter Jr.,20260715000000,2025-26,Playoffs,237.0,C,0.2866762664884338,0.3176080776433122,-0.2533943841066201
Joel Embiid,20260715000000,2025-26,Playoffs,233.0,C,0.693346213275605,3.4388207909472985,-1.9838727685175388
Alperen Sengun,20260715000000,2025-26,Playoffs,232.0,C,5.001795975510676,0.8981151121559519,3.3229827976489683
Payton Pritchard,20260715000000,2025-26,Playoffs,231.0,PG,1.5014364804907747,3.2206334592295542,-2.2150615811624674
Ja'Kobe Walter,20260715000000,2025-26,Playoffs,224.0,"SG,SF",-0.8365379163687284,-2.342433089842297,1.184089306021621
Jamal Shead,20260715000000,2025-26,Playoffs,224.0,"PG,SG",1.5632030054695827,-0.0326996942661939,1.5726824631014624
Austin Reaves,20260715000000,2025-26,Playoffs,221.0,SG,-3.054652567409945,1.6580700250943334,-4.145882871841722
Jayson Tatum,20260715000000,2025-26,Playoffs,218.0,SF,6.930139669585149,6.149301615637645,0.4703093356105952
Jaylon Tyson,20260715000000,2025-26,Playoffs,216.0,"SF,SG",-2.5829845439112544,-1.242816662708899,-1.1758105720489431
Caris LeVert,20260715000000,2025-26,Playoffs,216.0,"SG, SF",0.12727577457302847,1.4403693123320467,-0.8967608079042867
Jalen Johnson,20260715000000,2025-26,Playoffs,214.0,"SF,PF",-1.133314655938417,0.0734730795334888,-1.4940769944312842
Nickeil Alexander-Walker,20260715000000,2025-26,Playoffs,213.0,SG,-5.0265940657676405,-2.358605775710426,-2.9577178380607894
Terrence Shannon Jr.,20260715000000,2025-26,Playoffs,203.0,"SG,PG",-0.9252369434545109,0.46404089805872584,-1.2247801919540384
Onyeka Okongwu,20260715000000,2025-26,Playoffs,199.0,PF,-0.3150298100058794,0.30226796810624523,-0.5925288287326541
Anthony Black,20260715000000,2025-26,Playoffs,196.0,"SG,SF",-0.7849909251437046,-1.9683701599379932,0.9395922597302052
Tari Eason,20260715000000,2025-26,Playoffs,195.0,"SF,PF",4.110913635947327,1.7310327106503305,3.389857805565118
Jordan Clarkson,20260715000000,2025-26,Playoffs,195.0,"PG, SG",0.952460333376294,0.37688977842592103,-0.605271587439447
Reed Sheppard,20260715000000,2025-26,Playoffs,192.0,"PG,SG",-0.05318038364417829,-1.1458180979034216,0.6562456713796622
CJ McCollum,20260715000000,2025-26,Playoffs,192.0,SG,-2.1834093714368414,0.290593882099637,-2.4718299011155898
Jrue Holiday,20260715000000,2025-26,Playoffs,192.0,"PG, SG",-0.180845033766951,1.6277549045488375,-2.048447546669852
Collin Murray-Boyles,20260715000000,2025-26,Playoffs,191.0,"C,PF",2.2221780438174474,1.2263536882027792,1.1498967124860928
Christian Braun,20260715000000,2025-26,Playoffs,187.0,"SF,SG",-1.1744835005279923,-2.4461154806547722,0.9692175606819813
Carter Bryant,20260715000000,2025-26,Playoffs,187.0,"SF,SG",-2.5672291227812574,-1.7201620837385532,-0.5140641115998669
Cameron Johnson,20260715000000,2025-26,Playoffs,186.0,"SF, PF",1.4449693693158068,0.7643878355591713,-0.051197400347773495
Harrison Barnes,20260715000000,2025-26,Playoffs,183.0,"SF, PF",-0.6004564903477922,-0.8587845181231077,-1.2046525088645588
Deni Avdija,20260715000000,2025-26,Playoffs,174.0,SF,-1.4095497405192405,0.36942984901206255,-3.0515464314071896
Jose Alvarado,20260715000000,2025-26,Playoffs,170.0,PG,4.645592091476672,2.3599209741358704,4.042379584470337
Mike Conley,20260715000000,2025-26,Playoffs,168.0,PG,2.6150500372352288,2.497042260909658,0.5492362680267477
Dyson Daniels,20260715000000,2025-26,Playoffs,166.0,"SF,SG",-0.2774356124604624,-1.5012495206628569,1.2181196081045864
Isaiah Stewart,20260715000000,2025-26,Playoffs,165.0,C,-0.9411150276693214,-2.3170094470962237,1.5443643399725269
Toumani Camara,20260715000000,2025-26,Playoffs,165.0,SF,-0.014543834891266538,-1.8398085185606639,2.4187236573300135
Sam Hauser,20260715000000,2025-26,Playoffs,164.0,"SF,SG",-0.5954736987276055,0.2427084568634762,-0.5106671412311224
Jaxson Hayes,20260715000000,2025-26,Playoffs,163.0,C,-0.6443430297270025,-1.1810749466495363,0.3165606683166403
Jonathan Kuminga,20260715000000,2025-26,Playoffs,156.0,PF,-3.0612413969429064,-1.127870268977833,-1.9258831620774841
Devin Booker,20260715000000,2025-26,Playoffs,153.0,SG,-1.5100194822047677,0.8828379151398367,-3.8554529278586154
Neemias Queta,20260715000000,2025-26,Playoffs,152.0,C,1.7530513978114355,-1.8495774374810225,4.231734387892442
Jalen Green,20260715000000,2025-26,Playoffs,151.0,SG,0.8315554215393818,2.9678156884266986,-0.530381293728606
Dillon Brooks,20260715000000,2025-26,Playoffs,149.0,"SG, SF",2.4717032802228998,5.113774196812901,-2.201496432261914
Brandon Ingram,20260715000000,2025-26,Playoffs,148.0,"SG, SF",-2.9059685075447,-1.9368112482946491,-2.1388021532450474
Spencer Jones,20260715000000,2025-26,Playoffs,145.0,"SF,SG",-0.20776419078428932,-0.43085865019849817,0.6011635966054009
Scoot Henderson,20260715000000,2025-26,Playoffs,145.0,"SG,PG",-0.2974887870072005,0.463342939367001,-1.2768939835622517
Isaiah Joe,20260715000000,2025-26,Playoffs,143.0,"PG, SG",-0.40359462675459723,1.0069893248037096,-0.42363741173410463
Andre Drummond,20260715000000,2025-26,Playoffs,142.0,C,0.13159668210925757,0.7931323069100287,-0.2810744855374476
Tim Hardaway Jr.,20260715000000,2025-26,Playoffs,140.0,"SG, SF",1.1917949814725604,1.9014942622405342,-1.5296073924038005
Jakob Poeltl,20260715000000,2025-26,Playoffs,134.0,C,1.3282932060268333,-1.0019561766931744,2.5727611220394566
Javonte Green,20260715000000,2025-26,Playoffs,132.0,"SG, SF",0.4251295547479663,-2.796234446910879,2.0323788891294807
Oso Ighodaro,20260715000000,2025-26,Playoffs,129.0,"C,PF",-3.5200695712446057,-0.6269827252813734,-3.1587254200588584
Jamal Cain,20260715000000,2025-26,Playoffs,123.0,"SF,SG",-1.4244344538138423,-2.8574184434505,1.1153716013902926
Franz Wagner,20260715000000,2025-26,Playoffs,122.0,SF,5.324580211388643,2.1458812226807575,3.854020845078771
Bruce Brown,20260715000000,2025-26,Playoffs,116.0,"PG, SG",-1.6901466736602258,-2.1483266358966775,-0.6952951180007705
Bones Hyland,20260715000000,2025-26,Playoffs,116.0,PG,-0.7563820584950698,-0.3268183361890692,-1.0728317017034679
Nikola Vučević,20260715000000,2025-26,Playoffs,114.0,"PF,C",-0.4238960243973978,-0.6243461654932271,-0.8568156362167128
Jake LaRavia,20260715000000,2025-26,Playoffs,114.0,"SG,PG",-2.6540370684156676,-4.7320072756492655,1.0495232818864242
Collin Gillespie,20260715000000,2025-26,Playoffs,114.0,"SG,PG",-0.7362170819404741,1.1510730194406358,-1.1367441382358745
Jerami Grant,20260715000000,2025-26,Playoffs,112.0,"SF, PF",-2.9411597640733143,-1.7005931395346279,-1.3927548059495567
Justin Edwards,20260715000000,2025-26,Playoffs,109.0,SG,-5.972534430886508,-3.8551231180099785,-2.9622704524864885
Robert Williams III,20260715000000,2025-26,Playoffs,108.0,C,5.52118474585591,3.4749296059834367,3.35233670713631
Tristan da Silva,20260715000000,2025-26,Playoffs,107.0,"SF,PF",-4.331102201422718,-3.1856906590658407,-1.7673869758340346
Jalen Williams,20260715000000,2025-26,Playoffs,107.0,"SG,PG",2.185671356951354,2.7843905772581308,0.08472945987705782
Donovan Clingan,20260715000000,2025-26,Playoffs,107.0,C,-2.6879916388433385,-2.3103348673163264,-0.8880435590515732
Josh Okogie,20260715000000,2025-26,Playoffs,104.0,"SG, SF",1.8635023212630173,-0.5558564884637893,2.9482477071937123
Sandro Mamukelashvili,20260715000000,2025-26,Playoffs,104.0,C,-1.459931921279568,-0.9814768505698761,-0.5102277983234895
Baylor Scheierman,20260715000000,2025-26,Playoffs,99.0,"SF,SG",1.1992425384371548,0.18515439027738415,0.8544258234676992
Royce O'Neale,20260715000000,2025-26,Playoffs,97.0,"SG, SF",-0.21380456519007257,0.45390625050787364,-1.5216302105758055
Donte DiVincenzo,20260715000000,2025-26,Playoffs,96.0,SG,6.799919185133105,3.0835451231936615,4.7917856310418925
Adem Bona,20260715000000,2025-26,Playoffs,96.0,"C,PF",-0.97913929556389,-3.0695979221633287,0.9484322804443232
Dominick Barlow,20260715000000,2025-26,Playoffs,96.0,SF,-5.394874589136643,-3.6099027417827485,-1.405649695379501
Gabe Vincent,20260715000000,2025-26,Playoffs,93.0,PG,-4.978651569879592,-1.9066538583764263,-3.761892484323072
Keon Ellis,20260715000000,2025-26,Playoffs,89.0,"SG,SF",-1.1112952819663398,-1.8694728650181243,0.7226003458375153
Aaron Gordon,20260715000000,2025-26,Playoffs,89.0,PF,-0.12966570807646705,-1.100018494768496,-0.12635200341167985
Jordan Walsh,20260715000000,2025-26,Playoffs,89.0,"SF,PF",2.821324294118795,-1.2172391744056668,3.869054138312074
Paul Reed,20260715000000,2025-26,Playoffs,86.0,PF,4.003256515461189,4.091366934140391,1.158760330400348
Goga Bitadze,20260715000000,2025-26,Playoffs,83.0,C,-0.7866499789412462,-3.922308622234942,3.7357841175583166
Ariel Hukporti,20260715000000,2025-26,Playoffs,76.0,C,-1.834568667719673,-3.1643228651447672,-0.09007569210686245
Aaron Wiggins,20260715000000,2025-26,Playoffs,75.0,SG,-3.635814525801374,-2.6546099019048484,-1.4887361054082535
Jarred Vanderbilt,20260715000000,2025-26,Playoffs,75.0,"SF, PF",-1.0342516298955278,-1.9766645007238344,1.0441954701635145
Kenrich Williams,20260715000000,2025-26,Playoffs,72.0,SF,-1.15510489258469,-0.4171838991397672,0.1119145985075071
Jamison Battle,20260715000000,2025-26,Playoffs,71.0,"SF,PF",-1.5578325834097526,2.4666991626521733,-3.3289889964838872
Shaedon Sharpe,20260715000000,2025-26,Playoffs,67.0,"SG,SF",1.7388105911785983,1.3402947752477763,0.19932509879887383
Aaron Holiday,20260715000000,2025-26,Playoffs,67.0,"PG, SG",-3.3775617919500607,-2.4610252330428235,-0.52173402107081
Marcus Sasser,20260715000000,2025-26,Playoffs,61.0,PG,3.9936272682014797,3.4507640268836126,1.0995869924626667
Kyle Anderson,20260715000000,2025-26,Playoffs,61.0,"SF, PF",-2.045883327048024,-2.472891437299169,-0.2546261408135777
Luka Garza,20260715000000,2025-26,Playoffs,59.0,PF,0.41381257540582195,2.7570656318948705,-3.1283465239985113
Ronald Holland II,20260715000000,2025-26,Playoffs,58.0,"SF,PF",0.9646745859537555,-2.355159506335827,2.3815517664413446
Jaylen Clark,20260715000000,2025-26,Playoffs,57.0,"SG,SF",-1.8838503162708058,-0.7369336383308365,-2.1821045830632246
Corey Kispert,20260715000000,2025-26,Playoffs,54.0,SF,-1.041046980059384,-1.5307570991842285,0.14927671204173895
Tyler Kolek,20260715000000,2025-26,Playoffs,53.0,PG,-2.137609758617491,0.43974281557248346,-1.1563376485926693
Matisse Thybulle,20260715000000,2025-26,Playoffs,53.0,SF,-4.283223749708514,-2.532551759256201,-1.169783824583317
A.J. Lawson,20260715000000,2025-26,Playoffs,51.0,"SF,SG",-2.467740262253417,-1.1809683679523744,-1.681668666582894
Mouhamed Gueye,20260715000000,2025-26,Playoffs,50.0,"PF,SF",-7.583024318525183,-3.3054843345944174,-4.8845912878701405
Dorian Finney-Smith,20260715000000,2025-26,Playoffs,49.0,"SF, PF",-6.044025660356992,-4.782549956349423,-2.1353775142445097
Jordan McLaughlin,20260715000000,2025-26,Playoffs,46.0,PG,0.40112772550271913,2.423893098152958,-1.3101620399342944
Kevin Huerter,20260715000000,2025-26,Playoffs,46.0,SG,1.029521599633825,-1.988327231457796,2.656070869255479
Khaman Maluach,20260715000000,2025-26,Playoffs,45.0,C,-5.18720389087239,-3.908550218528263,-0.7544573035969442
Mohamed Diawara,20260715000000,2025-26,Playoffs,43.0,"SF,SG",-5.063619530959297,-4.331985076595624,-1.3337586441451281
Bronny James,20260715000000,2025-26,Playoffs,42.0,PG,-0.8843088289980094,0.676808715289871,-3.637975441312153
Thomas Bryant,20260715000000,2025-26,Playoffs,41.0,C,-0.9295224931224317,-1.82373743285565,0.20095976443177926
Kevin Durant,20260715000000,2025-26,Playoffs,41.0,PF,0.7603567416629256,1.2601415302834917,-2.5319015192209995
Tony Bradley,20260715000000,2025-26,Playoffs,41.0,C,2.7719569590749535,0.024792349661103774,3.247079705838689
Pacôme Dadiet,20260715000000,2025-26,Playoffs,40.0,"SG,SF",0.9330302531816627,0.21041490012151826,2.6590479310161026
Trendon Watford,20260715000000,2025-26,Playoffs,40.0,"PG,SG",2.563277114769168,0.22761237405920798,3.609172203012928
Dalen Terry,20260715000000,2025-26,Playoffs,39.0,PG,1.231216020152556,-4.072655752094743,4.311044607229696
Grayson Allen,20260715000000,2025-26,Playoffs,38.0,SG,1.3134879254820457,2.9327880510500357,-1.956209399044499
Kelly Olynyk,20260715000000,2025-26,Playoffs,35.0,"PF, C",3.1211780138185183,1.2599717993443322,3.5228322169827955
Ryan Dunn,20260715000000,2025-26,Playoffs,34.0,"SF,SG",-3.463230859233965,-2.792993951354341,0.3676086314061411
Lindy Waters III,20260715000000,2025-26,Playoffs,34.0,SG,1.9752242312747201,0.7965585743828129,1.4771442024886698
Adou Thiero,20260715000000,2025-26,Playoffs,34.0,PF,-2.5973704525324197,-0.5812291750094302,-2.8834783047581496
Jae'Sean Tate,20260715000000,2025-26,Playoffs,30.0,"SF, PF",-2.1481492718513966,-1.7115446013672475,-0.38621255945242616
Tyus Jones,20260715000000,2025-26,Playoffs,30.0,PG,3.234735817286797,0.9400976318470493,2.7119340876761284
Jabari Walker,20260715000000,2025-26,Playoffs,29.0,"PF,C",-5.068564652667746,-4.540868883496948,0.0495965773057761
Sidy Cissoko,20260715000000,2025-26,Playoffs,26.0,"SF,PF",5.219515612023536,0.9362366666280257,5.230258926001134
Jeremy Sochan,20260715000000,2025-26,Playoffs,26.0,"SG,SF",-2.40975915810857,2.0966865761020266,-1.7678040186196422
Julian Phillips,20260715000000,2025-26,Playoffs,25.0,SG,-1.431359399390803,-2.138608558136788,0.7752197271008426
Ron Harper Jr.,20260715000000,2025-26,Playoffs,25.0,"SG,SF",5.501479404015855,2.2743716959927975,5.04152844578513
Kris Murray,20260715000000,2025-26,Playoffs,25.0,"SF,SG",-3.444467254857015,-4.806249059033878,2.5584479379769887
Jonas Valančiūnas,20260715000000,2025-26,Playoffs,25.0,"C,PF",-5.53783357913375,-4.04876543770215,-0.4374915359256013
Bismack Biyombo,20260715000000,2025-26,Playoffs,25.0,C,-5.530066193404116,-5.781474250358543,0.5676195873011032
Joan Beringer,20260715000000,2025-26,Playoffs,23.0,"C,PF",2.4225175875701956,0.8116750126843201,3.7381280414195066
Zaccharie Risacher,20260715000000,2025-26,Playoffs,23.0,PF,-2.5714012602683196,-0.538909526894993,-2.3886810996349297
Nikola Topić,20260715000000,2025-26,Playoffs,22.0,"SG,PG",-2.2181042803074096,-4.385387680495552,2.013454232775487
Clint Capela,20260715000000,2025-26,Playoffs,22.0,C,-4.11629475356545,-1.491167827980756,-2.1986849468944727
Craig Porter Jr.,20260715000000,2025-26,Playoffs,21.0,"SG,PG",-3.677001633530905,-5.526538159223746,1.7330760395939149
Nae'Qwan Tomlin,20260715000000,2025-26,Playoffs,19.0,"SG,C",1.2486328103721693,0.49641291802073745,3.0914331380337927
Zeke Nnaji,20260715000000,2025-26,Playoffs,19.0,PF,3.3226934333166014,1.9285852696559598,0.17008037066672965
Hugo González,20260715000000,2025-26,Playoffs,19.0,"SF,SG",2.6205115773990126,-0.04756959977278419,1.9887761348926403
Mason Plumlee,20260715000000,2025-26,Playoffs,18.0,C,-2.0403120382113986,-1.7084602159730444,1.3502589238410965
Rasheer Fleming,20260715000000,2025-26,Playoffs,18.0,"SF,SG",4.602356805144513,0.9654439459532858,5.3310319204527765
Julian Strawther,20260715000000,2025-26,Playoffs,18.0,"SG,SF",-5.918194035802504,-2.7432793178567327,-3.396559728532244
Nick Smith Jr.,20260715000000,2025-26,Playoffs,18.0,"PG,SG",1.472973023578259,3.3126896341017646,-2.816082248859229
Dalton Knecht,20260715000000,2025-26,Playoffs,18.0,"PG,SF",-1.0828076174101944,2.767206956626994,-3.299703187604318
Jevon Carter,20260715000000,2025-26,Playoffs,16.0,"PG, SG",4.0872484278633054,0.27642264340683437,4.089642823449779
Vít Krejčí,20260715000000,2025-26,Playoffs,16.0,"SG,PF",-2.876387892592864,-2.3765930234105075,0.05594326198249022
Keaton Wallace,20260715000000,2025-26,Playoffs,15.0,PG,3.032034636533968,1.899175783018506,1.3925858877811055
Maxi Kleber,20260715000000,2025-26,Playoffs,14.0,PF,2.0439223957625345,-0.25167867676070377,-0.1621488681881973
Joe Ingles,20260715000000,2025-26,Playoffs,14.0,SF,4.380852951191424,4.658188843795289,-0.21254535908969752
Buddy Hield,20260715000000,2025-26,Playoffs,13.0,SG,-6.174169622477804,0.33894082476737886,-5.530006509717484
Tyrese Proctor,20260715000000,2025-26,Playoffs,13.0,"PG,SG",-6.5250845614471435,-4.1274942054656005,-3.569951123769246
Moritz Wagner,20260715000000,2025-26,Playoffs,13.0,"SF, PF",1.060427286509282,-2.465144803980676,2.67769776930546
Haywood Highsmith,20260715000000,2025-26,Playoffs,11.0,"SG,PF",-6.740397307576605,-4.6145436108126425,-1.5076682686809209
Asa Newell,20260715000000,2025-26,Playoffs,11.0,"SF,SG",6.716919207963714,0.9005535339810592,5.8521646533324745
Jeff Green,20260715000000,2025-26,Playoffs,11.0,PF,-3.6255835015792304,-1.9717478645356303,-1.3413880583735924
Jamaree Bouyea,20260715000000,2025-26,Playoffs,10.0,PG,6.923309750630675,3.8296128647703926,4.952687195239909
Johni Broome,20260715000000,2025-26,Playoffs,8.0,PF,3.9109842074640278,3.9954157489696644,0.42309906415811804
Chaz Lanier,20260715000000,2025-26,Playoffs,8.0,"SG,SF",1.132941379942054,-2.2270767759712866,2.5038422437130174
Tolu Smith,20260715000000,2025-26,Playoffs,7.0,"C,SF",7.0415589212813785,-0.41050525772547464,7.158037131013915
Amir Coffey,20260715000000,2025-26,Playoffs,6.0,"PG, SG, SF",-1.972418888536407,-6.533970515367894,3.64052891605818
JD Davison,20260715000000,2025-26,Playoffs,5.0,"PG,SG",-3.8427022808947187,-2.5117417472427483,-0.31313130892918895
Jordan Goodwin,20260715000000,2025-26,Playoffs,5.0,"SG,SF",-2.0704690883075303,-3.9044983495108117,1.1394379730062856
Max Shulga,20260715000000,2025-26,Playoffs,5.0,"SF,SG",6.978350364741583,5.8931035155732605,2.1174270657872416
Larry Nance Jr.,20260715000000,2025-26,Playoffs,5.0,"PF, C",-4.805559811932429,-4.884869831892399,-0.178813819379674
Blake Wesley,20260715000000,2025-26,Playoffs,5.0,"PG,SG",-0.34647335446792793,-5.761163297352986,4.388819064301259
Yang Hansen,20260715000000,2025-26,Playoffs,5.0,"SG,SF",2.591915471457314,-2.026171731988982,4.1540493601892585
Jalen Pickett,20260715000000,2025-26,Playoffs,4.0,"PG,SG",2.4082398650296444,0.33525506026809465,2.072760894903169
DaRon Holmes II,20260715000000,2025-26,Playoffs,4.0,"SF,PF",0.05340515002917012,-0.3140027334330928,0.6540109864273094
Dalano Banton,20260715000000,2025-26,Playoffs,4.0,PG,10.889728187615136,5.410724702018447,5.418590870100595
Trayce Jackson-Davis,20260715000000,2025-26,Playoffs,4.0,C,-4.819296040370315,-3.070395207746097,-2.3667247962769995
Gradey Dick,20260715000000,2025-26,Playoffs,4.0,"PG,SG",0.9003641408380645,-2.4158483968339373,3.972733252826734
Jonathan Mogbo,20260715000000,2025-26,Playoffs,4.0,"SF,PF",3.737848322644086,2.314944423921092,2.930008725126502
Jett Howard,20260715000000,2025-26,Playoffs,3.0,"SF,SG",1.324805770951981,-1.6355867266210868,1.4907189335960522
Jase Richardson,20260715000000,2025-26,Playoffs,3.0,"SG,SF",8.33971634420033,8.640144674476847,-0.2382829104774393
Noah Penda,20260715000000,2025-26,Playoffs,3.0,SG,1.0286616095359074,-1.618798187290861,2.190841862441748
Kyle Lowry,20260715000000,2025-26,Playoffs,3.0,PG,2.2154421429151334,-0.6224368927444051,2.585122416222534
Garrett Temple,20260715000000,2025-26,Playoffs,2.0,"SG, SF",1.426644614701749,0.5105914220017471,1.2744324935618017
Amari Williams,20260715000000,2025-26,Playoffs,2.0,"SG,C",3.561439268734615,-0.37678944062073566,3.635463248518737
